hotel,fecha,nivel,cantidad
demo-centro,2024-01-01,Member (MRD),2
demo-centro,2024-01-01,Silver Elite (SLR),4
demo-centro,2024-01-01,Platinum Elite (PLT),4
demo-centro,2024-01-01,Titanium Elite (TTM),1
demo-costa,2024-01-01,Silver Elite (SLR),4
demo-costa,2024-01-01,Gold Elite (GLD),3
demo-costa,2024-01-01,Titanium Elite (TTM),4
demo-centro,2024-01-02,Member (MRD),3
demo-centro,2024-01-02,Gold Elite (GLD),1
demo-centro,2024-01-02,Titanium Elite (TTM),4
demo-costa,2024-01-02,Silver Elite (SLR),4
demo-costa,2024-01-02,Gold Elite (GLD),2
demo-costa,2024-01-02,Platinum Elite (PLT),4
demo-costa,2024-01-02,Titanium Elite (TTM),1
demo-centro,2024-01-03,Member (MRD),4
demo-centro,2024-01-03,Gold Elite (GLD),4
demo-centro,2024-01-03,Platinum Elite (PLT),1
demo-centro,2024-01-03,Titanium Elite (TTM),3
demo-costa,2024-01-03,Member (MRD),4
demo-costa,2024-01-03,Silver Elite (SLR),3
demo-costa,2024-01-03,Gold Elite (GLD),2
demo-costa,2024-01-03,Platinum Elite (PLT),2
demo-costa,2024-01-03,Titanium Elite (TTM),1
demo-centro,2024-01-04,Member (MRD),2
demo-centro,2024-01-04,Silver Elite (SLR),3
demo-centro,2024-01-04,Gold Elite (GLD),2
demo-centro,2024-01-04,Platinum Elite (PLT),4
demo-costa,2024-01-04,Member (MRD),1
demo-costa,2024-01-04,Silver Elite (SLR),3
demo-costa,2024-01-04,Gold Elite (GLD),3
demo-centro,2024-01-05,Member (MRD),4
demo-centro,2024-01-05,Silver Elite (SLR),3
demo-centro,2024-01-05,Gold Elite (GLD),4
demo-centro,2024-01-05,Platinum Elite (PLT),3
demo-costa,2024-01-05,Gold Elite (GLD),2
demo-costa,2024-01-05,Platinum Elite (PLT),4
demo-costa,2024-01-05,Titanium Elite (TTM),3
demo-centro,2024-01-06,Member (MRD),1
demo-centro,2024-01-06,Silver Elite (SLR),4
demo-centro,2024-01-06,Platinum Elite (PLT),3
demo-costa,2024-01-06,Member (MRD),3
demo-costa,2024-01-06,Silver Elite (SLR),3
demo-costa,2024-01-06,Gold Elite (GLD),3
demo-costa,2024-01-06,Titanium Elite (TTM),1
demo-centro,2024-01-07,Member (MRD),2
demo-centro,2024-01-07,Silver Elite (SLR),3
demo-centro,2024-01-07,Gold Elite (GLD),2
demo-centro,2024-01-07,Platinum Elite (PLT),3
demo-centro,2024-01-07,Titanium Elite (TTM),1
demo-costa,2024-01-07,Member (MRD),1
demo-costa,2024-01-07,Gold Elite (GLD),3
demo-costa,2024-01-07,Platinum Elite (PLT),4
demo-costa,2024-01-07,Titanium Elite (TTM),1
demo-centro,2024-01-08,Member (MRD),1
demo-centro,2024-01-08,Silver Elite (SLR),4
demo-centro,2024-01-08,Gold Elite (GLD),4
demo-centro,2024-01-08,Titanium Elite (TTM),3
demo-costa,2024-01-08,Member (MRD),4
demo-costa,2024-01-08,Silver Elite (SLR),3
demo-costa,2024-01-08,Gold Elite (GLD),3
demo-costa,2024-01-08,Platinum Elite (PLT),3
demo-costa,2024-01-08,Titanium Elite (TTM),3
demo-centro,2024-01-09,Member (MRD),1
demo-centro,2024-01-09,Gold Elite (GLD),2
demo-centro,2024-01-09,Platinum Elite (PLT),4
demo-costa,2024-01-09,Member (MRD),2
demo-costa,2024-01-09,Silver Elite (SLR),4
demo-costa,2024-01-09,Titanium Elite (TTM),1
demo-centro,2024-01-10,Gold Elite (GLD),3
demo-centro,2024-01-10,Platinum Elite (PLT),3
demo-centro,2024-01-10,Titanium Elite (TTM),3
demo-costa,2024-01-10,Member (MRD),2
demo-costa,2024-01-10,Silver Elite (SLR),2
demo-costa,2024-01-10,Gold Elite (GLD),3
demo-costa,2024-01-10,Platinum Elite (PLT),1
demo-costa,2024-01-10,Titanium Elite (TTM),4
demo-centro,2024-01-11,Silver Elite (SLR),4
demo-centro,2024-01-11,Gold Elite (GLD),2
demo-centro,2024-01-11,Titanium Elite (TTM),2
demo-costa,2024-01-11,Member (MRD),1
demo-costa,2024-01-11,Silver Elite (SLR),4
demo-costa,2024-01-11,Gold Elite (GLD),4
demo-costa,2024-01-11,Platinum Elite (PLT),4
demo-costa,2024-01-11,Titanium Elite (TTM),2
demo-centro,2024-01-12,Member (MRD),1
demo-centro,2024-01-12,Silver Elite (SLR),3
demo-centro,2024-01-12,Gold Elite (GLD),1
demo-centro,2024-01-12,Platinum Elite (PLT),1
demo-centro,2024-01-12,Titanium Elite (TTM),4
demo-costa,2024-01-12,Member (MRD),2
demo-costa,2024-01-12,Silver Elite (SLR),3
demo-costa,2024-01-12,Gold Elite (GLD),2
demo-costa,2024-01-12,Platinum Elite (PLT),1
demo-costa,2024-01-12,Titanium Elite (TTM),4
demo-centro,2024-01-13,Member (MRD),2
demo-centro,2024-01-13,Gold Elite (GLD),1
demo-centro,2024-01-13,Titanium Elite (TTM),1
demo-costa,2024-01-13,Member (MRD),4
demo-costa,2024-01-13,Gold Elite (GLD),3
demo-costa,2024-01-13,Platinum Elite (PLT),2
demo-centro,2024-01-14,Member (MRD),1
demo-centro,2024-01-14,Silver Elite (SLR),3
demo-centro,2024-01-14,Gold Elite (GLD),2
demo-centro,2024-01-14,Titanium Elite (TTM),3
demo-costa,2024-01-14,Member (MRD),1
demo-costa,2024-01-14,Silver Elite (SLR),1
demo-costa,2024-01-14,Gold Elite (GLD),1
demo-costa,2024-01-14,Titanium Elite (TTM),1
demo-centro,2024-01-15,Member (MRD),3
demo-centro,2024-01-15,Silver Elite (SLR),2
demo-centro,2024-01-15,Gold Elite (GLD),1
demo-centro,2024-01-15,Platinum Elite (PLT),4
demo-centro,2024-01-15,Titanium Elite (TTM),4
demo-costa,2024-01-15,Silver Elite (SLR),4
demo-costa,2024-01-15,Gold Elite (GLD),1
demo-costa,2024-01-15,Platinum Elite (PLT),3
demo-costa,2024-01-15,Titanium Elite (TTM),1
demo-centro,2024-01-16,Member (MRD),4
demo-centro,2024-01-16,Silver Elite (SLR),2
demo-centro,2024-01-16,Gold Elite (GLD),2
demo-centro,2024-01-16,Platinum Elite (PLT),4
demo-centro,2024-01-16,Titanium Elite (TTM),3
demo-costa,2024-01-16,Member (MRD),3
demo-costa,2024-01-16,Silver Elite (SLR),4
demo-costa,2024-01-16,Gold Elite (GLD),4
demo-costa,2024-01-16,Platinum Elite (PLT),3
demo-costa,2024-01-16,Titanium Elite (TTM),4
demo-centro,2024-01-17,Member (MRD),4
demo-centro,2024-01-17,Gold Elite (GLD),1
demo-centro,2024-01-17,Platinum Elite (PLT),1
demo-centro,2024-01-17,Titanium Elite (TTM),1
demo-costa,2024-01-17,Member (MRD),2
demo-costa,2024-01-17,Silver Elite (SLR),4
demo-costa,2024-01-17,Gold Elite (GLD),4
demo-costa,2024-01-17,Platinum Elite (PLT),4
demo-costa,2024-01-17,Titanium Elite (TTM),3
demo-centro,2024-01-18,Silver Elite (SLR),4
demo-centro,2024-01-18,Gold Elite (GLD),3
demo-centro,2024-01-18,Platinum Elite (PLT),4
demo-costa,2024-01-18,Member (MRD),4
demo-costa,2024-01-18,Silver Elite (SLR),4
demo-costa,2024-01-18,Gold Elite (GLD),4
demo-costa,2024-01-18,Platinum Elite (PLT),4
demo-costa,2024-01-18,Titanium Elite (TTM),1
demo-centro,2024-01-19,Member (MRD),4
demo-centro,2024-01-19,Silver Elite (SLR),2
demo-centro,2024-01-19,Gold Elite (GLD),4
demo-centro,2024-01-19,Platinum Elite (PLT),1
demo-centro,2024-01-19,Titanium Elite (TTM),3
demo-costa,2024-01-19,Silver Elite (SLR),1
demo-costa,2024-01-19,Gold Elite (GLD),3
demo-costa,2024-01-19,Titanium Elite (TTM),1
demo-centro,2024-01-20,Member (MRD),2
demo-centro,2024-01-20,Silver Elite (SLR),1
demo-centro,2024-01-20,Gold Elite (GLD),2
demo-centro,2024-01-20,Platinum Elite (PLT),1
demo-centro,2024-01-20,Titanium Elite (TTM),3
demo-costa,2024-01-20,Member (MRD),3
demo-costa,2024-01-20,Silver Elite (SLR),1
demo-costa,2024-01-20,Gold Elite (GLD),1
demo-costa,2024-01-20,Platinum Elite (PLT),1
demo-costa,2024-01-20,Titanium Elite (TTM),3
demo-centro,2024-01-21,Member (MRD),2
demo-centro,2024-01-21,Gold Elite (GLD),2
demo-centro,2024-01-21,Platinum Elite (PLT),4
demo-centro,2024-01-21,Titanium Elite (TTM),3
demo-costa,2024-01-21,Member (MRD),4
demo-costa,2024-01-21,Silver Elite (SLR),2
demo-costa,2024-01-21,Gold Elite (GLD),4
demo-centro,2024-01-22,Silver Elite (SLR),1
demo-centro,2024-01-22,Gold Elite (GLD),2
demo-centro,2024-01-22,Platinum Elite (PLT),1
demo-centro,2024-01-22,Titanium Elite (TTM),3
demo-costa,2024-01-22,Member (MRD),3
demo-costa,2024-01-22,Silver Elite (SLR),1
demo-costa,2024-01-22,Gold Elite (GLD),4
demo-costa,2024-01-22,Platinum Elite (PLT),4
demo-costa,2024-01-22,Titanium Elite (TTM),4
demo-centro,2024-01-23,Silver Elite (SLR),2
demo-centro,2024-01-23,Titanium Elite (TTM),2
demo-costa,2024-01-23,Silver Elite (SLR),3
demo-costa,2024-01-23,Platinum Elite (PLT),2
demo-costa,2024-01-23,Titanium Elite (TTM),4
demo-centro,2024-01-24,Silver Elite (SLR),1
demo-centro,2024-01-24,Gold Elite (GLD),2
demo-centro,2024-01-24,Titanium Elite (TTM),1
demo-costa,2024-01-24,Member (MRD),1
demo-costa,2024-01-24,Silver Elite (SLR),2
demo-costa,2024-01-24,Gold Elite (GLD),3
demo-costa,2024-01-24,Platinum Elite (PLT),4
demo-costa,2024-01-24,Titanium Elite (TTM),1
demo-centro,2024-01-25,Member (MRD),4
demo-centro,2024-01-25,Silver Elite (SLR),4
demo-centro,2024-01-25,Gold Elite (GLD),1
demo-centro,2024-01-25,Platinum Elite (PLT),4
demo-centro,2024-01-25,Titanium Elite (TTM),3
demo-costa,2024-01-25,Member (MRD),3
demo-costa,2024-01-25,Silver Elite (SLR),3
demo-costa,2024-01-25,Gold Elite (GLD),4
demo-costa,2024-01-25,Platinum Elite (PLT),3
demo-costa,2024-01-25,Titanium Elite (TTM),4
demo-centro,2024-01-26,Member (MRD),1
demo-centro,2024-01-26,Silver Elite (SLR),3
demo-centro,2024-01-26,Gold Elite (GLD),2
demo-centro,2024-01-26,Titanium Elite (TTM),1
demo-costa,2024-01-26,Member (MRD),3
demo-costa,2024-01-26,Silver Elite (SLR),1
demo-costa,2024-01-26,Titanium Elite (TTM),3
demo-centro,2024-01-27,Member (MRD),3
demo-centro,2024-01-27,Silver Elite (SLR),1
demo-centro,2024-01-27,Gold Elite (GLD),1
demo-centro,2024-01-27,Platinum Elite (PLT),2
demo-centro,2024-01-27,Titanium Elite (TTM),3
demo-costa,2024-01-27,Member (MRD),4
demo-costa,2024-01-27,Silver Elite (SLR),2
demo-costa,2024-01-27,Gold Elite (GLD),1
demo-costa,2024-01-27,Titanium Elite (TTM),2
demo-centro,2024-01-28,Member (MRD),1
demo-centro,2024-01-28,Silver Elite (SLR),1
demo-centro,2024-01-28,Gold Elite (GLD),4
demo-costa,2024-01-28,Silver Elite (SLR),3
demo-costa,2024-01-28,Platinum Elite (PLT),2
demo-costa,2024-01-28,Titanium Elite (TTM),2
demo-centro,2024-01-29,Member (MRD),4
demo-centro,2024-01-29,Silver Elite (SLR),3
demo-centro,2024-01-29,Gold Elite (GLD),2
demo-centro,2024-01-29,Platinum Elite (PLT),3
demo-centro,2024-01-29,Titanium Elite (TTM),1
demo-costa,2024-01-29,Member (MRD),4
demo-costa,2024-01-29,Silver Elite (SLR),3
demo-costa,2024-01-29,Gold Elite (GLD),4
demo-costa,2024-01-29,Platinum Elite (PLT),1
demo-costa,2024-01-29,Titanium Elite (TTM),4
demo-centro,2024-01-30,Member (MRD),1
demo-centro,2024-01-30,Titanium Elite (TTM),1
demo-costa,2024-01-30,Member (MRD),3
demo-costa,2024-01-30,Silver Elite (SLR),4
demo-costa,2024-01-30,Titanium Elite (TTM),4
demo-centro,2024-01-31,Member (MRD),4
demo-centro,2024-01-31,Silver Elite (SLR),4
demo-centro,2024-01-31,Platinum Elite (PLT),4
demo-costa,2024-01-31,Member (MRD),2
demo-costa,2024-01-31,Silver Elite (SLR),1
demo-costa,2024-01-31,Gold Elite (GLD),1
demo-costa,2024-01-31,Platinum Elite (PLT),1
demo-costa,2024-01-31,Titanium Elite (TTM),3
demo-centro,2024-02-01,Member (MRD),4
demo-centro,2024-02-01,Silver Elite (SLR),1
demo-centro,2024-02-01,Platinum Elite (PLT),4
demo-centro,2024-02-01,Titanium Elite (TTM),1
demo-costa,2024-02-01,Member (MRD),4
demo-costa,2024-02-01,Silver Elite (SLR),4
demo-costa,2024-02-01,Gold Elite (GLD),1
demo-costa,2024-02-01,Titanium Elite (TTM),3
demo-centro,2024-02-02,Member (MRD),2
demo-centro,2024-02-02,Silver Elite (SLR),4
demo-centro,2024-02-02,Gold Elite (GLD),2
demo-centro,2024-02-02,Platinum Elite (PLT),3
demo-centro,2024-02-02,Titanium Elite (TTM),3
demo-costa,2024-02-02,Member (MRD),1
demo-costa,2024-02-02,Silver Elite (SLR),2
demo-costa,2024-02-02,Platinum Elite (PLT),3
demo-centro,2024-02-03,Member (MRD),3
demo-centro,2024-02-03,Silver Elite (SLR),1
demo-centro,2024-02-03,Gold Elite (GLD),1
demo-centro,2024-02-03,Titanium Elite (TTM),4
demo-costa,2024-02-03,Member (MRD),2
demo-costa,2024-02-03,Silver Elite (SLR),1
demo-costa,2024-02-03,Gold Elite (GLD),4
demo-costa,2024-02-03,Platinum Elite (PLT),4
demo-costa,2024-02-03,Titanium Elite (TTM),2
demo-centro,2024-02-04,Silver Elite (SLR),1
demo-centro,2024-02-04,Platinum Elite (PLT),3
demo-centro,2024-02-04,Titanium Elite (TTM),3
demo-costa,2024-02-04,Member (MRD),3
demo-costa,2024-02-04,Silver Elite (SLR),2
demo-costa,2024-02-04,Platinum Elite (PLT),2
demo-centro,2024-02-05,Silver Elite (SLR),2
demo-centro,2024-02-05,Gold Elite (GLD),2
demo-centro,2024-02-05,Platinum Elite (PLT),2
demo-costa,2024-02-05,Member (MRD),2
demo-costa,2024-02-05,Silver Elite (SLR),3
demo-costa,2024-02-05,Gold Elite (GLD),2
demo-costa,2024-02-05,Titanium Elite (TTM),2
demo-centro,2024-02-06,Member (MRD),2
demo-centro,2024-02-06,Silver Elite (SLR),3
demo-centro,2024-02-06,Gold Elite (GLD),4
demo-centro,2024-02-06,Platinum Elite (PLT),2
demo-centro,2024-02-06,Titanium Elite (TTM),1
demo-costa,2024-02-06,Silver Elite (SLR),3
demo-costa,2024-02-06,Gold Elite (GLD),4
demo-costa,2024-02-06,Platinum Elite (PLT),4
demo-costa,2024-02-06,Titanium Elite (TTM),1
demo-centro,2024-02-07,Member (MRD),2
demo-centro,2024-02-07,Silver Elite (SLR),3
demo-centro,2024-02-07,Platinum Elite (PLT),4
demo-centro,2024-02-07,Titanium Elite (TTM),1
demo-costa,2024-02-07,Member (MRD),2
demo-costa,2024-02-07,Silver Elite (SLR),2
demo-costa,2024-02-07,Gold Elite (GLD),3
demo-costa,2024-02-07,Platinum Elite (PLT),1
demo-costa,2024-02-07,Titanium Elite (TTM),2
demo-centro,2024-02-08,Member (MRD),4
demo-centro,2024-02-08,Silver Elite (SLR),3
demo-centro,2024-02-08,Gold Elite (GLD),4
demo-centro,2024-02-08,Platinum Elite (PLT),1
demo-centro,2024-02-08,Titanium Elite (TTM),3
demo-costa,2024-02-08,Member (MRD),1
demo-costa,2024-02-08,Silver Elite (SLR),4
demo-costa,2024-02-08,Gold Elite (GLD),1
demo-costa,2024-02-08,Platinum Elite (PLT),1
demo-centro,2024-02-09,Member (MRD),1
demo-centro,2024-02-09,Gold Elite (GLD),3
demo-centro,2024-02-09,Platinum Elite (PLT),3
demo-centro,2024-02-09,Titanium Elite (TTM),3
demo-costa,2024-02-09,Silver Elite (SLR),3
demo-costa,2024-02-09,Gold Elite (GLD),2
demo-costa,2024-02-09,Platinum Elite (PLT),4
demo-costa,2024-02-09,Titanium Elite (TTM),2
demo-centro,2024-02-10,Member (MRD),2
demo-centro,2024-02-10,Silver Elite (SLR),1
demo-centro,2024-02-10,Gold Elite (GLD),3
demo-centro,2024-02-10,Platinum Elite (PLT),3
demo-centro,2024-02-10,Titanium Elite (TTM),3
demo-costa,2024-02-10,Silver Elite (SLR),1
demo-costa,2024-02-10,Platinum Elite (PLT),3
demo-costa,2024-02-10,Titanium Elite (TTM),3
demo-centro,2024-02-11,Member (MRD),4
demo-centro,2024-02-11,Silver Elite (SLR),3
demo-centro,2024-02-11,Gold Elite (GLD),3
demo-centro,2024-02-11,Platinum Elite (PLT),1
demo-costa,2024-02-11,Silver Elite (SLR),3
demo-costa,2024-02-11,Platinum Elite (PLT),4
demo-centro,2024-02-12,Member (MRD),1
demo-centro,2024-02-12,Silver Elite (SLR),2
demo-centro,2024-02-12,Gold Elite (GLD),4
demo-centro,2024-02-12,Platinum Elite (PLT),3
demo-costa,2024-02-12,Member (MRD),1
demo-costa,2024-02-12,Silver Elite (SLR),3
demo-costa,2024-02-12,Gold Elite (GLD),2
demo-costa,2024-02-12,Platinum Elite (PLT),1
demo-costa,2024-02-12,Titanium Elite (TTM),4
demo-centro,2024-02-13,Member (MRD),1
demo-centro,2024-02-13,Silver Elite (SLR),3
demo-centro,2024-02-13,Gold Elite (GLD),4
demo-centro,2024-02-13,Platinum Elite (PLT),1
demo-centro,2024-02-13,Titanium Elite (TTM),4
demo-costa,2024-02-13,Member (MRD),2
demo-costa,2024-02-13,Platinum Elite (PLT),1
demo-costa,2024-02-13,Titanium Elite (TTM),3
demo-centro,2024-02-14,Member (MRD),2
demo-centro,2024-02-14,Silver Elite (SLR),1
demo-centro,2024-02-14,Gold Elite (GLD),3
demo-centro,2024-02-14,Titanium Elite (TTM),2
demo-costa,2024-02-14,Silver Elite (SLR),2
demo-costa,2024-02-14,Gold Elite (GLD),4
demo-costa,2024-02-14,Titanium Elite (TTM),1
demo-centro,2024-02-15,Member (MRD),2
demo-centro,2024-02-15,Silver Elite (SLR),2
demo-centro,2024-02-15,Platinum Elite (PLT),4
demo-centro,2024-02-15,Titanium Elite (TTM),3
demo-costa,2024-02-15,Silver Elite (SLR),4
demo-costa,2024-02-15,Gold Elite (GLD),1
demo-costa,2024-02-15,Platinum Elite (PLT),3
demo-centro,2024-02-16,Member (MRD),3
demo-centro,2024-02-16,Silver Elite (SLR),3
demo-centro,2024-02-16,Gold Elite (GLD),2
demo-costa,2024-02-16,Member (MRD),4
demo-costa,2024-02-16,Silver Elite (SLR),3
demo-costa,2024-02-16,Platinum Elite (PLT),2
demo-costa,2024-02-16,Titanium Elite (TTM),3
demo-centro,2024-02-17,Silver Elite (SLR),2
demo-centro,2024-02-17,Gold Elite (GLD),3
demo-centro,2024-02-17,Titanium Elite (TTM),4
demo-costa,2024-02-17,Member (MRD),2
demo-costa,2024-02-17,Silver Elite (SLR),3
demo-costa,2024-02-17,Titanium Elite (TTM),3
demo-centro,2024-02-18,Member (MRD),3
demo-centro,2024-02-18,Gold Elite (GLD),3
demo-centro,2024-02-18,Platinum Elite (PLT),1
demo-centro,2024-02-18,Titanium Elite (TTM),3
demo-costa,2024-02-18,Silver Elite (SLR),2
demo-costa,2024-02-18,Gold Elite (GLD),1
demo-costa,2024-02-18,Titanium Elite (TTM),4
demo-centro,2024-02-19,Member (MRD),2
demo-centro,2024-02-19,Silver Elite (SLR),2
demo-centro,2024-02-19,Gold Elite (GLD),2
demo-centro,2024-02-19,Titanium Elite (TTM),4
demo-costa,2024-02-19,Silver Elite (SLR),1
demo-costa,2024-02-19,Platinum Elite (PLT),3
demo-costa,2024-02-19,Titanium Elite (TTM),3
demo-centro,2024-02-20,Member (MRD),3
demo-centro,2024-02-20,Silver Elite (SLR),1
demo-centro,2024-02-20,Platinum Elite (PLT),2
demo-centro,2024-02-20,Titanium Elite (TTM),1
demo-costa,2024-02-20,Member (MRD),2
demo-costa,2024-02-20,Silver Elite (SLR),4
demo-costa,2024-02-20,Platinum Elite (PLT),4
demo-costa,2024-02-20,Titanium Elite (TTM),1
demo-centro,2024-02-21,Member (MRD),4
demo-centro,2024-02-21,Silver Elite (SLR),2
demo-centro,2024-02-21,Gold Elite (GLD),1
demo-centro,2024-02-21,Platinum Elite (PLT),3
demo-costa,2024-02-21,Silver Elite (SLR),3
demo-costa,2024-02-21,Gold Elite (GLD),3
demo-costa,2024-02-21,Platinum Elite (PLT),3
demo-costa,2024-02-21,Titanium Elite (TTM),1
demo-centro,2024-02-22,Silver Elite (SLR),2
demo-centro,2024-02-22,Gold Elite (GLD),2
demo-centro,2024-02-22,Platinum Elite (PLT),2
demo-centro,2024-02-22,Titanium Elite (TTM),4
demo-costa,2024-02-22,Member (MRD),3
demo-costa,2024-02-22,Silver Elite (SLR),1
demo-costa,2024-02-22,Gold Elite (GLD),1
demo-costa,2024-02-22,Platinum Elite (PLT),1
demo-costa,2024-02-22,Titanium Elite (TTM),1
demo-centro,2024-02-23,Member (MRD),1
demo-centro,2024-02-23,Silver Elite (SLR),4
demo-centro,2024-02-23,Gold Elite (GLD),4
demo-centro,2024-02-23,Platinum Elite (PLT),1
demo-costa,2024-02-23,Member (MRD),3
demo-costa,2024-02-23,Silver Elite (SLR),1
demo-costa,2024-02-23,Gold Elite (GLD),3
demo-costa,2024-02-23,Platinum Elite (PLT),2
demo-centro,2024-02-24,Member (MRD),1
demo-centro,2024-02-24,Gold Elite (GLD),2
demo-centro,2024-02-24,Platinum Elite (PLT),4
demo-centro,2024-02-24,Titanium Elite (TTM),1
demo-costa,2024-02-24,Gold Elite (GLD),4
demo-costa,2024-02-24,Platinum Elite (PLT),4
demo-costa,2024-02-24,Titanium Elite (TTM),2
demo-centro,2024-02-25,Member (MRD),4
demo-centro,2024-02-25,Silver Elite (SLR),1
demo-centro,2024-02-25,Platinum Elite (PLT),2
demo-centro,2024-02-25,Titanium Elite (TTM),3
demo-costa,2024-02-25,Member (MRD),1
demo-costa,2024-02-25,Gold Elite (GLD),3
demo-costa,2024-02-25,Platinum Elite (PLT),4
demo-costa,2024-02-25,Titanium Elite (TTM),3
demo-centro,2024-02-26,Silver Elite (SLR),1
demo-centro,2024-02-26,Gold Elite (GLD),3
demo-centro,2024-02-26,Platinum Elite (PLT),2
demo-centro,2024-02-26,Titanium Elite (TTM),3
demo-costa,2024-02-26,Silver Elite (SLR),2
demo-costa,2024-02-26,Gold Elite (GLD),4
demo-costa,2024-02-26,Platinum Elite (PLT),2
demo-costa,2024-02-26,Titanium Elite (TTM),3
demo-centro,2024-02-27,Member (MRD),3
demo-centro,2024-02-27,Silver Elite (SLR),1
demo-centro,2024-02-27,Platinum Elite (PLT),3
demo-centro,2024-02-27,Titanium Elite (TTM),1
demo-costa,2024-02-27,Member (MRD),2
demo-costa,2024-02-27,Silver Elite (SLR),3
demo-costa,2024-02-27,Gold Elite (GLD),1
demo-costa,2024-02-27,Platinum Elite (PLT),1
demo-centro,2024-02-28,Member (MRD),2
demo-centro,2024-02-28,Silver Elite (SLR),4
demo-centro,2024-02-28,Gold Elite (GLD),1
demo-centro,2024-02-28,Platinum Elite (PLT),1
demo-centro,2024-02-28,Titanium Elite (TTM),2
demo-costa,2024-02-28,Silver Elite (SLR),3
demo-costa,2024-02-28,Gold Elite (GLD),3
demo-costa,2024-02-28,Platinum Elite (PLT),1
demo-costa,2024-02-28,Titanium Elite (TTM),2
demo-centro,2024-02-29,Member (MRD),3
demo-centro,2024-02-29,Gold Elite (GLD),4
demo-centro,2024-02-29,Platinum Elite (PLT),1
demo-centro,2024-02-29,Titanium Elite (TTM),1
demo-costa,2024-02-29,Member (MRD),3
demo-costa,2024-02-29,Silver Elite (SLR),1
demo-costa,2024-02-29,Gold Elite (GLD),4
demo-costa,2024-02-29,Platinum Elite (PLT),1
demo-centro,2024-03-01,Member (MRD),1
demo-centro,2024-03-01,Gold Elite (GLD),4
demo-centro,2024-03-01,Titanium Elite (TTM),2
demo-costa,2024-03-01,Member (MRD),2
demo-costa,2024-03-01,Silver Elite (SLR),3
demo-costa,2024-03-01,Gold Elite (GLD),2
demo-costa,2024-03-01,Platinum Elite (PLT),4
demo-costa,2024-03-01,Titanium Elite (TTM),1
demo-centro,2024-03-02,Member (MRD),4
demo-centro,2024-03-02,Silver Elite (SLR),3
demo-centro,2024-03-02,Gold Elite (GLD),3
demo-centro,2024-03-02,Platinum Elite (PLT),1
demo-centro,2024-03-02,Titanium Elite (TTM),3
demo-costa,2024-03-02,Member (MRD),1
demo-costa,2024-03-02,Silver Elite (SLR),3
demo-costa,2024-03-02,Gold Elite (GLD),3
demo-centro,2024-03-03,Gold Elite (GLD),1
demo-centro,2024-03-03,Titanium Elite (TTM),2
demo-costa,2024-03-03,Member (MRD),4
demo-costa,2024-03-03,Silver Elite (SLR),3
demo-costa,2024-03-03,Gold Elite (GLD),1
demo-centro,2024-03-04,Member (MRD),3
demo-centro,2024-03-04,Silver Elite (SLR),2
demo-centro,2024-03-04,Gold Elite (GLD),1
demo-centro,2024-03-04,Platinum Elite (PLT),1
demo-costa,2024-03-04,Member (MRD),2
demo-costa,2024-03-04,Silver Elite (SLR),4
demo-costa,2024-03-04,Gold Elite (GLD),2
demo-costa,2024-03-04,Platinum Elite (PLT),3
demo-costa,2024-03-04,Titanium Elite (TTM),1
demo-centro,2024-03-05,Member (MRD),1
demo-centro,2024-03-05,Silver Elite (SLR),2
demo-centro,2024-03-05,Gold Elite (GLD),2
demo-centro,2024-03-05,Titanium Elite (TTM),1
demo-costa,2024-03-05,Member (MRD),2
demo-costa,2024-03-05,Silver Elite (SLR),3
demo-costa,2024-03-05,Gold Elite (GLD),1
demo-costa,2024-03-05,Platinum Elite (PLT),2
demo-centro,2024-03-06,Member (MRD),4
demo-centro,2024-03-06,Silver Elite (SLR),4
demo-centro,2024-03-06,Platinum Elite (PLT),2
demo-centro,2024-03-06,Titanium Elite (TTM),4
demo-costa,2024-03-06,Member (MRD),2
demo-costa,2024-03-06,Silver Elite (SLR),3
demo-costa,2024-03-06,Gold Elite (GLD),2
demo-costa,2024-03-06,Platinum Elite (PLT),4
demo-costa,2024-03-06,Titanium Elite (TTM),1
demo-centro,2024-03-07,Silver Elite (SLR),2
demo-centro,2024-03-07,Gold Elite (GLD),4
demo-centro,2024-03-07,Platinum Elite (PLT),2
demo-centro,2024-03-07,Titanium Elite (TTM),2
demo-costa,2024-03-07,Member (MRD),2
demo-costa,2024-03-07,Platinum Elite (PLT),1
demo-costa,2024-03-07,Titanium Elite (TTM),1
demo-centro,2024-03-08,Member (MRD),3
demo-centro,2024-03-08,Silver Elite (SLR),1
demo-centro,2024-03-08,Gold Elite (GLD),4
demo-costa,2024-03-08,Member (MRD),4
demo-costa,2024-03-08,Silver Elite (SLR),2
demo-costa,2024-03-08,Gold Elite (GLD),4
demo-costa,2024-03-08,Platinum Elite (PLT),1
demo-costa,2024-03-08,Titanium Elite (TTM),3
demo-centro,2024-03-09,Member (MRD),1
demo-centro,2024-03-09,Gold Elite (GLD),1
demo-centro,2024-03-09,Platinum Elite (PLT),1
demo-centro,2024-03-09,Titanium Elite (TTM),3
demo-costa,2024-03-09,Member (MRD),2
demo-costa,2024-03-09,Silver Elite (SLR),3
demo-costa,2024-03-09,Gold Elite (GLD),2
demo-centro,2024-03-10,Member (MRD),4
demo-centro,2024-03-10,Silver Elite (SLR),3
demo-centro,2024-03-10,Gold Elite (GLD),1
demo-centro,2024-03-10,Platinum Elite (PLT),1
demo-costa,2024-03-10,Member (MRD),1
demo-costa,2024-03-10,Silver Elite (SLR),1
demo-centro,2024-03-11,Member (MRD),4
demo-centro,2024-03-11,Silver Elite (SLR),3
demo-centro,2024-03-11,Gold Elite (GLD),4
demo-centro,2024-03-11,Platinum Elite (PLT),1
demo-centro,2024-03-11,Titanium Elite (TTM),4
demo-costa,2024-03-11,Member (MRD),3
demo-costa,2024-03-11,Silver Elite (SLR),4
demo-costa,2024-03-11,Platinum Elite (PLT),3
demo-costa,2024-03-11,Titanium Elite (TTM),3
demo-centro,2024-03-12,Silver Elite (SLR),2
demo-centro,2024-03-12,Gold Elite (GLD),1
demo-costa,2024-03-12,Member (MRD),2
demo-costa,2024-03-12,Gold Elite (GLD),2
demo-costa,2024-03-12,Platinum Elite (PLT),4
demo-costa,2024-03-12,Titanium Elite (TTM),3
demo-centro,2024-03-13,Member (MRD),1
demo-centro,2024-03-13,Gold Elite (GLD),4
demo-centro,2024-03-13,Titanium Elite (TTM),1
demo-costa,2024-03-13,Member (MRD),1
demo-costa,2024-03-13,Silver Elite (SLR),2
demo-costa,2024-03-13,Gold Elite (GLD),1
demo-costa,2024-03-13,Platinum Elite (PLT),3
demo-costa,2024-03-13,Titanium Elite (TTM),2
demo-centro,2024-03-14,Member (MRD),4
demo-centro,2024-03-14,Silver Elite (SLR),3
demo-centro,2024-03-14,Gold Elite (GLD),3
demo-centro,2024-03-14,Platinum Elite (PLT),4
demo-costa,2024-03-14,Member (MRD),4
demo-costa,2024-03-14,Silver Elite (SLR),2
demo-costa,2024-03-14,Gold Elite (GLD),1
demo-costa,2024-03-14,Platinum Elite (PLT),3
demo-costa,2024-03-14,Titanium Elite (TTM),4
demo-centro,2024-03-15,Member (MRD),4
demo-centro,2024-03-15,Silver Elite (SLR),1
demo-centro,2024-03-15,Gold Elite (GLD),2
demo-centro,2024-03-15,Platinum Elite (PLT),1
demo-costa,2024-03-15,Titanium Elite (TTM),4
demo-centro,2024-03-16,Member (MRD),3
demo-centro,2024-03-16,Gold Elite (GLD),1
demo-centro,2024-03-16,Platinum Elite (PLT),1
demo-centro,2024-03-16,Titanium Elite (TTM),1
demo-costa,2024-03-16,Silver Elite (SLR),2
demo-costa,2024-03-16,Gold Elite (GLD),3
demo-costa,2024-03-16,Titanium Elite (TTM),1
demo-centro,2024-03-17,Silver Elite (SLR),2
demo-centro,2024-03-17,Gold Elite (GLD),2
demo-centro,2024-03-17,Platinum Elite (PLT),2
demo-costa,2024-03-17,Member (MRD),4
demo-costa,2024-03-17,Silver Elite (SLR),4
demo-costa,2024-03-17,Gold Elite (GLD),3
demo-costa,2024-03-17,Platinum Elite (PLT),2
demo-costa,2024-03-17,Titanium Elite (TTM),4
demo-centro,2024-03-18,Member (MRD),3
demo-centro,2024-03-18,Gold Elite (GLD),4
demo-centro,2024-03-18,Platinum Elite (PLT),4
demo-centro,2024-03-18,Titanium Elite (TTM),1
demo-costa,2024-03-18,Member (MRD),2
demo-costa,2024-03-18,Silver Elite (SLR),1
demo-costa,2024-03-18,Gold Elite (GLD),3
demo-costa,2024-03-18,Titanium Elite (TTM),4
demo-centro,2024-03-19,Member (MRD),3
demo-centro,2024-03-19,Silver Elite (SLR),1
demo-centro,2024-03-19,Gold Elite (GLD),3
demo-centro,2024-03-19,Platinum Elite (PLT),4
demo-centro,2024-03-19,Titanium Elite (TTM),2
demo-costa,2024-03-19,Member (MRD),1
demo-costa,2024-03-19,Silver Elite (SLR),2
demo-costa,2024-03-19,Gold Elite (GLD),1
demo-costa,2024-03-19,Platinum Elite (PLT),1
demo-costa,2024-03-19,Titanium Elite (TTM),3
demo-centro,2024-03-20,Member (MRD),4
demo-centro,2024-03-20,Gold Elite (GLD),2
demo-centro,2024-03-20,Platinum Elite (PLT),2
demo-costa,2024-03-20,Silver Elite (SLR),3
demo-costa,2024-03-20,Platinum Elite (PLT),2
demo-costa,2024-03-20,Titanium Elite (TTM),1
demo-centro,2024-03-21,Member (MRD),1
demo-centro,2024-03-21,Silver Elite (SLR),3
demo-centro,2024-03-21,Gold Elite (GLD),1
demo-centro,2024-03-21,Platinum Elite (PLT),4
demo-centro,2024-03-21,Titanium Elite (TTM),4
demo-costa,2024-03-21,Member (MRD),2
demo-costa,2024-03-21,Silver Elite (SLR),4
demo-costa,2024-03-21,Gold Elite (GLD),2
demo-costa,2024-03-21,Platinum Elite (PLT),4
demo-costa,2024-03-21,Titanium Elite (TTM),1
demo-centro,2024-03-22,Member (MRD),2
demo-centro,2024-03-22,Silver Elite (SLR),4
demo-centro,2024-03-22,Gold Elite (GLD),1
demo-centro,2024-03-22,Platinum Elite (PLT),1
demo-centro,2024-03-22,Titanium Elite (TTM),2
demo-costa,2024-03-22,Member (MRD),1
demo-costa,2024-03-22,Silver Elite (SLR),2
demo-costa,2024-03-22,Gold Elite (GLD),2
demo-costa,2024-03-22,Platinum Elite (PLT),4
demo-costa,2024-03-22,Titanium Elite (TTM),1
demo-centro,2024-03-23,Member (MRD),1
demo-centro,2024-03-23,Silver Elite (SLR),2
demo-centro,2024-03-23,Gold Elite (GLD),1
demo-centro,2024-03-23,Platinum Elite (PLT),2
demo-costa,2024-03-23,Member (MRD),1
demo-costa,2024-03-23,Silver Elite (SLR),1
demo-costa,2024-03-23,Gold Elite (GLD),2
demo-costa,2024-03-23,Platinum Elite (PLT),2
demo-costa,2024-03-23,Titanium Elite (TTM),3
demo-centro,2024-03-24,Member (MRD),3
demo-centro,2024-03-24,Platinum Elite (PLT),3
demo-centro,2024-03-24,Titanium Elite (TTM),3
demo-costa,2024-03-24,Member (MRD),3
demo-costa,2024-03-24,Gold Elite (GLD),1
demo-costa,2024-03-24,Platinum Elite (PLT),2
demo-costa,2024-03-24,Titanium Elite (TTM),4
demo-centro,2024-03-25,Member (MRD),4
demo-centro,2024-03-25,Silver Elite (SLR),3
demo-centro,2024-03-25,Gold Elite (GLD),1
demo-centro,2024-03-25,Platinum Elite (PLT),4
demo-centro,2024-03-25,Titanium Elite (TTM),1
demo-costa,2024-03-25,Member (MRD),2
demo-costa,2024-03-25,Silver Elite (SLR),2
demo-costa,2024-03-25,Platinum Elite (PLT),3
demo-costa,2024-03-25,Titanium Elite (TTM),1
demo-centro,2024-03-26,Member (MRD),3
demo-centro,2024-03-26,Gold Elite (GLD),4
demo-centro,2024-03-26,Platinum Elite (PLT),3
demo-centro,2024-03-26,Titanium Elite (TTM),4
demo-costa,2024-03-26,Member (MRD),2
demo-costa,2024-03-26,Gold Elite (GLD),3
demo-costa,2024-03-26,Platinum Elite (PLT),3
demo-centro,2024-03-27,Member (MRD),4
demo-centro,2024-03-27,Silver Elite (SLR),2
demo-centro,2024-03-27,Platinum Elite (PLT),4
demo-centro,2024-03-27,Titanium Elite (TTM),3
demo-costa,2024-03-27,Member (MRD),2
demo-costa,2024-03-27,Silver Elite (SLR),4
demo-costa,2024-03-27,Gold Elite (GLD),2
demo-costa,2024-03-27,Platinum Elite (PLT),3
demo-costa,2024-03-27,Titanium Elite (TTM),3
demo-centro,2024-03-28,Member (MRD),4
demo-centro,2024-03-28,Silver Elite (SLR),2
demo-centro,2024-03-28,Platinum Elite (PLT),2
demo-centro,2024-03-28,Titanium Elite (TTM),2
demo-costa,2024-03-28,Member (MRD),3
demo-costa,2024-03-28,Silver Elite (SLR),2
demo-costa,2024-03-28,Gold Elite (GLD),4
demo-costa,2024-03-28,Platinum Elite (PLT),2
demo-centro,2024-03-29,Member (MRD),3
demo-centro,2024-03-29,Silver Elite (SLR),3
demo-centro,2024-03-29,Gold Elite (GLD),1
demo-centro,2024-03-29,Platinum Elite (PLT),1
demo-centro,2024-03-29,Titanium Elite (TTM),1
demo-costa,2024-03-29,Member (MRD),1
demo-costa,2024-03-29,Silver Elite (SLR),3
demo-costa,2024-03-29,Gold Elite (GLD),4
demo-costa,2024-03-29,Platinum Elite (PLT),1
demo-costa,2024-03-29,Titanium Elite (TTM),1
demo-centro,2024-03-30,Member (MRD),2
demo-centro,2024-03-30,Silver Elite (SLR),4
demo-centro,2024-03-30,Gold Elite (GLD),1
demo-centro,2024-03-30,Platinum Elite (PLT),3
demo-centro,2024-03-30,Titanium Elite (TTM),2
demo-costa,2024-03-30,Member (MRD),2
demo-costa,2024-03-30,Silver Elite (SLR),3
demo-costa,2024-03-30,Gold Elite (GLD),1
demo-costa,2024-03-30,Platinum Elite (PLT),3
demo-centro,2024-03-31,Member (MRD),3
demo-centro,2024-03-31,Silver Elite (SLR),3
demo-centro,2024-03-31,Gold Elite (GLD),4
demo-centro,2024-03-31,Titanium Elite (TTM),2
demo-costa,2024-03-31,Silver Elite (SLR),4
demo-costa,2024-03-31,Gold Elite (GLD),2
demo-costa,2024-03-31,Platinum Elite (PLT),1
demo-costa,2024-03-31,Titanium Elite (TTM),4
demo-centro,2024-04-01,Member (MRD),2
demo-centro,2024-04-01,Silver Elite (SLR),2
demo-centro,2024-04-01,Gold Elite (GLD),4
demo-centro,2024-04-01,Titanium Elite (TTM),4
demo-costa,2024-04-01,Member (MRD),2
demo-costa,2024-04-01,Silver Elite (SLR),1
demo-costa,2024-04-01,Gold Elite (GLD),1
demo-costa,2024-04-01,Platinum Elite (PLT),3
demo-costa,2024-04-01,Titanium Elite (TTM),4
demo-centro,2024-04-02,Member (MRD),4
demo-centro,2024-04-02,Silver Elite (SLR),2
demo-centro,2024-04-02,Gold Elite (GLD),1
demo-centro,2024-04-02,Platinum Elite (PLT),3
demo-centro,2024-04-02,Titanium Elite (TTM),1
demo-costa,2024-04-02,Silver Elite (SLR),4
demo-costa,2024-04-02,Platinum Elite (PLT),2
demo-costa,2024-04-02,Titanium Elite (TTM),3
demo-centro,2024-04-03,Member (MRD),1
demo-centro,2024-04-03,Silver Elite (SLR),3
demo-centro,2024-04-03,Gold Elite (GLD),1
demo-centro,2024-04-03,Platinum Elite (PLT),3
demo-centro,2024-04-03,Titanium Elite (TTM),1
demo-costa,2024-04-03,Member (MRD),2
demo-costa,2024-04-03,Silver Elite (SLR),3
demo-costa,2024-04-03,Gold Elite (GLD),4
demo-costa,2024-04-03,Platinum Elite (PLT),3
demo-costa,2024-04-03,Titanium Elite (TTM),2
demo-centro,2024-04-04,Member (MRD),2
demo-centro,2024-04-04,Platinum Elite (PLT),4
demo-costa,2024-04-04,Silver Elite (SLR),4
demo-costa,2024-04-04,Gold Elite (GLD),3
demo-costa,2024-04-04,Platinum Elite (PLT),3
demo-costa,2024-04-04,Titanium Elite (TTM),1
demo-centro,2024-04-05,Member (MRD),2
demo-centro,2024-04-05,Silver Elite (SLR),2
demo-centro,2024-04-05,Gold Elite (GLD),3
demo-centro,2024-04-05,Platinum Elite (PLT),4
demo-centro,2024-04-05,Titanium Elite (TTM),4
demo-costa,2024-04-05,Member (MRD),3
demo-costa,2024-04-05,Silver Elite (SLR),2
demo-costa,2024-04-05,Gold Elite (GLD),4
demo-costa,2024-04-05,Titanium Elite (TTM),2
demo-centro,2024-04-06,Member (MRD),4
demo-centro,2024-04-06,Silver Elite (SLR),2
demo-centro,2024-04-06,Gold Elite (GLD),1
demo-centro,2024-04-06,Platinum Elite (PLT),3
demo-costa,2024-04-06,Member (MRD),4
demo-costa,2024-04-06,Platinum Elite (PLT),3
demo-costa,2024-04-06,Titanium Elite (TTM),4
demo-centro,2024-04-07,Member (MRD),1
demo-centro,2024-04-07,Silver Elite (SLR),3
demo-centro,2024-04-07,Gold Elite (GLD),4
demo-centro,2024-04-07,Titanium Elite (TTM),4
demo-costa,2024-04-07,Member (MRD),4
demo-costa,2024-04-07,Gold Elite (GLD),1
demo-costa,2024-04-07,Titanium Elite (TTM),3
demo-centro,2024-04-08,Gold Elite (GLD),2
demo-centro,2024-04-08,Platinum Elite (PLT),1
demo-centro,2024-04-08,Titanium Elite (TTM),2
demo-costa,2024-04-08,Member (MRD),3
demo-costa,2024-04-08,Gold Elite (GLD),2
demo-costa,2024-04-08,Titanium Elite (TTM),3
demo-centro,2024-04-09,Silver Elite (SLR),3
demo-centro,2024-04-09,Gold Elite (GLD),4
demo-centro,2024-04-09,Platinum Elite (PLT),3
demo-centro,2024-04-09,Titanium Elite (TTM),3
demo-costa,2024-04-09,Member (MRD),1
demo-costa,2024-04-09,Silver Elite (SLR),3
demo-costa,2024-04-09,Gold Elite (GLD),3
demo-costa,2024-04-09,Platinum Elite (PLT),4
demo-centro,2024-04-10,Platinum Elite (PLT),1
demo-costa,2024-04-10,Member (MRD),1
demo-costa,2024-04-10,Silver Elite (SLR),3
demo-costa,2024-04-10,Gold Elite (GLD),1
demo-costa,2024-04-10,Titanium Elite (TTM),2
demo-centro,2024-04-11,Member (MRD),4
demo-centro,2024-04-11,Silver Elite (SLR),3
demo-centro,2024-04-11,Gold Elite (GLD),3
demo-centro,2024-04-11,Platinum Elite (PLT),2
demo-costa,2024-04-11,Member (MRD),4
demo-costa,2024-04-11,Gold Elite (GLD),3
demo-costa,2024-04-11,Platinum Elite (PLT),2
demo-costa,2024-04-11,Titanium Elite (TTM),2
demo-centro,2024-04-12,Member (MRD),2
demo-centro,2024-04-12,Silver Elite (SLR),4
demo-centro,2024-04-12,Gold Elite (GLD),3
demo-centro,2024-04-12,Platinum Elite (PLT),3
demo-centro,2024-04-12,Titanium Elite (TTM),1
demo-costa,2024-04-12,Member (MRD),1
demo-costa,2024-04-12,Silver Elite (SLR),3
demo-costa,2024-04-12,Gold Elite (GLD),3
demo-costa,2024-04-12,Platinum Elite (PLT),3
demo-costa,2024-04-12,Titanium Elite (TTM),3
demo-centro,2024-04-13,Member (MRD),4
demo-centro,2024-04-13,Silver Elite (SLR),2
demo-centro,2024-04-13,Gold Elite (GLD),4
demo-centro,2024-04-13,Titanium Elite (TTM),1
demo-costa,2024-04-13,Member (MRD),1
demo-costa,2024-04-13,Silver Elite (SLR),3
demo-costa,2024-04-13,Gold Elite (GLD),3
demo-costa,2024-04-13,Platinum Elite (PLT),3
demo-costa,2024-04-13,Titanium Elite (TTM),4
demo-centro,2024-04-14,Member (MRD),2
demo-centro,2024-04-14,Silver Elite (SLR),3
demo-centro,2024-04-14,Gold Elite (GLD),1
demo-centro,2024-04-14,Platinum Elite (PLT),4
demo-costa,2024-04-14,Member (MRD),4
demo-costa,2024-04-14,Silver Elite (SLR),1
demo-costa,2024-04-14,Gold Elite (GLD),2
demo-costa,2024-04-14,Platinum Elite (PLT),4
demo-costa,2024-04-14,Titanium Elite (TTM),3
demo-centro,2024-04-15,Member (MRD),1
demo-centro,2024-04-15,Silver Elite (SLR),2
demo-centro,2024-04-15,Gold Elite (GLD),4
demo-centro,2024-04-15,Titanium Elite (TTM),3
demo-costa,2024-04-15,Silver Elite (SLR),3
demo-costa,2024-04-15,Gold Elite (GLD),3
demo-costa,2024-04-15,Platinum Elite (PLT),4
demo-centro,2024-04-16,Member (MRD),2
demo-centro,2024-04-16,Silver Elite (SLR),4
demo-centro,2024-04-16,Gold Elite (GLD),2
demo-centro,2024-04-16,Platinum Elite (PLT),3
demo-centro,2024-04-16,Titanium Elite (TTM),4
demo-costa,2024-04-16,Member (MRD),1
demo-costa,2024-04-16,Silver Elite (SLR),2
demo-costa,2024-04-16,Gold Elite (GLD),2
demo-costa,2024-04-16,Platinum Elite (PLT),4
demo-costa,2024-04-16,Titanium Elite (TTM),4
demo-centro,2024-04-17,Member (MRD),3
demo-centro,2024-04-17,Silver Elite (SLR),2
demo-centro,2024-04-17,Platinum Elite (PLT),2
demo-centro,2024-04-17,Titanium Elite (TTM),3
demo-costa,2024-04-17,Member (MRD),2
demo-costa,2024-04-17,Silver Elite (SLR),2
demo-costa,2024-04-17,Gold Elite (GLD),4
demo-costa,2024-04-17,Platinum Elite (PLT),4
demo-centro,2024-04-18,Member (MRD),1
demo-centro,2024-04-18,Silver Elite (SLR),2
demo-centro,2024-04-18,Gold Elite (GLD),2
demo-centro,2024-04-18,Platinum Elite (PLT),3
demo-costa,2024-04-18,Member (MRD),1
demo-costa,2024-04-18,Silver Elite (SLR),2
demo-costa,2024-04-18,Platinum Elite (PLT),2
demo-costa,2024-04-18,Titanium Elite (TTM),1
demo-centro,2024-04-19,Member (MRD),3
demo-centro,2024-04-19,Silver Elite (SLR),3
demo-centro,2024-04-19,Platinum Elite (PLT),4
demo-centro,2024-04-19,Titanium Elite (TTM),3
demo-costa,2024-04-19,Member (MRD),2
demo-costa,2024-04-19,Silver Elite (SLR),4
demo-costa,2024-04-19,Gold Elite (GLD),1
demo-costa,2024-04-19,Titanium Elite (TTM),4
demo-centro,2024-04-20,Member (MRD),1
demo-centro,2024-04-20,Silver Elite (SLR),1
demo-centro,2024-04-20,Platinum Elite (PLT),2
demo-centro,2024-04-20,Titanium Elite (TTM),2
demo-costa,2024-04-20,Silver Elite (SLR),2
demo-costa,2024-04-20,Gold Elite (GLD),4
demo-costa,2024-04-20,Platinum Elite (PLT),3
demo-centro,2024-04-21,Member (MRD),4
demo-centro,2024-04-21,Silver Elite (SLR),4
demo-centro,2024-04-21,Gold Elite (GLD),3
demo-centro,2024-04-21,Titanium Elite (TTM),3
demo-costa,2024-04-21,Member (MRD),3
demo-costa,2024-04-21,Silver Elite (SLR),3
demo-costa,2024-04-21,Gold Elite (GLD),1
demo-costa,2024-04-21,Platinum Elite (PLT),3
demo-costa,2024-04-21,Titanium Elite (TTM),1
demo-centro,2024-04-22,Silver Elite (SLR),1
demo-centro,2024-04-22,Gold Elite (GLD),1
demo-centro,2024-04-22,Titanium Elite (TTM),4
demo-costa,2024-04-22,Member (MRD),3
demo-costa,2024-04-22,Gold Elite (GLD),3
demo-centro,2024-04-23,Member (MRD),1
demo-centro,2024-04-23,Silver Elite (SLR),2
demo-centro,2024-04-23,Gold Elite (GLD),1
demo-centro,2024-04-23,Titanium Elite (TTM),1
demo-costa,2024-04-23,Member (MRD),1
demo-costa,2024-04-23,Silver Elite (SLR),2
demo-costa,2024-04-23,Gold Elite (GLD),3
demo-costa,2024-04-23,Platinum Elite (PLT),3
demo-costa,2024-04-23,Titanium Elite (TTM),1
demo-centro,2024-04-24,Member (MRD),3
demo-centro,2024-04-24,Gold Elite (GLD),2
demo-centro,2024-04-24,Platinum Elite (PLT),3
demo-centro,2024-04-24,Titanium Elite (TTM),3
demo-costa,2024-04-24,Member (MRD),1
demo-costa,2024-04-24,Silver Elite (SLR),4
demo-costa,2024-04-24,Gold Elite (GLD),3
demo-costa,2024-04-24,Platinum Elite (PLT),2
demo-centro,2024-04-25,Member (MRD),1
demo-centro,2024-04-25,Gold Elite (GLD),3
demo-centro,2024-04-25,Platinum Elite (PLT),2
demo-centro,2024-04-25,Titanium Elite (TTM),3
demo-costa,2024-04-25,Member (MRD),2
demo-costa,2024-04-25,Silver Elite (SLR),1
demo-costa,2024-04-25,Platinum Elite (PLT),3
demo-costa,2024-04-25,Titanium Elite (TTM),4
demo-centro,2024-04-26,Member (MRD),1
demo-centro,2024-04-26,Silver Elite (SLR),2
demo-centro,2024-04-26,Gold Elite (GLD),3
demo-centro,2024-04-26,Titanium Elite (TTM),3
demo-costa,2024-04-26,Member (MRD),1
demo-costa,2024-04-26,Silver Elite (SLR),4
demo-costa,2024-04-26,Gold Elite (GLD),1
demo-costa,2024-04-26,Platinum Elite (PLT),1
demo-costa,2024-04-26,Titanium Elite (TTM),1
demo-centro,2024-04-27,Member (MRD),1
demo-centro,2024-04-27,Silver Elite (SLR),1
demo-centro,2024-04-27,Gold Elite (GLD),1
demo-centro,2024-04-27,Platinum Elite (PLT),4
demo-centro,2024-04-27,Titanium Elite (TTM),1
demo-costa,2024-04-27,Member (MRD),4
demo-costa,2024-04-27,Silver Elite (SLR),3
demo-costa,2024-04-27,Platinum Elite (PLT),4
demo-costa,2024-04-27,Titanium Elite (TTM),2
demo-centro,2024-04-28,Member (MRD),3
demo-centro,2024-04-28,Silver Elite (SLR),1
demo-centro,2024-04-28,Gold Elite (GLD),2
demo-centro,2024-04-28,Platinum Elite (PLT),1
demo-centro,2024-04-28,Titanium Elite (TTM),1
demo-costa,2024-04-28,Member (MRD),2
demo-costa,2024-04-28,Silver Elite (SLR),4
demo-costa,2024-04-28,Gold Elite (GLD),4
demo-costa,2024-04-28,Titanium Elite (TTM),2
demo-centro,2024-04-29,Member (MRD),2
demo-centro,2024-04-29,Silver Elite (SLR),3
demo-centro,2024-04-29,Gold Elite (GLD),4
demo-centro,2024-04-29,Titanium Elite (TTM),2
demo-costa,2024-04-29,Member (MRD),4
demo-costa,2024-04-29,Gold Elite (GLD),4
demo-costa,2024-04-29,Platinum Elite (PLT),4
demo-costa,2024-04-29,Titanium Elite (TTM),1
demo-centro,2024-04-30,Member (MRD),2
demo-centro,2024-04-30,Silver Elite (SLR),4
demo-costa,2024-04-30,Member (MRD),4
demo-costa,2024-04-30,Silver Elite (SLR),4
demo-costa,2024-04-30,Gold Elite (GLD),3
demo-costa,2024-04-30,Platinum Elite (PLT),4
demo-costa,2024-04-30,Titanium Elite (TTM),1
demo-centro,2024-05-01,Silver Elite (SLR),3
demo-centro,2024-05-01,Gold Elite (GLD),3
demo-centro,2024-05-01,Platinum Elite (PLT),4
demo-centro,2024-05-01,Titanium Elite (TTM),4
demo-costa,2024-05-01,Member (MRD),1
demo-costa,2024-05-01,Silver Elite (SLR),4
demo-costa,2024-05-01,Gold Elite (GLD),4
demo-costa,2024-05-01,Platinum Elite (PLT),1
demo-costa,2024-05-01,Titanium Elite (TTM),1
demo-centro,2024-05-02,Member (MRD),3
demo-centro,2024-05-02,Silver Elite (SLR),3
demo-centro,2024-05-02,Gold Elite (GLD),4
demo-centro,2024-05-02,Platinum Elite (PLT),4
demo-centro,2024-05-02,Titanium Elite (TTM),4
demo-costa,2024-05-02,Member (MRD),2
demo-costa,2024-05-02,Silver Elite (SLR),2
demo-costa,2024-05-02,Gold Elite (GLD),3
demo-costa,2024-05-02,Platinum Elite (PLT),1
demo-costa,2024-05-02,Titanium Elite (TTM),2
demo-centro,2024-05-03,Member (MRD),3
demo-centro,2024-05-03,Silver Elite (SLR),4
demo-centro,2024-05-03,Platinum Elite (PLT),2
demo-centro,2024-05-03,Titanium Elite (TTM),4
demo-costa,2024-05-03,Member (MRD),3
demo-costa,2024-05-03,Gold Elite (GLD),2
demo-costa,2024-05-03,Titanium Elite (TTM),4
demo-centro,2024-05-04,Member (MRD),3
demo-centro,2024-05-04,Silver Elite (SLR),3
demo-centro,2024-05-04,Gold Elite (GLD),3
demo-costa,2024-05-04,Member (MRD),4
demo-costa,2024-05-04,Silver Elite (SLR),2
demo-costa,2024-05-04,Gold Elite (GLD),4
demo-costa,2024-05-04,Titanium Elite (TTM),4
demo-centro,2024-05-05,Silver Elite (SLR),2
demo-centro,2024-05-05,Gold Elite (GLD),2
demo-centro,2024-05-05,Platinum Elite (PLT),1
demo-costa,2024-05-05,Member (MRD),2
demo-costa,2024-05-05,Gold Elite (GLD),3
demo-costa,2024-05-05,Platinum Elite (PLT),4
demo-costa,2024-05-05,Titanium Elite (TTM),4
demo-centro,2024-05-06,Member (MRD),4
demo-centro,2024-05-06,Silver Elite (SLR),2
demo-centro,2024-05-06,Gold Elite (GLD),2
demo-centro,2024-05-06,Platinum Elite (PLT),1
demo-costa,2024-05-06,Member (MRD),4
demo-costa,2024-05-06,Silver Elite (SLR),1
demo-costa,2024-05-06,Gold Elite (GLD),3
demo-costa,2024-05-06,Platinum Elite (PLT),1
demo-costa,2024-05-06,Titanium Elite (TTM),4
demo-centro,2024-05-07,Member (MRD),2
demo-centro,2024-05-07,Gold Elite (GLD),1
demo-centro,2024-05-07,Platinum Elite (PLT),2
demo-centro,2024-05-07,Titanium Elite (TTM),1
demo-costa,2024-05-07,Member (MRD),3
demo-costa,2024-05-07,Gold Elite (GLD),2
demo-costa,2024-05-07,Platinum Elite (PLT),1
demo-costa,2024-05-07,Titanium Elite (TTM),1
demo-centro,2024-05-08,Gold Elite (GLD),1
demo-centro,2024-05-08,Platinum Elite (PLT),4
demo-costa,2024-05-08,Member (MRD),4
demo-costa,2024-05-08,Silver Elite (SLR),3
demo-costa,2024-05-08,Gold Elite (GLD),3
demo-costa,2024-05-08,Platinum Elite (PLT),2
demo-centro,2024-05-09,Member (MRD),2
demo-centro,2024-05-09,Silver Elite (SLR),1
demo-centro,2024-05-09,Gold Elite (GLD),1
demo-centro,2024-05-09,Platinum Elite (PLT),4
demo-centro,2024-05-09,Titanium Elite (TTM),4
demo-costa,2024-05-09,Member (MRD),3
demo-costa,2024-05-09,Silver Elite (SLR),2
demo-costa,2024-05-09,Gold Elite (GLD),1
demo-costa,2024-05-09,Platinum Elite (PLT),3
demo-centro,2024-05-10,Member (MRD),4
demo-centro,2024-05-10,Silver Elite (SLR),1
demo-centro,2024-05-10,Gold Elite (GLD),3
demo-centro,2024-05-10,Platinum Elite (PLT),2
demo-centro,2024-05-10,Titanium Elite (TTM),4
demo-costa,2024-05-10,Member (MRD),3
demo-costa,2024-05-10,Silver Elite (SLR),2
demo-costa,2024-05-10,Gold Elite (GLD),2
demo-costa,2024-05-10,Platinum Elite (PLT),2
demo-costa,2024-05-10,Titanium Elite (TTM),2
demo-centro,2024-05-11,Member (MRD),3
demo-centro,2024-05-11,Silver Elite (SLR),3
demo-centro,2024-05-11,Gold Elite (GLD),3
demo-centro,2024-05-11,Platinum Elite (PLT),2
demo-centro,2024-05-11,Titanium Elite (TTM),1
demo-costa,2024-05-11,Member (MRD),3
demo-costa,2024-05-11,Silver Elite (SLR),4
demo-costa,2024-05-11,Gold Elite (GLD),1
demo-costa,2024-05-11,Titanium Elite (TTM),2
demo-centro,2024-05-12,Member (MRD),3
demo-centro,2024-05-12,Titanium Elite (TTM),2
demo-costa,2024-05-12,Member (MRD),2
demo-costa,2024-05-12,Silver Elite (SLR),4
demo-costa,2024-05-12,Gold Elite (GLD),4
demo-costa,2024-05-12,Platinum Elite (PLT),3
demo-costa,2024-05-12,Titanium Elite (TTM),4
demo-centro,2024-05-13,Member (MRD),2
demo-centro,2024-05-13,Silver Elite (SLR),3
demo-centro,2024-05-13,Titanium Elite (TTM),4
demo-costa,2024-05-13,Member (MRD),4
demo-costa,2024-05-13,Silver Elite (SLR),4
demo-costa,2024-05-13,Gold Elite (GLD),1
demo-costa,2024-05-13,Platinum Elite (PLT),1
demo-costa,2024-05-13,Titanium Elite (TTM),3
demo-centro,2024-05-14,Member (MRD),4
demo-centro,2024-05-14,Gold Elite (GLD),1
demo-centro,2024-05-14,Platinum Elite (PLT),2
demo-centro,2024-05-14,Titanium Elite (TTM),2
demo-costa,2024-05-14,Member (MRD),1
demo-costa,2024-05-14,Gold Elite (GLD),2
demo-costa,2024-05-14,Platinum Elite (PLT),2
demo-costa,2024-05-14,Titanium Elite (TTM),4
demo-centro,2024-05-15,Member (MRD),4
demo-centro,2024-05-15,Silver Elite (SLR),1
demo-centro,2024-05-15,Gold Elite (GLD),3
demo-centro,2024-05-15,Platinum Elite (PLT),1
demo-costa,2024-05-15,Silver Elite (SLR),3
demo-costa,2024-05-15,Titanium Elite (TTM),2
demo-centro,2024-05-16,Gold Elite (GLD),1
demo-centro,2024-05-16,Platinum Elite (PLT),1
demo-centro,2024-05-16,Titanium Elite (TTM),3
demo-costa,2024-05-16,Member (MRD),4
demo-costa,2024-05-16,Silver Elite (SLR),4
demo-costa,2024-05-16,Gold Elite (GLD),1
demo-costa,2024-05-16,Platinum Elite (PLT),4
demo-costa,2024-05-16,Titanium Elite (TTM),1
demo-centro,2024-05-17,Gold Elite (GLD),1
demo-centro,2024-05-17,Platinum Elite (PLT),4
demo-centro,2024-05-17,Titanium Elite (TTM),3
demo-costa,2024-05-17,Gold Elite (GLD),4
demo-costa,2024-05-17,Platinum Elite (PLT),2
demo-costa,2024-05-17,Titanium Elite (TTM),1
demo-centro,2024-05-18,Member (MRD),4
demo-centro,2024-05-18,Gold Elite (GLD),2
demo-centro,2024-05-18,Platinum Elite (PLT),1
demo-centro,2024-05-18,Titanium Elite (TTM),3
demo-costa,2024-05-18,Member (MRD),3
demo-costa,2024-05-18,Silver Elite (SLR),4
demo-costa,2024-05-18,Platinum Elite (PLT),3
demo-centro,2024-05-19,Member (MRD),2
demo-centro,2024-05-19,Gold Elite (GLD),3
demo-centro,2024-05-19,Platinum Elite (PLT),2
demo-centro,2024-05-19,Titanium Elite (TTM),3
demo-costa,2024-05-19,Silver Elite (SLR),1
demo-costa,2024-05-19,Gold Elite (GLD),3
demo-costa,2024-05-19,Platinum Elite (PLT),4
demo-costa,2024-05-19,Titanium Elite (TTM),1
demo-centro,2024-05-20,Silver Elite (SLR),1
demo-centro,2024-05-20,Gold Elite (GLD),1
demo-centro,2024-05-20,Platinum Elite (PLT),2
demo-centro,2024-05-20,Titanium Elite (TTM),3
demo-costa,2024-05-20,Member (MRD),4
demo-costa,2024-05-20,Silver Elite (SLR),2
demo-costa,2024-05-20,Platinum Elite (PLT),2
demo-costa,2024-05-20,Titanium Elite (TTM),4
demo-centro,2024-05-21,Member (MRD),2
demo-centro,2024-05-21,Silver Elite (SLR),4
demo-centro,2024-05-21,Gold Elite (GLD),1
demo-centro,2024-05-21,Platinum Elite (PLT),3
demo-centro,2024-05-21,Titanium Elite (TTM),1
demo-costa,2024-05-21,Member (MRD),2
demo-costa,2024-05-21,Gold Elite (GLD),2
demo-costa,2024-05-21,Platinum Elite (PLT),1
demo-costa,2024-05-21,Titanium Elite (TTM),1
demo-centro,2024-05-22,Member (MRD),3
demo-centro,2024-05-22,Silver Elite (SLR),3
demo-centro,2024-05-22,Gold Elite (GLD),1
demo-centro,2024-05-22,Platinum Elite (PLT),1
demo-centro,2024-05-22,Titanium Elite (TTM),2
demo-costa,2024-05-22,Member (MRD),4
demo-costa,2024-05-22,Silver Elite (SLR),1
demo-costa,2024-05-22,Gold Elite (GLD),2
demo-costa,2024-05-22,Platinum Elite (PLT),3
demo-costa,2024-05-22,Titanium Elite (TTM),4
demo-centro,2024-05-23,Member (MRD),4
demo-centro,2024-05-23,Silver Elite (SLR),3
demo-centro,2024-05-23,Gold Elite (GLD),4
demo-centro,2024-05-23,Platinum Elite (PLT),2
demo-centro,2024-05-23,Titanium Elite (TTM),4
demo-costa,2024-05-23,Silver Elite (SLR),4
demo-costa,2024-05-23,Platinum Elite (PLT),4
demo-costa,2024-05-23,Titanium Elite (TTM),2
demo-centro,2024-05-24,Silver Elite (SLR),3
demo-centro,2024-05-24,Platinum Elite (PLT),1
demo-centro,2024-05-24,Titanium Elite (TTM),1
demo-costa,2024-05-24,Member (MRD),4
demo-costa,2024-05-24,Silver Elite (SLR),2
demo-costa,2024-05-24,Gold Elite (GLD),4
demo-costa,2024-05-24,Platinum Elite (PLT),2
demo-costa,2024-05-24,Titanium Elite (TTM),1
demo-centro,2024-05-25,Member (MRD),2
demo-centro,2024-05-25,Silver Elite (SLR),2
demo-centro,2024-05-25,Gold Elite (GLD),3
demo-centro,2024-05-25,Platinum Elite (PLT),3
demo-centro,2024-05-25,Titanium Elite (TTM),1
demo-costa,2024-05-25,Member (MRD),2
demo-costa,2024-05-25,Silver Elite (SLR),3
demo-costa,2024-05-25,Platinum Elite (PLT),3
demo-costa,2024-05-25,Titanium Elite (TTM),1
demo-centro,2024-05-26,Member (MRD),2
demo-centro,2024-05-26,Silver Elite (SLR),4
demo-centro,2024-05-26,Gold Elite (GLD),1
demo-centro,2024-05-26,Titanium Elite (TTM),3
demo-costa,2024-05-26,Member (MRD),2
demo-costa,2024-05-26,Silver Elite (SLR),1
demo-costa,2024-05-26,Gold Elite (GLD),3
demo-costa,2024-05-26,Titanium Elite (TTM),4
demo-centro,2024-05-27,Member (MRD),4
demo-centro,2024-05-27,Silver Elite (SLR),2
demo-centro,2024-05-27,Gold Elite (GLD),3
demo-centro,2024-05-27,Platinum Elite (PLT),4
demo-centro,2024-05-27,Titanium Elite (TTM),2
demo-costa,2024-05-27,Member (MRD),2
demo-costa,2024-05-27,Gold Elite (GLD),4
demo-costa,2024-05-27,Platinum Elite (PLT),4
demo-centro,2024-05-28,Member (MRD),2
demo-centro,2024-05-28,Gold Elite (GLD),3
demo-centro,2024-05-28,Platinum Elite (PLT),3
demo-centro,2024-05-28,Titanium Elite (TTM),4
demo-costa,2024-05-28,Member (MRD),3
demo-costa,2024-05-28,Silver Elite (SLR),3
demo-costa,2024-05-28,Gold Elite (GLD),2
demo-costa,2024-05-28,Platinum Elite (PLT),4
demo-costa,2024-05-28,Titanium Elite (TTM),3
demo-centro,2024-05-29,Member (MRD),1
demo-centro,2024-05-29,Silver Elite (SLR),3
demo-centro,2024-05-29,Gold Elite (GLD),1
demo-centro,2024-05-29,Titanium Elite (TTM),4
demo-costa,2024-05-29,Member (MRD),1
demo-costa,2024-05-29,Silver Elite (SLR),4
demo-costa,2024-05-29,Gold Elite (GLD),2
demo-costa,2024-05-29,Platinum Elite (PLT),1
demo-centro,2024-05-30,Member (MRD),3
demo-centro,2024-05-30,Silver Elite (SLR),3
demo-centro,2024-05-30,Gold Elite (GLD),1
demo-centro,2024-05-30,Platinum Elite (PLT),1
demo-costa,2024-05-30,Member (MRD),2
demo-costa,2024-05-30,Silver Elite (SLR),2
demo-costa,2024-05-30,Gold Elite (GLD),1
demo-costa,2024-05-30,Platinum Elite (PLT),1
demo-costa,2024-05-30,Titanium Elite (TTM),4
demo-centro,2024-05-31,Member (MRD),1
demo-centro,2024-05-31,Silver Elite (SLR),1
demo-centro,2024-05-31,Gold Elite (GLD),4
demo-centro,2024-05-31,Platinum Elite (PLT),3
demo-centro,2024-05-31,Titanium Elite (TTM),3
demo-costa,2024-05-31,Member (MRD),2
demo-costa,2024-05-31,Silver Elite (SLR),3
demo-costa,2024-05-31,Gold Elite (GLD),1
demo-centro,2024-06-01,Member (MRD),1
demo-centro,2024-06-01,Silver Elite (SLR),2
demo-centro,2024-06-01,Gold Elite (GLD),3
demo-centro,2024-06-01,Platinum Elite (PLT),3
demo-centro,2024-06-01,Titanium Elite (TTM),4
demo-costa,2024-06-01,Silver Elite (SLR),3
demo-costa,2024-06-01,Gold Elite (GLD),3
demo-costa,2024-06-01,Titanium Elite (TTM),2
demo-centro,2024-06-02,Member (MRD),1
demo-centro,2024-06-02,Silver Elite (SLR),4
demo-centro,2024-06-02,Gold Elite (GLD),2
demo-centro,2024-06-02,Titanium Elite (TTM),2
demo-costa,2024-06-02,Member (MRD),2
demo-costa,2024-06-02,Silver Elite (SLR),1
demo-costa,2024-06-02,Platinum Elite (PLT),1
demo-centro,2024-06-03,Member (MRD),4
demo-centro,2024-06-03,Silver Elite (SLR),1
demo-centro,2024-06-03,Platinum Elite (PLT),2
demo-centro,2024-06-03,Titanium Elite (TTM),4
demo-costa,2024-06-03,Member (MRD),2
demo-costa,2024-06-03,Silver Elite (SLR),1
demo-costa,2024-06-03,Gold Elite (GLD),2
demo-costa,2024-06-03,Platinum Elite (PLT),1
demo-costa,2024-06-03,Titanium Elite (TTM),4
demo-centro,2024-06-04,Member (MRD),3
demo-centro,2024-06-04,Gold Elite (GLD),1
demo-centro,2024-06-04,Platinum Elite (PLT),3
demo-centro,2024-06-04,Titanium Elite (TTM),3
demo-costa,2024-06-04,Member (MRD),4
demo-costa,2024-06-04,Gold Elite (GLD),1
demo-costa,2024-06-04,Platinum Elite (PLT),1
demo-costa,2024-06-04,Titanium Elite (TTM),1
demo-centro,2024-06-05,Member (MRD),3
demo-centro,2024-06-05,Silver Elite (SLR),1
demo-centro,2024-06-05,Gold Elite (GLD),1
demo-centro,2024-06-05,Platinum Elite (PLT),2
demo-costa,2024-06-05,Member (MRD),4
demo-costa,2024-06-05,Silver Elite (SLR),3
demo-costa,2024-06-05,Gold Elite (GLD),1
demo-costa,2024-06-05,Platinum Elite (PLT),2
demo-centro,2024-06-06,Member (MRD),1
demo-centro,2024-06-06,Silver Elite (SLR),1
demo-centro,2024-06-06,Gold Elite (GLD),3
demo-centro,2024-06-06,Platinum Elite (PLT),2
demo-costa,2024-06-06,Member (MRD),1
demo-costa,2024-06-06,Silver Elite (SLR),3
demo-costa,2024-06-06,Platinum Elite (PLT),4
demo-costa,2024-06-06,Titanium Elite (TTM),2
demo-centro,2024-06-07,Member (MRD),3
demo-centro,2024-06-07,Silver Elite (SLR),4
demo-centro,2024-06-07,Gold Elite (GLD),4
demo-costa,2024-06-07,Member (MRD),4
demo-costa,2024-06-07,Silver Elite (SLR),4
demo-costa,2024-06-07,Gold Elite (GLD),3
demo-costa,2024-06-07,Platinum Elite (PLT),2
demo-costa,2024-06-07,Titanium Elite (TTM),3
demo-centro,2024-06-08,Member (MRD),1
demo-centro,2024-06-08,Silver Elite (SLR),1
demo-centro,2024-06-08,Gold Elite (GLD),3
demo-centro,2024-06-08,Titanium Elite (TTM),1
demo-costa,2024-06-08,Member (MRD),3
demo-costa,2024-06-08,Silver Elite (SLR),2
demo-costa,2024-06-08,Gold Elite (GLD),4
demo-costa,2024-06-08,Platinum Elite (PLT),1
demo-costa,2024-06-08,Titanium Elite (TTM),4
demo-centro,2024-06-09,Silver Elite (SLR),1
demo-centro,2024-06-09,Gold Elite (GLD),2
demo-centro,2024-06-09,Titanium Elite (TTM),1
demo-costa,2024-06-09,Member (MRD),4
demo-costa,2024-06-09,Silver Elite (SLR),3
demo-costa,2024-06-09,Gold Elite (GLD),1
demo-costa,2024-06-09,Platinum Elite (PLT),4
demo-costa,2024-06-09,Titanium Elite (TTM),4
demo-centro,2024-06-10,Silver Elite (SLR),3
demo-centro,2024-06-10,Gold Elite (GLD),1
demo-centro,2024-06-10,Platinum Elite (PLT),4
demo-centro,2024-06-10,Titanium Elite (TTM),4
demo-costa,2024-06-10,Member (MRD),4
demo-costa,2024-06-10,Gold Elite (GLD),3
demo-costa,2024-06-10,Platinum Elite (PLT),3
demo-costa,2024-06-10,Titanium Elite (TTM),4
demo-centro,2024-06-11,Member (MRD),4
demo-centro,2024-06-11,Gold Elite (GLD),3
demo-centro,2024-06-11,Platinum Elite (PLT),1
demo-costa,2024-06-11,Member (MRD),1
demo-costa,2024-06-11,Silver Elite (SLR),3
demo-costa,2024-06-11,Gold Elite (GLD),2
demo-costa,2024-06-11,Titanium Elite (TTM),1
demo-centro,2024-06-12,Member (MRD),2
demo-centro,2024-06-12,Silver Elite (SLR),1
demo-centro,2024-06-12,Gold Elite (GLD),2
demo-centro,2024-06-12,Platinum Elite (PLT),2
demo-costa,2024-06-12,Member (MRD),4
demo-costa,2024-06-12,Silver Elite (SLR),2
demo-costa,2024-06-12,Gold Elite (GLD),3
demo-costa,2024-06-12,Titanium Elite (TTM),4
demo-centro,2024-06-13,Member (MRD),1
demo-centro,2024-06-13,Silver Elite (SLR),2
demo-centro,2024-06-13,Gold Elite (GLD),2
demo-centro,2024-06-13,Platinum Elite (PLT),1
demo-centro,2024-06-13,Titanium Elite (TTM),3
demo-costa,2024-06-13,Silver Elite (SLR),3
demo-costa,2024-06-13,Titanium Elite (TTM),2
demo-centro,2024-06-14,Member (MRD),1
demo-centro,2024-06-14,Silver Elite (SLR),4
demo-centro,2024-06-14,Gold Elite (GLD),2
demo-centro,2024-06-14,Platinum Elite (PLT),4
demo-centro,2024-06-14,Titanium Elite (TTM),2
demo-costa,2024-06-14,Member (MRD),1
demo-costa,2024-06-14,Silver Elite (SLR),3
demo-costa,2024-06-14,Gold Elite (GLD),4
demo-costa,2024-06-14,Platinum Elite (PLT),3
demo-centro,2024-06-15,Member (MRD),3
demo-centro,2024-06-15,Silver Elite (SLR),3
demo-centro,2024-06-15,Gold Elite (GLD),1
demo-centro,2024-06-15,Platinum Elite (PLT),3
demo-centro,2024-06-15,Titanium Elite (TTM),3
demo-costa,2024-06-15,Member (MRD),2
demo-costa,2024-06-15,Silver Elite (SLR),2
demo-costa,2024-06-15,Gold Elite (GLD),4
demo-costa,2024-06-15,Platinum Elite (PLT),1
demo-costa,2024-06-15,Titanium Elite (TTM),2
demo-centro,2024-06-16,Member (MRD),3
demo-centro,2024-06-16,Silver Elite (SLR),2
demo-centro,2024-06-16,Gold Elite (GLD),4
demo-centro,2024-06-16,Platinum Elite (PLT),3
demo-centro,2024-06-16,Titanium Elite (TTM),3
demo-costa,2024-06-16,Member (MRD),3
demo-costa,2024-06-16,Silver Elite (SLR),2
demo-costa,2024-06-16,Gold Elite (GLD),1
demo-costa,2024-06-16,Titanium Elite (TTM),1
demo-centro,2024-06-17,Member (MRD),2
demo-centro,2024-06-17,Silver Elite (SLR),3
demo-centro,2024-06-17,Gold Elite (GLD),2
demo-centro,2024-06-17,Titanium Elite (TTM),4
demo-costa,2024-06-17,Member (MRD),4
demo-costa,2024-06-17,Silver Elite (SLR),1
demo-costa,2024-06-17,Platinum Elite (PLT),4
demo-centro,2024-06-18,Member (MRD),2
demo-centro,2024-06-18,Silver Elite (SLR),1
demo-centro,2024-06-18,Gold Elite (GLD),1
demo-centro,2024-06-18,Titanium Elite (TTM),2
demo-costa,2024-06-18,Member (MRD),1
demo-costa,2024-06-18,Silver Elite (SLR),2
demo-costa,2024-06-18,Gold Elite (GLD),4
demo-costa,2024-06-18,Platinum Elite (PLT),3
demo-costa,2024-06-18,Titanium Elite (TTM),2
demo-centro,2024-06-19,Member (MRD),2
demo-centro,2024-06-19,Silver Elite (SLR),1
demo-centro,2024-06-19,Gold Elite (GLD),1
demo-centro,2024-06-19,Platinum Elite (PLT),2
demo-centro,2024-06-19,Titanium Elite (TTM),1
demo-costa,2024-06-19,Member (MRD),3
demo-costa,2024-06-19,Silver Elite (SLR),3
demo-costa,2024-06-19,Gold Elite (GLD),3
demo-costa,2024-06-19,Platinum Elite (PLT),3
demo-costa,2024-06-19,Titanium Elite (TTM),4
demo-centro,2024-06-20,Member (MRD),2
demo-centro,2024-06-20,Silver Elite (SLR),4
demo-centro,2024-06-20,Gold Elite (GLD),4
demo-centro,2024-06-20,Platinum Elite (PLT),2
demo-costa,2024-06-20,Member (MRD),1
demo-costa,2024-06-20,Silver Elite (SLR),2
demo-costa,2024-06-20,Gold Elite (GLD),4
demo-costa,2024-06-20,Platinum Elite (PLT),2
demo-costa,2024-06-20,Titanium Elite (TTM),3
demo-centro,2024-06-21,Member (MRD),3
demo-centro,2024-06-21,Silver Elite (SLR),2
demo-centro,2024-06-21,Gold Elite (GLD),1
demo-centro,2024-06-21,Platinum Elite (PLT),2
demo-centro,2024-06-21,Titanium Elite (TTM),2
demo-costa,2024-06-21,Member (MRD),1
demo-costa,2024-06-21,Gold Elite (GLD),1
demo-costa,2024-06-21,Titanium Elite (TTM),3
demo-centro,2024-06-22,Member (MRD),1
demo-centro,2024-06-22,Gold Elite (GLD),1
demo-centro,2024-06-22,Platinum Elite (PLT),4
demo-costa,2024-06-22,Member (MRD),2
demo-costa,2024-06-22,Silver Elite (SLR),1
demo-costa,2024-06-22,Platinum Elite (PLT),1
demo-costa,2024-06-22,Titanium Elite (TTM),2
demo-centro,2024-06-23,Member (MRD),2
demo-centro,2024-06-23,Gold Elite (GLD),3
demo-centro,2024-06-23,Platinum Elite (PLT),3
demo-centro,2024-06-23,Titanium Elite (TTM),4
demo-costa,2024-06-23,Member (MRD),3
demo-costa,2024-06-23,Platinum Elite (PLT),4
demo-costa,2024-06-23,Titanium Elite (TTM),2
demo-centro,2024-06-24,Silver Elite (SLR),2
demo-centro,2024-06-24,Gold Elite (GLD),4
demo-centro,2024-06-24,Platinum Elite (PLT),2
demo-costa,2024-06-24,Member (MRD),1
demo-costa,2024-06-24,Platinum Elite (PLT),1
demo-costa,2024-06-24,Titanium Elite (TTM),1
demo-centro,2024-06-25,Member (MRD),4
demo-centro,2024-06-25,Silver Elite (SLR),4
demo-centro,2024-06-25,Gold Elite (GLD),4
demo-centro,2024-06-25,Platinum Elite (PLT),1
demo-centro,2024-06-25,Titanium Elite (TTM),4
demo-costa,2024-06-25,Member (MRD),3
demo-costa,2024-06-25,Gold Elite (GLD),2
demo-costa,2024-06-25,Platinum Elite (PLT),4
demo-costa,2024-06-25,Titanium Elite (TTM),3
demo-centro,2024-06-26,Member (MRD),4
demo-centro,2024-06-26,Silver Elite (SLR),3
demo-centro,2024-06-26,Platinum Elite (PLT),2
demo-centro,2024-06-26,Titanium Elite (TTM),1
demo-costa,2024-06-26,Gold Elite (GLD),4
demo-costa,2024-06-26,Platinum Elite (PLT),1
demo-centro,2024-06-27,Member (MRD),2
demo-centro,2024-06-27,Silver Elite (SLR),1
demo-centro,2024-06-27,Gold Elite (GLD),1
demo-centro,2024-06-27,Platinum Elite (PLT),1
demo-centro,2024-06-27,Titanium Elite (TTM),4
demo-costa,2024-06-27,Member (MRD),3
demo-costa,2024-06-27,Silver Elite (SLR),1
demo-costa,2024-06-27,Gold Elite (GLD),2
demo-costa,2024-06-27,Platinum Elite (PLT),3
demo-costa,2024-06-27,Titanium Elite (TTM),3
demo-centro,2024-06-28,Member (MRD),3
demo-centro,2024-06-28,Silver Elite (SLR),2
demo-centro,2024-06-28,Platinum Elite (PLT),1
demo-centro,2024-06-28,Titanium Elite (TTM),4
demo-costa,2024-06-28,Member (MRD),1
demo-costa,2024-06-28,Gold Elite (GLD),2
demo-costa,2024-06-28,Titanium Elite (TTM),2
demo-centro,2024-06-29,Member (MRD),2
demo-centro,2024-06-29,Silver Elite (SLR),2
demo-centro,2024-06-29,Gold Elite (GLD),3
demo-centro,2024-06-29,Platinum Elite (PLT),1
demo-centro,2024-06-29,Titanium Elite (TTM),4
demo-costa,2024-06-29,Member (MRD),2
demo-costa,2024-06-29,Silver Elite (SLR),1
demo-costa,2024-06-29,Gold Elite (GLD),2
demo-costa,2024-06-29,Platinum Elite (PLT),2
demo-centro,2024-06-30,Member (MRD),4
demo-centro,2024-06-30,Silver Elite (SLR),3
demo-centro,2024-06-30,Gold Elite (GLD),1
demo-centro,2024-06-30,Platinum Elite (PLT),4
demo-costa,2024-06-30,Member (MRD),2
demo-costa,2024-06-30,Gold Elite (GLD),3
demo-costa,2024-06-30,Platinum Elite (PLT),1
demo-costa,2024-06-30,Titanium Elite (TTM),3
demo-centro,2024-07-01,Silver Elite (SLR),1
demo-centro,2024-07-01,Gold Elite (GLD),2
demo-centro,2024-07-01,Platinum Elite (PLT),1
demo-centro,2024-07-01,Titanium Elite (TTM),4
demo-costa,2024-07-01,Member (MRD),3
demo-costa,2024-07-01,Gold Elite (GLD),3
demo-costa,2024-07-01,Platinum Elite (PLT),2
demo-costa,2024-07-01,Titanium Elite (TTM),3
demo-centro,2024-07-02,Gold Elite (GLD),1
demo-centro,2024-07-02,Platinum Elite (PLT),4
demo-centro,2024-07-02,Titanium Elite (TTM),4
demo-costa,2024-07-02,Gold Elite (GLD),2
demo-centro,2024-07-03,Member (MRD),4
demo-centro,2024-07-03,Silver Elite (SLR),1
demo-centro,2024-07-03,Gold Elite (GLD),4
demo-centro,2024-07-03,Platinum Elite (PLT),4
demo-costa,2024-07-03,Silver Elite (SLR),2
demo-costa,2024-07-03,Gold Elite (GLD),1
demo-costa,2024-07-03,Platinum Elite (PLT),1
demo-centro,2024-07-04,Member (MRD),4
demo-centro,2024-07-04,Gold Elite (GLD),3
demo-centro,2024-07-04,Platinum Elite (PLT),4
demo-centro,2024-07-04,Titanium Elite (TTM),2
demo-costa,2024-07-04,Member (MRD),3
demo-costa,2024-07-04,Silver Elite (SLR),4
demo-costa,2024-07-04,Gold Elite (GLD),2
demo-costa,2024-07-04,Platinum Elite (PLT),4
demo-costa,2024-07-04,Titanium Elite (TTM),2
demo-centro,2024-07-05,Member (MRD),2
demo-centro,2024-07-05,Silver Elite (SLR),4
demo-centro,2024-07-05,Gold Elite (GLD),3
demo-centro,2024-07-05,Platinum Elite (PLT),3
demo-centro,2024-07-05,Titanium Elite (TTM),1
demo-costa,2024-07-05,Member (MRD),1
demo-costa,2024-07-05,Gold Elite (GLD),1
demo-costa,2024-07-05,Platinum Elite (PLT),4
demo-costa,2024-07-05,Titanium Elite (TTM),4
demo-centro,2024-07-06,Member (MRD),1
demo-centro,2024-07-06,Platinum Elite (PLT),4
demo-costa,2024-07-06,Member (MRD),2
demo-costa,2024-07-06,Silver Elite (SLR),3
demo-costa,2024-07-06,Gold Elite (GLD),4
demo-costa,2024-07-06,Platinum Elite (PLT),2
demo-costa,2024-07-06,Titanium Elite (TTM),3
demo-centro,2024-07-07,Member (MRD),4
demo-centro,2024-07-07,Silver Elite (SLR),4
demo-centro,2024-07-07,Gold Elite (GLD),3
demo-centro,2024-07-07,Platinum Elite (PLT),1
demo-centro,2024-07-07,Titanium Elite (TTM),3
demo-costa,2024-07-07,Member (MRD),2
demo-costa,2024-07-07,Silver Elite (SLR),4
demo-costa,2024-07-07,Gold Elite (GLD),2
demo-costa,2024-07-07,Titanium Elite (TTM),4
demo-centro,2024-07-08,Member (MRD),2
demo-centro,2024-07-08,Silver Elite (SLR),4
demo-centro,2024-07-08,Gold Elite (GLD),4
demo-centro,2024-07-08,Platinum Elite (PLT),3
demo-centro,2024-07-08,Titanium Elite (TTM),4
demo-costa,2024-07-08,Member (MRD),4
demo-costa,2024-07-08,Silver Elite (SLR),2
demo-costa,2024-07-08,Gold Elite (GLD),4
demo-costa,2024-07-08,Platinum Elite (PLT),1
demo-costa,2024-07-08,Titanium Elite (TTM),4
demo-centro,2024-07-09,Member (MRD),1
demo-centro,2024-07-09,Gold Elite (GLD),2
demo-centro,2024-07-09,Platinum Elite (PLT),3
demo-centro,2024-07-09,Titanium Elite (TTM),2
demo-costa,2024-07-09,Member (MRD),1
demo-costa,2024-07-09,Silver Elite (SLR),2
demo-costa,2024-07-09,Gold Elite (GLD),3
demo-costa,2024-07-09,Titanium Elite (TTM),2
demo-centro,2024-07-10,Member (MRD),3
demo-centro,2024-07-10,Silver Elite (SLR),2
demo-centro,2024-07-10,Gold Elite (GLD),3
demo-centro,2024-07-10,Titanium Elite (TTM),3
demo-costa,2024-07-10,Member (MRD),4
demo-costa,2024-07-10,Silver Elite (SLR),1
demo-costa,2024-07-10,Platinum Elite (PLT),1
demo-costa,2024-07-10,Titanium Elite (TTM),2
demo-centro,2024-07-11,Member (MRD),2
demo-centro,2024-07-11,Gold Elite (GLD),4
demo-centro,2024-07-11,Platinum Elite (PLT),1
demo-costa,2024-07-11,Member (MRD),4
demo-costa,2024-07-11,Silver Elite (SLR),2
demo-costa,2024-07-11,Gold Elite (GLD),2
demo-costa,2024-07-11,Platinum Elite (PLT),2
demo-costa,2024-07-11,Titanium Elite (TTM),1
demo-centro,2024-07-12,Member (MRD),1
demo-centro,2024-07-12,Silver Elite (SLR),3
demo-centro,2024-07-12,Gold Elite (GLD),2
demo-centro,2024-07-12,Platinum Elite (PLT),4
demo-centro,2024-07-12,Titanium Elite (TTM),2
demo-costa,2024-07-12,Silver Elite (SLR),2
demo-costa,2024-07-12,Gold Elite (GLD),3
demo-costa,2024-07-12,Platinum Elite (PLT),3
demo-costa,2024-07-12,Titanium Elite (TTM),4
demo-centro,2024-07-13,Member (MRD),1
demo-centro,2024-07-13,Silver Elite (SLR),4
demo-centro,2024-07-13,Gold Elite (GLD),2
demo-centro,2024-07-13,Titanium Elite (TTM),1
demo-costa,2024-07-13,Member (MRD),3
demo-costa,2024-07-13,Silver Elite (SLR),3
demo-costa,2024-07-13,Gold Elite (GLD),4
demo-costa,2024-07-13,Platinum Elite (PLT),3
demo-costa,2024-07-13,Titanium Elite (TTM),3
demo-centro,2024-07-14,Member (MRD),3
demo-centro,2024-07-14,Silver Elite (SLR),3
demo-centro,2024-07-14,Gold Elite (GLD),3
demo-centro,2024-07-14,Platinum Elite (PLT),3
demo-centro,2024-07-14,Titanium Elite (TTM),1
demo-costa,2024-07-14,Member (MRD),4
demo-costa,2024-07-14,Gold Elite (GLD),1
demo-costa,2024-07-14,Platinum Elite (PLT),1
demo-costa,2024-07-14,Titanium Elite (TTM),3
demo-centro,2024-07-15,Member (MRD),3
demo-centro,2024-07-15,Platinum Elite (PLT),1
demo-costa,2024-07-15,Member (MRD),1
demo-costa,2024-07-15,Silver Elite (SLR),4
demo-costa,2024-07-15,Gold Elite (GLD),3
demo-costa,2024-07-15,Titanium Elite (TTM),1
demo-centro,2024-07-16,Member (MRD),4
demo-centro,2024-07-16,Silver Elite (SLR),1
demo-centro,2024-07-16,Gold Elite (GLD),3
demo-centro,2024-07-16,Titanium Elite (TTM),1
demo-costa,2024-07-16,Member (MRD),1
demo-costa,2024-07-16,Silver Elite (SLR),4
demo-costa,2024-07-16,Gold Elite (GLD),2
demo-costa,2024-07-16,Platinum Elite (PLT),4
demo-costa,2024-07-16,Titanium Elite (TTM),2
demo-centro,2024-07-17,Member (MRD),3
demo-centro,2024-07-17,Gold Elite (GLD),2
demo-centro,2024-07-17,Platinum Elite (PLT),2
demo-centro,2024-07-17,Titanium Elite (TTM),1
demo-costa,2024-07-17,Member (MRD),2
demo-costa,2024-07-17,Silver Elite (SLR),2
demo-costa,2024-07-17,Gold Elite (GLD),1
demo-costa,2024-07-17,Platinum Elite (PLT),1
demo-centro,2024-07-18,Member (MRD),1
demo-centro,2024-07-18,Silver Elite (SLR),2
demo-centro,2024-07-18,Gold Elite (GLD),2
demo-centro,2024-07-18,Platinum Elite (PLT),1
demo-centro,2024-07-18,Titanium Elite (TTM),3
demo-costa,2024-07-18,Member (MRD),2
demo-costa,2024-07-18,Gold Elite (GLD),4
demo-costa,2024-07-18,Titanium Elite (TTM),3
demo-centro,2024-07-19,Member (MRD),1
demo-centro,2024-07-19,Silver Elite (SLR),1
demo-centro,2024-07-19,Gold Elite (GLD),4
demo-centro,2024-07-19,Platinum Elite (PLT),4
demo-centro,2024-07-19,Titanium Elite (TTM),3
demo-costa,2024-07-19,Member (MRD),1
demo-costa,2024-07-19,Gold Elite (GLD),1
demo-costa,2024-07-19,Platinum Elite (PLT),3
demo-centro,2024-07-20,Member (MRD),4
demo-centro,2024-07-20,Silver Elite (SLR),1
demo-centro,2024-07-20,Gold Elite (GLD),3
demo-centro,2024-07-20,Platinum Elite (PLT),1
demo-centro,2024-07-20,Titanium Elite (TTM),2
demo-costa,2024-07-20,Member (MRD),1
demo-costa,2024-07-20,Silver Elite (SLR),4
demo-costa,2024-07-20,Platinum Elite (PLT),3
demo-centro,2024-07-21,Member (MRD),3
demo-centro,2024-07-21,Silver Elite (SLR),3
demo-centro,2024-07-21,Gold Elite (GLD),1
demo-centro,2024-07-21,Titanium Elite (TTM),1
demo-costa,2024-07-21,Member (MRD),1
demo-costa,2024-07-21,Silver Elite (SLR),4
demo-costa,2024-07-21,Gold Elite (GLD),2
demo-costa,2024-07-21,Platinum Elite (PLT),4
demo-costa,2024-07-21,Titanium Elite (TTM),1
demo-centro,2024-07-22,Member (MRD),1
demo-centro,2024-07-22,Silver Elite (SLR),3
demo-centro,2024-07-22,Platinum Elite (PLT),2
demo-centro,2024-07-22,Titanium Elite (TTM),3
demo-costa,2024-07-22,Silver Elite (SLR),1
demo-costa,2024-07-22,Gold Elite (GLD),3
demo-costa,2024-07-22,Platinum Elite (PLT),1
demo-costa,2024-07-22,Titanium Elite (TTM),1
demo-centro,2024-07-23,Member (MRD),1
demo-centro,2024-07-23,Silver Elite (SLR),4
demo-centro,2024-07-23,Gold Elite (GLD),4
demo-centro,2024-07-23,Titanium Elite (TTM),2
demo-costa,2024-07-23,Silver Elite (SLR),1
demo-costa,2024-07-23,Gold Elite (GLD),3
demo-costa,2024-07-23,Platinum Elite (PLT),2
demo-costa,2024-07-23,Titanium Elite (TTM),2
demo-centro,2024-07-24,Member (MRD),1
demo-centro,2024-07-24,Silver Elite (SLR),4
demo-centro,2024-07-24,Gold Elite (GLD),2
demo-centro,2024-07-24,Titanium Elite (TTM),4
demo-costa,2024-07-24,Member (MRD),1
demo-costa,2024-07-24,Silver Elite (SLR),2
demo-costa,2024-07-24,Platinum Elite (PLT),1
demo-costa,2024-07-24,Titanium Elite (TTM),2
demo-centro,2024-07-25,Member (MRD),2
demo-centro,2024-07-25,Gold Elite (GLD),4
demo-centro,2024-07-25,Platinum Elite (PLT),3
demo-costa,2024-07-25,Member (MRD),3
demo-costa,2024-07-25,Silver Elite (SLR),3
demo-centro,2024-07-26,Member (MRD),2
demo-centro,2024-07-26,Gold Elite (GLD),2
demo-centro,2024-07-26,Platinum Elite (PLT),1
demo-centro,2024-07-26,Titanium Elite (TTM),2
demo-costa,2024-07-26,Member (MRD),3
demo-costa,2024-07-26,Silver Elite (SLR),2
demo-costa,2024-07-26,Gold Elite (GLD),1
demo-costa,2024-07-26,Platinum Elite (PLT),2
demo-centro,2024-07-27,Member (MRD),2
demo-centro,2024-07-27,Silver Elite (SLR),3
demo-centro,2024-07-27,Gold Elite (GLD),1
demo-centro,2024-07-27,Platinum Elite (PLT),1
demo-centro,2024-07-27,Titanium Elite (TTM),4
demo-costa,2024-07-27,Member (MRD),1
demo-costa,2024-07-27,Silver Elite (SLR),2
demo-costa,2024-07-27,Gold Elite (GLD),3
demo-costa,2024-07-27,Platinum Elite (PLT),4
demo-costa,2024-07-27,Titanium Elite (TTM),1
demo-centro,2024-07-28,Titanium Elite (TTM),3
demo-costa,2024-07-28,Member (MRD),1
demo-costa,2024-07-28,Gold Elite (GLD),1
demo-costa,2024-07-28,Platinum Elite (PLT),1
demo-costa,2024-07-28,Titanium Elite (TTM),2
demo-centro,2024-07-29,Gold Elite (GLD),4
demo-centro,2024-07-29,Platinum Elite (PLT),1
demo-centro,2024-07-29,Titanium Elite (TTM),1
demo-costa,2024-07-29,Silver Elite (SLR),1
demo-costa,2024-07-29,Platinum Elite (PLT),4
demo-costa,2024-07-29,Titanium Elite (TTM),2
demo-centro,2024-07-30,Member (MRD),2
demo-centro,2024-07-30,Gold Elite (GLD),3
demo-centro,2024-07-30,Platinum Elite (PLT),4
demo-centro,2024-07-30,Titanium Elite (TTM),1
demo-costa,2024-07-30,Member (MRD),3
demo-costa,2024-07-30,Platinum Elite (PLT),1
demo-costa,2024-07-30,Titanium Elite (TTM),1
demo-centro,2024-07-31,Member (MRD),1
demo-centro,2024-07-31,Silver Elite (SLR),1
demo-centro,2024-07-31,Gold Elite (GLD),2
demo-costa,2024-07-31,Member (MRD),2
demo-costa,2024-07-31,Gold Elite (GLD),4
demo-costa,2024-07-31,Titanium Elite (TTM),1
demo-centro,2024-08-01,Member (MRD),2
demo-centro,2024-08-01,Silver Elite (SLR),4
demo-centro,2024-08-01,Gold Elite (GLD),1
demo-centro,2024-08-01,Platinum Elite (PLT),3
demo-centro,2024-08-01,Titanium Elite (TTM),3
demo-costa,2024-08-01,Silver Elite (SLR),3
demo-costa,2024-08-01,Gold Elite (GLD),4
demo-costa,2024-08-01,Platinum Elite (PLT),1
demo-costa,2024-08-01,Titanium Elite (TTM),3
demo-centro,2024-08-02,Member (MRD),4
demo-centro,2024-08-02,Silver Elite (SLR),4
demo-centro,2024-08-02,Titanium Elite (TTM),2
demo-costa,2024-08-02,Member (MRD),4
demo-costa,2024-08-02,Silver Elite (SLR),3
demo-costa,2024-08-02,Gold Elite (GLD),4
demo-costa,2024-08-02,Platinum Elite (PLT),1
demo-costa,2024-08-02,Titanium Elite (TTM),3
demo-centro,2024-08-03,Member (MRD),3
demo-centro,2024-08-03,Silver Elite (SLR),2
demo-centro,2024-08-03,Gold Elite (GLD),3
demo-centro,2024-08-03,Platinum Elite (PLT),3
demo-costa,2024-08-03,Member (MRD),4
demo-costa,2024-08-03,Silver Elite (SLR),3
demo-costa,2024-08-03,Gold Elite (GLD),2
demo-costa,2024-08-03,Titanium Elite (TTM),2
demo-centro,2024-08-04,Member (MRD),4
demo-centro,2024-08-04,Silver Elite (SLR),2
demo-centro,2024-08-04,Gold Elite (GLD),3
demo-centro,2024-08-04,Platinum Elite (PLT),1
demo-centro,2024-08-04,Titanium Elite (TTM),2
demo-costa,2024-08-04,Member (MRD),3
demo-costa,2024-08-04,Silver Elite (SLR),4
demo-costa,2024-08-04,Platinum Elite (PLT),2
demo-costa,2024-08-04,Titanium Elite (TTM),2
demo-centro,2024-08-05,Member (MRD),1
demo-centro,2024-08-05,Gold Elite (GLD),1
demo-centro,2024-08-05,Titanium Elite (TTM),3
demo-costa,2024-08-05,Member (MRD),1
demo-costa,2024-08-05,Silver Elite (SLR),2
demo-costa,2024-08-05,Gold Elite (GLD),1
demo-costa,2024-08-05,Platinum Elite (PLT),1
demo-costa,2024-08-05,Titanium Elite (TTM),2
demo-centro,2024-08-06,Member (MRD),4
demo-centro,2024-08-06,Silver Elite (SLR),4
demo-centro,2024-08-06,Gold Elite (GLD),1
demo-centro,2024-08-06,Platinum Elite (PLT),1
demo-centro,2024-08-06,Titanium Elite (TTM),3
demo-costa,2024-08-06,Member (MRD),1
demo-costa,2024-08-06,Silver Elite (SLR),3
demo-costa,2024-08-06,Gold Elite (GLD),4
demo-costa,2024-08-06,Platinum Elite (PLT),2
demo-costa,2024-08-06,Titanium Elite (TTM),2
demo-centro,2024-08-07,Member (MRD),1
demo-centro,2024-08-07,Silver Elite (SLR),2
demo-centro,2024-08-07,Gold Elite (GLD),3
demo-centro,2024-08-07,Titanium Elite (TTM),4
demo-costa,2024-08-07,Member (MRD),2
demo-costa,2024-08-07,Silver Elite (SLR),2
demo-costa,2024-08-07,Gold Elite (GLD),3
demo-costa,2024-08-07,Platinum Elite (PLT),4
demo-centro,2024-08-08,Silver Elite (SLR),4
demo-centro,2024-08-08,Gold Elite (GLD),3
demo-centro,2024-08-08,Platinum Elite (PLT),3
demo-centro,2024-08-08,Titanium Elite (TTM),2
demo-costa,2024-08-08,Member (MRD),3
demo-costa,2024-08-08,Gold Elite (GLD),2
demo-costa,2024-08-08,Platinum Elite (PLT),3
demo-costa,2024-08-08,Titanium Elite (TTM),1
demo-centro,2024-08-09,Member (MRD),4
demo-centro,2024-08-09,Gold Elite (GLD),3
demo-centro,2024-08-09,Platinum Elite (PLT),1
demo-centro,2024-08-09,Titanium Elite (TTM),4
demo-costa,2024-08-09,Member (MRD),2
demo-costa,2024-08-09,Silver Elite (SLR),4
demo-costa,2024-08-09,Platinum Elite (PLT),3
demo-costa,2024-08-09,Titanium Elite (TTM),4
demo-centro,2024-08-10,Member (MRD),2
demo-centro,2024-08-10,Silver Elite (SLR),2
demo-centro,2024-08-10,Gold Elite (GLD),2
demo-centro,2024-08-10,Platinum Elite (PLT),1
demo-centro,2024-08-10,Titanium Elite (TTM),4
demo-costa,2024-08-10,Member (MRD),1
demo-costa,2024-08-10,Silver Elite (SLR),1
demo-costa,2024-08-10,Gold Elite (GLD),4
demo-costa,2024-08-10,Titanium Elite (TTM),1
demo-centro,2024-08-11,Member (MRD),3
demo-centro,2024-08-11,Silver Elite (SLR),2
demo-centro,2024-08-11,Gold Elite (GLD),1
demo-centro,2024-08-11,Platinum Elite (PLT),2
demo-centro,2024-08-11,Titanium Elite (TTM),2
demo-costa,2024-08-11,Member (MRD),3
demo-costa,2024-08-11,Silver Elite (SLR),3
demo-costa,2024-08-11,Platinum Elite (PLT),2
demo-costa,2024-08-11,Titanium Elite (TTM),2
demo-centro,2024-08-12,Member (MRD),4
demo-centro,2024-08-12,Silver Elite (SLR),3
demo-centro,2024-08-12,Gold Elite (GLD),4
demo-centro,2024-08-12,Platinum Elite (PLT),3
demo-centro,2024-08-12,Titanium Elite (TTM),1
demo-costa,2024-08-12,Member (MRD),4
demo-costa,2024-08-12,Silver Elite (SLR),3
demo-costa,2024-08-12,Gold Elite (GLD),4
demo-costa,2024-08-12,Platinum Elite (PLT),3
demo-centro,2024-08-13,Silver Elite (SLR),2
demo-centro,2024-08-13,Gold Elite (GLD),3
demo-costa,2024-08-13,Member (MRD),4
demo-costa,2024-08-13,Silver Elite (SLR),2
demo-costa,2024-08-13,Gold Elite (GLD),2
demo-costa,2024-08-13,Platinum Elite (PLT),1
demo-centro,2024-08-14,Silver Elite (SLR),2
demo-centro,2024-08-14,Gold Elite (GLD),1
demo-centro,2024-08-14,Platinum Elite (PLT),1
demo-costa,2024-08-14,Member (MRD),2
demo-costa,2024-08-14,Silver Elite (SLR),3
demo-costa,2024-08-14,Gold Elite (GLD),3
demo-costa,2024-08-14,Platinum Elite (PLT),3
demo-costa,2024-08-14,Titanium Elite (TTM),2
demo-centro,2024-08-15,Member (MRD),2
demo-centro,2024-08-15,Silver Elite (SLR),1
demo-centro,2024-08-15,Gold Elite (GLD),1
demo-centro,2024-08-15,Platinum Elite (PLT),2
demo-costa,2024-08-15,Member (MRD),4
demo-costa,2024-08-15,Silver Elite (SLR),1
demo-costa,2024-08-15,Gold Elite (GLD),4
demo-costa,2024-08-15,Platinum Elite (PLT),3
demo-costa,2024-08-15,Titanium Elite (TTM),3
demo-centro,2024-08-16,Member (MRD),1
demo-centro,2024-08-16,Silver Elite (SLR),1
demo-centro,2024-08-16,Gold Elite (GLD),1
demo-centro,2024-08-16,Platinum Elite (PLT),1
demo-centro,2024-08-16,Titanium Elite (TTM),4
demo-costa,2024-08-16,Member (MRD),3
demo-costa,2024-08-16,Silver Elite (SLR),2
demo-costa,2024-08-16,Gold Elite (GLD),1
demo-costa,2024-08-16,Platinum Elite (PLT),3
demo-costa,2024-08-16,Titanium Elite (TTM),4
demo-centro,2024-08-17,Member (MRD),4
demo-centro,2024-08-17,Silver Elite (SLR),1
demo-centro,2024-08-17,Gold Elite (GLD),1
demo-centro,2024-08-17,Platinum Elite (PLT),2
demo-costa,2024-08-17,Silver Elite (SLR),2
demo-costa,2024-08-17,Platinum Elite (PLT),4
demo-centro,2024-08-18,Member (MRD),3
demo-centro,2024-08-18,Silver Elite (SLR),2
demo-centro,2024-08-18,Gold Elite (GLD),4
demo-centro,2024-08-18,Titanium Elite (TTM),3
demo-costa,2024-08-18,Member (MRD),4
demo-costa,2024-08-18,Silver Elite (SLR),3
demo-costa,2024-08-18,Platinum Elite (PLT),3
demo-costa,2024-08-18,Titanium Elite (TTM),1
demo-centro,2024-08-19,Member (MRD),4
demo-centro,2024-08-19,Silver Elite (SLR),1
demo-centro,2024-08-19,Gold Elite (GLD),2
demo-centro,2024-08-19,Platinum Elite (PLT),4
demo-centro,2024-08-19,Titanium Elite (TTM),4
demo-costa,2024-08-19,Member (MRD),4
demo-costa,2024-08-19,Silver Elite (SLR),2
demo-costa,2024-08-19,Gold Elite (GLD),3
demo-costa,2024-08-19,Platinum Elite (PLT),2
demo-centro,2024-08-20,Member (MRD),4
demo-centro,2024-08-20,Silver Elite (SLR),3
demo-centro,2024-08-20,Gold Elite (GLD),1
demo-centro,2024-08-20,Titanium Elite (TTM),2
demo-costa,2024-08-20,Silver Elite (SLR),3
demo-costa,2024-08-20,Gold Elite (GLD),4
demo-costa,2024-08-20,Platinum Elite (PLT),1
demo-costa,2024-08-20,Titanium Elite (TTM),3
demo-centro,2024-08-21,Member (MRD),1
demo-centro,2024-08-21,Gold Elite (GLD),3
demo-centro,2024-08-21,Platinum Elite (PLT),1
demo-centro,2024-08-21,Titanium Elite (TTM),2
demo-costa,2024-08-21,Silver Elite (SLR),3
demo-costa,2024-08-21,Gold Elite (GLD),1
demo-costa,2024-08-21,Platinum Elite (PLT),1
demo-costa,2024-08-21,Titanium Elite (TTM),2
demo-centro,2024-08-22,Silver Elite (SLR),4
demo-centro,2024-08-22,Titanium Elite (TTM),2
demo-costa,2024-08-22,Member (MRD),4
demo-costa,2024-08-22,Silver Elite (SLR),2
demo-costa,2024-08-22,Gold Elite (GLD),4
demo-costa,2024-08-22,Platinum Elite (PLT),2
demo-costa,2024-08-22,Titanium Elite (TTM),1
demo-centro,2024-08-23,Member (MRD),2
demo-centro,2024-08-23,Silver Elite (SLR),3
demo-centro,2024-08-23,Platinum Elite (PLT),3
demo-costa,2024-08-23,Member (MRD),3
demo-costa,2024-08-23,Silver Elite (SLR),3
demo-costa,2024-08-23,Platinum Elite (PLT),2
demo-costa,2024-08-23,Titanium Elite (TTM),2
demo-centro,2024-08-24,Member (MRD),4
demo-centro,2024-08-24,Silver Elite (SLR),3
demo-centro,2024-08-24,Gold Elite (GLD),1
demo-centro,2024-08-24,Platinum Elite (PLT),2
demo-centro,2024-08-24,Titanium Elite (TTM),2
demo-costa,2024-08-24,Member (MRD),2
demo-costa,2024-08-24,Silver Elite (SLR),4
demo-costa,2024-08-24,Gold Elite (GLD),3
demo-costa,2024-08-24,Platinum Elite (PLT),3
demo-costa,2024-08-24,Titanium Elite (TTM),1
demo-centro,2024-08-25,Member (MRD),4
demo-centro,2024-08-25,Silver Elite (SLR),4
demo-centro,2024-08-25,Gold Elite (GLD),3
demo-costa,2024-08-25,Silver Elite (SLR),1
demo-costa,2024-08-25,Gold Elite (GLD),4
demo-costa,2024-08-25,Platinum Elite (PLT),4
demo-centro,2024-08-26,Member (MRD),1
demo-centro,2024-08-26,Gold Elite (GLD),1
demo-centro,2024-08-26,Platinum Elite (PLT),1
demo-centro,2024-08-26,Titanium Elite (TTM),2
demo-costa,2024-08-26,Member (MRD),1
demo-costa,2024-08-26,Silver Elite (SLR),1
demo-costa,2024-08-26,Gold Elite (GLD),3
demo-costa,2024-08-26,Platinum Elite (PLT),3
demo-costa,2024-08-26,Titanium Elite (TTM),4
demo-centro,2024-08-27,Silver Elite (SLR),3
demo-centro,2024-08-27,Gold Elite (GLD),1
demo-centro,2024-08-27,Platinum Elite (PLT),3
demo-centro,2024-08-27,Titanium Elite (TTM),1
demo-costa,2024-08-27,Member (MRD),4
demo-costa,2024-08-27,Silver Elite (SLR),1
demo-costa,2024-08-27,Platinum Elite (PLT),3
demo-costa,2024-08-27,Titanium Elite (TTM),4
demo-centro,2024-08-28,Member (MRD),4
demo-centro,2024-08-28,Silver Elite (SLR),1
demo-centro,2024-08-28,Platinum Elite (PLT),1
demo-costa,2024-08-28,Member (MRD),3
demo-costa,2024-08-28,Gold Elite (GLD),3
demo-costa,2024-08-28,Platinum Elite (PLT),1
demo-costa,2024-08-28,Titanium Elite (TTM),1
demo-centro,2024-08-29,Silver Elite (SLR),1
demo-centro,2024-08-29,Gold Elite (GLD),3
demo-centro,2024-08-29,Titanium Elite (TTM),3
demo-costa,2024-08-29,Silver Elite (SLR),1
demo-costa,2024-08-29,Gold Elite (GLD),1
demo-costa,2024-08-29,Platinum Elite (PLT),4
demo-costa,2024-08-29,Titanium Elite (TTM),1
demo-centro,2024-08-30,Platinum Elite (PLT),4
demo-costa,2024-08-30,Member (MRD),4
demo-costa,2024-08-30,Platinum Elite (PLT),4
demo-costa,2024-08-30,Titanium Elite (TTM),4
demo-centro,2024-08-31,Member (MRD),4
demo-centro,2024-08-31,Silver Elite (SLR),3
demo-centro,2024-08-31,Gold Elite (GLD),1
demo-centro,2024-08-31,Titanium Elite (TTM),1
demo-costa,2024-08-31,Silver Elite (SLR),4
demo-costa,2024-08-31,Gold Elite (GLD),4
demo-costa,2024-08-31,Platinum Elite (PLT),2
demo-centro,2024-09-01,Member (MRD),2
demo-centro,2024-09-01,Silver Elite (SLR),2
demo-centro,2024-09-01,Gold Elite (GLD),2
demo-centro,2024-09-01,Platinum Elite (PLT),2
demo-centro,2024-09-01,Titanium Elite (TTM),1
demo-costa,2024-09-01,Member (MRD),1
demo-centro,2024-09-02,Member (MRD),3
demo-centro,2024-09-02,Silver Elite (SLR),4
demo-centro,2024-09-02,Gold Elite (GLD),4
demo-centro,2024-09-02,Platinum Elite (PLT),1
demo-costa,2024-09-02,Silver Elite (SLR),1
demo-costa,2024-09-02,Gold Elite (GLD),3
demo-costa,2024-09-02,Titanium Elite (TTM),1
demo-centro,2024-09-03,Member (MRD),2
demo-centro,2024-09-03,Gold Elite (GLD),2
demo-centro,2024-09-03,Platinum Elite (PLT),3
demo-costa,2024-09-03,Member (MRD),3
demo-costa,2024-09-03,Silver Elite (SLR),4
demo-costa,2024-09-03,Gold Elite (GLD),2
demo-costa,2024-09-03,Platinum Elite (PLT),2
demo-costa,2024-09-03,Titanium Elite (TTM),1
demo-centro,2024-09-04,Member (MRD),2
demo-centro,2024-09-04,Gold Elite (GLD),1
demo-centro,2024-09-04,Platinum Elite (PLT),2
demo-costa,2024-09-04,Member (MRD),2
demo-costa,2024-09-04,Silver Elite (SLR),3
demo-costa,2024-09-04,Gold Elite (GLD),2
demo-costa,2024-09-04,Platinum Elite (PLT),2
demo-centro,2024-09-05,Member (MRD),4
demo-centro,2024-09-05,Silver Elite (SLR),1
demo-centro,2024-09-05,Gold Elite (GLD),3
demo-centro,2024-09-05,Platinum Elite (PLT),4
demo-costa,2024-09-05,Silver Elite (SLR),2
demo-costa,2024-09-05,Gold Elite (GLD),3
demo-costa,2024-09-05,Titanium Elite (TTM),1
demo-centro,2024-09-06,Member (MRD),3
demo-centro,2024-09-06,Silver Elite (SLR),1
demo-centro,2024-09-06,Gold Elite (GLD),2
demo-centro,2024-09-06,Platinum Elite (PLT),2
demo-costa,2024-09-06,Member (MRD),4
demo-costa,2024-09-06,Silver Elite (SLR),4
demo-costa,2024-09-06,Gold Elite (GLD),1
demo-costa,2024-09-06,Titanium Elite (TTM),4
demo-centro,2024-09-07,Silver Elite (SLR),2
demo-centro,2024-09-07,Platinum Elite (PLT),1
demo-centro,2024-09-07,Titanium Elite (TTM),4
demo-costa,2024-09-07,Member (MRD),2
demo-costa,2024-09-07,Silver Elite (SLR),3
demo-costa,2024-09-07,Gold Elite (GLD),1
demo-costa,2024-09-07,Titanium Elite (TTM),2
demo-centro,2024-09-08,Silver Elite (SLR),3
demo-centro,2024-09-08,Gold Elite (GLD),2
demo-centro,2024-09-08,Platinum Elite (PLT),2
demo-centro,2024-09-08,Titanium Elite (TTM),1
demo-costa,2024-09-08,Member (MRD),1
demo-costa,2024-09-08,Silver Elite (SLR),2
demo-costa,2024-09-08,Gold Elite (GLD),2
demo-costa,2024-09-08,Platinum Elite (PLT),2
demo-costa,2024-09-08,Titanium Elite (TTM),4
demo-centro,2024-09-09,Member (MRD),4
demo-centro,2024-09-09,Silver Elite (SLR),2
demo-centro,2024-09-09,Gold Elite (GLD),2
demo-centro,2024-09-09,Platinum Elite (PLT),1
demo-costa,2024-09-09,Member (MRD),3
demo-costa,2024-09-09,Silver Elite (SLR),2
demo-costa,2024-09-09,Platinum Elite (PLT),4
demo-costa,2024-09-09,Titanium Elite (TTM),4
demo-centro,2024-09-10,Member (MRD),2
demo-centro,2024-09-10,Silver Elite (SLR),2
demo-centro,2024-09-10,Gold Elite (GLD),4
demo-centro,2024-09-10,Platinum Elite (PLT),1
demo-centro,2024-09-10,Titanium Elite (TTM),1
demo-costa,2024-09-10,Member (MRD),1
demo-costa,2024-09-10,Silver Elite (SLR),4
demo-costa,2024-09-10,Platinum Elite (PLT),1
demo-costa,2024-09-10,Titanium Elite (TTM),1
demo-centro,2024-09-11,Member (MRD),1
demo-centro,2024-09-11,Silver Elite (SLR),3
demo-centro,2024-09-11,Gold Elite (GLD),2
demo-centro,2024-09-11,Platinum Elite (PLT),1
demo-centro,2024-09-11,Titanium Elite (TTM),3
demo-costa,2024-09-11,Member (MRD),3
demo-costa,2024-09-11,Silver Elite (SLR),2
demo-costa,2024-09-11,Gold Elite (GLD),1
demo-costa,2024-09-11,Platinum Elite (PLT),2
demo-centro,2024-09-12,Member (MRD),3
demo-centro,2024-09-12,Gold Elite (GLD),3
demo-centro,2024-09-12,Platinum Elite (PLT),3
demo-centro,2024-09-12,Titanium Elite (TTM),1
demo-costa,2024-09-12,Member (MRD),1
demo-costa,2024-09-12,Gold Elite (GLD),2
demo-costa,2024-09-12,Platinum Elite (PLT),2
demo-costa,2024-09-12,Titanium Elite (TTM),3
demo-centro,2024-09-13,Member (MRD),1
demo-centro,2024-09-13,Silver Elite (SLR),4
demo-centro,2024-09-13,Gold Elite (GLD),4
demo-centro,2024-09-13,Platinum Elite (PLT),3
demo-costa,2024-09-13,Member (MRD),4
demo-costa,2024-09-13,Silver Elite (SLR),1
demo-costa,2024-09-13,Gold Elite (GLD),4
demo-costa,2024-09-13,Platinum Elite (PLT),2
demo-costa,2024-09-13,Titanium Elite (TTM),1
demo-centro,2024-09-14,Member (MRD),1
demo-centro,2024-09-14,Gold Elite (GLD),3
demo-centro,2024-09-14,Platinum Elite (PLT),2
demo-costa,2024-09-14,Silver Elite (SLR),3
demo-costa,2024-09-14,Gold Elite (GLD),3
demo-costa,2024-09-14,Platinum Elite (PLT),2
demo-costa,2024-09-14,Titanium Elite (TTM),1
demo-centro,2024-09-15,Silver Elite (SLR),4
demo-centro,2024-09-15,Gold Elite (GLD),1
demo-centro,2024-09-15,Platinum Elite (PLT),3
demo-centro,2024-09-15,Titanium Elite (TTM),4
demo-costa,2024-09-15,Member (MRD),2
demo-costa,2024-09-15,Gold Elite (GLD),2
demo-costa,2024-09-15,Platinum Elite (PLT),1
demo-costa,2024-09-15,Titanium Elite (TTM),1
demo-centro,2024-09-16,Member (MRD),2
demo-centro,2024-09-16,Silver Elite (SLR),3
demo-centro,2024-09-16,Gold Elite (GLD),1
demo-centro,2024-09-16,Platinum Elite (PLT),1
demo-centro,2024-09-16,Titanium Elite (TTM),2
demo-costa,2024-09-16,Member (MRD),3
demo-costa,2024-09-16,Gold Elite (GLD),1
demo-costa,2024-09-16,Titanium Elite (TTM),2
demo-centro,2024-09-17,Member (MRD),3
demo-centro,2024-09-17,Silver Elite (SLR),1
demo-centro,2024-09-17,Gold Elite (GLD),4
demo-centro,2024-09-17,Platinum Elite (PLT),1
demo-centro,2024-09-17,Titanium Elite (TTM),1
demo-costa,2024-09-17,Member (MRD),3
demo-costa,2024-09-17,Silver Elite (SLR),2
demo-costa,2024-09-17,Gold Elite (GLD),1
demo-costa,2024-09-17,Platinum Elite (PLT),2
demo-centro,2024-09-18,Member (MRD),1
demo-centro,2024-09-18,Silver Elite (SLR),1
demo-centro,2024-09-18,Platinum Elite (PLT),1
demo-centro,2024-09-18,Titanium Elite (TTM),4
demo-costa,2024-09-18,Member (MRD),4
demo-costa,2024-09-18,Silver Elite (SLR),3
demo-costa,2024-09-18,Gold Elite (GLD),1
demo-costa,2024-09-18,Platinum Elite (PLT),2
demo-costa,2024-09-18,Titanium Elite (TTM),1
demo-centro,2024-09-19,Member (MRD),1
demo-centro,2024-09-19,Silver Elite (SLR),4
demo-centro,2024-09-19,Gold Elite (GLD),2
demo-centro,2024-09-19,Titanium Elite (TTM),1
demo-costa,2024-09-19,Member (MRD),3
demo-costa,2024-09-19,Silver Elite (SLR),3
demo-costa,2024-09-19,Gold Elite (GLD),2
demo-costa,2024-09-19,Platinum Elite (PLT),4
demo-costa,2024-09-19,Titanium Elite (TTM),1
demo-centro,2024-09-20,Silver Elite (SLR),3
demo-centro,2024-09-20,Titanium Elite (TTM),2
demo-costa,2024-09-20,Member (MRD),1
demo-costa,2024-09-20,Silver Elite (SLR),3
demo-costa,2024-09-20,Platinum Elite (PLT),4
demo-costa,2024-09-20,Titanium Elite (TTM),3
demo-centro,2024-09-21,Member (MRD),1
demo-centro,2024-09-21,Silver Elite (SLR),3
demo-centro,2024-09-21,Gold Elite (GLD),4
demo-centro,2024-09-21,Platinum Elite (PLT),4
demo-centro,2024-09-21,Titanium Elite (TTM),2
demo-costa,2024-09-21,Silver Elite (SLR),4
demo-costa,2024-09-21,Gold Elite (GLD),2
demo-costa,2024-09-21,Platinum Elite (PLT),4
demo-costa,2024-09-21,Titanium Elite (TTM),3
demo-centro,2024-09-22,Member (MRD),4
demo-centro,2024-09-22,Silver Elite (SLR),2
demo-centro,2024-09-22,Titanium Elite (TTM),4
demo-costa,2024-09-22,Silver Elite (SLR),3
demo-costa,2024-09-22,Gold Elite (GLD),3
demo-costa,2024-09-22,Platinum Elite (PLT),2
demo-costa,2024-09-22,Titanium Elite (TTM),1
demo-centro,2024-09-23,Member (MRD),1
demo-centro,2024-09-23,Silver Elite (SLR),4
demo-centro,2024-09-23,Gold Elite (GLD),3
demo-centro,2024-09-23,Platinum Elite (PLT),3
demo-centro,2024-09-23,Titanium Elite (TTM),1
demo-costa,2024-09-23,Member (MRD),2
demo-costa,2024-09-23,Silver Elite (SLR),3
demo-costa,2024-09-23,Gold Elite (GLD),3
demo-costa,2024-09-23,Platinum Elite (PLT),2
demo-costa,2024-09-23,Titanium Elite (TTM),1
demo-centro,2024-09-24,Member (MRD),3
demo-centro,2024-09-24,Silver Elite (SLR),4
demo-centro,2024-09-24,Gold Elite (GLD),3
demo-centro,2024-09-24,Titanium Elite (TTM),3
demo-costa,2024-09-24,Member (MRD),2
demo-costa,2024-09-24,Silver Elite (SLR),2
demo-costa,2024-09-24,Gold Elite (GLD),3
demo-costa,2024-09-24,Platinum Elite (PLT),2
demo-costa,2024-09-24,Titanium Elite (TTM),1
demo-centro,2024-09-25,Silver Elite (SLR),2
demo-centro,2024-09-25,Gold Elite (GLD),4
demo-centro,2024-09-25,Platinum Elite (PLT),1
demo-centro,2024-09-25,Titanium Elite (TTM),1
demo-costa,2024-09-25,Member (MRD),2
demo-costa,2024-09-25,Silver Elite (SLR),2
demo-costa,2024-09-25,Gold Elite (GLD),1
demo-costa,2024-09-25,Titanium Elite (TTM),4
demo-centro,2024-09-26,Member (MRD),4
demo-centro,2024-09-26,Silver Elite (SLR),4
demo-centro,2024-09-26,Gold Elite (GLD),3
demo-centro,2024-09-26,Platinum Elite (PLT),4
demo-centro,2024-09-26,Titanium Elite (TTM),2
demo-costa,2024-09-26,Silver Elite (SLR),1
demo-costa,2024-09-26,Platinum Elite (PLT),1
demo-costa,2024-09-26,Titanium Elite (TTM),1
demo-centro,2024-09-27,Gold Elite (GLD),1
demo-centro,2024-09-27,Platinum Elite (PLT),1
demo-centro,2024-09-27,Titanium Elite (TTM),3
demo-costa,2024-09-27,Member (MRD),3
demo-costa,2024-09-27,Silver Elite (SLR),3
demo-costa,2024-09-27,Gold Elite (GLD),2
demo-costa,2024-09-27,Platinum Elite (PLT),2
demo-centro,2024-09-28,Member (MRD),2
demo-centro,2024-09-28,Silver Elite (SLR),1
demo-centro,2024-09-28,Gold Elite (GLD),2
demo-centro,2024-09-28,Platinum Elite (PLT),2
demo-centro,2024-09-28,Titanium Elite (TTM),4
demo-costa,2024-09-28,Member (MRD),4
demo-costa,2024-09-28,Gold Elite (GLD),1
demo-costa,2024-09-28,Platinum Elite (PLT),3
demo-costa,2024-09-28,Titanium Elite (TTM),3
demo-centro,2024-09-29,Silver Elite (SLR),4
demo-centro,2024-09-29,Gold Elite (GLD),1
demo-centro,2024-09-29,Platinum Elite (PLT),1
demo-centro,2024-09-29,Titanium Elite (TTM),3
demo-costa,2024-09-29,Silver Elite (SLR),3
demo-costa,2024-09-29,Gold Elite (GLD),4
demo-costa,2024-09-29,Platinum Elite (PLT),3
demo-costa,2024-09-29,Titanium Elite (TTM),1
demo-centro,2024-09-30,Member (MRD),2
demo-centro,2024-09-30,Silver Elite (SLR),4
demo-centro,2024-09-30,Gold Elite (GLD),3
demo-centro,2024-09-30,Platinum Elite (PLT),4
demo-centro,2024-09-30,Titanium Elite (TTM),4
demo-costa,2024-09-30,Silver Elite (SLR),1
demo-costa,2024-09-30,Gold Elite (GLD),4
demo-costa,2024-09-30,Platinum Elite (PLT),2
demo-costa,2024-09-30,Titanium Elite (TTM),1
demo-centro,2024-10-01,Member (MRD),2
demo-centro,2024-10-01,Silver Elite (SLR),2
demo-centro,2024-10-01,Gold Elite (GLD),1
demo-centro,2024-10-01,Platinum Elite (PLT),1
demo-costa,2024-10-01,Member (MRD),2
demo-costa,2024-10-01,Silver Elite (SLR),3
demo-costa,2024-10-01,Gold Elite (GLD),2
demo-costa,2024-10-01,Platinum Elite (PLT),4
demo-costa,2024-10-01,Titanium Elite (TTM),2
demo-centro,2024-10-02,Member (MRD),1
demo-centro,2024-10-02,Silver Elite (SLR),1
demo-centro,2024-10-02,Gold Elite (GLD),1
demo-centro,2024-10-02,Platinum Elite (PLT),3
demo-costa,2024-10-02,Member (MRD),4
demo-costa,2024-10-02,Silver Elite (SLR),2
demo-costa,2024-10-02,Gold Elite (GLD),3
demo-costa,2024-10-02,Platinum Elite (PLT),4
demo-costa,2024-10-02,Titanium Elite (TTM),2
demo-centro,2024-10-03,Member (MRD),2
demo-centro,2024-10-03,Silver Elite (SLR),4
demo-centro,2024-10-03,Gold Elite (GLD),1
demo-centro,2024-10-03,Platinum Elite (PLT),3
demo-centro,2024-10-03,Titanium Elite (TTM),2
demo-costa,2024-10-03,Member (MRD),2
demo-costa,2024-10-03,Silver Elite (SLR),4
demo-costa,2024-10-03,Gold Elite (GLD),3
demo-costa,2024-10-03,Platinum Elite (PLT),2
demo-costa,2024-10-03,Titanium Elite (TTM),4
demo-centro,2024-10-04,Member (MRD),4
demo-centro,2024-10-04,Silver Elite (SLR),1
demo-centro,2024-10-04,Platinum Elite (PLT),3
demo-centro,2024-10-04,Titanium Elite (TTM),4
demo-costa,2024-10-04,Member (MRD),2
demo-costa,2024-10-04,Silver Elite (SLR),3
demo-costa,2024-10-04,Gold Elite (GLD),4
demo-costa,2024-10-04,Titanium Elite (TTM),1
demo-centro,2024-10-05,Member (MRD),1
demo-centro,2024-10-05,Silver Elite (SLR),4
demo-centro,2024-10-05,Titanium Elite (TTM),2
demo-costa,2024-10-05,Member (MRD),1
demo-costa,2024-10-05,Silver Elite (SLR),1
demo-costa,2024-10-05,Gold Elite (GLD),1
demo-costa,2024-10-05,Platinum Elite (PLT),3
demo-costa,2024-10-05,Titanium Elite (TTM),3
demo-centro,2024-10-06,Silver Elite (SLR),2
demo-centro,2024-10-06,Gold Elite (GLD),3
demo-centro,2024-10-06,Platinum Elite (PLT),3
demo-centro,2024-10-06,Titanium Elite (TTM),1
demo-costa,2024-10-06,Member (MRD),3
demo-costa,2024-10-06,Silver Elite (SLR),3
demo-costa,2024-10-06,Gold Elite (GLD),1
demo-costa,2024-10-06,Platinum Elite (PLT),1
demo-costa,2024-10-06,Titanium Elite (TTM),1
demo-centro,2024-10-07,Silver Elite (SLR),2
demo-centro,2024-10-07,Gold Elite (GLD),4
demo-centro,2024-10-07,Platinum Elite (PLT),3
demo-centro,2024-10-07,Titanium Elite (TTM),1
demo-costa,2024-10-07,Member (MRD),2
demo-costa,2024-10-07,Silver Elite (SLR),1
demo-costa,2024-10-07,Gold Elite (GLD),3
demo-centro,2024-10-08,Silver Elite (SLR),2
demo-centro,2024-10-08,Gold Elite (GLD),1
demo-centro,2024-10-08,Platinum Elite (PLT),2
demo-centro,2024-10-08,Titanium Elite (TTM),2
demo-costa,2024-10-08,Member (MRD),3
demo-costa,2024-10-08,Silver Elite (SLR),3
demo-costa,2024-10-08,Gold Elite (GLD),2
demo-costa,2024-10-08,Titanium Elite (TTM),1
demo-centro,2024-10-09,Member (MRD),1
demo-centro,2024-10-09,Gold Elite (GLD),1
demo-centro,2024-10-09,Platinum Elite (PLT),1
demo-centro,2024-10-09,Titanium Elite (TTM),2
demo-costa,2024-10-09,Member (MRD),2
demo-costa,2024-10-09,Silver Elite (SLR),1
demo-costa,2024-10-09,Gold Elite (GLD),1
demo-costa,2024-10-09,Platinum Elite (PLT),4
demo-costa,2024-10-09,Titanium Elite (TTM),2
demo-centro,2024-10-10,Member (MRD),1
demo-centro,2024-10-10,Silver Elite (SLR),4
demo-centro,2024-10-10,Platinum Elite (PLT),4
demo-centro,2024-10-10,Titanium Elite (TTM),3
demo-costa,2024-10-10,Member (MRD),1
demo-costa,2024-10-10,Silver Elite (SLR),2
demo-costa,2024-10-10,Gold Elite (GLD),2
demo-costa,2024-10-10,Platinum Elite (PLT),1
demo-centro,2024-10-11,Silver Elite (SLR),4
demo-centro,2024-10-11,Platinum Elite (PLT),3
demo-costa,2024-10-11,Member (MRD),3
demo-costa,2024-10-11,Silver Elite (SLR),3
demo-costa,2024-10-11,Gold Elite (GLD),2
demo-costa,2024-10-11,Platinum Elite (PLT),4
demo-costa,2024-10-11,Titanium Elite (TTM),3
demo-centro,2024-10-12,Silver Elite (SLR),4
demo-centro,2024-10-12,Gold Elite (GLD),4
demo-centro,2024-10-12,Platinum Elite (PLT),4
demo-costa,2024-10-12,Member (MRD),1
demo-costa,2024-10-12,Silver Elite (SLR),1
demo-costa,2024-10-12,Gold Elite (GLD),1
demo-costa,2024-10-12,Platinum Elite (PLT),2
demo-costa,2024-10-12,Titanium Elite (TTM),4
demo-centro,2024-10-13,Silver Elite (SLR),3
demo-centro,2024-10-13,Gold Elite (GLD),4
demo-centro,2024-10-13,Platinum Elite (PLT),4
demo-centro,2024-10-13,Titanium Elite (TTM),3
demo-costa,2024-10-13,Member (MRD),1
demo-costa,2024-10-13,Silver Elite (SLR),4
demo-costa,2024-10-13,Gold Elite (GLD),2
demo-costa,2024-10-13,Platinum Elite (PLT),4
demo-costa,2024-10-13,Titanium Elite (TTM),2
demo-centro,2024-10-14,Member (MRD),3
demo-centro,2024-10-14,Silver Elite (SLR),1
demo-centro,2024-10-14,Gold Elite (GLD),3
demo-centro,2024-10-14,Titanium Elite (TTM),3
demo-costa,2024-10-14,Member (MRD),1
demo-costa,2024-10-14,Silver Elite (SLR),3
demo-costa,2024-10-14,Gold Elite (GLD),4
demo-costa,2024-10-14,Platinum Elite (PLT),4
demo-centro,2024-10-15,Member (MRD),1
demo-centro,2024-10-15,Silver Elite (SLR),1
demo-centro,2024-10-15,Platinum Elite (PLT),4
demo-costa,2024-10-15,Member (MRD),1
demo-costa,2024-10-15,Silver Elite (SLR),4
demo-costa,2024-10-15,Platinum Elite (PLT),4
demo-costa,2024-10-15,Titanium Elite (TTM),1
demo-centro,2024-10-16,Silver Elite (SLR),3
demo-centro,2024-10-16,Gold Elite (GLD),1
demo-centro,2024-10-16,Platinum Elite (PLT),4
demo-centro,2024-10-16,Titanium Elite (TTM),2
demo-costa,2024-10-16,Member (MRD),3
demo-costa,2024-10-16,Titanium Elite (TTM),2
demo-centro,2024-10-17,Member (MRD),1
demo-centro,2024-10-17,Silver Elite (SLR),1
demo-centro,2024-10-17,Gold Elite (GLD),4
demo-centro,2024-10-17,Platinum Elite (PLT),1
demo-centro,2024-10-17,Titanium Elite (TTM),1
demo-costa,2024-10-17,Member (MRD),3
demo-costa,2024-10-17,Silver Elite (SLR),4
demo-costa,2024-10-17,Gold Elite (GLD),1
demo-costa,2024-10-17,Platinum Elite (PLT),2
demo-costa,2024-10-17,Titanium Elite (TTM),3
demo-centro,2024-10-18,Silver Elite (SLR),4
demo-centro,2024-10-18,Gold Elite (GLD),3
demo-centro,2024-10-18,Platinum Elite (PLT),1
demo-centro,2024-10-18,Titanium Elite (TTM),2
demo-costa,2024-10-18,Member (MRD),2
demo-costa,2024-10-18,Silver Elite (SLR),3
demo-costa,2024-10-18,Gold Elite (GLD),1
demo-costa,2024-10-18,Platinum Elite (PLT),1
demo-costa,2024-10-18,Titanium Elite (TTM),1
demo-centro,2024-10-19,Member (MRD),1
demo-centro,2024-10-19,Silver Elite (SLR),3
demo-centro,2024-10-19,Platinum Elite (PLT),1
demo-centro,2024-10-19,Titanium Elite (TTM),1
demo-costa,2024-10-19,Member (MRD),3
demo-costa,2024-10-19,Silver Elite (SLR),3
demo-costa,2024-10-19,Gold Elite (GLD),3
demo-costa,2024-10-19,Platinum Elite (PLT),4
demo-costa,2024-10-19,Titanium Elite (TTM),3
demo-centro,2024-10-20,Member (MRD),4
demo-centro,2024-10-20,Silver Elite (SLR),1
demo-centro,2024-10-20,Gold Elite (GLD),1
demo-centro,2024-10-20,Titanium Elite (TTM),2
demo-costa,2024-10-20,Member (MRD),2
demo-costa,2024-10-20,Silver Elite (SLR),3
demo-costa,2024-10-20,Gold Elite (GLD),2
demo-costa,2024-10-20,Platinum Elite (PLT),2
demo-costa,2024-10-20,Titanium Elite (TTM),3
demo-centro,2024-10-21,Member (MRD),3
demo-centro,2024-10-21,Silver Elite (SLR),2
demo-centro,2024-10-21,Gold Elite (GLD),4
demo-centro,2024-10-21,Platinum Elite (PLT),3
demo-centro,2024-10-21,Titanium Elite (TTM),3
demo-costa,2024-10-21,Silver Elite (SLR),1
demo-costa,2024-10-21,Gold Elite (GLD),2
demo-costa,2024-10-21,Platinum Elite (PLT),3
demo-costa,2024-10-21,Titanium Elite (TTM),2
demo-centro,2024-10-22,Member (MRD),3
demo-centro,2024-10-22,Silver Elite (SLR),1
demo-centro,2024-10-22,Gold Elite (GLD),2
demo-centro,2024-10-22,Titanium Elite (TTM),1
demo-costa,2024-10-22,Member (MRD),2
demo-costa,2024-10-22,Silver Elite (SLR),3
demo-costa,2024-10-22,Gold Elite (GLD),3
demo-costa,2024-10-22,Platinum Elite (PLT),3
demo-costa,2024-10-22,Titanium Elite (TTM),2
demo-centro,2024-10-23,Member (MRD),3
demo-centro,2024-10-23,Gold Elite (GLD),2
demo-centro,2024-10-23,Platinum Elite (PLT),2
demo-centro,2024-10-23,Titanium Elite (TTM),3
demo-costa,2024-10-23,Silver Elite (SLR),2
demo-costa,2024-10-23,Gold Elite (GLD),3
demo-costa,2024-10-23,Titanium Elite (TTM),2
demo-centro,2024-10-24,Member (MRD),3
demo-centro,2024-10-24,Silver Elite (SLR),1
demo-centro,2024-10-24,Gold Elite (GLD),3
demo-costa,2024-10-24,Member (MRD),1
demo-costa,2024-10-24,Silver Elite (SLR),2
demo-costa,2024-10-24,Gold Elite (GLD),1
demo-costa,2024-10-24,Platinum Elite (PLT),1
demo-centro,2024-10-25,Member (MRD),1
demo-centro,2024-10-25,Silver Elite (SLR),4
demo-centro,2024-10-25,Gold Elite (GLD),4
demo-centro,2024-10-25,Titanium Elite (TTM),1
demo-costa,2024-10-25,Member (MRD),3
demo-costa,2024-10-25,Silver Elite (SLR),3
demo-costa,2024-10-25,Platinum Elite (PLT),1
demo-costa,2024-10-25,Titanium Elite (TTM),4
demo-centro,2024-10-26,Member (MRD),2
demo-centro,2024-10-26,Silver Elite (SLR),1
demo-centro,2024-10-26,Platinum Elite (PLT),3
demo-centro,2024-10-26,Titanium Elite (TTM),1
demo-costa,2024-10-26,Member (MRD),1
demo-costa,2024-10-26,Silver Elite (SLR),2
demo-costa,2024-10-26,Platinum Elite (PLT),3
demo-costa,2024-10-26,Titanium Elite (TTM),2
demo-centro,2024-10-27,Member (MRD),1
demo-centro,2024-10-27,Silver Elite (SLR),1
demo-centro,2024-10-27,Gold Elite (GLD),1
demo-centro,2024-10-27,Platinum Elite (PLT),1
demo-centro,2024-10-27,Titanium Elite (TTM),2
demo-costa,2024-10-27,Member (MRD),4
demo-costa,2024-10-27,Gold Elite (GLD),3
demo-costa,2024-10-27,Platinum Elite (PLT),4
demo-costa,2024-10-27,Titanium Elite (TTM),4
demo-centro,2024-10-28,Member (MRD),4
demo-centro,2024-10-28,Silver Elite (SLR),1
demo-centro,2024-10-28,Platinum Elite (PLT),4
demo-centro,2024-10-28,Titanium Elite (TTM),4
demo-costa,2024-10-28,Silver Elite (SLR),4
demo-costa,2024-10-28,Gold Elite (GLD),4
demo-costa,2024-10-28,Titanium Elite (TTM),2
demo-centro,2024-10-29,Member (MRD),3
demo-centro,2024-10-29,Silver Elite (SLR),4
demo-centro,2024-10-29,Gold Elite (GLD),4
demo-centro,2024-10-29,Platinum Elite (PLT),1
demo-centro,2024-10-29,Titanium Elite (TTM),2
demo-costa,2024-10-29,Member (MRD),1
demo-costa,2024-10-29,Silver Elite (SLR),4
demo-costa,2024-10-29,Platinum Elite (PLT),4
demo-costa,2024-10-29,Titanium Elite (TTM),2
demo-centro,2024-10-30,Member (MRD),4
demo-centro,2024-10-30,Silver Elite (SLR),3
demo-centro,2024-10-30,Gold Elite (GLD),2
demo-centro,2024-10-30,Titanium Elite (TTM),3
demo-costa,2024-10-30,Silver Elite (SLR),4
demo-costa,2024-10-30,Gold Elite (GLD),3
demo-costa,2024-10-30,Platinum Elite (PLT),2
demo-costa,2024-10-30,Titanium Elite (TTM),4
demo-centro,2024-10-31,Member (MRD),3
demo-centro,2024-10-31,Silver Elite (SLR),2
demo-centro,2024-10-31,Platinum Elite (PLT),4
demo-centro,2024-10-31,Titanium Elite (TTM),3
demo-costa,2024-10-31,Member (MRD),3
demo-costa,2024-10-31,Silver Elite (SLR),2
demo-costa,2024-10-31,Titanium Elite (TTM),3
demo-centro,2024-11-01,Member (MRD),1
demo-centro,2024-11-01,Silver Elite (SLR),4
demo-centro,2024-11-01,Gold Elite (GLD),4
demo-centro,2024-11-01,Platinum Elite (PLT),4
demo-centro,2024-11-01,Titanium Elite (TTM),3
demo-costa,2024-11-01,Member (MRD),2
demo-costa,2024-11-01,Silver Elite (SLR),3
demo-costa,2024-11-01,Gold Elite (GLD),2
demo-costa,2024-11-01,Platinum Elite (PLT),3
demo-costa,2024-11-01,Titanium Elite (TTM),3
demo-centro,2024-11-02,Member (MRD),4
demo-centro,2024-11-02,Silver Elite (SLR),4
demo-centro,2024-11-02,Gold Elite (GLD),1
demo-centro,2024-11-02,Platinum Elite (PLT),2
demo-centro,2024-11-02,Titanium Elite (TTM),3
demo-costa,2024-11-02,Member (MRD),3
demo-costa,2024-11-02,Silver Elite (SLR),3
demo-centro,2024-11-03,Silver Elite (SLR),2
demo-centro,2024-11-03,Gold Elite (GLD),2
demo-centro,2024-11-03,Platinum Elite (PLT),4
demo-centro,2024-11-03,Titanium Elite (TTM),1
demo-costa,2024-11-03,Member (MRD),1
demo-costa,2024-11-03,Silver Elite (SLR),4
demo-costa,2024-11-03,Gold Elite (GLD),2
demo-costa,2024-11-03,Platinum Elite (PLT),2
demo-costa,2024-11-03,Titanium Elite (TTM),1
demo-centro,2024-11-04,Silver Elite (SLR),1
demo-centro,2024-11-04,Gold Elite (GLD),1
demo-centro,2024-11-04,Platinum Elite (PLT),4
demo-centro,2024-11-04,Titanium Elite (TTM),2
demo-costa,2024-11-04,Member (MRD),4
demo-costa,2024-11-04,Silver Elite (SLR),4
demo-costa,2024-11-04,Gold Elite (GLD),3
demo-costa,2024-11-04,Platinum Elite (PLT),1
demo-centro,2024-11-05,Member (MRD),3
demo-centro,2024-11-05,Silver Elite (SLR),3
demo-centro,2024-11-05,Gold Elite (GLD),4
demo-centro,2024-11-05,Platinum Elite (PLT),1
demo-centro,2024-11-05,Titanium Elite (TTM),2
demo-costa,2024-11-05,Member (MRD),3
demo-costa,2024-11-05,Silver Elite (SLR),1
demo-costa,2024-11-05,Gold Elite (GLD),1
demo-costa,2024-11-05,Platinum Elite (PLT),3
demo-costa,2024-11-05,Titanium Elite (TTM),3
demo-centro,2024-11-06,Member (MRD),4
demo-centro,2024-11-06,Silver Elite (SLR),2
demo-centro,2024-11-06,Gold Elite (GLD),1
demo-centro,2024-11-06,Platinum Elite (PLT),2
demo-costa,2024-11-06,Member (MRD),1
demo-costa,2024-11-06,Silver Elite (SLR),3
demo-costa,2024-11-06,Gold Elite (GLD),4
demo-costa,2024-11-06,Platinum Elite (PLT),2
demo-costa,2024-11-06,Titanium Elite (TTM),2
demo-centro,2024-11-07,Silver Elite (SLR),2
demo-centro,2024-11-07,Gold Elite (GLD),3
demo-centro,2024-11-07,Platinum Elite (PLT),2
demo-centro,2024-11-07,Titanium Elite (TTM),4
demo-costa,2024-11-07,Member (MRD),3
demo-costa,2024-11-07,Silver Elite (SLR),1
demo-costa,2024-11-07,Gold Elite (GLD),4
demo-costa,2024-11-07,Platinum Elite (PLT),1
demo-costa,2024-11-07,Titanium Elite (TTM),2
demo-centro,2024-11-08,Member (MRD),4
demo-centro,2024-11-08,Gold Elite (GLD),3
demo-centro,2024-11-08,Titanium Elite (TTM),1
demo-costa,2024-11-08,Silver Elite (SLR),1
demo-costa,2024-11-08,Platinum Elite (PLT),2
demo-centro,2024-11-09,Member (MRD),3
demo-centro,2024-11-09,Gold Elite (GLD),2
demo-centro,2024-11-09,Platinum Elite (PLT),2
demo-centro,2024-11-09,Titanium Elite (TTM),4
demo-costa,2024-11-09,Member (MRD),4
demo-costa,2024-11-09,Silver Elite (SLR),4
demo-costa,2024-11-09,Gold Elite (GLD),1
demo-costa,2024-11-09,Titanium Elite (TTM),4
demo-centro,2024-11-10,Member (MRD),2
demo-centro,2024-11-10,Silver Elite (SLR),4
demo-centro,2024-11-10,Gold Elite (GLD),4
demo-centro,2024-11-10,Platinum Elite (PLT),2
demo-centro,2024-11-10,Titanium Elite (TTM),3
demo-costa,2024-11-10,Member (MRD),3
demo-costa,2024-11-10,Gold Elite (GLD),2
demo-costa,2024-11-10,Platinum Elite (PLT),4
demo-costa,2024-11-10,Titanium Elite (TTM),1
demo-centro,2024-11-11,Member (MRD),3
demo-centro,2024-11-11,Silver Elite (SLR),4
demo-centro,2024-11-11,Gold Elite (GLD),4
demo-centro,2024-11-11,Platinum Elite (PLT),3
demo-centro,2024-11-11,Titanium Elite (TTM),1
demo-costa,2024-11-11,Member (MRD),2
demo-costa,2024-11-11,Silver Elite (SLR),2
demo-costa,2024-11-11,Gold Elite (GLD),4
demo-costa,2024-11-11,Platinum Elite (PLT),1
demo-costa,2024-11-11,Titanium Elite (TTM),1
demo-centro,2024-11-12,Member (MRD),4
demo-centro,2024-11-12,Silver Elite (SLR),4
demo-centro,2024-11-12,Gold Elite (GLD),4
demo-centro,2024-11-12,Titanium Elite (TTM),4
demo-costa,2024-11-12,Silver Elite (SLR),1
demo-costa,2024-11-12,Gold Elite (GLD),3
demo-costa,2024-11-12,Platinum Elite (PLT),1
demo-costa,2024-11-12,Titanium Elite (TTM),1
demo-centro,2024-11-13,Member (MRD),3
demo-centro,2024-11-13,Silver Elite (SLR),4
demo-centro,2024-11-13,Gold Elite (GLD),3
demo-centro,2024-11-13,Platinum Elite (PLT),3
demo-centro,2024-11-13,Titanium Elite (TTM),2
demo-costa,2024-11-13,Silver Elite (SLR),3
demo-costa,2024-11-13,Gold Elite (GLD),4
demo-costa,2024-11-13,Platinum Elite (PLT),1
demo-centro,2024-11-14,Silver Elite (SLR),2
demo-centro,2024-11-14,Platinum Elite (PLT),3
demo-centro,2024-11-14,Titanium Elite (TTM),2
demo-costa,2024-11-14,Member (MRD),1
demo-costa,2024-11-14,Silver Elite (SLR),1
demo-costa,2024-11-14,Gold Elite (GLD),2
demo-costa,2024-11-14,Platinum Elite (PLT),3
demo-costa,2024-11-14,Titanium Elite (TTM),2
demo-centro,2024-11-15,Member (MRD),3
demo-centro,2024-11-15,Gold Elite (GLD),1
demo-centro,2024-11-15,Titanium Elite (TTM),2
demo-costa,2024-11-15,Member (MRD),1
demo-costa,2024-11-15,Silver Elite (SLR),4
demo-costa,2024-11-15,Gold Elite (GLD),3
demo-costa,2024-11-15,Platinum Elite (PLT),1
demo-costa,2024-11-15,Titanium Elite (TTM),1
demo-centro,2024-11-16,Silver Elite (SLR),1
demo-centro,2024-11-16,Gold Elite (GLD),3
demo-centro,2024-11-16,Titanium Elite (TTM),1
demo-costa,2024-11-16,Member (MRD),2
demo-costa,2024-11-16,Silver Elite (SLR),2
demo-costa,2024-11-16,Gold Elite (GLD),1
demo-costa,2024-11-16,Platinum Elite (PLT),2
demo-costa,2024-11-16,Titanium Elite (TTM),2
demo-centro,2024-11-17,Gold Elite (GLD),4
demo-centro,2024-11-17,Platinum Elite (PLT),1
demo-centro,2024-11-17,Titanium Elite (TTM),2
demo-costa,2024-11-17,Member (MRD),3
demo-costa,2024-11-17,Silver Elite (SLR),2
demo-costa,2024-11-17,Gold Elite (GLD),1
demo-costa,2024-11-17,Titanium Elite (TTM),3
demo-centro,2024-11-18,Member (MRD),1
demo-centro,2024-11-18,Silver Elite (SLR),1
demo-centro,2024-11-18,Platinum Elite (PLT),3
demo-centro,2024-11-18,Titanium Elite (TTM),3
demo-costa,2024-11-18,Member (MRD),4
demo-costa,2024-11-18,Titanium Elite (TTM),2
demo-centro,2024-11-19,Member (MRD),2
demo-centro,2024-11-19,Silver Elite (SLR),3
demo-centro,2024-11-19,Gold Elite (GLD),2
demo-centro,2024-11-19,Platinum Elite (PLT),1
demo-centro,2024-11-19,Titanium Elite (TTM),3
demo-costa,2024-11-19,Member (MRD),3
demo-costa,2024-11-19,Silver Elite (SLR),1
demo-costa,2024-11-19,Gold Elite (GLD),1
demo-costa,2024-11-19,Platinum Elite (PLT),2
demo-centro,2024-11-20,Member (MRD),2
demo-centro,2024-11-20,Gold Elite (GLD),2
demo-centro,2024-11-20,Platinum Elite (PLT),4
demo-centro,2024-11-20,Titanium Elite (TTM),2
demo-costa,2024-11-20,Member (MRD),4
demo-costa,2024-11-20,Silver Elite (SLR),3
demo-costa,2024-11-20,Gold Elite (GLD),4
demo-costa,2024-11-20,Platinum Elite (PLT),4
demo-costa,2024-11-20,Titanium Elite (TTM),1
demo-centro,2024-11-21,Member (MRD),4
demo-centro,2024-11-21,Silver Elite (SLR),4
demo-centro,2024-11-21,Gold Elite (GLD),1
demo-centro,2024-11-21,Platinum Elite (PLT),4
demo-centro,2024-11-21,Titanium Elite (TTM),2
demo-costa,2024-11-21,Member (MRD),3
demo-costa,2024-11-21,Silver Elite (SLR),4
demo-costa,2024-11-21,Gold Elite (GLD),1
demo-costa,2024-11-21,Titanium Elite (TTM),4
demo-centro,2024-11-22,Member (MRD),3
demo-centro,2024-11-22,Silver Elite (SLR),1
demo-centro,2024-11-22,Gold Elite (GLD),4
demo-centro,2024-11-22,Platinum Elite (PLT),4
demo-centro,2024-11-22,Titanium Elite (TTM),3
demo-costa,2024-11-22,Silver Elite (SLR),2
demo-costa,2024-11-22,Gold Elite (GLD),3
demo-costa,2024-11-22,Platinum Elite (PLT),2
demo-costa,2024-11-22,Titanium Elite (TTM),1
demo-centro,2024-11-23,Member (MRD),2
demo-centro,2024-11-23,Silver Elite (SLR),1
demo-centro,2024-11-23,Gold Elite (GLD),1
demo-centro,2024-11-23,Platinum Elite (PLT),3
demo-centro,2024-11-23,Titanium Elite (TTM),2
demo-costa,2024-11-23,Silver Elite (SLR),2
demo-costa,2024-11-23,Gold Elite (GLD),2
demo-costa,2024-11-23,Platinum Elite (PLT),3
demo-centro,2024-11-24,Member (MRD),1
demo-centro,2024-11-24,Silver Elite (SLR),2
demo-centro,2024-11-24,Gold Elite (GLD),2
demo-centro,2024-11-24,Platinum Elite (PLT),3
demo-costa,2024-11-24,Silver Elite (SLR),2
demo-costa,2024-11-24,Gold Elite (GLD),1
demo-costa,2024-11-24,Platinum Elite (PLT),2
demo-costa,2024-11-24,Titanium Elite (TTM),3
demo-centro,2024-11-25,Member (MRD),2
demo-centro,2024-11-25,Silver Elite (SLR),3
demo-centro,2024-11-25,Gold Elite (GLD),1
demo-centro,2024-11-25,Platinum Elite (PLT),2
demo-centro,2024-11-25,Titanium Elite (TTM),1
demo-costa,2024-11-25,Member (MRD),2
demo-costa,2024-11-25,Gold Elite (GLD),1
demo-costa,2024-11-25,Platinum Elite (PLT),2
demo-centro,2024-11-26,Member (MRD),2
demo-centro,2024-11-26,Silver Elite (SLR),4
demo-centro,2024-11-26,Titanium Elite (TTM),2
demo-costa,2024-11-26,Member (MRD),2
demo-costa,2024-11-26,Gold Elite (GLD),3
demo-costa,2024-11-26,Platinum Elite (PLT),3
demo-costa,2024-11-26,Titanium Elite (TTM),1
demo-centro,2024-11-27,Silver Elite (SLR),4
demo-centro,2024-11-27,Gold Elite (GLD),1
demo-centro,2024-11-27,Platinum Elite (PLT),1
demo-costa,2024-11-27,Silver Elite (SLR),1
demo-costa,2024-11-27,Gold Elite (GLD),1
demo-costa,2024-11-27,Platinum Elite (PLT),1
demo-costa,2024-11-27,Titanium Elite (TTM),3
demo-centro,2024-11-28,Member (MRD),4
demo-centro,2024-11-28,Gold Elite (GLD),4
demo-centro,2024-11-28,Platinum Elite (PLT),3
demo-costa,2024-11-28,Member (MRD),2
demo-costa,2024-11-28,Gold Elite (GLD),1
demo-costa,2024-11-28,Titanium Elite (TTM),2
demo-centro,2024-11-29,Member (MRD),3
demo-centro,2024-11-29,Gold Elite (GLD),4
demo-centro,2024-11-29,Platinum Elite (PLT),4
demo-centro,2024-11-29,Titanium Elite (TTM),2
demo-costa,2024-11-29,Gold Elite (GLD),3
demo-costa,2024-11-29,Platinum Elite (PLT),3
demo-costa,2024-11-29,Titanium Elite (TTM),1
demo-centro,2024-11-30,Member (MRD),1
demo-centro,2024-11-30,Gold Elite (GLD),2
demo-centro,2024-11-30,Platinum Elite (PLT),3
demo-costa,2024-11-30,Platinum Elite (PLT),1
demo-costa,2024-11-30,Titanium Elite (TTM),2
demo-centro,2024-12-01,Member (MRD),2
demo-centro,2024-12-01,Silver Elite (SLR),1
demo-centro,2024-12-01,Platinum Elite (PLT),4
demo-centro,2024-12-01,Titanium Elite (TTM),4
demo-costa,2024-12-01,Member (MRD),1
demo-costa,2024-12-01,Silver Elite (SLR),1
demo-costa,2024-12-01,Gold Elite (GLD),3
demo-costa,2024-12-01,Platinum Elite (PLT),2
demo-costa,2024-12-01,Titanium Elite (TTM),2
demo-centro,2024-12-02,Member (MRD),2
demo-centro,2024-12-02,Gold Elite (GLD),2
demo-centro,2024-12-02,Platinum Elite (PLT),4
demo-centro,2024-12-02,Titanium Elite (TTM),2
demo-costa,2024-12-02,Member (MRD),1
demo-costa,2024-12-02,Silver Elite (SLR),3
demo-costa,2024-12-02,Platinum Elite (PLT),2
demo-costa,2024-12-02,Titanium Elite (TTM),1
demo-centro,2024-12-03,Member (MRD),3
demo-centro,2024-12-03,Silver Elite (SLR),2
demo-centro,2024-12-03,Gold Elite (GLD),1
demo-centro,2024-12-03,Platinum Elite (PLT),1
demo-centro,2024-12-03,Titanium Elite (TTM),3
demo-costa,2024-12-03,Gold Elite (GLD),3
demo-costa,2024-12-03,Platinum Elite (PLT),1
demo-costa,2024-12-03,Titanium Elite (TTM),2
demo-centro,2024-12-04,Member (MRD),1
demo-centro,2024-12-04,Gold Elite (GLD),1
demo-centro,2024-12-04,Platinum Elite (PLT),1
demo-centro,2024-12-04,Titanium Elite (TTM),2
demo-costa,2024-12-04,Member (MRD),1
demo-costa,2024-12-04,Silver Elite (SLR),4
demo-costa,2024-12-04,Gold Elite (GLD),2
demo-costa,2024-12-04,Platinum Elite (PLT),2
demo-costa,2024-12-04,Titanium Elite (TTM),4
demo-centro,2024-12-05,Member (MRD),2
demo-centro,2024-12-05,Silver Elite (SLR),1
demo-centro,2024-12-05,Gold Elite (GLD),4
demo-centro,2024-12-05,Platinum Elite (PLT),4
demo-centro,2024-12-05,Titanium Elite (TTM),4
demo-costa,2024-12-05,Member (MRD),2
demo-costa,2024-12-05,Silver Elite (SLR),4
demo-costa,2024-12-05,Gold Elite (GLD),1
demo-costa,2024-12-05,Platinum Elite (PLT),2
demo-costa,2024-12-05,Titanium Elite (TTM),3
demo-centro,2024-12-06,Member (MRD),4
demo-centro,2024-12-06,Silver Elite (SLR),4
demo-centro,2024-12-06,Platinum Elite (PLT),4
demo-centro,2024-12-06,Titanium Elite (TTM),4
demo-costa,2024-12-06,Member (MRD),1
demo-costa,2024-12-06,Silver Elite (SLR),4
demo-costa,2024-12-06,Titanium Elite (TTM),4
demo-centro,2024-12-07,Member (MRD),1
demo-centro,2024-12-07,Silver Elite (SLR),1
demo-centro,2024-12-07,Gold Elite (GLD),2
demo-centro,2024-12-07,Platinum Elite (PLT),2
demo-centro,2024-12-07,Titanium Elite (TTM),4
demo-costa,2024-12-07,Gold Elite (GLD),4
demo-centro,2024-12-08,Member (MRD),1
demo-centro,2024-12-08,Silver Elite (SLR),3
demo-centro,2024-12-08,Gold Elite (GLD),4
demo-centro,2024-12-08,Platinum Elite (PLT),2
demo-centro,2024-12-08,Titanium Elite (TTM),4
demo-costa,2024-12-08,Member (MRD),1
demo-costa,2024-12-08,Silver Elite (SLR),2
demo-costa,2024-12-08,Platinum Elite (PLT),4
demo-costa,2024-12-08,Titanium Elite (TTM),3
demo-centro,2024-12-09,Member (MRD),3
demo-centro,2024-12-09,Silver Elite (SLR),1
demo-centro,2024-12-09,Gold Elite (GLD),1
demo-centro,2024-12-09,Platinum Elite (PLT),2
demo-centro,2024-12-09,Titanium Elite (TTM),2
demo-costa,2024-12-09,Member (MRD),2
demo-costa,2024-12-09,Silver Elite (SLR),3
demo-costa,2024-12-09,Platinum Elite (PLT),1
demo-centro,2024-12-10,Silver Elite (SLR),4
demo-centro,2024-12-10,Gold Elite (GLD),2
demo-centro,2024-12-10,Platinum Elite (PLT),3
demo-centro,2024-12-10,Titanium Elite (TTM),1
demo-costa,2024-12-10,Member (MRD),3
demo-costa,2024-12-10,Silver Elite (SLR),1
demo-costa,2024-12-10,Gold Elite (GLD),4
demo-costa,2024-12-10,Platinum Elite (PLT),1
demo-costa,2024-12-10,Titanium Elite (TTM),3
demo-centro,2024-12-11,Member (MRD),1
demo-centro,2024-12-11,Silver Elite (SLR),2
demo-centro,2024-12-11,Gold Elite (GLD),4
demo-centro,2024-12-11,Titanium Elite (TTM),2
demo-costa,2024-12-11,Member (MRD),3
demo-costa,2024-12-11,Silver Elite (SLR),4
demo-costa,2024-12-11,Gold Elite (GLD),4
demo-costa,2024-12-11,Platinum Elite (PLT),1
demo-costa,2024-12-11,Titanium Elite (TTM),2
demo-centro,2024-12-12,Member (MRD),4
demo-centro,2024-12-12,Silver Elite (SLR),4
demo-centro,2024-12-12,Gold Elite (GLD),4
demo-centro,2024-12-12,Platinum Elite (PLT),4
demo-centro,2024-12-12,Titanium Elite (TTM),1
demo-costa,2024-12-12,Silver Elite (SLR),3
demo-costa,2024-12-12,Gold Elite (GLD),3
demo-costa,2024-12-12,Platinum Elite (PLT),3
demo-costa,2024-12-12,Titanium Elite (TTM),3
demo-centro,2024-12-13,Member (MRD),1
demo-centro,2024-12-13,Silver Elite (SLR),3
demo-centro,2024-12-13,Gold Elite (GLD),3
demo-centro,2024-12-13,Platinum Elite (PLT),2
demo-centro,2024-12-13,Titanium Elite (TTM),1
demo-costa,2024-12-13,Member (MRD),1
demo-costa,2024-12-13,Silver Elite (SLR),3
demo-costa,2024-12-13,Gold Elite (GLD),4
demo-costa,2024-12-13,Platinum Elite (PLT),4
demo-costa,2024-12-13,Titanium Elite (TTM),1
demo-centro,2024-12-14,Member (MRD),1
demo-centro,2024-12-14,Silver Elite (SLR),3
demo-centro,2024-12-14,Platinum Elite (PLT),4
demo-costa,2024-12-14,Member (MRD),2
demo-costa,2024-12-14,Silver Elite (SLR),4
demo-costa,2024-12-14,Gold Elite (GLD),1
demo-costa,2024-12-14,Platinum Elite (PLT),4
demo-costa,2024-12-14,Titanium Elite (TTM),1
demo-centro,2024-12-15,Member (MRD),2
demo-centro,2024-12-15,Silver Elite (SLR),1
demo-centro,2024-12-15,Gold Elite (GLD),2
demo-centro,2024-12-15,Platinum Elite (PLT),4
demo-costa,2024-12-15,Member (MRD),1
demo-costa,2024-12-15,Silver Elite (SLR),1
demo-costa,2024-12-15,Gold Elite (GLD),1
demo-costa,2024-12-15,Titanium Elite (TTM),2
demo-centro,2024-12-16,Member (MRD),3
demo-centro,2024-12-16,Silver Elite (SLR),1
demo-centro,2024-12-16,Gold Elite (GLD),2
demo-centro,2024-12-16,Platinum Elite (PLT),1
demo-centro,2024-12-16,Titanium Elite (TTM),3
demo-costa,2024-12-16,Member (MRD),2
demo-costa,2024-12-16,Gold Elite (GLD),3
demo-costa,2024-12-16,Platinum Elite (PLT),3
demo-centro,2024-12-17,Member (MRD),4
demo-centro,2024-12-17,Silver Elite (SLR),3
demo-centro,2024-12-17,Gold Elite (GLD),1
demo-centro,2024-12-17,Platinum Elite (PLT),2
demo-centro,2024-12-17,Titanium Elite (TTM),3
demo-costa,2024-12-17,Member (MRD),3
demo-costa,2024-12-17,Silver Elite (SLR),3
demo-costa,2024-12-17,Gold Elite (GLD),4
demo-costa,2024-12-17,Platinum Elite (PLT),4
demo-costa,2024-12-17,Titanium Elite (TTM),3
demo-centro,2024-12-18,Silver Elite (SLR),4
demo-centro,2024-12-18,Gold Elite (GLD),1
demo-centro,2024-12-18,Platinum Elite (PLT),3
demo-centro,2024-12-18,Titanium Elite (TTM),4
demo-costa,2024-12-18,Gold Elite (GLD),2
demo-costa,2024-12-18,Platinum Elite (PLT),3
demo-centro,2024-12-19,Member (MRD),1
demo-centro,2024-12-19,Silver Elite (SLR),2
demo-centro,2024-12-19,Gold Elite (GLD),3
demo-centro,2024-12-19,Platinum Elite (PLT),1
demo-centro,2024-12-19,Titanium Elite (TTM),1
demo-costa,2024-12-19,Silver Elite (SLR),3
demo-costa,2024-12-19,Gold Elite (GLD),3
demo-costa,2024-12-19,Platinum Elite (PLT),2
demo-costa,2024-12-19,Titanium Elite (TTM),4
demo-centro,2024-12-20,Member (MRD),2
demo-centro,2024-12-20,Silver Elite (SLR),2
demo-centro,2024-12-20,Gold Elite (GLD),4
demo-centro,2024-12-20,Platinum Elite (PLT),1
demo-costa,2024-12-20,Member (MRD),2
demo-costa,2024-12-20,Gold Elite (GLD),2
demo-costa,2024-12-20,Platinum Elite (PLT),1
demo-costa,2024-12-20,Titanium Elite (TTM),4
demo-centro,2024-12-21,Member (MRD),2
demo-centro,2024-12-21,Silver Elite (SLR),3
demo-centro,2024-12-21,Gold Elite (GLD),3
demo-centro,2024-12-21,Platinum Elite (PLT),3
demo-costa,2024-12-21,Member (MRD),2
demo-costa,2024-12-21,Silver Elite (SLR),3
demo-costa,2024-12-21,Gold Elite (GLD),3
demo-costa,2024-12-21,Platinum Elite (PLT),3
demo-costa,2024-12-21,Titanium Elite (TTM),4
demo-centro,2024-12-22,Member (MRD),1
demo-centro,2024-12-22,Silver Elite (SLR),1
demo-centro,2024-12-22,Gold Elite (GLD),3
demo-centro,2024-12-22,Platinum Elite (PLT),3
demo-centro,2024-12-22,Titanium Elite (TTM),4
demo-costa,2024-12-22,Member (MRD),3
demo-costa,2024-12-22,Silver Elite (SLR),1
demo-costa,2024-12-22,Gold Elite (GLD),2
demo-costa,2024-12-22,Platinum Elite (PLT),1
demo-centro,2024-12-23,Member (MRD),2
demo-centro,2024-12-23,Silver Elite (SLR),4
demo-centro,2024-12-23,Gold Elite (GLD),3
demo-costa,2024-12-23,Silver Elite (SLR),3
demo-costa,2024-12-23,Gold Elite (GLD),2
demo-costa,2024-12-23,Platinum Elite (PLT),1
demo-costa,2024-12-23,Titanium Elite (TTM),3
demo-centro,2024-12-24,Member (MRD),4
demo-centro,2024-12-24,Silver Elite (SLR),1
demo-centro,2024-12-24,Gold Elite (GLD),4
demo-centro,2024-12-24,Platinum Elite (PLT),4
demo-costa,2024-12-24,Member (MRD),2
demo-costa,2024-12-24,Silver Elite (SLR),4
demo-costa,2024-12-24,Gold Elite (GLD),1
demo-costa,2024-12-24,Platinum Elite (PLT),2
demo-centro,2024-12-25,Platinum Elite (PLT),3
demo-costa,2024-12-25,Member (MRD),2
demo-costa,2024-12-25,Silver Elite (SLR),3
demo-costa,2024-12-25,Gold Elite (GLD),2
demo-costa,2024-12-25,Platinum Elite (PLT),1
demo-costa,2024-12-25,Titanium Elite (TTM),4
demo-centro,2024-12-26,Member (MRD),4
demo-centro,2024-12-26,Platinum Elite (PLT),4
demo-centro,2024-12-26,Titanium Elite (TTM),3
demo-costa,2024-12-26,Member (MRD),4
demo-costa,2024-12-26,Silver Elite (SLR),2
demo-costa,2024-12-26,Gold Elite (GLD),2
demo-costa,2024-12-26,Platinum Elite (PLT),2
demo-costa,2024-12-26,Titanium Elite (TTM),1
demo-centro,2024-12-27,Member (MRD),3
demo-centro,2024-12-27,Silver Elite (SLR),3
demo-centro,2024-12-27,Gold Elite (GLD),2
demo-centro,2024-12-27,Platinum Elite (PLT),4
demo-centro,2024-12-27,Titanium Elite (TTM),1
demo-costa,2024-12-27,Member (MRD),4
demo-costa,2024-12-27,Platinum Elite (PLT),2
demo-costa,2024-12-27,Titanium Elite (TTM),1
demo-centro,2024-12-28,Silver Elite (SLR),2
demo-centro,2024-12-28,Platinum Elite (PLT),1
demo-centro,2024-12-28,Titanium Elite (TTM),3
demo-costa,2024-12-28,Member (MRD),1
demo-costa,2024-12-28,Silver Elite (SLR),3
demo-costa,2024-12-28,Gold Elite (GLD),3
demo-costa,2024-12-28,Platinum Elite (PLT),3
demo-costa,2024-12-28,Titanium Elite (TTM),1
demo-centro,2024-12-29,Member (MRD),4
demo-centro,2024-12-29,Silver Elite (SLR),3
demo-centro,2024-12-29,Gold Elite (GLD),4
demo-centro,2024-12-29,Platinum Elite (PLT),3
demo-centro,2024-12-29,Titanium Elite (TTM),1
demo-costa,2024-12-29,Member (MRD),2
demo-costa,2024-12-29,Silver Elite (SLR),4
demo-costa,2024-12-29,Gold Elite (GLD),3
demo-centro,2024-12-30,Member (MRD),2
demo-centro,2024-12-30,Silver Elite (SLR),3
demo-centro,2024-12-30,Gold Elite (GLD),3
demo-centro,2024-12-30,Platinum Elite (PLT),2
demo-centro,2024-12-30,Titanium Elite (TTM),2
demo-costa,2024-12-30,Member (MRD),1
demo-costa,2024-12-30,Silver Elite (SLR),4
demo-costa,2024-12-30,Gold Elite (GLD),1
demo-costa,2024-12-30,Platinum Elite (PLT),1
demo-centro,2024-12-31,Member (MRD),1
demo-centro,2024-12-31,Silver Elite (SLR),1
demo-centro,2024-12-31,Gold Elite (GLD),4
demo-centro,2024-12-31,Platinum Elite (PLT),1
demo-centro,2024-12-31,Titanium Elite (TTM),2
demo-costa,2024-12-31,Member (MRD),1
demo-costa,2024-12-31,Silver Elite (SLR),3
demo-costa,2024-12-31,Platinum Elite (PLT),3
demo-costa,2024-12-31,Titanium Elite (TTM),1
demo-centro,2025-01-01,Member (MRD),1
demo-centro,2025-01-01,Silver Elite (SLR),3
demo-centro,2025-01-01,Gold Elite (GLD),2
demo-centro,2025-01-01,Platinum Elite (PLT),1
demo-costa,2025-01-01,Member (MRD),4
demo-costa,2025-01-01,Gold Elite (GLD),1
demo-costa,2025-01-01,Platinum Elite (PLT),3
demo-costa,2025-01-01,Titanium Elite (TTM),2
demo-centro,2025-01-02,Member (MRD),4
demo-centro,2025-01-02,Gold Elite (GLD),4
demo-centro,2025-01-02,Platinum Elite (PLT),3
demo-centro,2025-01-02,Titanium Elite (TTM),4
demo-costa,2025-01-02,Member (MRD),3
demo-costa,2025-01-02,Silver Elite (SLR),2
demo-costa,2025-01-02,Gold Elite (GLD),2
demo-costa,2025-01-02,Platinum Elite (PLT),3
demo-costa,2025-01-02,Titanium Elite (TTM),1
demo-centro,2025-01-03,Member (MRD),4
demo-centro,2025-01-03,Silver Elite (SLR),3
demo-centro,2025-01-03,Gold Elite (GLD),1
demo-centro,2025-01-03,Platinum Elite (PLT),2
demo-centro,2025-01-03,Titanium Elite (TTM),4
demo-costa,2025-01-03,Member (MRD),4
demo-costa,2025-01-03,Platinum Elite (PLT),2
demo-costa,2025-01-03,Titanium Elite (TTM),2
demo-centro,2025-01-04,Member (MRD),4
demo-centro,2025-01-04,Silver Elite (SLR),3
demo-centro,2025-01-04,Gold Elite (GLD),3
demo-centro,2025-01-04,Platinum Elite (PLT),3
demo-centro,2025-01-04,Titanium Elite (TTM),3
demo-costa,2025-01-04,Member (MRD),4
demo-costa,2025-01-04,Silver Elite (SLR),1
demo-costa,2025-01-04,Platinum Elite (PLT),1
demo-costa,2025-01-04,Titanium Elite (TTM),1
demo-centro,2025-01-05,Member (MRD),3
demo-centro,2025-01-05,Silver Elite (SLR),3
demo-centro,2025-01-05,Platinum Elite (PLT),1
demo-costa,2025-01-05,Silver Elite (SLR),3
demo-costa,2025-01-05,Gold Elite (GLD),3
demo-costa,2025-01-05,Platinum Elite (PLT),4
demo-centro,2025-01-06,Member (MRD),2
demo-centro,2025-01-06,Silver Elite (SLR),3
demo-centro,2025-01-06,Gold Elite (GLD),3
demo-centro,2025-01-06,Platinum Elite (PLT),3
demo-costa,2025-01-06,Member (MRD),4
demo-costa,2025-01-06,Silver Elite (SLR),3
demo-costa,2025-01-06,Gold Elite (GLD),1
demo-costa,2025-01-06,Platinum Elite (PLT),1
demo-costa,2025-01-06,Titanium Elite (TTM),2
demo-centro,2025-01-07,Member (MRD),3
demo-centro,2025-01-07,Silver Elite (SLR),3
demo-centro,2025-01-07,Gold Elite (GLD),2
demo-centro,2025-01-07,Titanium Elite (TTM),4
demo-costa,2025-01-07,Member (MRD),2
demo-costa,2025-01-07,Silver Elite (SLR),3
demo-costa,2025-01-07,Gold Elite (GLD),4
demo-costa,2025-01-07,Titanium Elite (TTM),3
demo-centro,2025-01-08,Member (MRD),3
demo-centro,2025-01-08,Silver Elite (SLR),4
demo-centro,2025-01-08,Gold Elite (GLD),4
demo-costa,2025-01-08,Member (MRD),2
demo-costa,2025-01-08,Gold Elite (GLD),4
demo-costa,2025-01-08,Platinum Elite (PLT),3
demo-costa,2025-01-08,Titanium Elite (TTM),4
demo-centro,2025-01-09,Member (MRD),4
demo-centro,2025-01-09,Silver Elite (SLR),3
demo-centro,2025-01-09,Gold Elite (GLD),3
demo-centro,2025-01-09,Titanium Elite (TTM),2
demo-costa,2025-01-09,Member (MRD),2
demo-costa,2025-01-09,Silver Elite (SLR),4
demo-costa,2025-01-09,Gold Elite (GLD),1
demo-costa,2025-01-09,Platinum Elite (PLT),4
demo-costa,2025-01-09,Titanium Elite (TTM),3
demo-centro,2025-01-10,Member (MRD),4
demo-centro,2025-01-10,Silver Elite (SLR),4
demo-centro,2025-01-10,Gold Elite (GLD),1
demo-centro,2025-01-10,Platinum Elite (PLT),4
demo-centro,2025-01-10,Titanium Elite (TTM),3
demo-costa,2025-01-10,Member (MRD),2
demo-costa,2025-01-10,Gold Elite (GLD),1
demo-costa,2025-01-10,Platinum Elite (PLT),2
demo-centro,2025-01-11,Member (MRD),3
demo-centro,2025-01-11,Silver Elite (SLR),1
demo-centro,2025-01-11,Gold Elite (GLD),4
demo-centro,2025-01-11,Platinum Elite (PLT),4
demo-centro,2025-01-11,Titanium Elite (TTM),2
demo-costa,2025-01-11,Silver Elite (SLR),1
demo-costa,2025-01-11,Gold Elite (GLD),3
demo-costa,2025-01-11,Platinum Elite (PLT),4
demo-costa,2025-01-11,Titanium Elite (TTM),3
demo-centro,2025-01-12,Member (MRD),2
demo-centro,2025-01-12,Silver Elite (SLR),2
demo-centro,2025-01-12,Platinum Elite (PLT),4
demo-centro,2025-01-12,Titanium Elite (TTM),2
demo-costa,2025-01-12,Silver Elite (SLR),3
demo-costa,2025-01-12,Gold Elite (GLD),4
demo-costa,2025-01-12,Titanium Elite (TTM),2
demo-centro,2025-01-13,Member (MRD),4
demo-centro,2025-01-13,Gold Elite (GLD),3
demo-centro,2025-01-13,Platinum Elite (PLT),4
demo-centro,2025-01-13,Titanium Elite (TTM),1
demo-costa,2025-01-13,Member (MRD),1
demo-costa,2025-01-13,Silver Elite (SLR),2
demo-costa,2025-01-13,Gold Elite (GLD),1
demo-centro,2025-01-14,Member (MRD),4
demo-centro,2025-01-14,Silver Elite (SLR),2
demo-centro,2025-01-14,Gold Elite (GLD),1
demo-centro,2025-01-14,Platinum Elite (PLT),1
demo-centro,2025-01-14,Titanium Elite (TTM),2
demo-costa,2025-01-14,Member (MRD),4
demo-costa,2025-01-14,Silver Elite (SLR),3
demo-costa,2025-01-14,Gold Elite (GLD),2
demo-costa,2025-01-14,Platinum Elite (PLT),2
demo-costa,2025-01-14,Titanium Elite (TTM),4
demo-centro,2025-01-15,Gold Elite (GLD),1
demo-centro,2025-01-15,Platinum Elite (PLT),2
demo-costa,2025-01-15,Member (MRD),3
demo-costa,2025-01-15,Silver Elite (SLR),4
demo-costa,2025-01-15,Gold Elite (GLD),1
demo-costa,2025-01-15,Platinum Elite (PLT),3
demo-centro,2025-01-16,Gold Elite (GLD),3
demo-centro,2025-01-16,Titanium Elite (TTM),1
demo-costa,2025-01-16,Member (MRD),3
demo-costa,2025-01-16,Silver Elite (SLR),3
demo-costa,2025-01-16,Titanium Elite (TTM),3
demo-centro,2025-01-17,Member (MRD),4
demo-centro,2025-01-17,Silver Elite (SLR),2
demo-centro,2025-01-17,Gold Elite (GLD),1
demo-centro,2025-01-17,Platinum Elite (PLT),3
demo-costa,2025-01-17,Member (MRD),1
demo-costa,2025-01-17,Silver Elite (SLR),3
demo-costa,2025-01-17,Gold Elite (GLD),2
demo-costa,2025-01-17,Platinum Elite (PLT),3
demo-costa,2025-01-17,Titanium Elite (TTM),2
demo-centro,2025-01-18,Gold Elite (GLD),3
demo-centro,2025-01-18,Titanium Elite (TTM),4
demo-costa,2025-01-18,Member (MRD),3
demo-costa,2025-01-18,Gold Elite (GLD),1
demo-costa,2025-01-18,Platinum Elite (PLT),4
demo-costa,2025-01-18,Titanium Elite (TTM),1
demo-centro,2025-01-19,Member (MRD),2
demo-centro,2025-01-19,Silver Elite (SLR),3
demo-centro,2025-01-19,Platinum Elite (PLT),4
demo-costa,2025-01-19,Member (MRD),4
demo-costa,2025-01-19,Silver Elite (SLR),1
demo-costa,2025-01-19,Gold Elite (GLD),2
demo-costa,2025-01-19,Platinum Elite (PLT),2
demo-costa,2025-01-19,Titanium Elite (TTM),3
demo-centro,2025-01-20,Member (MRD),4
demo-centro,2025-01-20,Silver Elite (SLR),4
demo-centro,2025-01-20,Gold Elite (GLD),1
demo-centro,2025-01-20,Platinum Elite (PLT),1
demo-centro,2025-01-20,Titanium Elite (TTM),2
demo-costa,2025-01-20,Silver Elite (SLR),2
demo-costa,2025-01-20,Gold Elite (GLD),4
demo-costa,2025-01-20,Platinum Elite (PLT),3
demo-costa,2025-01-20,Titanium Elite (TTM),2
demo-centro,2025-01-21,Member (MRD),1
demo-centro,2025-01-21,Platinum Elite (PLT),1
demo-centro,2025-01-21,Titanium Elite (TTM),2
demo-costa,2025-01-21,Member (MRD),3
demo-costa,2025-01-21,Silver Elite (SLR),3
demo-costa,2025-01-21,Gold Elite (GLD),2
demo-costa,2025-01-21,Platinum Elite (PLT),3
demo-centro,2025-01-22,Member (MRD),3
demo-centro,2025-01-22,Silver Elite (SLR),2
demo-centro,2025-01-22,Gold Elite (GLD),4
demo-centro,2025-01-22,Platinum Elite (PLT),3
demo-centro,2025-01-22,Titanium Elite (TTM),1
demo-costa,2025-01-22,Member (MRD),3
demo-costa,2025-01-22,Silver Elite (SLR),2
demo-costa,2025-01-22,Gold Elite (GLD),2
demo-costa,2025-01-22,Platinum Elite (PLT),3
demo-costa,2025-01-22,Titanium Elite (TTM),2
demo-centro,2025-01-23,Silver Elite (SLR),1
demo-centro,2025-01-23,Platinum Elite (PLT),2
demo-centro,2025-01-23,Titanium Elite (TTM),2
demo-costa,2025-01-23,Member (MRD),2
demo-costa,2025-01-23,Silver Elite (SLR),3
demo-costa,2025-01-23,Gold Elite (GLD),4
demo-costa,2025-01-23,Platinum Elite (PLT),3
demo-costa,2025-01-23,Titanium Elite (TTM),4
demo-centro,2025-01-24,Member (MRD),1
demo-centro,2025-01-24,Silver Elite (SLR),4
demo-centro,2025-01-24,Gold Elite (GLD),2
demo-centro,2025-01-24,Platinum Elite (PLT),2
demo-costa,2025-01-24,Platinum Elite (PLT),3
demo-costa,2025-01-24,Titanium Elite (TTM),2
demo-centro,2025-01-25,Member (MRD),1
demo-centro,2025-01-25,Silver Elite (SLR),2
demo-centro,2025-01-25,Gold Elite (GLD),1
demo-centro,2025-01-25,Platinum Elite (PLT),3
demo-centro,2025-01-25,Titanium Elite (TTM),1
demo-costa,2025-01-25,Member (MRD),2
demo-costa,2025-01-25,Silver Elite (SLR),1
demo-costa,2025-01-25,Gold Elite (GLD),4
demo-costa,2025-01-25,Platinum Elite (PLT),3
demo-costa,2025-01-25,Titanium Elite (TTM),4
demo-centro,2025-01-26,Silver Elite (SLR),4
demo-centro,2025-01-26,Gold Elite (GLD),2
demo-centro,2025-01-26,Platinum Elite (PLT),3
demo-centro,2025-01-26,Titanium Elite (TTM),1
demo-costa,2025-01-26,Member (MRD),3
demo-costa,2025-01-26,Silver Elite (SLR),2
demo-costa,2025-01-26,Gold Elite (GLD),2
demo-costa,2025-01-26,Platinum Elite (PLT),3
demo-costa,2025-01-26,Titanium Elite (TTM),1
demo-centro,2025-01-27,Member (MRD),3
demo-centro,2025-01-27,Silver Elite (SLR),4
demo-centro,2025-01-27,Gold Elite (GLD),2
demo-centro,2025-01-27,Platinum Elite (PLT),3
demo-costa,2025-01-27,Silver Elite (SLR),4
demo-costa,2025-01-27,Gold Elite (GLD),4
demo-costa,2025-01-27,Platinum Elite (PLT),3
demo-costa,2025-01-27,Titanium Elite (TTM),2
demo-centro,2025-01-28,Silver Elite (SLR),3
demo-centro,2025-01-28,Gold Elite (GLD),1
demo-centro,2025-01-28,Platinum Elite (PLT),2
demo-centro,2025-01-28,Titanium Elite (TTM),3
demo-costa,2025-01-28,Member (MRD),1
demo-costa,2025-01-28,Silver Elite (SLR),3
demo-costa,2025-01-28,Gold Elite (GLD),4
demo-costa,2025-01-28,Platinum Elite (PLT),1
demo-costa,2025-01-28,Titanium Elite (TTM),2
demo-centro,2025-01-29,Member (MRD),2
demo-centro,2025-01-29,Platinum Elite (PLT),2
demo-centro,2025-01-29,Titanium Elite (TTM),2
demo-costa,2025-01-29,Member (MRD),3
demo-costa,2025-01-29,Silver Elite (SLR),2
demo-costa,2025-01-29,Platinum Elite (PLT),2
demo-costa,2025-01-29,Titanium Elite (TTM),4
demo-centro,2025-01-30,Member (MRD),3
demo-centro,2025-01-30,Silver Elite (SLR),2
demo-centro,2025-01-30,Gold Elite (GLD),4
demo-centro,2025-01-30,Platinum Elite (PLT),2
demo-centro,2025-01-30,Titanium Elite (TTM),2
demo-costa,2025-01-30,Member (MRD),1
demo-costa,2025-01-30,Silver Elite (SLR),2
demo-costa,2025-01-30,Gold Elite (GLD),1
demo-costa,2025-01-30,Platinum Elite (PLT),2
demo-costa,2025-01-30,Titanium Elite (TTM),1
demo-centro,2025-01-31,Member (MRD),2
demo-centro,2025-01-31,Gold Elite (GLD),4
demo-centro,2025-01-31,Platinum Elite (PLT),2
demo-centro,2025-01-31,Titanium Elite (TTM),1
demo-costa,2025-01-31,Silver Elite (SLR),4
demo-costa,2025-01-31,Gold Elite (GLD),1
demo-costa,2025-01-31,Platinum Elite (PLT),3
demo-costa,2025-01-31,Titanium Elite (TTM),2
demo-centro,2025-02-01,Silver Elite (SLR),2
demo-centro,2025-02-01,Gold Elite (GLD),3
demo-centro,2025-02-01,Platinum Elite (PLT),4
demo-centro,2025-02-01,Titanium Elite (TTM),2
demo-costa,2025-02-01,Member (MRD),1
demo-costa,2025-02-01,Silver Elite (SLR),1
demo-costa,2025-02-01,Gold Elite (GLD),2
demo-costa,2025-02-01,Platinum Elite (PLT),4
demo-centro,2025-02-02,Member (MRD),1
demo-centro,2025-02-02,Silver Elite (SLR),4
demo-centro,2025-02-02,Gold Elite (GLD),3
demo-centro,2025-02-02,Platinum Elite (PLT),2
demo-centro,2025-02-02,Titanium Elite (TTM),3
demo-costa,2025-02-02,Member (MRD),1
demo-costa,2025-02-02,Silver Elite (SLR),3
demo-costa,2025-02-02,Gold Elite (GLD),4
demo-costa,2025-02-02,Platinum Elite (PLT),3
demo-costa,2025-02-02,Titanium Elite (TTM),1
demo-centro,2025-02-03,Member (MRD),4
demo-centro,2025-02-03,Silver Elite (SLR),4
demo-centro,2025-02-03,Gold Elite (GLD),1
demo-centro,2025-02-03,Titanium Elite (TTM),4
demo-costa,2025-02-03,Member (MRD),1
demo-costa,2025-02-03,Silver Elite (SLR),4
demo-costa,2025-02-03,Gold Elite (GLD),2
demo-costa,2025-02-03,Platinum Elite (PLT),3
demo-centro,2025-02-04,Member (MRD),3
demo-centro,2025-02-04,Silver Elite (SLR),3
demo-centro,2025-02-04,Gold Elite (GLD),1
demo-centro,2025-02-04,Platinum Elite (PLT),1
demo-centro,2025-02-04,Titanium Elite (TTM),4
demo-costa,2025-02-04,Member (MRD),3
demo-costa,2025-02-04,Silver Elite (SLR),1
demo-costa,2025-02-04,Gold Elite (GLD),4
demo-costa,2025-02-04,Titanium Elite (TTM),2
demo-centro,2025-02-05,Silver Elite (SLR),3
demo-centro,2025-02-05,Platinum Elite (PLT),4
demo-costa,2025-02-05,Member (MRD),3
demo-costa,2025-02-05,Silver Elite (SLR),3
demo-costa,2025-02-05,Gold Elite (GLD),2
demo-costa,2025-02-05,Platinum Elite (PLT),2
demo-costa,2025-02-05,Titanium Elite (TTM),2
demo-centro,2025-02-06,Member (MRD),2
demo-centro,2025-02-06,Silver Elite (SLR),4
demo-centro,2025-02-06,Gold Elite (GLD),3
demo-centro,2025-02-06,Platinum Elite (PLT),1
demo-costa,2025-02-06,Silver Elite (SLR),4
demo-costa,2025-02-06,Gold Elite (GLD),1
demo-costa,2025-02-06,Titanium Elite (TTM),4
demo-centro,2025-02-07,Silver Elite (SLR),3
demo-centro,2025-02-07,Gold Elite (GLD),4
demo-centro,2025-02-07,Platinum Elite (PLT),2
demo-centro,2025-02-07,Titanium Elite (TTM),4
demo-costa,2025-02-07,Member (MRD),1
demo-costa,2025-02-07,Silver Elite (SLR),1
demo-costa,2025-02-07,Gold Elite (GLD),1
demo-costa,2025-02-07,Titanium Elite (TTM),4
demo-centro,2025-02-08,Silver Elite (SLR),4
demo-centro,2025-02-08,Platinum Elite (PLT),3
demo-centro,2025-02-08,Titanium Elite (TTM),4
demo-costa,2025-02-08,Member (MRD),1
demo-costa,2025-02-08,Silver Elite (SLR),3
demo-costa,2025-02-08,Gold Elite (GLD),3
demo-costa,2025-02-08,Platinum Elite (PLT),1
demo-costa,2025-02-08,Titanium Elite (TTM),1
demo-centro,2025-02-09,Member (MRD),2
demo-centro,2025-02-09,Silver Elite (SLR),2
demo-centro,2025-02-09,Platinum Elite (PLT),1
demo-costa,2025-02-09,Member (MRD),4
demo-costa,2025-02-09,Silver Elite (SLR),4
demo-costa,2025-02-09,Gold Elite (GLD),4
demo-costa,2025-02-09,Platinum Elite (PLT),1
demo-costa,2025-02-09,Titanium Elite (TTM),4
demo-centro,2025-02-10,Member (MRD),3
demo-centro,2025-02-10,Silver Elite (SLR),1
demo-centro,2025-02-10,Titanium Elite (TTM),3
demo-costa,2025-02-10,Member (MRD),1
demo-costa,2025-02-10,Silver Elite (SLR),3
demo-costa,2025-02-10,Gold Elite (GLD),2
demo-costa,2025-02-10,Platinum Elite (PLT),1
demo-costa,2025-02-10,Titanium Elite (TTM),1
demo-centro,2025-02-11,Member (MRD),1
demo-centro,2025-02-11,Silver Elite (SLR),2
demo-centro,2025-02-11,Platinum Elite (PLT),1
demo-centro,2025-02-11,Titanium Elite (TTM),3
demo-costa,2025-02-11,Member (MRD),4
demo-costa,2025-02-11,Silver Elite (SLR),4
demo-costa,2025-02-11,Gold Elite (GLD),4
demo-costa,2025-02-11,Platinum Elite (PLT),4
demo-costa,2025-02-11,Titanium Elite (TTM),1
demo-centro,2025-02-12,Member (MRD),3
demo-centro,2025-02-12,Silver Elite (SLR),4
demo-centro,2025-02-12,Platinum Elite (PLT),1
demo-centro,2025-02-12,Titanium Elite (TTM),2
demo-costa,2025-02-12,Member (MRD),4
demo-costa,2025-02-12,Silver Elite (SLR),4
demo-costa,2025-02-12,Gold Elite (GLD),2
demo-costa,2025-02-12,Platinum Elite (PLT),4
demo-costa,2025-02-12,Titanium Elite (TTM),3
demo-centro,2025-02-13,Member (MRD),2
demo-centro,2025-02-13,Gold Elite (GLD),3
demo-centro,2025-02-13,Platinum Elite (PLT),3
demo-centro,2025-02-13,Titanium Elite (TTM),3
demo-costa,2025-02-13,Member (MRD),4
demo-costa,2025-02-13,Gold Elite (GLD),1
demo-costa,2025-02-13,Titanium Elite (TTM),2
demo-centro,2025-02-14,Member (MRD),1
demo-centro,2025-02-14,Silver Elite (SLR),3
demo-centro,2025-02-14,Gold Elite (GLD),2
demo-centro,2025-02-14,Platinum Elite (PLT),3
demo-centro,2025-02-14,Titanium Elite (TTM),3
demo-costa,2025-02-14,Member (MRD),2
demo-costa,2025-02-14,Gold Elite (GLD),2
demo-costa,2025-02-14,Platinum Elite (PLT),4
demo-costa,2025-02-14,Titanium Elite (TTM),3
demo-centro,2025-02-15,Member (MRD),3
demo-centro,2025-02-15,Silver Elite (SLR),4
demo-centro,2025-02-15,Gold Elite (GLD),3
demo-centro,2025-02-15,Platinum Elite (PLT),4
demo-centro,2025-02-15,Titanium Elite (TTM),1
demo-costa,2025-02-15,Member (MRD),1
demo-costa,2025-02-15,Silver Elite (SLR),4
demo-costa,2025-02-15,Platinum Elite (PLT),4
demo-costa,2025-02-15,Titanium Elite (TTM),1
demo-centro,2025-02-16,Member (MRD),1
demo-centro,2025-02-16,Silver Elite (SLR),4
demo-centro,2025-02-16,Gold Elite (GLD),2
demo-centro,2025-02-16,Titanium Elite (TTM),2
demo-costa,2025-02-16,Member (MRD),4
demo-costa,2025-02-16,Silver Elite (SLR),1
demo-costa,2025-02-16,Gold Elite (GLD),4
demo-costa,2025-02-16,Platinum Elite (PLT),2
demo-centro,2025-02-17,Member (MRD),1
demo-centro,2025-02-17,Silver Elite (SLR),4
demo-centro,2025-02-17,Gold Elite (GLD),2
demo-centro,2025-02-17,Platinum Elite (PLT),2
demo-centro,2025-02-17,Titanium Elite (TTM),4
demo-costa,2025-02-17,Member (MRD),2
demo-costa,2025-02-17,Silver Elite (SLR),2
demo-costa,2025-02-17,Gold Elite (GLD),3
demo-costa,2025-02-17,Platinum Elite (PLT),1
demo-costa,2025-02-17,Titanium Elite (TTM),4
demo-centro,2025-02-18,Member (MRD),3
demo-centro,2025-02-18,Silver Elite (SLR),2
demo-centro,2025-02-18,Gold Elite (GLD),3
demo-centro,2025-02-18,Platinum Elite (PLT),3
demo-centro,2025-02-18,Titanium Elite (TTM),3
demo-costa,2025-02-18,Member (MRD),2
demo-costa,2025-02-18,Silver Elite (SLR),1
demo-costa,2025-02-18,Gold Elite (GLD),4
demo-costa,2025-02-18,Platinum Elite (PLT),2
demo-costa,2025-02-18,Titanium Elite (TTM),1
demo-centro,2025-02-19,Member (MRD),3
demo-centro,2025-02-19,Silver Elite (SLR),4
demo-centro,2025-02-19,Gold Elite (GLD),4
demo-centro,2025-02-19,Platinum Elite (PLT),4
demo-centro,2025-02-19,Titanium Elite (TTM),1
demo-costa,2025-02-19,Member (MRD),4
demo-costa,2025-02-19,Silver Elite (SLR),2
demo-costa,2025-02-19,Platinum Elite (PLT),3
demo-costa,2025-02-19,Titanium Elite (TTM),1
demo-centro,2025-02-20,Member (MRD),2
demo-centro,2025-02-20,Silver Elite (SLR),4
demo-centro,2025-02-20,Gold Elite (GLD),1
demo-centro,2025-02-20,Platinum Elite (PLT),2
demo-centro,2025-02-20,Titanium Elite (TTM),2
demo-costa,2025-02-20,Silver Elite (SLR),4
demo-costa,2025-02-20,Platinum Elite (PLT),4
demo-centro,2025-02-21,Member (MRD),3
demo-centro,2025-02-21,Silver Elite (SLR),1
demo-centro,2025-02-21,Gold Elite (GLD),1
demo-centro,2025-02-21,Platinum Elite (PLT),3
demo-centro,2025-02-21,Titanium Elite (TTM),4
demo-costa,2025-02-21,Member (MRD),2
demo-costa,2025-02-21,Silver Elite (SLR),2
demo-costa,2025-02-21,Platinum Elite (PLT),3
demo-costa,2025-02-21,Titanium Elite (TTM),2
demo-centro,2025-02-22,Member (MRD),4
demo-centro,2025-02-22,Silver Elite (SLR),2
demo-centro,2025-02-22,Gold Elite (GLD),2
demo-centro,2025-02-22,Platinum Elite (PLT),2
demo-centro,2025-02-22,Titanium Elite (TTM),2
demo-costa,2025-02-22,Silver Elite (SLR),4
demo-costa,2025-02-22,Gold Elite (GLD),3
demo-costa,2025-02-22,Platinum Elite (PLT),2
demo-costa,2025-02-22,Titanium Elite (TTM),4
demo-centro,2025-02-23,Member (MRD),4
demo-centro,2025-02-23,Silver Elite (SLR),4
demo-centro,2025-02-23,Gold Elite (GLD),2
demo-centro,2025-02-23,Platinum Elite (PLT),1
demo-centro,2025-02-23,Titanium Elite (TTM),4
demo-costa,2025-02-23,Member (MRD),1
demo-costa,2025-02-23,Silver Elite (SLR),2
demo-costa,2025-02-23,Gold Elite (GLD),4
demo-costa,2025-02-23,Platinum Elite (PLT),4
demo-costa,2025-02-23,Titanium Elite (TTM),3
demo-centro,2025-02-24,Member (MRD),2
demo-centro,2025-02-24,Platinum Elite (PLT),2
demo-centro,2025-02-24,Titanium Elite (TTM),1
demo-costa,2025-02-24,Member (MRD),2
demo-costa,2025-02-24,Silver Elite (SLR),2
demo-costa,2025-02-24,Platinum Elite (PLT),4
demo-costa,2025-02-24,Titanium Elite (TTM),1
demo-centro,2025-02-25,Member (MRD),1
demo-centro,2025-02-25,Silver Elite (SLR),3
demo-centro,2025-02-25,Gold Elite (GLD),1
demo-centro,2025-02-25,Platinum Elite (PLT),3
demo-centro,2025-02-25,Titanium Elite (TTM),3
demo-costa,2025-02-25,Member (MRD),2
demo-costa,2025-02-25,Silver Elite (SLR),4
demo-costa,2025-02-25,Gold Elite (GLD),1
demo-costa,2025-02-25,Platinum Elite (PLT),3
demo-costa,2025-02-25,Titanium Elite (TTM),2
demo-centro,2025-02-26,Silver Elite (SLR),4
demo-centro,2025-02-26,Gold Elite (GLD),4
demo-centro,2025-02-26,Platinum Elite (PLT),4
demo-costa,2025-02-26,Member (MRD),2
demo-costa,2025-02-26,Silver Elite (SLR),2
demo-costa,2025-02-26,Gold Elite (GLD),3
demo-costa,2025-02-26,Titanium Elite (TTM),4
demo-centro,2025-02-27,Member (MRD),2
demo-centro,2025-02-27,Silver Elite (SLR),2
demo-centro,2025-02-27,Platinum Elite (PLT),1
demo-centro,2025-02-27,Titanium Elite (TTM),2
demo-costa,2025-02-27,Member (MRD),1
demo-costa,2025-02-27,Silver Elite (SLR),3
demo-costa,2025-02-27,Gold Elite (GLD),3
demo-costa,2025-02-27,Titanium Elite (TTM),2
demo-centro,2025-02-28,Member (MRD),4
demo-centro,2025-02-28,Silver Elite (SLR),3
demo-centro,2025-02-28,Gold Elite (GLD),2
demo-centro,2025-02-28,Platinum Elite (PLT),4
demo-centro,2025-02-28,Titanium Elite (TTM),4
demo-costa,2025-02-28,Silver Elite (SLR),2
demo-costa,2025-02-28,Platinum Elite (PLT),1
demo-costa,2025-02-28,Titanium Elite (TTM),3
demo-centro,2025-03-01,Member (MRD),3
demo-centro,2025-03-01,Silver Elite (SLR),4
demo-centro,2025-03-01,Gold Elite (GLD),4
demo-centro,2025-03-01,Titanium Elite (TTM),1
demo-costa,2025-03-01,Member (MRD),3
demo-costa,2025-03-01,Silver Elite (SLR),4
demo-costa,2025-03-01,Platinum Elite (PLT),1
demo-centro,2025-03-02,Member (MRD),1
demo-centro,2025-03-02,Silver Elite (SLR),1
demo-centro,2025-03-02,Gold Elite (GLD),4
demo-centro,2025-03-02,Platinum Elite (PLT),4
demo-centro,2025-03-02,Titanium Elite (TTM),3
demo-costa,2025-03-02,Member (MRD),1
demo-costa,2025-03-02,Silver Elite (SLR),2
demo-costa,2025-03-02,Gold Elite (GLD),2
demo-costa,2025-03-02,Platinum Elite (PLT),4
demo-costa,2025-03-02,Titanium Elite (TTM),3
demo-centro,2025-03-03,Member (MRD),1
demo-centro,2025-03-03,Silver Elite (SLR),4
demo-centro,2025-03-03,Gold Elite (GLD),4
demo-centro,2025-03-03,Platinum Elite (PLT),4
demo-centro,2025-03-03,Titanium Elite (TTM),2
demo-costa,2025-03-03,Member (MRD),3
demo-costa,2025-03-03,Silver Elite (SLR),4
demo-costa,2025-03-03,Gold Elite (GLD),4
demo-costa,2025-03-03,Platinum Elite (PLT),1
demo-centro,2025-03-04,Member (MRD),3
demo-centro,2025-03-04,Platinum Elite (PLT),3
demo-costa,2025-03-04,Member (MRD),3
demo-costa,2025-03-04,Gold Elite (GLD),3
demo-costa,2025-03-04,Platinum Elite (PLT),4
demo-costa,2025-03-04,Titanium Elite (TTM),4
demo-centro,2025-03-05,Member (MRD),1
demo-centro,2025-03-05,Silver Elite (SLR),3
demo-centro,2025-03-05,Platinum Elite (PLT),3
demo-costa,2025-03-05,Member (MRD),1
demo-costa,2025-03-05,Silver Elite (SLR),1
demo-costa,2025-03-05,Gold Elite (GLD),1
demo-costa,2025-03-05,Platinum Elite (PLT),1
demo-costa,2025-03-05,Titanium Elite (TTM),1
demo-centro,2025-03-06,Member (MRD),4
demo-centro,2025-03-06,Silver Elite (SLR),3
demo-centro,2025-03-06,Gold Elite (GLD),4
demo-centro,2025-03-06,Platinum Elite (PLT),2
demo-centro,2025-03-06,Titanium Elite (TTM),4
demo-costa,2025-03-06,Member (MRD),3
demo-costa,2025-03-06,Silver Elite (SLR),2
demo-costa,2025-03-06,Gold Elite (GLD),3
demo-centro,2025-03-07,Member (MRD),3
demo-centro,2025-03-07,Silver Elite (SLR),1
demo-centro,2025-03-07,Gold Elite (GLD),1
demo-centro,2025-03-07,Platinum Elite (PLT),2
demo-centro,2025-03-07,Titanium Elite (TTM),2
demo-costa,2025-03-07,Silver Elite (SLR),4
demo-costa,2025-03-07,Gold Elite (GLD),2
demo-costa,2025-03-07,Platinum Elite (PLT),2
demo-costa,2025-03-07,Titanium Elite (TTM),3
demo-centro,2025-03-08,Member (MRD),2
demo-centro,2025-03-08,Silver Elite (SLR),2
demo-centro,2025-03-08,Gold Elite (GLD),1
demo-centro,2025-03-08,Platinum Elite (PLT),1
demo-costa,2025-03-08,Member (MRD),4
demo-costa,2025-03-08,Silver Elite (SLR),2
demo-costa,2025-03-08,Gold Elite (GLD),1
demo-costa,2025-03-08,Platinum Elite (PLT),4
demo-centro,2025-03-09,Member (MRD),4
demo-centro,2025-03-09,Platinum Elite (PLT),4
demo-centro,2025-03-09,Titanium Elite (TTM),2
demo-costa,2025-03-09,Member (MRD),4
demo-costa,2025-03-09,Silver Elite (SLR),3
demo-costa,2025-03-09,Gold Elite (GLD),4
demo-costa,2025-03-09,Platinum Elite (PLT),2
demo-centro,2025-03-10,Silver Elite (SLR),1
demo-centro,2025-03-10,Gold Elite (GLD),4
demo-centro,2025-03-10,Platinum Elite (PLT),4
demo-centro,2025-03-10,Titanium Elite (TTM),3
demo-costa,2025-03-10,Member (MRD),2
demo-costa,2025-03-10,Silver Elite (SLR),2
demo-costa,2025-03-10,Platinum Elite (PLT),1
demo-centro,2025-03-11,Member (MRD),1
demo-centro,2025-03-11,Silver Elite (SLR),4
demo-centro,2025-03-11,Gold Elite (GLD),2
demo-centro,2025-03-11,Platinum Elite (PLT),4
demo-centro,2025-03-11,Titanium Elite (TTM),2
demo-costa,2025-03-11,Member (MRD),2
demo-costa,2025-03-11,Silver Elite (SLR),3
demo-costa,2025-03-11,Gold Elite (GLD),4
demo-costa,2025-03-11,Platinum Elite (PLT),4
demo-costa,2025-03-11,Titanium Elite (TTM),4
demo-centro,2025-03-12,Member (MRD),4
demo-centro,2025-03-12,Gold Elite (GLD),1
demo-centro,2025-03-12,Platinum Elite (PLT),3
demo-centro,2025-03-12,Titanium Elite (TTM),2
demo-costa,2025-03-12,Member (MRD),3
demo-costa,2025-03-12,Silver Elite (SLR),1
demo-costa,2025-03-12,Titanium Elite (TTM),4
demo-centro,2025-03-13,Member (MRD),1
demo-centro,2025-03-13,Platinum Elite (PLT),4
demo-centro,2025-03-13,Titanium Elite (TTM),2
demo-costa,2025-03-13,Member (MRD),1
demo-costa,2025-03-13,Silver Elite (SLR),4
demo-costa,2025-03-13,Platinum Elite (PLT),3
demo-costa,2025-03-13,Titanium Elite (TTM),1
demo-centro,2025-03-14,Member (MRD),4
demo-centro,2025-03-14,Gold Elite (GLD),2
demo-centro,2025-03-14,Platinum Elite (PLT),3
demo-centro,2025-03-14,Titanium Elite (TTM),2
demo-costa,2025-03-14,Member (MRD),3
demo-costa,2025-03-14,Silver Elite (SLR),1
demo-costa,2025-03-14,Gold Elite (GLD),2
demo-costa,2025-03-14,Platinum Elite (PLT),3
demo-costa,2025-03-14,Titanium Elite (TTM),3
demo-centro,2025-03-15,Gold Elite (GLD),1
demo-centro,2025-03-15,Platinum Elite (PLT),2
demo-centro,2025-03-15,Titanium Elite (TTM),1
demo-costa,2025-03-15,Member (MRD),3
demo-costa,2025-03-15,Silver Elite (SLR),3
demo-costa,2025-03-15,Gold Elite (GLD),1
demo-costa,2025-03-15,Platinum Elite (PLT),4
demo-costa,2025-03-15,Titanium Elite (TTM),3
demo-centro,2025-03-16,Member (MRD),4
demo-centro,2025-03-16,Silver Elite (SLR),1
demo-centro,2025-03-16,Gold Elite (GLD),2
demo-centro,2025-03-16,Platinum Elite (PLT),2
demo-centro,2025-03-16,Titanium Elite (TTM),1
demo-costa,2025-03-16,Member (MRD),3
demo-costa,2025-03-16,Silver Elite (SLR),3
demo-costa,2025-03-16,Gold Elite (GLD),4
demo-costa,2025-03-16,Platinum Elite (PLT),3
demo-costa,2025-03-16,Titanium Elite (TTM),3
demo-centro,2025-03-17,Member (MRD),2
demo-centro,2025-03-17,Platinum Elite (PLT),2
demo-costa,2025-03-17,Member (MRD),3
demo-costa,2025-03-17,Gold Elite (GLD),3
demo-costa,2025-03-17,Titanium Elite (TTM),4
demo-centro,2025-03-18,Member (MRD),1
demo-centro,2025-03-18,Silver Elite (SLR),2
demo-centro,2025-03-18,Gold Elite (GLD),3
demo-centro,2025-03-18,Platinum Elite (PLT),2
demo-centro,2025-03-18,Titanium Elite (TTM),1
demo-costa,2025-03-18,Member (MRD),2
demo-costa,2025-03-18,Silver Elite (SLR),1
demo-costa,2025-03-18,Platinum Elite (PLT),1
demo-costa,2025-03-18,Titanium Elite (TTM),2
demo-centro,2025-03-19,Gold Elite (GLD),3
demo-centro,2025-03-19,Platinum Elite (PLT),4
demo-centro,2025-03-19,Titanium Elite (TTM),3
demo-costa,2025-03-19,Silver Elite (SLR),4
demo-costa,2025-03-19,Gold Elite (GLD),3
demo-costa,2025-03-19,Platinum Elite (PLT),1
demo-costa,2025-03-19,Titanium Elite (TTM),4
demo-centro,2025-03-20,Member (MRD),2
demo-centro,2025-03-20,Silver Elite (SLR),4
demo-centro,2025-03-20,Gold Elite (GLD),3
demo-centro,2025-03-20,Titanium Elite (TTM),2
demo-costa,2025-03-20,Silver Elite (SLR),3
demo-costa,2025-03-20,Platinum Elite (PLT),4
demo-costa,2025-03-20,Titanium Elite (TTM),3
demo-centro,2025-03-21,Silver Elite (SLR),2
demo-centro,2025-03-21,Platinum Elite (PLT),3
demo-costa,2025-03-21,Member (MRD),1
demo-costa,2025-03-21,Silver Elite (SLR),3
demo-costa,2025-03-21,Gold Elite (GLD),1
demo-costa,2025-03-21,Titanium Elite (TTM),2
demo-centro,2025-03-22,Member (MRD),4
demo-centro,2025-03-22,Silver Elite (SLR),4
demo-centro,2025-03-22,Gold Elite (GLD),1
demo-centro,2025-03-22,Platinum Elite (PLT),4
demo-costa,2025-03-22,Member (MRD),2
demo-costa,2025-03-22,Silver Elite (SLR),2
demo-costa,2025-03-22,Gold Elite (GLD),3
demo-costa,2025-03-22,Titanium Elite (TTM),2
demo-centro,2025-03-23,Member (MRD),4
demo-centro,2025-03-23,Gold Elite (GLD),1
demo-centro,2025-03-23,Platinum Elite (PLT),2
demo-centro,2025-03-23,Titanium Elite (TTM),3
demo-costa,2025-03-23,Member (MRD),1
demo-costa,2025-03-23,Silver Elite (SLR),2
demo-costa,2025-03-23,Platinum Elite (PLT),2
demo-costa,2025-03-23,Titanium Elite (TTM),3
demo-centro,2025-03-24,Member (MRD),2
demo-centro,2025-03-24,Silver Elite (SLR),4
demo-centro,2025-03-24,Platinum Elite (PLT),3
demo-costa,2025-03-24,Silver Elite (SLR),1
demo-costa,2025-03-24,Platinum Elite (PLT),1
demo-costa,2025-03-24,Titanium Elite (TTM),4
demo-centro,2025-03-25,Member (MRD),2
demo-centro,2025-03-25,Silver Elite (SLR),3
demo-centro,2025-03-25,Gold Elite (GLD),1
demo-centro,2025-03-25,Platinum Elite (PLT),3
demo-centro,2025-03-25,Titanium Elite (TTM),2
demo-costa,2025-03-25,Member (MRD),1
demo-costa,2025-03-25,Silver Elite (SLR),4
demo-costa,2025-03-25,Gold Elite (GLD),1
demo-costa,2025-03-25,Platinum Elite (PLT),3
demo-costa,2025-03-25,Titanium Elite (TTM),2
demo-centro,2025-03-26,Member (MRD),2
demo-centro,2025-03-26,Gold Elite (GLD),4
demo-centro,2025-03-26,Platinum Elite (PLT),1
demo-costa,2025-03-26,Member (MRD),1
demo-costa,2025-03-26,Gold Elite (GLD),1
demo-costa,2025-03-26,Platinum Elite (PLT),3
demo-costa,2025-03-26,Titanium Elite (TTM),1
demo-centro,2025-03-27,Member (MRD),2
demo-centro,2025-03-27,Silver Elite (SLR),1
demo-centro,2025-03-27,Gold Elite (GLD),2
demo-centro,2025-03-27,Platinum Elite (PLT),1
demo-centro,2025-03-27,Titanium Elite (TTM),3
demo-costa,2025-03-27,Member (MRD),4
demo-costa,2025-03-27,Silver Elite (SLR),2
demo-costa,2025-03-27,Gold Elite (GLD),4
demo-costa,2025-03-27,Platinum Elite (PLT),3
demo-centro,2025-03-28,Member (MRD),3
demo-centro,2025-03-28,Silver Elite (SLR),1
demo-centro,2025-03-28,Platinum Elite (PLT),4
demo-centro,2025-03-28,Titanium Elite (TTM),3
demo-costa,2025-03-28,Member (MRD),4
demo-costa,2025-03-28,Silver Elite (SLR),4
demo-costa,2025-03-28,Gold Elite (GLD),1
demo-costa,2025-03-28,Platinum Elite (PLT),4
demo-costa,2025-03-28,Titanium Elite (TTM),4
demo-centro,2025-03-29,Member (MRD),2
demo-centro,2025-03-29,Platinum Elite (PLT),1
demo-centro,2025-03-29,Titanium Elite (TTM),3
demo-costa,2025-03-29,Member (MRD),3
demo-costa,2025-03-29,Silver Elite (SLR),2
demo-costa,2025-03-29,Gold Elite (GLD),1
demo-costa,2025-03-29,Platinum Elite (PLT),2
demo-costa,2025-03-29,Titanium Elite (TTM),3
demo-centro,2025-03-30,Member (MRD),4
demo-centro,2025-03-30,Silver Elite (SLR),1
demo-centro,2025-03-30,Gold Elite (GLD),1
demo-centro,2025-03-30,Platinum Elite (PLT),1
demo-centro,2025-03-30,Titanium Elite (TTM),2
demo-costa,2025-03-30,Member (MRD),1
demo-costa,2025-03-30,Silver Elite (SLR),3
demo-costa,2025-03-30,Gold Elite (GLD),4
demo-costa,2025-03-30,Platinum Elite (PLT),1
demo-costa,2025-03-30,Titanium Elite (TTM),1
demo-centro,2025-03-31,Silver Elite (SLR),1
demo-centro,2025-03-31,Platinum Elite (PLT),4
demo-centro,2025-03-31,Titanium Elite (TTM),4
demo-costa,2025-03-31,Member (MRD),4
demo-costa,2025-03-31,Platinum Elite (PLT),2
demo-costa,2025-03-31,Titanium Elite (TTM),1
demo-centro,2025-04-01,Member (MRD),4
demo-centro,2025-04-01,Silver Elite (SLR),3
demo-centro,2025-04-01,Gold Elite (GLD),4
demo-centro,2025-04-01,Platinum Elite (PLT),4
demo-centro,2025-04-01,Titanium Elite (TTM),1
demo-costa,2025-04-01,Silver Elite (SLR),2
demo-costa,2025-04-01,Gold Elite (GLD),1
demo-costa,2025-04-01,Platinum Elite (PLT),1
demo-costa,2025-04-01,Titanium Elite (TTM),1
demo-centro,2025-04-02,Silver Elite (SLR),3
demo-centro,2025-04-02,Gold Elite (GLD),3
demo-centro,2025-04-02,Platinum Elite (PLT),3
demo-centro,2025-04-02,Titanium Elite (TTM),2
demo-costa,2025-04-02,Member (MRD),2
demo-costa,2025-04-02,Silver Elite (SLR),3
demo-costa,2025-04-02,Platinum Elite (PLT),3
demo-costa,2025-04-02,Titanium Elite (TTM),3
demo-centro,2025-04-03,Silver Elite (SLR),3
demo-centro,2025-04-03,Gold Elite (GLD),3
demo-costa,2025-04-03,Member (MRD),3
demo-costa,2025-04-03,Silver Elite (SLR),4
demo-costa,2025-04-03,Gold Elite (GLD),2
demo-costa,2025-04-03,Platinum Elite (PLT),4
demo-costa,2025-04-03,Titanium Elite (TTM),2
demo-centro,2025-04-04,Member (MRD),2
demo-centro,2025-04-04,Silver Elite (SLR),1
demo-centro,2025-04-04,Gold Elite (GLD),2
demo-centro,2025-04-04,Platinum Elite (PLT),2
demo-centro,2025-04-04,Titanium Elite (TTM),2
demo-costa,2025-04-04,Silver Elite (SLR),1
demo-costa,2025-04-04,Gold Elite (GLD),1
demo-costa,2025-04-04,Platinum Elite (PLT),1
demo-costa,2025-04-04,Titanium Elite (TTM),2
demo-centro,2025-04-05,Member (MRD),4
demo-centro,2025-04-05,Gold Elite (GLD),4
demo-centro,2025-04-05,Platinum Elite (PLT),4
demo-centro,2025-04-05,Titanium Elite (TTM),1
demo-costa,2025-04-05,Member (MRD),4
demo-costa,2025-04-05,Silver Elite (SLR),4
demo-costa,2025-04-05,Gold Elite (GLD),4
demo-costa,2025-04-05,Titanium Elite (TTM),2
demo-centro,2025-04-06,Member (MRD),2
demo-centro,2025-04-06,Silver Elite (SLR),4
demo-centro,2025-04-06,Gold Elite (GLD),1
demo-centro,2025-04-06,Platinum Elite (PLT),1
demo-centro,2025-04-06,Titanium Elite (TTM),3
demo-costa,2025-04-06,Silver Elite (SLR),1
demo-costa,2025-04-06,Gold Elite (GLD),3
demo-costa,2025-04-06,Titanium Elite (TTM),3
demo-centro,2025-04-07,Silver Elite (SLR),2
demo-centro,2025-04-07,Gold Elite (GLD),3
demo-centro,2025-04-07,Platinum Elite (PLT),1
demo-centro,2025-04-07,Titanium Elite (TTM),3
demo-costa,2025-04-07,Member (MRD),1
demo-costa,2025-04-07,Silver Elite (SLR),3
demo-costa,2025-04-07,Gold Elite (GLD),1
demo-costa,2025-04-07,Titanium Elite (TTM),1
demo-centro,2025-04-08,Member (MRD),2
demo-centro,2025-04-08,Silver Elite (SLR),3
demo-centro,2025-04-08,Titanium Elite (TTM),3
demo-costa,2025-04-08,Member (MRD),4
demo-costa,2025-04-08,Silver Elite (SLR),4
demo-costa,2025-04-08,Gold Elite (GLD),2
demo-costa,2025-04-08,Titanium Elite (TTM),2
demo-centro,2025-04-09,Member (MRD),1
demo-centro,2025-04-09,Silver Elite (SLR),4
demo-centro,2025-04-09,Gold Elite (GLD),4
demo-centro,2025-04-09,Platinum Elite (PLT),4
demo-centro,2025-04-09,Titanium Elite (TTM),3
demo-costa,2025-04-09,Member (MRD),4
demo-costa,2025-04-09,Silver Elite (SLR),2
demo-costa,2025-04-09,Gold Elite (GLD),2
demo-costa,2025-04-09,Platinum Elite (PLT),2
demo-centro,2025-04-10,Member (MRD),2
demo-centro,2025-04-10,Gold Elite (GLD),1
demo-centro,2025-04-10,Platinum Elite (PLT),1
demo-centro,2025-04-10,Titanium Elite (TTM),4
demo-costa,2025-04-10,Member (MRD),1
demo-costa,2025-04-10,Gold Elite (GLD),2
demo-costa,2025-04-10,Platinum Elite (PLT),3
demo-costa,2025-04-10,Titanium Elite (TTM),2
demo-centro,2025-04-11,Silver Elite (SLR),4
demo-centro,2025-04-11,Gold Elite (GLD),3
demo-costa,2025-04-11,Member (MRD),1
demo-costa,2025-04-11,Gold Elite (GLD),1
demo-costa,2025-04-11,Platinum Elite (PLT),1
demo-centro,2025-04-12,Gold Elite (GLD),4
demo-centro,2025-04-12,Platinum Elite (PLT),1
demo-centro,2025-04-12,Titanium Elite (TTM),4
demo-costa,2025-04-12,Member (MRD),2
demo-costa,2025-04-12,Gold Elite (GLD),2
demo-centro,2025-04-13,Silver Elite (SLR),2
demo-centro,2025-04-13,Gold Elite (GLD),2
demo-centro,2025-04-13,Titanium Elite (TTM),3
demo-costa,2025-04-13,Member (MRD),1
demo-costa,2025-04-13,Silver Elite (SLR),1
demo-costa,2025-04-13,Gold Elite (GLD),1
demo-costa,2025-04-13,Titanium Elite (TTM),4
demo-centro,2025-04-14,Member (MRD),1
demo-centro,2025-04-14,Silver Elite (SLR),2
demo-centro,2025-04-14,Gold Elite (GLD),4
demo-centro,2025-04-14,Platinum Elite (PLT),2
demo-centro,2025-04-14,Titanium Elite (TTM),1
demo-costa,2025-04-14,Member (MRD),1
demo-costa,2025-04-14,Silver Elite (SLR),4
demo-costa,2025-04-14,Gold Elite (GLD),4
demo-costa,2025-04-14,Titanium Elite (TTM),1
demo-centro,2025-04-15,Member (MRD),1
demo-centro,2025-04-15,Silver Elite (SLR),1
demo-costa,2025-04-15,Member (MRD),3
demo-costa,2025-04-15,Silver Elite (SLR),2
demo-costa,2025-04-15,Gold Elite (GLD),3
demo-costa,2025-04-15,Titanium Elite (TTM),4
demo-centro,2025-04-16,Member (MRD),3
demo-centro,2025-04-16,Silver Elite (SLR),4
demo-centro,2025-04-16,Gold Elite (GLD),3
demo-centro,2025-04-16,Platinum Elite (PLT),4
demo-centro,2025-04-16,Titanium Elite (TTM),3
demo-costa,2025-04-16,Member (MRD),3
demo-costa,2025-04-16,Gold Elite (GLD),1
demo-costa,2025-04-16,Titanium Elite (TTM),4
demo-centro,2025-04-17,Silver Elite (SLR),2
demo-centro,2025-04-17,Platinum Elite (PLT),2
demo-centro,2025-04-17,Titanium Elite (TTM),1
demo-costa,2025-04-17,Member (MRD),3
demo-costa,2025-04-17,Silver Elite (SLR),1
demo-costa,2025-04-17,Gold Elite (GLD),2
demo-costa,2025-04-17,Platinum Elite (PLT),2
demo-costa,2025-04-17,Titanium Elite (TTM),2
demo-centro,2025-04-18,Member (MRD),4
demo-centro,2025-04-18,Silver Elite (SLR),4
demo-centro,2025-04-18,Titanium Elite (TTM),2
demo-costa,2025-04-18,Member (MRD),1
demo-costa,2025-04-18,Silver Elite (SLR),3
demo-costa,2025-04-18,Gold Elite (GLD),2
demo-costa,2025-04-18,Platinum Elite (PLT),1
demo-centro,2025-04-19,Silver Elite (SLR),2
demo-centro,2025-04-19,Gold Elite (GLD),4
demo-centro,2025-04-19,Platinum Elite (PLT),3
demo-centro,2025-04-19,Titanium Elite (TTM),3
demo-costa,2025-04-19,Member (MRD),4
demo-costa,2025-04-19,Silver Elite (SLR),2
demo-costa,2025-04-19,Gold Elite (GLD),2
demo-costa,2025-04-19,Titanium Elite (TTM),3
demo-centro,2025-04-20,Silver Elite (SLR),4
demo-centro,2025-04-20,Platinum Elite (PLT),4
demo-centro,2025-04-20,Titanium Elite (TTM),4
demo-costa,2025-04-20,Silver Elite (SLR),3
demo-costa,2025-04-20,Platinum Elite (PLT),2
demo-costa,2025-04-20,Titanium Elite (TTM),3
demo-centro,2025-04-21,Silver Elite (SLR),4
demo-centro,2025-04-21,Gold Elite (GLD),1
demo-centro,2025-04-21,Titanium Elite (TTM),2
demo-costa,2025-04-21,Member (MRD),1
demo-costa,2025-04-21,Silver Elite (SLR),1
demo-costa,2025-04-21,Platinum Elite (PLT),2
demo-costa,2025-04-21,Titanium Elite (TTM),3
demo-centro,2025-04-22,Member (MRD),2
demo-centro,2025-04-22,Titanium Elite (TTM),4
demo-costa,2025-04-22,Silver Elite (SLR),4
demo-costa,2025-04-22,Gold Elite (GLD),4
demo-costa,2025-04-22,Platinum Elite (PLT),2
demo-costa,2025-04-22,Titanium Elite (TTM),1
demo-centro,2025-04-23,Member (MRD),1
demo-centro,2025-04-23,Silver Elite (SLR),1
demo-centro,2025-04-23,Titanium Elite (TTM),4
demo-costa,2025-04-23,Silver Elite (SLR),2
demo-costa,2025-04-23,Gold Elite (GLD),1
demo-costa,2025-04-23,Platinum Elite (PLT),4
demo-costa,2025-04-23,Titanium Elite (TTM),1
demo-centro,2025-04-24,Member (MRD),2
demo-centro,2025-04-24,Silver Elite (SLR),3
demo-centro,2025-04-24,Gold Elite (GLD),2
demo-centro,2025-04-24,Platinum Elite (PLT),4
demo-centro,2025-04-24,Titanium Elite (TTM),1
demo-costa,2025-04-24,Member (MRD),3
demo-costa,2025-04-24,Gold Elite (GLD),2
demo-costa,2025-04-24,Platinum Elite (PLT),3
demo-centro,2025-04-25,Member (MRD),2
demo-centro,2025-04-25,Gold Elite (GLD),4
demo-centro,2025-04-25,Platinum Elite (PLT),3
demo-centro,2025-04-25,Titanium Elite (TTM),3
demo-costa,2025-04-25,Silver Elite (SLR),3
demo-costa,2025-04-25,Gold Elite (GLD),1
demo-costa,2025-04-25,Platinum Elite (PLT),2
demo-costa,2025-04-25,Titanium Elite (TTM),2
demo-centro,2025-04-26,Member (MRD),3
demo-centro,2025-04-26,Silver Elite (SLR),4
demo-centro,2025-04-26,Platinum Elite (PLT),2
demo-centro,2025-04-26,Titanium Elite (TTM),3
demo-costa,2025-04-26,Member (MRD),2
demo-costa,2025-04-26,Silver Elite (SLR),1
demo-costa,2025-04-26,Gold Elite (GLD),3
demo-costa,2025-04-26,Platinum Elite (PLT),1
demo-costa,2025-04-26,Titanium Elite (TTM),2
demo-centro,2025-04-27,Member (MRD),2
demo-centro,2025-04-27,Silver Elite (SLR),4
demo-centro,2025-04-27,Gold Elite (GLD),1
demo-centro,2025-04-27,Platinum Elite (PLT),2
demo-costa,2025-04-27,Member (MRD),4
demo-costa,2025-04-27,Silver Elite (SLR),2
demo-costa,2025-04-27,Gold Elite (GLD),3
demo-costa,2025-04-27,Platinum Elite (PLT),3
demo-costa,2025-04-27,Titanium Elite (TTM),4
demo-centro,2025-04-28,Silver Elite (SLR),3
demo-centro,2025-04-28,Gold Elite (GLD),2
demo-centro,2025-04-28,Platinum Elite (PLT),1
demo-costa,2025-04-28,Member (MRD),2
demo-costa,2025-04-28,Silver Elite (SLR),2
demo-costa,2025-04-28,Gold Elite (GLD),4
demo-costa,2025-04-28,Platinum Elite (PLT),4
demo-costa,2025-04-28,Titanium Elite (TTM),1
demo-centro,2025-04-29,Member (MRD),1
demo-centro,2025-04-29,Silver Elite (SLR),2
demo-centro,2025-04-29,Gold Elite (GLD),2
demo-centro,2025-04-29,Titanium Elite (TTM),4
demo-costa,2025-04-29,Member (MRD),1
demo-costa,2025-04-29,Silver Elite (SLR),3
demo-costa,2025-04-29,Gold Elite (GLD),3
demo-costa,2025-04-29,Platinum Elite (PLT),2
demo-costa,2025-04-29,Titanium Elite (TTM),4
demo-centro,2025-04-30,Member (MRD),4
demo-centro,2025-04-30,Silver Elite (SLR),4
demo-centro,2025-04-30,Platinum Elite (PLT),3
demo-costa,2025-04-30,Silver Elite (SLR),1
demo-costa,2025-04-30,Gold Elite (GLD),4
demo-costa,2025-04-30,Platinum Elite (PLT),1
demo-centro,2025-05-01,Member (MRD),2
demo-centro,2025-05-01,Silver Elite (SLR),1
demo-centro,2025-05-01,Gold Elite (GLD),2
demo-centro,2025-05-01,Platinum Elite (PLT),1
demo-centro,2025-05-01,Titanium Elite (TTM),4
demo-costa,2025-05-01,Member (MRD),4
demo-costa,2025-05-01,Silver Elite (SLR),1
demo-costa,2025-05-01,Gold Elite (GLD),2
demo-costa,2025-05-01,Titanium Elite (TTM),2
demo-centro,2025-05-02,Gold Elite (GLD),3
demo-centro,2025-05-02,Platinum Elite (PLT),2
demo-costa,2025-05-02,Member (MRD),2
demo-costa,2025-05-02,Gold Elite (GLD),4
demo-costa,2025-05-02,Platinum Elite (PLT),1
demo-costa,2025-05-02,Titanium Elite (TTM),3
demo-centro,2025-05-03,Member (MRD),1
demo-centro,2025-05-03,Silver Elite (SLR),1
demo-centro,2025-05-03,Gold Elite (GLD),1
demo-centro,2025-05-03,Platinum Elite (PLT),4
demo-centro,2025-05-03,Titanium Elite (TTM),4
demo-costa,2025-05-03,Member (MRD),3
demo-costa,2025-05-03,Silver Elite (SLR),1
demo-costa,2025-05-03,Platinum Elite (PLT),4
demo-costa,2025-05-03,Titanium Elite (TTM),1
demo-centro,2025-05-04,Member (MRD),2
demo-centro,2025-05-04,Silver Elite (SLR),3
demo-centro,2025-05-04,Gold Elite (GLD),4
demo-centro,2025-05-04,Platinum Elite (PLT),2
demo-costa,2025-05-04,Member (MRD),4
demo-costa,2025-05-04,Silver Elite (SLR),2
demo-costa,2025-05-04,Gold Elite (GLD),1
demo-costa,2025-05-04,Platinum Elite (PLT),2
demo-centro,2025-05-05,Member (MRD),1
demo-centro,2025-05-05,Silver Elite (SLR),2
demo-centro,2025-05-05,Gold Elite (GLD),4
demo-centro,2025-05-05,Platinum Elite (PLT),4
demo-costa,2025-05-05,Member (MRD),2
demo-costa,2025-05-05,Silver Elite (SLR),2
demo-costa,2025-05-05,Gold Elite (GLD),1
demo-costa,2025-05-05,Platinum Elite (PLT),3
demo-costa,2025-05-05,Titanium Elite (TTM),4
demo-centro,2025-05-06,Silver Elite (SLR),3
demo-centro,2025-05-06,Gold Elite (GLD),1
demo-centro,2025-05-06,Platinum Elite (PLT),2
demo-centro,2025-05-06,Titanium Elite (TTM),1
demo-costa,2025-05-06,Member (MRD),1
demo-costa,2025-05-06,Silver Elite (SLR),1
demo-costa,2025-05-06,Gold Elite (GLD),1
demo-costa,2025-05-06,Platinum Elite (PLT),1
demo-costa,2025-05-06,Titanium Elite (TTM),3
demo-centro,2025-05-07,Member (MRD),3
demo-centro,2025-05-07,Silver Elite (SLR),3
demo-centro,2025-05-07,Gold Elite (GLD),4
demo-centro,2025-05-07,Platinum Elite (PLT),4
demo-centro,2025-05-07,Titanium Elite (TTM),3
demo-costa,2025-05-07,Member (MRD),2
demo-costa,2025-05-07,Titanium Elite (TTM),3
demo-centro,2025-05-08,Member (MRD),2
demo-centro,2025-05-08,Gold Elite (GLD),1
demo-centro,2025-05-08,Platinum Elite (PLT),1
demo-costa,2025-05-08,Member (MRD),3
demo-costa,2025-05-08,Silver Elite (SLR),1
demo-costa,2025-05-08,Gold Elite (GLD),3
demo-costa,2025-05-08,Titanium Elite (TTM),1
demo-centro,2025-05-09,Member (MRD),1
demo-centro,2025-05-09,Silver Elite (SLR),3
demo-centro,2025-05-09,Gold Elite (GLD),4
demo-centro,2025-05-09,Platinum Elite (PLT),1
demo-centro,2025-05-09,Titanium Elite (TTM),4
demo-costa,2025-05-09,Member (MRD),3
demo-costa,2025-05-09,Silver Elite (SLR),4
demo-costa,2025-05-09,Gold Elite (GLD),4
demo-costa,2025-05-09,Platinum Elite (PLT),2
demo-costa,2025-05-09,Titanium Elite (TTM),4
demo-centro,2025-05-10,Member (MRD),2
demo-centro,2025-05-10,Platinum Elite (PLT),1
demo-centro,2025-05-10,Titanium Elite (TTM),3
demo-costa,2025-05-10,Member (MRD),3
demo-costa,2025-05-10,Silver Elite (SLR),1
demo-costa,2025-05-10,Gold Elite (GLD),4
demo-costa,2025-05-10,Platinum Elite (PLT),2
demo-costa,2025-05-10,Titanium Elite (TTM),1
demo-centro,2025-05-11,Member (MRD),4
demo-centro,2025-05-11,Silver Elite (SLR),3
demo-centro,2025-05-11,Gold Elite (GLD),2
demo-centro,2025-05-11,Titanium Elite (TTM),4
demo-costa,2025-05-11,Member (MRD),4
demo-costa,2025-05-11,Gold Elite (GLD),3
demo-costa,2025-05-11,Platinum Elite (PLT),4
demo-costa,2025-05-11,Titanium Elite (TTM),4
demo-centro,2025-05-12,Member (MRD),1
demo-centro,2025-05-12,Silver Elite (SLR),3
demo-centro,2025-05-12,Gold Elite (GLD),4
demo-centro,2025-05-12,Titanium Elite (TTM),4
demo-costa,2025-05-12,Member (MRD),1
demo-costa,2025-05-12,Silver Elite (SLR),4
demo-costa,2025-05-12,Gold Elite (GLD),4
demo-costa,2025-05-12,Titanium Elite (TTM),3
demo-centro,2025-05-13,Member (MRD),3
demo-centro,2025-05-13,Silver Elite (SLR),4
demo-centro,2025-05-13,Gold Elite (GLD),1
demo-centro,2025-05-13,Titanium Elite (TTM),3
demo-costa,2025-05-13,Silver Elite (SLR),1
demo-costa,2025-05-13,Gold Elite (GLD),3
demo-costa,2025-05-13,Titanium Elite (TTM),1
demo-centro,2025-05-14,Member (MRD),3
demo-centro,2025-05-14,Silver Elite (SLR),1
demo-centro,2025-05-14,Gold Elite (GLD),3
demo-centro,2025-05-14,Platinum Elite (PLT),3
demo-centro,2025-05-14,Titanium Elite (TTM),4
demo-costa,2025-05-14,Member (MRD),3
demo-costa,2025-05-14,Gold Elite (GLD),3
demo-costa,2025-05-14,Platinum Elite (PLT),2
demo-costa,2025-05-14,Titanium Elite (TTM),4
demo-centro,2025-05-15,Silver Elite (SLR),1
demo-centro,2025-05-15,Gold Elite (GLD),2
demo-centro,2025-05-15,Platinum Elite (PLT),4
demo-costa,2025-05-15,Member (MRD),3
demo-costa,2025-05-15,Silver Elite (SLR),3
demo-costa,2025-05-15,Gold Elite (GLD),2
demo-costa,2025-05-15,Platinum Elite (PLT),3
demo-costa,2025-05-15,Titanium Elite (TTM),4
demo-centro,2025-05-16,Member (MRD),4
demo-centro,2025-05-16,Silver Elite (SLR),1
demo-centro,2025-05-16,Titanium Elite (TTM),4
demo-costa,2025-05-16,Member (MRD),3
demo-costa,2025-05-16,Silver Elite (SLR),4
demo-costa,2025-05-16,Platinum Elite (PLT),4
demo-costa,2025-05-16,Titanium Elite (TTM),2
demo-centro,2025-05-17,Silver Elite (SLR),3
demo-centro,2025-05-17,Platinum Elite (PLT),4
demo-centro,2025-05-17,Titanium Elite (TTM),3
demo-costa,2025-05-17,Member (MRD),4
demo-costa,2025-05-17,Silver Elite (SLR),4
demo-costa,2025-05-17,Gold Elite (GLD),1
demo-costa,2025-05-17,Platinum Elite (PLT),2
demo-costa,2025-05-17,Titanium Elite (TTM),3
demo-centro,2025-05-18,Member (MRD),4
demo-centro,2025-05-18,Silver Elite (SLR),1
demo-centro,2025-05-18,Gold Elite (GLD),3
demo-centro,2025-05-18,Platinum Elite (PLT),3
demo-centro,2025-05-18,Titanium Elite (TTM),2
demo-costa,2025-05-18,Member (MRD),3
demo-costa,2025-05-18,Silver Elite (SLR),1
demo-costa,2025-05-18,Gold Elite (GLD),3
demo-costa,2025-05-18,Platinum Elite (PLT),3
demo-costa,2025-05-18,Titanium Elite (TTM),3
demo-centro,2025-05-19,Member (MRD),2
demo-centro,2025-05-19,Silver Elite (SLR),4
demo-centro,2025-05-19,Gold Elite (GLD),2
demo-centro,2025-05-19,Platinum Elite (PLT),1
demo-centro,2025-05-19,Titanium Elite (TTM),1
demo-costa,2025-05-19,Silver Elite (SLR),4
demo-costa,2025-05-19,Gold Elite (GLD),1
demo-costa,2025-05-19,Titanium Elite (TTM),2
demo-centro,2025-05-20,Member (MRD),4
demo-centro,2025-05-20,Silver Elite (SLR),1
demo-centro,2025-05-20,Gold Elite (GLD),4
demo-costa,2025-05-20,Member (MRD),4
demo-costa,2025-05-20,Silver Elite (SLR),3
demo-costa,2025-05-20,Gold Elite (GLD),2
demo-costa,2025-05-20,Platinum Elite (PLT),4
demo-costa,2025-05-20,Titanium Elite (TTM),4
demo-centro,2025-05-21,Member (MRD),1
demo-centro,2025-05-21,Gold Elite (GLD),4
demo-centro,2025-05-21,Platinum Elite (PLT),3
demo-costa,2025-05-21,Member (MRD),4
demo-costa,2025-05-21,Gold Elite (GLD),4
demo-costa,2025-05-21,Platinum Elite (PLT),2
demo-centro,2025-05-22,Member (MRD),1
demo-centro,2025-05-22,Silver Elite (SLR),3
demo-centro,2025-05-22,Gold Elite (GLD),1
demo-centro,2025-05-22,Titanium Elite (TTM),2
demo-costa,2025-05-22,Member (MRD),4
demo-costa,2025-05-22,Gold Elite (GLD),1
demo-costa,2025-05-22,Platinum Elite (PLT),1
demo-centro,2025-05-23,Silver Elite (SLR),1
demo-centro,2025-05-23,Gold Elite (GLD),2
demo-centro,2025-05-23,Platinum Elite (PLT),2
demo-costa,2025-05-23,Silver Elite (SLR),3
demo-costa,2025-05-23,Gold Elite (GLD),4
demo-costa,2025-05-23,Titanium Elite (TTM),1
demo-centro,2025-05-24,Member (MRD),1
demo-centro,2025-05-24,Silver Elite (SLR),2
demo-centro,2025-05-24,Platinum Elite (PLT),1
demo-centro,2025-05-24,Titanium Elite (TTM),1
demo-costa,2025-05-24,Member (MRD),2
demo-costa,2025-05-24,Silver Elite (SLR),4
demo-costa,2025-05-24,Gold Elite (GLD),2
demo-costa,2025-05-24,Titanium Elite (TTM),2
demo-centro,2025-05-25,Member (MRD),3
demo-centro,2025-05-25,Silver Elite (SLR),4
demo-centro,2025-05-25,Gold Elite (GLD),4
demo-centro,2025-05-25,Platinum Elite (PLT),2
demo-centro,2025-05-25,Titanium Elite (TTM),1
demo-costa,2025-05-25,Member (MRD),1
demo-costa,2025-05-25,Silver Elite (SLR),4
demo-costa,2025-05-25,Gold Elite (GLD),2
demo-costa,2025-05-25,Titanium Elite (TTM),2
demo-centro,2025-05-26,Member (MRD),1
demo-centro,2025-05-26,Silver Elite (SLR),2
demo-centro,2025-05-26,Gold Elite (GLD),4
demo-centro,2025-05-26,Platinum Elite (PLT),2
demo-centro,2025-05-26,Titanium Elite (TTM),3
demo-costa,2025-05-26,Member (MRD),2
demo-costa,2025-05-26,Gold Elite (GLD),2
demo-costa,2025-05-26,Platinum Elite (PLT),2
demo-costa,2025-05-26,Titanium Elite (TTM),4
demo-centro,2025-05-27,Member (MRD),3
demo-centro,2025-05-27,Silver Elite (SLR),3
demo-centro,2025-05-27,Gold Elite (GLD),2
demo-centro,2025-05-27,Platinum Elite (PLT),4
demo-centro,2025-05-27,Titanium Elite (TTM),4
demo-costa,2025-05-27,Member (MRD),1
demo-costa,2025-05-27,Silver Elite (SLR),2
demo-costa,2025-05-27,Gold Elite (GLD),2
demo-costa,2025-05-27,Titanium Elite (TTM),3
demo-centro,2025-05-28,Member (MRD),1
demo-centro,2025-05-28,Silver Elite (SLR),3
demo-centro,2025-05-28,Gold Elite (GLD),3
demo-centro,2025-05-28,Platinum Elite (PLT),2
demo-centro,2025-05-28,Titanium Elite (TTM),4
demo-costa,2025-05-28,Member (MRD),4
demo-costa,2025-05-28,Silver Elite (SLR),3
demo-costa,2025-05-28,Gold Elite (GLD),4
demo-costa,2025-05-28,Platinum Elite (PLT),4
demo-costa,2025-05-28,Titanium Elite (TTM),4
demo-centro,2025-05-29,Silver Elite (SLR),4
demo-centro,2025-05-29,Gold Elite (GLD),4
demo-centro,2025-05-29,Platinum Elite (PLT),1
demo-centro,2025-05-29,Titanium Elite (TTM),4
demo-costa,2025-05-29,Member (MRD),1
demo-costa,2025-05-29,Silver Elite (SLR),2
demo-costa,2025-05-29,Gold Elite (GLD),3
demo-centro,2025-05-30,Member (MRD),3
demo-centro,2025-05-30,Silver Elite (SLR),1
demo-centro,2025-05-30,Gold Elite (GLD),2
demo-centro,2025-05-30,Platinum Elite (PLT),4
demo-centro,2025-05-30,Titanium Elite (TTM),3
demo-costa,2025-05-30,Member (MRD),4
demo-costa,2025-05-30,Silver Elite (SLR),2
demo-centro,2025-05-31,Member (MRD),1
demo-centro,2025-05-31,Silver Elite (SLR),2
demo-centro,2025-05-31,Gold Elite (GLD),4
demo-costa,2025-05-31,Member (MRD),2
demo-costa,2025-05-31,Silver Elite (SLR),1
demo-costa,2025-05-31,Gold Elite (GLD),1
demo-costa,2025-05-31,Platinum Elite (PLT),2
demo-costa,2025-05-31,Titanium Elite (TTM),3
demo-centro,2025-06-01,Gold Elite (GLD),3
demo-centro,2025-06-01,Platinum Elite (PLT),1
demo-centro,2025-06-01,Titanium Elite (TTM),2
demo-costa,2025-06-01,Member (MRD),2
demo-costa,2025-06-01,Silver Elite (SLR),4
demo-costa,2025-06-01,Gold Elite (GLD),4
demo-costa,2025-06-01,Titanium Elite (TTM),4
demo-centro,2025-06-02,Member (MRD),3
demo-centro,2025-06-02,Silver Elite (SLR),2
demo-centro,2025-06-02,Platinum Elite (PLT),1
demo-centro,2025-06-02,Titanium Elite (TTM),4
demo-costa,2025-06-02,Member (MRD),4
demo-costa,2025-06-02,Silver Elite (SLR),2
demo-costa,2025-06-02,Gold Elite (GLD),2
demo-centro,2025-06-03,Member (MRD),4
demo-centro,2025-06-03,Silver Elite (SLR),4
demo-centro,2025-06-03,Gold Elite (GLD),3
demo-centro,2025-06-03,Platinum Elite (PLT),2
demo-centro,2025-06-03,Titanium Elite (TTM),2
demo-costa,2025-06-03,Silver Elite (SLR),1
demo-costa,2025-06-03,Gold Elite (GLD),1
demo-costa,2025-06-03,Platinum Elite (PLT),2
demo-centro,2025-06-04,Silver Elite (SLR),1
demo-centro,2025-06-04,Gold Elite (GLD),1
demo-centro,2025-06-04,Platinum Elite (PLT),4
demo-costa,2025-06-04,Member (MRD),1
demo-costa,2025-06-04,Gold Elite (GLD),4
demo-costa,2025-06-04,Platinum Elite (PLT),2
demo-centro,2025-06-05,Member (MRD),4
demo-centro,2025-06-05,Silver Elite (SLR),3
demo-centro,2025-06-05,Gold Elite (GLD),1
demo-centro,2025-06-05,Platinum Elite (PLT),4
demo-centro,2025-06-05,Titanium Elite (TTM),2
demo-costa,2025-06-05,Silver Elite (SLR),2
demo-costa,2025-06-05,Gold Elite (GLD),1
demo-costa,2025-06-05,Platinum Elite (PLT),1
demo-centro,2025-06-06,Member (MRD),3
demo-centro,2025-06-06,Silver Elite (SLR),1
demo-centro,2025-06-06,Gold Elite (GLD),3
demo-centro,2025-06-06,Platinum Elite (PLT),3
demo-centro,2025-06-06,Titanium Elite (TTM),1
demo-costa,2025-06-06,Member (MRD),4
demo-costa,2025-06-06,Silver Elite (SLR),1
demo-costa,2025-06-06,Platinum Elite (PLT),2
demo-costa,2025-06-06,Titanium Elite (TTM),4
demo-centro,2025-06-07,Member (MRD),4
demo-centro,2025-06-07,Silver Elite (SLR),2
demo-centro,2025-06-07,Gold Elite (GLD),2
demo-centro,2025-06-07,Platinum Elite (PLT),1
demo-centro,2025-06-07,Titanium Elite (TTM),4
demo-costa,2025-06-07,Member (MRD),1
demo-costa,2025-06-07,Silver Elite (SLR),1
demo-costa,2025-06-07,Gold Elite (GLD),4
demo-costa,2025-06-07,Platinum Elite (PLT),4
demo-costa,2025-06-07,Titanium Elite (TTM),4
demo-centro,2025-06-08,Silver Elite (SLR),4
demo-centro,2025-06-08,Titanium Elite (TTM),3
demo-costa,2025-06-08,Member (MRD),2
demo-costa,2025-06-08,Silver Elite (SLR),1
demo-costa,2025-06-08,Gold Elite (GLD),3
demo-costa,2025-06-08,Platinum Elite (PLT),2
demo-costa,2025-06-08,Titanium Elite (TTM),3
demo-centro,2025-06-09,Member (MRD),1
demo-centro,2025-06-09,Silver Elite (SLR),2
demo-centro,2025-06-09,Gold Elite (GLD),3
demo-centro,2025-06-09,Platinum Elite (PLT),4
demo-costa,2025-06-09,Member (MRD),4
demo-costa,2025-06-09,Silver Elite (SLR),3
demo-costa,2025-06-09,Gold Elite (GLD),3
demo-costa,2025-06-09,Platinum Elite (PLT),2
demo-costa,2025-06-09,Titanium Elite (TTM),2
demo-centro,2025-06-10,Member (MRD),1
demo-centro,2025-06-10,Silver Elite (SLR),2
demo-centro,2025-06-10,Gold Elite (GLD),1
demo-costa,2025-06-10,Member (MRD),3
demo-costa,2025-06-10,Silver Elite (SLR),3
demo-costa,2025-06-10,Gold Elite (GLD),1
demo-costa,2025-06-10,Platinum Elite (PLT),3
demo-costa,2025-06-10,Titanium Elite (TTM),1
demo-centro,2025-06-11,Member (MRD),2
demo-centro,2025-06-11,Silver Elite (SLR),2
demo-centro,2025-06-11,Gold Elite (GLD),1
demo-centro,2025-06-11,Platinum Elite (PLT),3
demo-centro,2025-06-11,Titanium Elite (TTM),1
demo-costa,2025-06-11,Member (MRD),1
demo-costa,2025-06-11,Platinum Elite (PLT),2
demo-costa,2025-06-11,Titanium Elite (TTM),3
demo-centro,2025-06-12,Member (MRD),1
demo-centro,2025-06-12,Silver Elite (SLR),1
demo-centro,2025-06-12,Gold Elite (GLD),1
demo-centro,2025-06-12,Platinum Elite (PLT),1
demo-centro,2025-06-12,Titanium Elite (TTM),1
demo-costa,2025-06-12,Member (MRD),1
demo-costa,2025-06-12,Silver Elite (SLR),1
demo-costa,2025-06-12,Gold Elite (GLD),1
demo-centro,2025-06-13,Member (MRD),2
demo-centro,2025-06-13,Platinum Elite (PLT),4
demo-centro,2025-06-13,Titanium Elite (TTM),2
demo-costa,2025-06-13,Silver Elite (SLR),4
demo-costa,2025-06-13,Gold Elite (GLD),1
demo-costa,2025-06-13,Platinum Elite (PLT),4
demo-costa,2025-06-13,Titanium Elite (TTM),1
demo-centro,2025-06-14,Member (MRD),1
demo-centro,2025-06-14,Gold Elite (GLD),4
demo-centro,2025-06-14,Platinum Elite (PLT),3
demo-centro,2025-06-14,Titanium Elite (TTM),2
demo-costa,2025-06-14,Silver Elite (SLR),1
demo-costa,2025-06-14,Gold Elite (GLD),2
demo-costa,2025-06-14,Titanium Elite (TTM),3
demo-centro,2025-06-15,Member (MRD),2
demo-centro,2025-06-15,Silver Elite (SLR),4
demo-centro,2025-06-15,Gold Elite (GLD),1
demo-centro,2025-06-15,Platinum Elite (PLT),3
demo-centro,2025-06-15,Titanium Elite (TTM),4
demo-costa,2025-06-15,Member (MRD),1
demo-costa,2025-06-15,Silver Elite (SLR),4
demo-costa,2025-06-15,Gold Elite (GLD),3
demo-costa,2025-06-15,Platinum Elite (PLT),3
demo-costa,2025-06-15,Titanium Elite (TTM),1
demo-centro,2025-06-16,Member (MRD),3
demo-centro,2025-06-16,Silver Elite (SLR),1
demo-centro,2025-06-16,Gold Elite (GLD),4
demo-centro,2025-06-16,Platinum Elite (PLT),1
demo-costa,2025-06-16,Member (MRD),3
demo-costa,2025-06-16,Silver Elite (SLR),3
demo-costa,2025-06-16,Gold Elite (GLD),1
demo-costa,2025-06-16,Platinum Elite (PLT),4
demo-costa,2025-06-16,Titanium Elite (TTM),3
demo-centro,2025-06-17,Member (MRD),2
demo-centro,2025-06-17,Silver Elite (SLR),1
demo-centro,2025-06-17,Gold Elite (GLD),4
demo-centro,2025-06-17,Platinum Elite (PLT),4
demo-centro,2025-06-17,Titanium Elite (TTM),4
demo-costa,2025-06-17,Member (MRD),4
demo-costa,2025-06-17,Silver Elite (SLR),4
demo-costa,2025-06-17,Gold Elite (GLD),4
demo-costa,2025-06-17,Platinum Elite (PLT),1
demo-costa,2025-06-17,Titanium Elite (TTM),1
demo-centro,2025-06-18,Member (MRD),3
demo-centro,2025-06-18,Silver Elite (SLR),2
demo-centro,2025-06-18,Gold Elite (GLD),3
demo-centro,2025-06-18,Titanium Elite (TTM),2
demo-costa,2025-06-18,Member (MRD),4
demo-costa,2025-06-18,Gold Elite (GLD),2
demo-costa,2025-06-18,Platinum Elite (PLT),3
demo-centro,2025-06-19,Member (MRD),4
demo-centro,2025-06-19,Silver Elite (SLR),2
demo-centro,2025-06-19,Gold Elite (GLD),4
demo-centro,2025-06-19,Platinum Elite (PLT),1
demo-centro,2025-06-19,Titanium Elite (TTM),1
demo-costa,2025-06-19,Member (MRD),2
demo-costa,2025-06-19,Silver Elite (SLR),4
demo-costa,2025-06-19,Gold Elite (GLD),1
demo-costa,2025-06-19,Platinum Elite (PLT),3
demo-costa,2025-06-19,Titanium Elite (TTM),3
demo-centro,2025-06-20,Member (MRD),1
demo-centro,2025-06-20,Gold Elite (GLD),2
demo-centro,2025-06-20,Platinum Elite (PLT),4
demo-centro,2025-06-20,Titanium Elite (TTM),4
demo-costa,2025-06-20,Member (MRD),1
demo-costa,2025-06-20,Silver Elite (SLR),1
demo-costa,2025-06-20,Gold Elite (GLD),3
demo-centro,2025-06-21,Gold Elite (GLD),4
demo-centro,2025-06-21,Platinum Elite (PLT),4
demo-centro,2025-06-21,Titanium Elite (TTM),4
demo-costa,2025-06-21,Member (MRD),4
demo-costa,2025-06-21,Silver Elite (SLR),4
demo-costa,2025-06-21,Gold Elite (GLD),2
demo-costa,2025-06-21,Platinum Elite (PLT),2
demo-centro,2025-06-22,Member (MRD),4
demo-centro,2025-06-22,Silver Elite (SLR),3
demo-centro,2025-06-22,Platinum Elite (PLT),3
demo-centro,2025-06-22,Titanium Elite (TTM),1
demo-costa,2025-06-22,Member (MRD),2
demo-costa,2025-06-22,Silver Elite (SLR),3
demo-costa,2025-06-22,Platinum Elite (PLT),3
demo-centro,2025-06-23,Member (MRD),1
demo-centro,2025-06-23,Silver Elite (SLR),2
demo-centro,2025-06-23,Gold Elite (GLD),2
demo-costa,2025-06-23,Member (MRD),2
demo-costa,2025-06-23,Silver Elite (SLR),4
demo-costa,2025-06-23,Platinum Elite (PLT),4
demo-costa,2025-06-23,Titanium Elite (TTM),3
demo-centro,2025-06-24,Member (MRD),2
demo-centro,2025-06-24,Silver Elite (SLR),1
demo-costa,2025-06-24,Member (MRD),1
demo-costa,2025-06-24,Silver Elite (SLR),4
demo-costa,2025-06-24,Gold Elite (GLD),2
demo-costa,2025-06-24,Platinum Elite (PLT),1
demo-costa,2025-06-24,Titanium Elite (TTM),2
demo-centro,2025-06-25,Member (MRD),3
demo-centro,2025-06-25,Silver Elite (SLR),4
demo-centro,2025-06-25,Platinum Elite (PLT),1
demo-costa,2025-06-25,Member (MRD),3
demo-costa,2025-06-25,Silver Elite (SLR),2
demo-costa,2025-06-25,Gold Elite (GLD),4
demo-costa,2025-06-25,Platinum Elite (PLT),3
demo-costa,2025-06-25,Titanium Elite (TTM),4
demo-centro,2025-06-26,Silver Elite (SLR),4
demo-centro,2025-06-26,Gold Elite (GLD),2
demo-centro,2025-06-26,Platinum Elite (PLT),1
demo-costa,2025-06-26,Member (MRD),4
demo-costa,2025-06-26,Silver Elite (SLR),1
demo-costa,2025-06-26,Gold Elite (GLD),4
demo-costa,2025-06-26,Platinum Elite (PLT),2
demo-costa,2025-06-26,Titanium Elite (TTM),3
demo-centro,2025-06-27,Member (MRD),3
demo-centro,2025-06-27,Silver Elite (SLR),2
demo-centro,2025-06-27,Gold Elite (GLD),3
demo-centro,2025-06-27,Platinum Elite (PLT),4
demo-centro,2025-06-27,Titanium Elite (TTM),2
demo-costa,2025-06-27,Member (MRD),3
demo-costa,2025-06-27,Platinum Elite (PLT),1
demo-costa,2025-06-27,Titanium Elite (TTM),3
demo-centro,2025-06-28,Member (MRD),4
demo-centro,2025-06-28,Silver Elite (SLR),1
demo-centro,2025-06-28,Gold Elite (GLD),1
demo-centro,2025-06-28,Platinum Elite (PLT),2
demo-costa,2025-06-28,Member (MRD),3
demo-costa,2025-06-28,Silver Elite (SLR),2
demo-costa,2025-06-28,Platinum Elite (PLT),2
demo-costa,2025-06-28,Titanium Elite (TTM),3
demo-centro,2025-06-29,Member (MRD),1
demo-centro,2025-06-29,Silver Elite (SLR),2
demo-centro,2025-06-29,Gold Elite (GLD),3
demo-centro,2025-06-29,Platinum Elite (PLT),2
demo-centro,2025-06-29,Titanium Elite (TTM),3
demo-costa,2025-06-29,Silver Elite (SLR),3
demo-costa,2025-06-29,Platinum Elite (PLT),3
demo-costa,2025-06-29,Titanium Elite (TTM),4
demo-centro,2025-06-30,Member (MRD),4
demo-centro,2025-06-30,Silver Elite (SLR),4
demo-centro,2025-06-30,Gold Elite (GLD),1
demo-centro,2025-06-30,Platinum Elite (PLT),4
demo-costa,2025-06-30,Member (MRD),1
demo-costa,2025-06-30,Silver Elite (SLR),1
demo-costa,2025-06-30,Gold Elite (GLD),2
demo-costa,2025-06-30,Platinum Elite (PLT),2
demo-costa,2025-06-30,Titanium Elite (TTM),2
demo-centro,2025-07-01,Member (MRD),2
demo-centro,2025-07-01,Gold Elite (GLD),1
demo-centro,2025-07-01,Platinum Elite (PLT),4
demo-centro,2025-07-01,Titanium Elite (TTM),1
demo-costa,2025-07-01,Member (MRD),1
demo-costa,2025-07-01,Silver Elite (SLR),1
demo-costa,2025-07-01,Platinum Elite (PLT),3
demo-costa,2025-07-01,Titanium Elite (TTM),1
demo-centro,2025-07-02,Member (MRD),3
demo-centro,2025-07-02,Gold Elite (GLD),1
demo-centro,2025-07-02,Platinum Elite (PLT),3
demo-centro,2025-07-02,Titanium Elite (TTM),1
demo-costa,2025-07-02,Member (MRD),3
demo-costa,2025-07-02,Silver Elite (SLR),4
demo-costa,2025-07-02,Gold Elite (GLD),4
demo-costa,2025-07-02,Platinum Elite (PLT),1
demo-costa,2025-07-02,Titanium Elite (TTM),4
demo-centro,2025-07-03,Silver Elite (SLR),1
demo-centro,2025-07-03,Gold Elite (GLD),4
demo-centro,2025-07-03,Platinum Elite (PLT),1
demo-centro,2025-07-03,Titanium Elite (TTM),3
demo-costa,2025-07-03,Member (MRD),1
demo-costa,2025-07-03,Silver Elite (SLR),4
demo-costa,2025-07-03,Gold Elite (GLD),4
demo-costa,2025-07-03,Platinum Elite (PLT),3
demo-costa,2025-07-03,Titanium Elite (TTM),2
demo-centro,2025-07-04,Silver Elite (SLR),4
demo-centro,2025-07-04,Gold Elite (GLD),4
demo-centro,2025-07-04,Platinum Elite (PLT),1
demo-costa,2025-07-04,Member (MRD),2
demo-costa,2025-07-04,Silver Elite (SLR),3
demo-costa,2025-07-04,Gold Elite (GLD),3
demo-centro,2025-07-05,Member (MRD),4
demo-centro,2025-07-05,Silver Elite (SLR),3
demo-centro,2025-07-05,Gold Elite (GLD),2
demo-centro,2025-07-05,Platinum Elite (PLT),3
demo-centro,2025-07-05,Titanium Elite (TTM),3
demo-costa,2025-07-05,Member (MRD),3
demo-costa,2025-07-05,Silver Elite (SLR),2
demo-costa,2025-07-05,Gold Elite (GLD),1
demo-costa,2025-07-05,Platinum Elite (PLT),1
demo-centro,2025-07-06,Member (MRD),2
demo-centro,2025-07-06,Silver Elite (SLR),1
demo-centro,2025-07-06,Gold Elite (GLD),3
demo-centro,2025-07-06,Platinum Elite (PLT),1
demo-centro,2025-07-06,Titanium Elite (TTM),3
demo-costa,2025-07-06,Member (MRD),1
demo-costa,2025-07-06,Silver Elite (SLR),4
demo-costa,2025-07-06,Gold Elite (GLD),4
demo-costa,2025-07-06,Platinum Elite (PLT),2
demo-centro,2025-07-07,Member (MRD),3
demo-centro,2025-07-07,Gold Elite (GLD),1
demo-centro,2025-07-07,Platinum Elite (PLT),1
demo-costa,2025-07-07,Member (MRD),4
demo-costa,2025-07-07,Silver Elite (SLR),3
demo-costa,2025-07-07,Platinum Elite (PLT),3
demo-centro,2025-07-08,Member (MRD),2
demo-centro,2025-07-08,Silver Elite (SLR),4
demo-centro,2025-07-08,Gold Elite (GLD),1
demo-centro,2025-07-08,Platinum Elite (PLT),1
demo-centro,2025-07-08,Titanium Elite (TTM),3
demo-costa,2025-07-08,Member (MRD),3
demo-costa,2025-07-08,Silver Elite (SLR),3
demo-costa,2025-07-08,Platinum Elite (PLT),4
demo-costa,2025-07-08,Titanium Elite (TTM),1
demo-centro,2025-07-09,Member (MRD),2
demo-centro,2025-07-09,Silver Elite (SLR),4
demo-centro,2025-07-09,Gold Elite (GLD),4
demo-centro,2025-07-09,Platinum Elite (PLT),2
demo-centro,2025-07-09,Titanium Elite (TTM),3
demo-costa,2025-07-09,Member (MRD),1
demo-costa,2025-07-09,Silver Elite (SLR),4
demo-costa,2025-07-09,Gold Elite (GLD),3
demo-costa,2025-07-09,Platinum Elite (PLT),3
demo-costa,2025-07-09,Titanium Elite (TTM),2
demo-centro,2025-07-10,Member (MRD),1
demo-centro,2025-07-10,Silver Elite (SLR),4
demo-centro,2025-07-10,Platinum Elite (PLT),1
demo-centro,2025-07-10,Titanium Elite (TTM),3
demo-costa,2025-07-10,Silver Elite (SLR),2
demo-costa,2025-07-10,Gold Elite (GLD),1
demo-costa,2025-07-10,Platinum Elite (PLT),4
demo-costa,2025-07-10,Titanium Elite (TTM),3
demo-centro,2025-07-11,Member (MRD),1
demo-centro,2025-07-11,Silver Elite (SLR),3
demo-centro,2025-07-11,Gold Elite (GLD),1
demo-centro,2025-07-11,Platinum Elite (PLT),2
demo-centro,2025-07-11,Titanium Elite (TTM),4
demo-costa,2025-07-11,Member (MRD),2
demo-costa,2025-07-11,Silver Elite (SLR),4
demo-costa,2025-07-11,Platinum Elite (PLT),3
demo-costa,2025-07-11,Titanium Elite (TTM),3
demo-centro,2025-07-12,Member (MRD),3
demo-centro,2025-07-12,Silver Elite (SLR),4
demo-centro,2025-07-12,Platinum Elite (PLT),3
demo-centro,2025-07-12,Titanium Elite (TTM),1
demo-costa,2025-07-12,Member (MRD),2
demo-costa,2025-07-12,Gold Elite (GLD),1
demo-costa,2025-07-12,Platinum Elite (PLT),3
demo-costa,2025-07-12,Titanium Elite (TTM),1
demo-centro,2025-07-13,Member (MRD),2
demo-centro,2025-07-13,Gold Elite (GLD),4
demo-centro,2025-07-13,Titanium Elite (TTM),2
demo-costa,2025-07-13,Member (MRD),2
demo-costa,2025-07-13,Silver Elite (SLR),1
demo-costa,2025-07-13,Gold Elite (GLD),3
demo-costa,2025-07-13,Platinum Elite (PLT),1
demo-costa,2025-07-13,Titanium Elite (TTM),4
demo-centro,2025-07-14,Platinum Elite (PLT),3
demo-centro,2025-07-14,Titanium Elite (TTM),2
demo-costa,2025-07-14,Member (MRD),3
demo-costa,2025-07-14,Gold Elite (GLD),3
demo-costa,2025-07-14,Platinum Elite (PLT),1
demo-costa,2025-07-14,Titanium Elite (TTM),3
demo-centro,2025-07-15,Gold Elite (GLD),4
demo-centro,2025-07-15,Platinum Elite (PLT),2
demo-costa,2025-07-15,Member (MRD),2
demo-costa,2025-07-15,Gold Elite (GLD),2
demo-costa,2025-07-15,Titanium Elite (TTM),4
demo-centro,2025-07-16,Member (MRD),1
demo-centro,2025-07-16,Silver Elite (SLR),1
demo-centro,2025-07-16,Gold Elite (GLD),3
demo-centro,2025-07-16,Platinum Elite (PLT),4
demo-centro,2025-07-16,Titanium Elite (TTM),3
demo-costa,2025-07-16,Member (MRD),3
demo-costa,2025-07-16,Silver Elite (SLR),1
demo-costa,2025-07-16,Platinum Elite (PLT),3
demo-costa,2025-07-16,Titanium Elite (TTM),2
demo-centro,2025-07-17,Member (MRD),1
demo-centro,2025-07-17,Silver Elite (SLR),4
demo-centro,2025-07-17,Gold Elite (GLD),3
demo-centro,2025-07-17,Platinum Elite (PLT),1
demo-costa,2025-07-17,Member (MRD),1
demo-costa,2025-07-17,Gold Elite (GLD),2
demo-costa,2025-07-17,Platinum Elite (PLT),3
demo-costa,2025-07-17,Titanium Elite (TTM),2
demo-centro,2025-07-18,Member (MRD),3
demo-centro,2025-07-18,Gold Elite (GLD),1
demo-centro,2025-07-18,Platinum Elite (PLT),4
demo-centro,2025-07-18,Titanium Elite (TTM),3
demo-costa,2025-07-18,Member (MRD),2
demo-costa,2025-07-18,Silver Elite (SLR),3
demo-costa,2025-07-18,Gold Elite (GLD),4
demo-costa,2025-07-18,Platinum Elite (PLT),3
demo-costa,2025-07-18,Titanium Elite (TTM),3
demo-centro,2025-07-19,Silver Elite (SLR),3
demo-centro,2025-07-19,Gold Elite (GLD),2
demo-centro,2025-07-19,Platinum Elite (PLT),3
demo-centro,2025-07-19,Titanium Elite (TTM),4
demo-costa,2025-07-19,Member (MRD),4
demo-costa,2025-07-19,Gold Elite (GLD),4
demo-costa,2025-07-19,Platinum Elite (PLT),1
demo-costa,2025-07-19,Titanium Elite (TTM),2
demo-centro,2025-07-20,Member (MRD),4
demo-centro,2025-07-20,Silver Elite (SLR),1
demo-centro,2025-07-20,Gold Elite (GLD),1
demo-centro,2025-07-20,Platinum Elite (PLT),4
demo-centro,2025-07-20,Titanium Elite (TTM),3
demo-costa,2025-07-20,Member (MRD),3
demo-costa,2025-07-20,Silver Elite (SLR),3
demo-costa,2025-07-20,Gold Elite (GLD),3
demo-costa,2025-07-20,Platinum Elite (PLT),1
demo-costa,2025-07-20,Titanium Elite (TTM),1
demo-centro,2025-07-21,Member (MRD),2
demo-centro,2025-07-21,Silver Elite (SLR),2
demo-centro,2025-07-21,Gold Elite (GLD),4
demo-centro,2025-07-21,Platinum Elite (PLT),1
demo-centro,2025-07-21,Titanium Elite (TTM),2
demo-costa,2025-07-21,Silver Elite (SLR),2
demo-costa,2025-07-21,Gold Elite (GLD),1
demo-costa,2025-07-21,Titanium Elite (TTM),2
demo-centro,2025-07-22,Member (MRD),3
demo-centro,2025-07-22,Silver Elite (SLR),3
demo-centro,2025-07-22,Gold Elite (GLD),3
demo-centro,2025-07-22,Platinum Elite (PLT),3
demo-centro,2025-07-22,Titanium Elite (TTM),3
demo-costa,2025-07-22,Member (MRD),3
demo-costa,2025-07-22,Silver Elite (SLR),2
demo-costa,2025-07-22,Gold Elite (GLD),2
demo-costa,2025-07-22,Platinum Elite (PLT),2
demo-costa,2025-07-22,Titanium Elite (TTM),1
demo-centro,2025-07-23,Member (MRD),4
demo-centro,2025-07-23,Silver Elite (SLR),4
demo-centro,2025-07-23,Gold Elite (GLD),4
demo-centro,2025-07-23,Platinum Elite (PLT),2
demo-centro,2025-07-23,Titanium Elite (TTM),1
demo-costa,2025-07-23,Member (MRD),1
demo-costa,2025-07-23,Silver Elite (SLR),2
demo-costa,2025-07-23,Platinum Elite (PLT),4
demo-costa,2025-07-23,Titanium Elite (TTM),4
demo-centro,2025-07-24,Member (MRD),4
demo-centro,2025-07-24,Silver Elite (SLR),2
demo-centro,2025-07-24,Gold Elite (GLD),1
demo-centro,2025-07-24,Titanium Elite (TTM),4
demo-costa,2025-07-24,Member (MRD),2
demo-costa,2025-07-24,Silver Elite (SLR),1
demo-costa,2025-07-24,Gold Elite (GLD),3
demo-costa,2025-07-24,Platinum Elite (PLT),1
demo-centro,2025-07-25,Member (MRD),3
demo-centro,2025-07-25,Gold Elite (GLD),4
demo-centro,2025-07-25,Platinum Elite (PLT),3
demo-centro,2025-07-25,Titanium Elite (TTM),4
demo-costa,2025-07-25,Member (MRD),3
demo-costa,2025-07-25,Silver Elite (SLR),4
demo-costa,2025-07-25,Gold Elite (GLD),1
demo-costa,2025-07-25,Titanium Elite (TTM),4
demo-centro,2025-07-26,Member (MRD),1
demo-centro,2025-07-26,Silver Elite (SLR),2
demo-centro,2025-07-26,Gold Elite (GLD),1
demo-centro,2025-07-26,Platinum Elite (PLT),2
demo-costa,2025-07-26,Member (MRD),4
demo-costa,2025-07-26,Silver Elite (SLR),1
demo-costa,2025-07-26,Gold Elite (GLD),3
demo-costa,2025-07-26,Platinum Elite (PLT),2
demo-centro,2025-07-27,Silver Elite (SLR),3
demo-centro,2025-07-27,Gold Elite (GLD),4
demo-centro,2025-07-27,Platinum Elite (PLT),3
demo-costa,2025-07-27,Silver Elite (SLR),2
demo-costa,2025-07-27,Gold Elite (GLD),1
demo-costa,2025-07-27,Titanium Elite (TTM),1
demo-centro,2025-07-28,Silver Elite (SLR),3
demo-centro,2025-07-28,Gold Elite (GLD),4
demo-centro,2025-07-28,Platinum Elite (PLT),2
demo-centro,2025-07-28,Titanium Elite (TTM),4
demo-costa,2025-07-28,Member (MRD),2
demo-costa,2025-07-28,Silver Elite (SLR),3
demo-costa,2025-07-28,Gold Elite (GLD),4
demo-costa,2025-07-28,Platinum Elite (PLT),4
demo-costa,2025-07-28,Titanium Elite (TTM),2
demo-centro,2025-07-29,Member (MRD),1
demo-centro,2025-07-29,Silver Elite (SLR),3
demo-centro,2025-07-29,Gold Elite (GLD),1
demo-centro,2025-07-29,Platinum Elite (PLT),2
demo-costa,2025-07-29,Member (MRD),3
demo-costa,2025-07-29,Silver Elite (SLR),1
demo-costa,2025-07-29,Gold Elite (GLD),1
demo-costa,2025-07-29,Platinum Elite (PLT),1
demo-costa,2025-07-29,Titanium Elite (TTM),3
demo-centro,2025-07-30,Member (MRD),2
demo-centro,2025-07-30,Silver Elite (SLR),3
demo-centro,2025-07-30,Gold Elite (GLD),3
demo-centro,2025-07-30,Platinum Elite (PLT),1
demo-centro,2025-07-30,Titanium Elite (TTM),3
demo-costa,2025-07-30,Member (MRD),4
demo-costa,2025-07-30,Silver Elite (SLR),1
demo-costa,2025-07-30,Gold Elite (GLD),2
demo-costa,2025-07-30,Platinum Elite (PLT),4
demo-costa,2025-07-30,Titanium Elite (TTM),3
demo-centro,2025-07-31,Member (MRD),3
demo-centro,2025-07-31,Silver Elite (SLR),2
demo-centro,2025-07-31,Gold Elite (GLD),3
demo-centro,2025-07-31,Platinum Elite (PLT),2
demo-centro,2025-07-31,Titanium Elite (TTM),2
demo-costa,2025-07-31,Member (MRD),1
demo-costa,2025-07-31,Silver Elite (SLR),3
demo-costa,2025-07-31,Gold Elite (GLD),2
demo-costa,2025-07-31,Titanium Elite (TTM),4
demo-centro,2025-08-01,Member (MRD),3
demo-centro,2025-08-01,Silver Elite (SLR),3
demo-centro,2025-08-01,Platinum Elite (PLT),4
demo-centro,2025-08-01,Titanium Elite (TTM),2
demo-costa,2025-08-01,Silver Elite (SLR),2
demo-costa,2025-08-01,Gold Elite (GLD),3
demo-costa,2025-08-01,Platinum Elite (PLT),4
demo-centro,2025-08-02,Member (MRD),1
demo-centro,2025-08-02,Platinum Elite (PLT),4
demo-centro,2025-08-02,Titanium Elite (TTM),4
demo-costa,2025-08-02,Member (MRD),4
demo-costa,2025-08-02,Platinum Elite (PLT),2
demo-costa,2025-08-02,Titanium Elite (TTM),1
demo-centro,2025-08-03,Member (MRD),4
demo-centro,2025-08-03,Silver Elite (SLR),2
demo-centro,2025-08-03,Gold Elite (GLD),3
demo-centro,2025-08-03,Platinum Elite (PLT),2
demo-centro,2025-08-03,Titanium Elite (TTM),3
demo-costa,2025-08-03,Member (MRD),2
demo-costa,2025-08-03,Titanium Elite (TTM),1
demo-centro,2025-08-04,Member (MRD),4
demo-centro,2025-08-04,Silver Elite (SLR),2
demo-centro,2025-08-04,Gold Elite (GLD),4
demo-costa,2025-08-04,Member (MRD),1
demo-costa,2025-08-04,Silver Elite (SLR),4
demo-costa,2025-08-04,Gold Elite (GLD),4
demo-costa,2025-08-04,Titanium Elite (TTM),2
demo-centro,2025-08-05,Member (MRD),2
demo-centro,2025-08-05,Platinum Elite (PLT),2
demo-centro,2025-08-05,Titanium Elite (TTM),1
demo-costa,2025-08-05,Member (MRD),1
demo-costa,2025-08-05,Silver Elite (SLR),2
demo-costa,2025-08-05,Gold Elite (GLD),1
demo-costa,2025-08-05,Titanium Elite (TTM),3
demo-centro,2025-08-06,Member (MRD),4
demo-centro,2025-08-06,Silver Elite (SLR),2
demo-centro,2025-08-06,Gold Elite (GLD),4
demo-centro,2025-08-06,Titanium Elite (TTM),2
demo-costa,2025-08-06,Member (MRD),2
demo-costa,2025-08-06,Silver Elite (SLR),2
demo-costa,2025-08-06,Gold Elite (GLD),3
demo-costa,2025-08-06,Titanium Elite (TTM),2
demo-centro,2025-08-07,Member (MRD),3
demo-centro,2025-08-07,Gold Elite (GLD),3
demo-centro,2025-08-07,Platinum Elite (PLT),1
demo-centro,2025-08-07,Titanium Elite (TTM),1
demo-costa,2025-08-07,Silver Elite (SLR),2
demo-costa,2025-08-07,Gold Elite (GLD),3
demo-costa,2025-08-07,Platinum Elite (PLT),3
demo-costa,2025-08-07,Titanium Elite (TTM),1
demo-centro,2025-08-08,Member (MRD),4
demo-centro,2025-08-08,Silver Elite (SLR),4
demo-centro,2025-08-08,Gold Elite (GLD),2
demo-centro,2025-08-08,Platinum Elite (PLT),4
demo-centro,2025-08-08,Titanium Elite (TTM),2
demo-costa,2025-08-08,Silver Elite (SLR),1
demo-costa,2025-08-08,Gold Elite (GLD),2
demo-costa,2025-08-08,Platinum Elite (PLT),1
demo-costa,2025-08-08,Titanium Elite (TTM),4
demo-centro,2025-08-09,Member (MRD),2
demo-centro,2025-08-09,Silver Elite (SLR),4
demo-centro,2025-08-09,Gold Elite (GLD),2
demo-centro,2025-08-09,Platinum Elite (PLT),3
demo-centro,2025-08-09,Titanium Elite (TTM),3
demo-costa,2025-08-09,Member (MRD),3
demo-costa,2025-08-09,Silver Elite (SLR),4
demo-costa,2025-08-09,Gold Elite (GLD),2
demo-costa,2025-08-09,Platinum Elite (PLT),1
demo-costa,2025-08-09,Titanium Elite (TTM),4
demo-centro,2025-08-10,Member (MRD),2
demo-centro,2025-08-10,Silver Elite (SLR),1
demo-centro,2025-08-10,Gold Elite (GLD),3
demo-centro,2025-08-10,Titanium Elite (TTM),3
demo-costa,2025-08-10,Member (MRD),4
demo-costa,2025-08-10,Gold Elite (GLD),4
demo-costa,2025-08-10,Titanium Elite (TTM),4
demo-centro,2025-08-11,Member (MRD),3
demo-centro,2025-08-11,Gold Elite (GLD),1
demo-centro,2025-08-11,Platinum Elite (PLT),1
demo-centro,2025-08-11,Titanium Elite (TTM),2
demo-costa,2025-08-11,Silver Elite (SLR),4
demo-costa,2025-08-11,Gold Elite (GLD),2
demo-costa,2025-08-11,Platinum Elite (PLT),3
demo-costa,2025-08-11,Titanium Elite (TTM),1
demo-centro,2025-08-12,Silver Elite (SLR),2
demo-centro,2025-08-12,Platinum Elite (PLT),1
demo-centro,2025-08-12,Titanium Elite (TTM),3
demo-costa,2025-08-12,Member (MRD),1
demo-costa,2025-08-12,Silver Elite (SLR),1
demo-costa,2025-08-12,Gold Elite (GLD),4
demo-costa,2025-08-12,Platinum Elite (PLT),4
demo-costa,2025-08-12,Titanium Elite (TTM),3
demo-centro,2025-08-13,Member (MRD),1
demo-centro,2025-08-13,Silver Elite (SLR),2
demo-centro,2025-08-13,Gold Elite (GLD),3
demo-centro,2025-08-13,Titanium Elite (TTM),4
demo-costa,2025-08-13,Gold Elite (GLD),4
demo-costa,2025-08-13,Platinum Elite (PLT),3
demo-costa,2025-08-13,Titanium Elite (TTM),2
demo-centro,2025-08-14,Member (MRD),2
demo-centro,2025-08-14,Silver Elite (SLR),1
demo-centro,2025-08-14,Gold Elite (GLD),2
demo-centro,2025-08-14,Platinum Elite (PLT),1
demo-costa,2025-08-14,Member (MRD),4
demo-costa,2025-08-14,Silver Elite (SLR),4
demo-costa,2025-08-14,Gold Elite (GLD),1
demo-costa,2025-08-14,Platinum Elite (PLT),2
demo-costa,2025-08-14,Titanium Elite (TTM),4
demo-centro,2025-08-15,Silver Elite (SLR),4
demo-centro,2025-08-15,Platinum Elite (PLT),2
demo-centro,2025-08-15,Titanium Elite (TTM),3
demo-costa,2025-08-15,Silver Elite (SLR),2
demo-costa,2025-08-15,Platinum Elite (PLT),2
demo-costa,2025-08-15,Titanium Elite (TTM),3
demo-centro,2025-08-16,Member (MRD),2
demo-centro,2025-08-16,Silver Elite (SLR),1
demo-centro,2025-08-16,Gold Elite (GLD),1
demo-centro,2025-08-16,Platinum Elite (PLT),2
demo-centro,2025-08-16,Titanium Elite (TTM),4
demo-costa,2025-08-16,Member (MRD),4
demo-costa,2025-08-16,Silver Elite (SLR),3
demo-costa,2025-08-16,Platinum Elite (PLT),4
demo-centro,2025-08-17,Member (MRD),1
demo-centro,2025-08-17,Silver Elite (SLR),4
demo-centro,2025-08-17,Gold Elite (GLD),1
demo-centro,2025-08-17,Platinum Elite (PLT),4
demo-costa,2025-08-17,Member (MRD),2
demo-costa,2025-08-17,Silver Elite (SLR),2
demo-costa,2025-08-17,Gold Elite (GLD),4
demo-costa,2025-08-17,Titanium Elite (TTM),2
demo-centro,2025-08-18,Member (MRD),1
demo-centro,2025-08-18,Silver Elite (SLR),1
demo-centro,2025-08-18,Gold Elite (GLD),3
demo-centro,2025-08-18,Platinum Elite (PLT),4
demo-centro,2025-08-18,Titanium Elite (TTM),1
demo-costa,2025-08-18,Member (MRD),4
demo-costa,2025-08-18,Silver Elite (SLR),4
demo-costa,2025-08-18,Gold Elite (GLD),3
demo-costa,2025-08-18,Platinum Elite (PLT),3
demo-costa,2025-08-18,Titanium Elite (TTM),4
demo-centro,2025-08-19,Member (MRD),4
demo-centro,2025-08-19,Silver Elite (SLR),2
demo-centro,2025-08-19,Gold Elite (GLD),1
demo-centro,2025-08-19,Titanium Elite (TTM),4
demo-costa,2025-08-19,Silver Elite (SLR),4
demo-costa,2025-08-19,Gold Elite (GLD),1
demo-costa,2025-08-19,Platinum Elite (PLT),3
demo-costa,2025-08-19,Titanium Elite (TTM),2
demo-centro,2025-08-20,Member (MRD),2
demo-centro,2025-08-20,Gold Elite (GLD),2
demo-centro,2025-08-20,Platinum Elite (PLT),4
demo-costa,2025-08-20,Member (MRD),3
demo-costa,2025-08-20,Silver Elite (SLR),3
demo-costa,2025-08-20,Gold Elite (GLD),3
demo-costa,2025-08-20,Titanium Elite (TTM),4
demo-centro,2025-08-21,Member (MRD),3
demo-centro,2025-08-21,Gold Elite (GLD),1
demo-centro,2025-08-21,Titanium Elite (TTM),1
demo-costa,2025-08-21,Silver Elite (SLR),4
demo-costa,2025-08-21,Gold Elite (GLD),2
demo-costa,2025-08-21,Platinum Elite (PLT),1
demo-costa,2025-08-21,Titanium Elite (TTM),2
demo-centro,2025-08-22,Member (MRD),3
demo-centro,2025-08-22,Silver Elite (SLR),4
demo-centro,2025-08-22,Gold Elite (GLD),1
demo-centro,2025-08-22,Platinum Elite (PLT),3
demo-centro,2025-08-22,Titanium Elite (TTM),2
demo-costa,2025-08-22,Member (MRD),2
demo-costa,2025-08-22,Silver Elite (SLR),4
demo-costa,2025-08-22,Platinum Elite (PLT),1
demo-costa,2025-08-22,Titanium Elite (TTM),3
demo-centro,2025-08-23,Member (MRD),2
demo-centro,2025-08-23,Silver Elite (SLR),1
demo-centro,2025-08-23,Platinum Elite (PLT),4
demo-centro,2025-08-23,Titanium Elite (TTM),4
demo-costa,2025-08-23,Member (MRD),2
demo-costa,2025-08-23,Gold Elite (GLD),2
demo-costa,2025-08-23,Platinum Elite (PLT),1
demo-centro,2025-08-24,Member (MRD),4
demo-centro,2025-08-24,Silver Elite (SLR),1
demo-centro,2025-08-24,Gold Elite (GLD),2
demo-centro,2025-08-24,Platinum Elite (PLT),1
demo-centro,2025-08-24,Titanium Elite (TTM),3
demo-costa,2025-08-24,Member (MRD),3
demo-costa,2025-08-24,Silver Elite (SLR),4
demo-costa,2025-08-24,Gold Elite (GLD),3
demo-costa,2025-08-24,Titanium Elite (TTM),2
demo-centro,2025-08-25,Member (MRD),3
demo-centro,2025-08-25,Silver Elite (SLR),3
demo-centro,2025-08-25,Gold Elite (GLD),3
demo-centro,2025-08-25,Platinum Elite (PLT),3
demo-costa,2025-08-25,Member (MRD),3
demo-costa,2025-08-25,Silver Elite (SLR),3
demo-costa,2025-08-25,Gold Elite (GLD),3
demo-costa,2025-08-25,Platinum Elite (PLT),3
demo-centro,2025-08-26,Member (MRD),4
demo-centro,2025-08-26,Silver Elite (SLR),4
demo-centro,2025-08-26,Gold Elite (GLD),4
demo-centro,2025-08-26,Titanium Elite (TTM),2
demo-costa,2025-08-26,Member (MRD),1
demo-costa,2025-08-26,Silver Elite (SLR),1
demo-costa,2025-08-26,Platinum Elite (PLT),4
demo-costa,2025-08-26,Titanium Elite (TTM),2
demo-centro,2025-08-27,Gold Elite (GLD),3
demo-centro,2025-08-27,Titanium Elite (TTM),1
demo-costa,2025-08-27,Member (MRD),2
demo-costa,2025-08-27,Platinum Elite (PLT),4
demo-centro,2025-08-28,Silver Elite (SLR),3
demo-centro,2025-08-28,Gold Elite (GLD),2
demo-centro,2025-08-28,Titanium Elite (TTM),1
demo-costa,2025-08-28,Member (MRD),3
demo-costa,2025-08-28,Platinum Elite (PLT),1
demo-centro,2025-08-29,Member (MRD),4
demo-centro,2025-08-29,Silver Elite (SLR),3
demo-centro,2025-08-29,Gold Elite (GLD),3
demo-centro,2025-08-29,Platinum Elite (PLT),2
demo-centro,2025-08-29,Titanium Elite (TTM),2
demo-costa,2025-08-29,Member (MRD),3
demo-costa,2025-08-29,Silver Elite (SLR),2
demo-costa,2025-08-29,Gold Elite (GLD),1
demo-costa,2025-08-29,Platinum Elite (PLT),3
demo-costa,2025-08-29,Titanium Elite (TTM),4
demo-centro,2025-08-30,Member (MRD),4
demo-centro,2025-08-30,Silver Elite (SLR),3
demo-centro,2025-08-30,Gold Elite (GLD),2
demo-centro,2025-08-30,Platinum Elite (PLT),2
demo-centro,2025-08-30,Titanium Elite (TTM),4
demo-costa,2025-08-30,Member (MRD),4
demo-costa,2025-08-30,Gold Elite (GLD),1
demo-costa,2025-08-30,Platinum Elite (PLT),1
demo-costa,2025-08-30,Titanium Elite (TTM),4
demo-centro,2025-08-31,Silver Elite (SLR),2
demo-centro,2025-08-31,Gold Elite (GLD),3
demo-centro,2025-08-31,Platinum Elite (PLT),1
demo-centro,2025-08-31,Titanium Elite (TTM),4
demo-costa,2025-08-31,Gold Elite (GLD),3
demo-costa,2025-08-31,Platinum Elite (PLT),2
demo-centro,2025-09-01,Member (MRD),1
demo-centro,2025-09-01,Silver Elite (SLR),2
demo-centro,2025-09-01,Gold Elite (GLD),4
demo-centro,2025-09-01,Platinum Elite (PLT),3
demo-centro,2025-09-01,Titanium Elite (TTM),3
demo-costa,2025-09-01,Member (MRD),2
demo-costa,2025-09-01,Silver Elite (SLR),3
demo-costa,2025-09-01,Gold Elite (GLD),4
demo-costa,2025-09-01,Platinum Elite (PLT),4
demo-costa,2025-09-01,Titanium Elite (TTM),2
demo-centro,2025-09-02,Member (MRD),3
demo-centro,2025-09-02,Silver Elite (SLR),3
demo-centro,2025-09-02,Gold Elite (GLD),3
demo-centro,2025-09-02,Platinum Elite (PLT),3
demo-centro,2025-09-02,Titanium Elite (TTM),2
demo-costa,2025-09-02,Silver Elite (SLR),3
demo-costa,2025-09-02,Gold Elite (GLD),2
demo-costa,2025-09-02,Platinum Elite (PLT),3
demo-centro,2025-09-03,Silver Elite (SLR),2
demo-centro,2025-09-03,Platinum Elite (PLT),3
demo-centro,2025-09-03,Titanium Elite (TTM),2
demo-costa,2025-09-03,Member (MRD),2
demo-costa,2025-09-03,Silver Elite (SLR),2
demo-costa,2025-09-03,Gold Elite (GLD),3
demo-costa,2025-09-03,Platinum Elite (PLT),1
demo-centro,2025-09-04,Gold Elite (GLD),4
demo-centro,2025-09-04,Titanium Elite (TTM),2
demo-costa,2025-09-04,Silver Elite (SLR),3
demo-costa,2025-09-04,Titanium Elite (TTM),1
demo-centro,2025-09-05,Member (MRD),4
demo-centro,2025-09-05,Silver Elite (SLR),3
demo-centro,2025-09-05,Gold Elite (GLD),2
demo-centro,2025-09-05,Platinum Elite (PLT),1
demo-costa,2025-09-05,Silver Elite (SLR),4
demo-costa,2025-09-05,Gold Elite (GLD),2
demo-costa,2025-09-05,Titanium Elite (TTM),4
demo-centro,2025-09-06,Member (MRD),3
demo-centro,2025-09-06,Silver Elite (SLR),1
demo-centro,2025-09-06,Platinum Elite (PLT),1
demo-centro,2025-09-06,Titanium Elite (TTM),3
demo-costa,2025-09-06,Silver Elite (SLR),1
demo-costa,2025-09-06,Gold Elite (GLD),2
demo-costa,2025-09-06,Platinum Elite (PLT),2
demo-costa,2025-09-06,Titanium Elite (TTM),1
demo-centro,2025-09-07,Member (MRD),1
demo-centro,2025-09-07,Gold Elite (GLD),1
demo-centro,2025-09-07,Platinum Elite (PLT),1
demo-costa,2025-09-07,Member (MRD),2
demo-costa,2025-09-07,Silver Elite (SLR),4
demo-costa,2025-09-07,Gold Elite (GLD),3
demo-costa,2025-09-07,Titanium Elite (TTM),3
demo-centro,2025-09-08,Member (MRD),4
demo-centro,2025-09-08,Gold Elite (GLD),3
demo-centro,2025-09-08,Platinum Elite (PLT),2
demo-centro,2025-09-08,Titanium Elite (TTM),3
demo-costa,2025-09-08,Member (MRD),2
demo-costa,2025-09-08,Silver Elite (SLR),4
demo-costa,2025-09-08,Gold Elite (GLD),3
demo-costa,2025-09-08,Platinum Elite (PLT),4
demo-costa,2025-09-08,Titanium Elite (TTM),1
demo-centro,2025-09-09,Member (MRD),3
demo-centro,2025-09-09,Silver Elite (SLR),1
demo-centro,2025-09-09,Gold Elite (GLD),1
demo-centro,2025-09-09,Platinum Elite (PLT),2
demo-centro,2025-09-09,Titanium Elite (TTM),3
demo-costa,2025-09-09,Member (MRD),2
demo-costa,2025-09-09,Silver Elite (SLR),4
demo-costa,2025-09-09,Gold Elite (GLD),3
demo-costa,2025-09-09,Platinum Elite (PLT),2
demo-costa,2025-09-09,Titanium Elite (TTM),3
demo-centro,2025-09-10,Member (MRD),3
demo-centro,2025-09-10,Gold Elite (GLD),3
demo-centro,2025-09-10,Platinum Elite (PLT),4
demo-centro,2025-09-10,Titanium Elite (TTM),4
demo-costa,2025-09-10,Member (MRD),2
demo-costa,2025-09-10,Silver Elite (SLR),4
demo-costa,2025-09-10,Gold Elite (GLD),3
demo-costa,2025-09-10,Platinum Elite (PLT),1
demo-centro,2025-09-11,Member (MRD),3
demo-centro,2025-09-11,Gold Elite (GLD),4
demo-centro,2025-09-11,Platinum Elite (PLT),3
demo-centro,2025-09-11,Titanium Elite (TTM),2
demo-costa,2025-09-11,Member (MRD),3
demo-costa,2025-09-11,Silver Elite (SLR),1
demo-costa,2025-09-11,Gold Elite (GLD),2
demo-costa,2025-09-11,Platinum Elite (PLT),3
demo-centro,2025-09-12,Member (MRD),3
demo-centro,2025-09-12,Silver Elite (SLR),2
demo-centro,2025-09-12,Gold Elite (GLD),4
demo-centro,2025-09-12,Platinum Elite (PLT),3
demo-centro,2025-09-12,Titanium Elite (TTM),4
demo-costa,2025-09-12,Member (MRD),2
demo-costa,2025-09-12,Silver Elite (SLR),2
demo-costa,2025-09-12,Gold Elite (GLD),3
demo-costa,2025-09-12,Platinum Elite (PLT),2
demo-centro,2025-09-13,Member (MRD),4
demo-centro,2025-09-13,Silver Elite (SLR),1
demo-centro,2025-09-13,Gold Elite (GLD),4
demo-centro,2025-09-13,Platinum Elite (PLT),4
demo-costa,2025-09-13,Member (MRD),2
demo-costa,2025-09-13,Silver Elite (SLR),1
demo-costa,2025-09-13,Gold Elite (GLD),3
demo-costa,2025-09-13,Platinum Elite (PLT),3
demo-costa,2025-09-13,Titanium Elite (TTM),2
demo-centro,2025-09-14,Silver Elite (SLR),2
demo-centro,2025-09-14,Gold Elite (GLD),4
demo-centro,2025-09-14,Platinum Elite (PLT),2
demo-centro,2025-09-14,Titanium Elite (TTM),4
demo-costa,2025-09-14,Member (MRD),4
demo-costa,2025-09-14,Silver Elite (SLR),4
demo-costa,2025-09-14,Gold Elite (GLD),4
demo-costa,2025-09-14,Titanium Elite (TTM),4
demo-centro,2025-09-15,Member (MRD),2
demo-centro,2025-09-15,Silver Elite (SLR),2
demo-centro,2025-09-15,Gold Elite (GLD),4
demo-centro,2025-09-15,Platinum Elite (PLT),4
demo-costa,2025-09-15,Member (MRD),2
demo-costa,2025-09-15,Silver Elite (SLR),2
demo-costa,2025-09-15,Gold Elite (GLD),4
demo-costa,2025-09-15,Platinum Elite (PLT),1
demo-costa,2025-09-15,Titanium Elite (TTM),4
demo-centro,2025-09-16,Member (MRD),2
demo-centro,2025-09-16,Silver Elite (SLR),2
demo-centro,2025-09-16,Gold Elite (GLD),4
demo-centro,2025-09-16,Platinum Elite (PLT),1
demo-centro,2025-09-16,Titanium Elite (TTM),1
demo-costa,2025-09-16,Member (MRD),1
demo-costa,2025-09-16,Silver Elite (SLR),1
demo-costa,2025-09-16,Platinum Elite (PLT),4
demo-costa,2025-09-16,Titanium Elite (TTM),4
demo-centro,2025-09-17,Member (MRD),3
demo-centro,2025-09-17,Gold Elite (GLD),4
demo-centro,2025-09-17,Platinum Elite (PLT),1
demo-centro,2025-09-17,Titanium Elite (TTM),2
demo-costa,2025-09-17,Member (MRD),2
demo-costa,2025-09-17,Silver Elite (SLR),3
demo-costa,2025-09-17,Gold Elite (GLD),1
demo-costa,2025-09-17,Platinum Elite (PLT),4
demo-costa,2025-09-17,Titanium Elite (TTM),1
demo-centro,2025-09-18,Member (MRD),3
demo-centro,2025-09-18,Silver Elite (SLR),4
demo-centro,2025-09-18,Gold Elite (GLD),1
demo-centro,2025-09-18,Platinum Elite (PLT),3
demo-centro,2025-09-18,Titanium Elite (TTM),3
demo-costa,2025-09-18,Gold Elite (GLD),2
demo-costa,2025-09-18,Platinum Elite (PLT),2
demo-costa,2025-09-18,Titanium Elite (TTM),2
demo-centro,2025-09-19,Member (MRD),2
demo-centro,2025-09-19,Silver Elite (SLR),3
demo-centro,2025-09-19,Gold Elite (GLD),1
demo-centro,2025-09-19,Platinum Elite (PLT),1
demo-costa,2025-09-19,Member (MRD),4
demo-costa,2025-09-19,Silver Elite (SLR),2
demo-costa,2025-09-19,Gold Elite (GLD),1
demo-costa,2025-09-19,Titanium Elite (TTM),1
demo-centro,2025-09-20,Member (MRD),1
demo-centro,2025-09-20,Silver Elite (SLR),4
demo-centro,2025-09-20,Gold Elite (GLD),3
demo-centro,2025-09-20,Platinum Elite (PLT),3
demo-costa,2025-09-20,Member (MRD),2
demo-costa,2025-09-20,Gold Elite (GLD),4
demo-costa,2025-09-20,Titanium Elite (TTM),2
demo-centro,2025-09-21,Silver Elite (SLR),1
demo-centro,2025-09-21,Gold Elite (GLD),2
demo-centro,2025-09-21,Platinum Elite (PLT),1
demo-centro,2025-09-21,Titanium Elite (TTM),1
demo-costa,2025-09-21,Silver Elite (SLR),1
demo-costa,2025-09-21,Gold Elite (GLD),4
demo-costa,2025-09-21,Platinum Elite (PLT),3
demo-costa,2025-09-21,Titanium Elite (TTM),3
demo-centro,2025-09-22,Member (MRD),2
demo-centro,2025-09-22,Gold Elite (GLD),1
demo-centro,2025-09-22,Platinum Elite (PLT),3
demo-centro,2025-09-22,Titanium Elite (TTM),1
demo-costa,2025-09-22,Silver Elite (SLR),4
demo-costa,2025-09-22,Gold Elite (GLD),4
demo-costa,2025-09-22,Platinum Elite (PLT),4
demo-centro,2025-09-23,Member (MRD),2
demo-centro,2025-09-23,Silver Elite (SLR),3
demo-centro,2025-09-23,Gold Elite (GLD),1
demo-centro,2025-09-23,Platinum Elite (PLT),3
demo-centro,2025-09-23,Titanium Elite (TTM),4
demo-costa,2025-09-23,Member (MRD),4
demo-costa,2025-09-23,Silver Elite (SLR),3
demo-costa,2025-09-23,Gold Elite (GLD),2
demo-costa,2025-09-23,Platinum Elite (PLT),3
demo-costa,2025-09-23,Titanium Elite (TTM),1
demo-centro,2025-09-24,Member (MRD),3
demo-centro,2025-09-24,Silver Elite (SLR),4
demo-centro,2025-09-24,Platinum Elite (PLT),2
demo-centro,2025-09-24,Titanium Elite (TTM),4
demo-costa,2025-09-24,Member (MRD),3
demo-costa,2025-09-24,Silver Elite (SLR),3
demo-costa,2025-09-24,Gold Elite (GLD),1
demo-costa,2025-09-24,Platinum Elite (PLT),4
demo-costa,2025-09-24,Titanium Elite (TTM),3
demo-centro,2025-09-25,Gold Elite (GLD),4
demo-centro,2025-09-25,Platinum Elite (PLT),4
demo-centro,2025-09-25,Titanium Elite (TTM),4
demo-costa,2025-09-25,Member (MRD),1
demo-costa,2025-09-25,Silver Elite (SLR),4
demo-costa,2025-09-25,Gold Elite (GLD),3
demo-costa,2025-09-25,Titanium Elite (TTM),3
demo-centro,2025-09-26,Member (MRD),3
demo-centro,2025-09-26,Silver Elite (SLR),4
demo-centro,2025-09-26,Gold Elite (GLD),4
demo-centro,2025-09-26,Platinum Elite (PLT),3
demo-centro,2025-09-26,Titanium Elite (TTM),1
demo-costa,2025-09-26,Member (MRD),1
demo-costa,2025-09-26,Silver Elite (SLR),4
demo-costa,2025-09-26,Gold Elite (GLD),2
demo-costa,2025-09-26,Platinum Elite (PLT),1
demo-costa,2025-09-26,Titanium Elite (TTM),2
demo-centro,2025-09-27,Member (MRD),1
demo-centro,2025-09-27,Silver Elite (SLR),1
demo-centro,2025-09-27,Gold Elite (GLD),4
demo-centro,2025-09-27,Platinum Elite (PLT),3
demo-centro,2025-09-27,Titanium Elite (TTM),4
demo-costa,2025-09-27,Member (MRD),2
demo-costa,2025-09-27,Silver Elite (SLR),4
demo-costa,2025-09-27,Gold Elite (GLD),2
demo-costa,2025-09-27,Platinum Elite (PLT),3
demo-costa,2025-09-27,Titanium Elite (TTM),4
demo-centro,2025-09-28,Member (MRD),2
demo-centro,2025-09-28,Silver Elite (SLR),3
demo-centro,2025-09-28,Gold Elite (GLD),2
demo-centro,2025-09-28,Platinum Elite (PLT),3
demo-centro,2025-09-28,Titanium Elite (TTM),2
demo-costa,2025-09-28,Silver Elite (SLR),2
demo-costa,2025-09-28,Titanium Elite (TTM),4
demo-centro,2025-09-29,Member (MRD),2
demo-centro,2025-09-29,Silver Elite (SLR),2
demo-centro,2025-09-29,Gold Elite (GLD),4
demo-centro,2025-09-29,Titanium Elite (TTM),1
demo-costa,2025-09-29,Member (MRD),3
demo-costa,2025-09-29,Titanium Elite (TTM),4
demo-centro,2025-09-30,Member (MRD),4
demo-centro,2025-09-30,Gold Elite (GLD),2
demo-centro,2025-09-30,Platinum Elite (PLT),1
demo-centro,2025-09-30,Titanium Elite (TTM),4
demo-costa,2025-09-30,Member (MRD),4
demo-costa,2025-09-30,Silver Elite (SLR),2
demo-costa,2025-09-30,Gold Elite (GLD),3
demo-costa,2025-09-30,Platinum Elite (PLT),2
demo-costa,2025-09-30,Titanium Elite (TTM),3
demo-centro,2025-10-01,Silver Elite (SLR),4
demo-centro,2025-10-01,Gold Elite (GLD),3
demo-centro,2025-10-01,Platinum Elite (PLT),2
demo-centro,2025-10-01,Titanium Elite (TTM),2
demo-costa,2025-10-01,Member (MRD),2
demo-costa,2025-10-01,Gold Elite (GLD),2
demo-costa,2025-10-01,Platinum Elite (PLT),4
demo-costa,2025-10-01,Titanium Elite (TTM),3
demo-centro,2025-10-02,Silver Elite (SLR),2
demo-centro,2025-10-02,Gold Elite (GLD),1
demo-centro,2025-10-02,Titanium Elite (TTM),2
demo-costa,2025-10-02,Member (MRD),1
demo-costa,2025-10-02,Silver Elite (SLR),2
demo-costa,2025-10-02,Gold Elite (GLD),4
demo-centro,2025-10-03,Member (MRD),2
demo-centro,2025-10-03,Silver Elite (SLR),4
demo-centro,2025-10-03,Platinum Elite (PLT),4
demo-centro,2025-10-03,Titanium Elite (TTM),3
demo-costa,2025-10-03,Silver Elite (SLR),3
demo-costa,2025-10-03,Gold Elite (GLD),2
demo-costa,2025-10-03,Titanium Elite (TTM),4
demo-centro,2025-10-04,Member (MRD),4
demo-centro,2025-10-04,Silver Elite (SLR),1
demo-centro,2025-10-04,Gold Elite (GLD),2
demo-centro,2025-10-04,Platinum Elite (PLT),2
demo-costa,2025-10-04,Member (MRD),4
demo-costa,2025-10-04,Silver Elite (SLR),1
demo-costa,2025-10-04,Gold Elite (GLD),4
demo-costa,2025-10-04,Platinum Elite (PLT),2
demo-costa,2025-10-04,Titanium Elite (TTM),2
demo-centro,2025-10-05,Member (MRD),2
demo-centro,2025-10-05,Silver Elite (SLR),2
demo-centro,2025-10-05,Gold Elite (GLD),3
demo-centro,2025-10-05,Platinum Elite (PLT),1
demo-centro,2025-10-05,Titanium Elite (TTM),3
demo-costa,2025-10-05,Member (MRD),4
demo-costa,2025-10-05,Platinum Elite (PLT),4
demo-centro,2025-10-06,Member (MRD),3
demo-centro,2025-10-06,Silver Elite (SLR),4
demo-centro,2025-10-06,Gold Elite (GLD),4
demo-centro,2025-10-06,Platinum Elite (PLT),4
demo-centro,2025-10-06,Titanium Elite (TTM),3
demo-costa,2025-10-06,Member (MRD),4
demo-costa,2025-10-06,Silver Elite (SLR),4
demo-costa,2025-10-06,Gold Elite (GLD),2
demo-costa,2025-10-06,Titanium Elite (TTM),1
demo-centro,2025-10-07,Silver Elite (SLR),4
demo-centro,2025-10-07,Platinum Elite (PLT),1
demo-centro,2025-10-07,Titanium Elite (TTM),4
demo-costa,2025-10-07,Member (MRD),2
demo-costa,2025-10-07,Silver Elite (SLR),4
demo-costa,2025-10-07,Platinum Elite (PLT),4
demo-costa,2025-10-07,Titanium Elite (TTM),2
demo-centro,2025-10-08,Member (MRD),3
demo-centro,2025-10-08,Gold Elite (GLD),2
demo-centro,2025-10-08,Platinum Elite (PLT),3
demo-costa,2025-10-08,Member (MRD),1
demo-costa,2025-10-08,Silver Elite (SLR),3
demo-costa,2025-10-08,Gold Elite (GLD),2
demo-costa,2025-10-08,Titanium Elite (TTM),1
demo-centro,2025-10-09,Silver Elite (SLR),1
demo-centro,2025-10-09,Gold Elite (GLD),2
demo-centro,2025-10-09,Platinum Elite (PLT),2
demo-centro,2025-10-09,Titanium Elite (TTM),4
demo-costa,2025-10-09,Member (MRD),1
demo-costa,2025-10-09,Silver Elite (SLR),4
demo-costa,2025-10-09,Gold Elite (GLD),4
demo-costa,2025-10-09,Titanium Elite (TTM),4
demo-centro,2025-10-10,Member (MRD),2
demo-centro,2025-10-10,Silver Elite (SLR),3
demo-centro,2025-10-10,Gold Elite (GLD),3
demo-centro,2025-10-10,Platinum Elite (PLT),1
demo-centro,2025-10-10,Titanium Elite (TTM),2
demo-costa,2025-10-10,Member (MRD),4
demo-costa,2025-10-10,Silver Elite (SLR),4
demo-costa,2025-10-10,Platinum Elite (PLT),4
demo-costa,2025-10-10,Titanium Elite (TTM),3
demo-centro,2025-10-11,Member (MRD),2
demo-centro,2025-10-11,Silver Elite (SLR),2
demo-centro,2025-10-11,Gold Elite (GLD),3
demo-centro,2025-10-11,Platinum Elite (PLT),1
demo-centro,2025-10-11,Titanium Elite (TTM),4
demo-costa,2025-10-11,Member (MRD),3
demo-costa,2025-10-11,Silver Elite (SLR),1
demo-costa,2025-10-11,Gold Elite (GLD),3
demo-costa,2025-10-11,Platinum Elite (PLT),1
demo-costa,2025-10-11,Titanium Elite (TTM),2
demo-centro,2025-10-12,Member (MRD),1
demo-centro,2025-10-12,Silver Elite (SLR),1
demo-centro,2025-10-12,Titanium Elite (TTM),1
demo-costa,2025-10-12,Member (MRD),4
demo-costa,2025-10-12,Gold Elite (GLD),4
demo-costa,2025-10-12,Titanium Elite (TTM),1
demo-centro,2025-10-13,Member (MRD),2
demo-centro,2025-10-13,Silver Elite (SLR),2
demo-centro,2025-10-13,Gold Elite (GLD),1
demo-centro,2025-10-13,Platinum Elite (PLT),4
demo-centro,2025-10-13,Titanium Elite (TTM),4
demo-costa,2025-10-13,Member (MRD),3
demo-costa,2025-10-13,Gold Elite (GLD),3
demo-costa,2025-10-13,Platinum Elite (PLT),1
demo-costa,2025-10-13,Titanium Elite (TTM),2
demo-centro,2025-10-14,Silver Elite (SLR),3
demo-centro,2025-10-14,Gold Elite (GLD),2
demo-centro,2025-10-14,Platinum Elite (PLT),3
demo-centro,2025-10-14,Titanium Elite (TTM),3
demo-costa,2025-10-14,Member (MRD),3
demo-costa,2025-10-14,Silver Elite (SLR),2
demo-costa,2025-10-14,Gold Elite (GLD),1
demo-costa,2025-10-14,Titanium Elite (TTM),1
demo-centro,2025-10-15,Silver Elite (SLR),1
demo-centro,2025-10-15,Gold Elite (GLD),2
demo-centro,2025-10-15,Platinum Elite (PLT),1
demo-centro,2025-10-15,Titanium Elite (TTM),4
demo-costa,2025-10-15,Member (MRD),1
demo-costa,2025-10-15,Silver Elite (SLR),2
demo-costa,2025-10-15,Gold Elite (GLD),2
demo-costa,2025-10-15,Platinum Elite (PLT),2
demo-costa,2025-10-15,Titanium Elite (TTM),3
demo-centro,2025-10-16,Silver Elite (SLR),2
demo-centro,2025-10-16,Gold Elite (GLD),3
demo-centro,2025-10-16,Platinum Elite (PLT),4
demo-centro,2025-10-16,Titanium Elite (TTM),1
demo-costa,2025-10-16,Member (MRD),4
demo-costa,2025-10-16,Silver Elite (SLR),4
demo-costa,2025-10-16,Gold Elite (GLD),3
demo-costa,2025-10-16,Platinum Elite (PLT),4
demo-costa,2025-10-16,Titanium Elite (TTM),4
demo-centro,2025-10-17,Member (MRD),2
demo-centro,2025-10-17,Silver Elite (SLR),1
demo-centro,2025-10-17,Gold Elite (GLD),1
demo-centro,2025-10-17,Platinum Elite (PLT),2
demo-centro,2025-10-17,Titanium Elite (TTM),1
demo-costa,2025-10-17,Member (MRD),4
demo-costa,2025-10-17,Silver Elite (SLR),2
demo-costa,2025-10-17,Gold Elite (GLD),4
demo-costa,2025-10-17,Platinum Elite (PLT),1
demo-costa,2025-10-17,Titanium Elite (TTM),3
demo-centro,2025-10-18,Member (MRD),2
demo-centro,2025-10-18,Silver Elite (SLR),1
demo-centro,2025-10-18,Gold Elite (GLD),1
demo-centro,2025-10-18,Platinum Elite (PLT),1
demo-centro,2025-10-18,Titanium Elite (TTM),3
demo-costa,2025-10-18,Member (MRD),4
demo-costa,2025-10-18,Silver Elite (SLR),1
demo-costa,2025-10-18,Gold Elite (GLD),1
demo-costa,2025-10-18,Platinum Elite (PLT),3
demo-centro,2025-10-19,Member (MRD),1
demo-centro,2025-10-19,Silver Elite (SLR),3
demo-centro,2025-10-19,Gold Elite (GLD),4
demo-centro,2025-10-19,Platinum Elite (PLT),3
demo-centro,2025-10-19,Titanium Elite (TTM),2
demo-costa,2025-10-19,Gold Elite (GLD),3
demo-costa,2025-10-19,Platinum Elite (PLT),2
demo-costa,2025-10-19,Titanium Elite (TTM),3
demo-centro,2025-10-20,Silver Elite (SLR),1
demo-centro,2025-10-20,Gold Elite (GLD),3
demo-centro,2025-10-20,Platinum Elite (PLT),4
demo-costa,2025-10-20,Member (MRD),2
demo-costa,2025-10-20,Silver Elite (SLR),2
demo-costa,2025-10-20,Gold Elite (GLD),1
demo-costa,2025-10-20,Platinum Elite (PLT),3
demo-costa,2025-10-20,Titanium Elite (TTM),3
demo-centro,2025-10-21,Member (MRD),1
demo-centro,2025-10-21,Silver Elite (SLR),4
demo-centro,2025-10-21,Gold Elite (GLD),4
demo-centro,2025-10-21,Titanium Elite (TTM),2
demo-costa,2025-10-21,Member (MRD),3
demo-costa,2025-10-21,Silver Elite (SLR),3
demo-costa,2025-10-21,Gold Elite (GLD),4
demo-costa,2025-10-21,Platinum Elite (PLT),4
demo-costa,2025-10-21,Titanium Elite (TTM),2
demo-centro,2025-10-22,Member (MRD),4
demo-centro,2025-10-22,Silver Elite (SLR),4
demo-centro,2025-10-22,Gold Elite (GLD),3
demo-centro,2025-10-22,Platinum Elite (PLT),3
demo-centro,2025-10-22,Titanium Elite (TTM),1
demo-costa,2025-10-22,Member (MRD),2
demo-costa,2025-10-22,Gold Elite (GLD),2
demo-costa,2025-10-22,Platinum Elite (PLT),3
demo-centro,2025-10-23,Member (MRD),2
demo-centro,2025-10-23,Silver Elite (SLR),3
demo-centro,2025-10-23,Gold Elite (GLD),4
demo-centro,2025-10-23,Platinum Elite (PLT),1
demo-centro,2025-10-23,Titanium Elite (TTM),1
demo-costa,2025-10-23,Member (MRD),4
demo-costa,2025-10-23,Silver Elite (SLR),3
demo-costa,2025-10-23,Gold Elite (GLD),2
demo-costa,2025-10-23,Platinum Elite (PLT),1
demo-centro,2025-10-24,Member (MRD),3
demo-centro,2025-10-24,Silver Elite (SLR),1
demo-centro,2025-10-24,Gold Elite (GLD),3
demo-centro,2025-10-24,Platinum Elite (PLT),1
demo-centro,2025-10-24,Titanium Elite (TTM),3
demo-costa,2025-10-24,Member (MRD),1
demo-costa,2025-10-24,Silver Elite (SLR),3
demo-costa,2025-10-24,Gold Elite (GLD),1
demo-costa,2025-10-24,Platinum Elite (PLT),2
demo-costa,2025-10-24,Titanium Elite (TTM),1
demo-centro,2025-10-25,Member (MRD),3
demo-centro,2025-10-25,Silver Elite (SLR),4
demo-centro,2025-10-25,Gold Elite (GLD),3
demo-centro,2025-10-25,Platinum Elite (PLT),3
demo-centro,2025-10-25,Titanium Elite (TTM),2
demo-costa,2025-10-25,Member (MRD),1
demo-costa,2025-10-25,Silver Elite (SLR),3
demo-costa,2025-10-25,Gold Elite (GLD),3
demo-costa,2025-10-25,Platinum Elite (PLT),1
demo-costa,2025-10-25,Titanium Elite (TTM),4
demo-centro,2025-10-26,Silver Elite (SLR),4
demo-centro,2025-10-26,Gold Elite (GLD),3
demo-centro,2025-10-26,Platinum Elite (PLT),2
demo-centro,2025-10-26,Titanium Elite (TTM),3
demo-costa,2025-10-26,Member (MRD),2
demo-costa,2025-10-26,Silver Elite (SLR),1
demo-costa,2025-10-26,Gold Elite (GLD),4
demo-costa,2025-10-26,Platinum Elite (PLT),3
demo-costa,2025-10-26,Titanium Elite (TTM),3
demo-centro,2025-10-27,Member (MRD),3
demo-centro,2025-10-27,Silver Elite (SLR),3
demo-centro,2025-10-27,Gold Elite (GLD),4
demo-centro,2025-10-27,Platinum Elite (PLT),3
demo-centro,2025-10-27,Titanium Elite (TTM),3
demo-costa,2025-10-27,Member (MRD),2
demo-costa,2025-10-27,Silver Elite (SLR),4
demo-costa,2025-10-27,Gold Elite (GLD),1
demo-costa,2025-10-27,Titanium Elite (TTM),4
demo-centro,2025-10-28,Member (MRD),1
demo-centro,2025-10-28,Silver Elite (SLR),1
demo-centro,2025-10-28,Platinum Elite (PLT),4
demo-centro,2025-10-28,Titanium Elite (TTM),4
demo-costa,2025-10-28,Member (MRD),1
demo-costa,2025-10-28,Gold Elite (GLD),2
demo-costa,2025-10-28,Titanium Elite (TTM),2
demo-centro,2025-10-29,Member (MRD),2
demo-centro,2025-10-29,Silver Elite (SLR),2
demo-centro,2025-10-29,Gold Elite (GLD),3
demo-centro,2025-10-29,Platinum Elite (PLT),2
demo-centro,2025-10-29,Titanium Elite (TTM),2
demo-costa,2025-10-29,Member (MRD),4
demo-costa,2025-10-29,Silver Elite (SLR),1
demo-costa,2025-10-29,Gold Elite (GLD),3
demo-costa,2025-10-29,Platinum Elite (PLT),2
demo-centro,2025-10-30,Member (MRD),4
demo-centro,2025-10-30,Silver Elite (SLR),1
demo-centro,2025-10-30,Gold Elite (GLD),1
demo-centro,2025-10-30,Titanium Elite (TTM),3
demo-costa,2025-10-30,Member (MRD),2
demo-costa,2025-10-30,Silver Elite (SLR),2
demo-costa,2025-10-30,Gold Elite (GLD),2
demo-costa,2025-10-30,Platinum Elite (PLT),2
demo-costa,2025-10-30,Titanium Elite (TTM),1
demo-centro,2025-10-31,Member (MRD),4
demo-centro,2025-10-31,Silver Elite (SLR),1
demo-centro,2025-10-31,Gold Elite (GLD),4
demo-centro,2025-10-31,Platinum Elite (PLT),4
demo-centro,2025-10-31,Titanium Elite (TTM),3
demo-costa,2025-10-31,Gold Elite (GLD),3
demo-costa,2025-10-31,Platinum Elite (PLT),1
demo-costa,2025-10-31,Titanium Elite (TTM),4
demo-centro,2025-11-01,Member (MRD),2
demo-centro,2025-11-01,Silver Elite (SLR),4
demo-centro,2025-11-01,Platinum Elite (PLT),1
demo-costa,2025-11-01,Member (MRD),3
demo-costa,2025-11-01,Silver Elite (SLR),3
demo-costa,2025-11-01,Gold Elite (GLD),1
demo-costa,2025-11-01,Titanium Elite (TTM),1
demo-centro,2025-11-02,Member (MRD),2
demo-centro,2025-11-02,Silver Elite (SLR),1
demo-centro,2025-11-02,Gold Elite (GLD),2
demo-centro,2025-11-02,Platinum Elite (PLT),2
demo-centro,2025-11-02,Titanium Elite (TTM),3
demo-costa,2025-11-02,Member (MRD),2
demo-costa,2025-11-02,Silver Elite (SLR),4
demo-costa,2025-11-02,Titanium Elite (TTM),2
demo-centro,2025-11-03,Member (MRD),2
demo-centro,2025-11-03,Gold Elite (GLD),1
demo-centro,2025-11-03,Titanium Elite (TTM),1
demo-costa,2025-11-03,Member (MRD),2
demo-costa,2025-11-03,Silver Elite (SLR),2
demo-costa,2025-11-03,Gold Elite (GLD),4
demo-costa,2025-11-03,Platinum Elite (PLT),2
demo-costa,2025-11-03,Titanium Elite (TTM),2
demo-centro,2025-11-04,Member (MRD),1
demo-centro,2025-11-04,Silver Elite (SLR),3
demo-centro,2025-11-04,Gold Elite (GLD),4
demo-centro,2025-11-04,Platinum Elite (PLT),2
demo-centro,2025-11-04,Titanium Elite (TTM),1
demo-costa,2025-11-04,Member (MRD),1
demo-costa,2025-11-04,Gold Elite (GLD),4
demo-costa,2025-11-04,Titanium Elite (TTM),3
demo-centro,2025-11-05,Silver Elite (SLR),4
demo-centro,2025-11-05,Gold Elite (GLD),3
demo-centro,2025-11-05,Platinum Elite (PLT),2
demo-centro,2025-11-05,Titanium Elite (TTM),1
demo-costa,2025-11-05,Member (MRD),3
demo-costa,2025-11-05,Silver Elite (SLR),2
demo-costa,2025-11-05,Gold Elite (GLD),1
demo-costa,2025-11-05,Platinum Elite (PLT),3
demo-centro,2025-11-06,Gold Elite (GLD),4
demo-centro,2025-11-06,Platinum Elite (PLT),1
demo-centro,2025-11-06,Titanium Elite (TTM),2
demo-costa,2025-11-06,Member (MRD),4
demo-costa,2025-11-06,Silver Elite (SLR),1
demo-costa,2025-11-06,Platinum Elite (PLT),4
demo-costa,2025-11-06,Titanium Elite (TTM),2
demo-centro,2025-11-07,Member (MRD),4
demo-costa,2025-11-07,Silver Elite (SLR),4
demo-costa,2025-11-07,Gold Elite (GLD),4
demo-costa,2025-11-07,Platinum Elite (PLT),4
demo-costa,2025-11-07,Titanium Elite (TTM),2
demo-centro,2025-11-08,Member (MRD),3
demo-centro,2025-11-08,Silver Elite (SLR),1
demo-centro,2025-11-08,Gold Elite (GLD),2
demo-centro,2025-11-08,Platinum Elite (PLT),1
demo-centro,2025-11-08,Titanium Elite (TTM),4
demo-costa,2025-11-08,Member (MRD),1
demo-costa,2025-11-08,Silver Elite (SLR),3
demo-costa,2025-11-08,Gold Elite (GLD),1
demo-costa,2025-11-08,Platinum Elite (PLT),1
demo-costa,2025-11-08,Titanium Elite (TTM),2
demo-centro,2025-11-09,Member (MRD),1
demo-centro,2025-11-09,Silver Elite (SLR),2
demo-centro,2025-11-09,Gold Elite (GLD),2
demo-centro,2025-11-09,Platinum Elite (PLT),2
demo-centro,2025-11-09,Titanium Elite (TTM),1
demo-costa,2025-11-09,Member (MRD),3
demo-costa,2025-11-09,Silver Elite (SLR),1
demo-costa,2025-11-09,Gold Elite (GLD),1
demo-costa,2025-11-09,Platinum Elite (PLT),3
demo-costa,2025-11-09,Titanium Elite (TTM),4
demo-centro,2025-11-10,Member (MRD),2
demo-centro,2025-11-10,Silver Elite (SLR),4
demo-centro,2025-11-10,Gold Elite (GLD),4
demo-centro,2025-11-10,Platinum Elite (PLT),1
demo-costa,2025-11-10,Platinum Elite (PLT),1
demo-costa,2025-11-10,Titanium Elite (TTM),1
demo-centro,2025-11-11,Member (MRD),2
demo-centro,2025-11-11,Platinum Elite (PLT),2
demo-centro,2025-11-11,Titanium Elite (TTM),1
demo-costa,2025-11-11,Member (MRD),1
demo-costa,2025-11-11,Silver Elite (SLR),2
demo-costa,2025-11-11,Gold Elite (GLD),3
demo-costa,2025-11-11,Platinum Elite (PLT),4
demo-costa,2025-11-11,Titanium Elite (TTM),4
demo-centro,2025-11-12,Member (MRD),3
demo-centro,2025-11-12,Silver Elite (SLR),4
demo-centro,2025-11-12,Platinum Elite (PLT),2
demo-centro,2025-11-12,Titanium Elite (TTM),3
demo-costa,2025-11-12,Member (MRD),4
demo-costa,2025-11-12,Silver Elite (SLR),1
demo-costa,2025-11-12,Gold Elite (GLD),3
demo-centro,2025-11-13,Member (MRD),1
demo-centro,2025-11-13,Silver Elite (SLR),3
demo-centro,2025-11-13,Gold Elite (GLD),1
demo-centro,2025-11-13,Platinum Elite (PLT),3
demo-centro,2025-11-13,Titanium Elite (TTM),2
demo-costa,2025-11-13,Member (MRD),1
demo-costa,2025-11-13,Silver Elite (SLR),2
demo-costa,2025-11-13,Gold Elite (GLD),1
demo-costa,2025-11-13,Platinum Elite (PLT),3
demo-costa,2025-11-13,Titanium Elite (TTM),2
demo-centro,2025-11-14,Member (MRD),4
demo-centro,2025-11-14,Gold Elite (GLD),4
demo-centro,2025-11-14,Platinum Elite (PLT),1
demo-centro,2025-11-14,Titanium Elite (TTM),2
demo-costa,2025-11-14,Member (MRD),4
demo-costa,2025-11-14,Silver Elite (SLR),4
demo-costa,2025-11-14,Gold Elite (GLD),1
demo-centro,2025-11-15,Gold Elite (GLD),1
demo-centro,2025-11-15,Titanium Elite (TTM),2
demo-costa,2025-11-15,Silver Elite (SLR),1
demo-costa,2025-11-15,Gold Elite (GLD),1
demo-costa,2025-11-15,Platinum Elite (PLT),1
demo-costa,2025-11-15,Titanium Elite (TTM),1
demo-centro,2025-11-16,Gold Elite (GLD),1
demo-centro,2025-11-16,Platinum Elite (PLT),3
demo-centro,2025-11-16,Titanium Elite (TTM),2
demo-costa,2025-11-16,Member (MRD),2
demo-costa,2025-11-16,Titanium Elite (TTM),3
demo-centro,2025-11-17,Member (MRD),1
demo-centro,2025-11-17,Gold Elite (GLD),3
demo-centro,2025-11-17,Platinum Elite (PLT),1
demo-centro,2025-11-17,Titanium Elite (TTM),1
demo-costa,2025-11-17,Member (MRD),2
demo-costa,2025-11-17,Silver Elite (SLR),1
demo-costa,2025-11-17,Platinum Elite (PLT),4
demo-centro,2025-11-18,Member (MRD),1
demo-centro,2025-11-18,Silver Elite (SLR),4
demo-centro,2025-11-18,Gold Elite (GLD),1
demo-centro,2025-11-18,Titanium Elite (TTM),4
demo-costa,2025-11-18,Member (MRD),4
demo-centro,2025-11-19,Member (MRD),1
demo-centro,2025-11-19,Silver Elite (SLR),2
demo-centro,2025-11-19,Gold Elite (GLD),2
demo-centro,2025-11-19,Platinum Elite (PLT),1
demo-costa,2025-11-19,Member (MRD),2
demo-costa,2025-11-19,Gold Elite (GLD),3
demo-costa,2025-11-19,Platinum Elite (PLT),2
demo-costa,2025-11-19,Titanium Elite (TTM),1
demo-centro,2025-11-20,Silver Elite (SLR),3
demo-centro,2025-11-20,Gold Elite (GLD),3
demo-centro,2025-11-20,Titanium Elite (TTM),1
demo-costa,2025-11-20,Silver Elite (SLR),1
demo-costa,2025-11-20,Gold Elite (GLD),4
demo-costa,2025-11-20,Platinum Elite (PLT),1
demo-costa,2025-11-20,Titanium Elite (TTM),4
demo-centro,2025-11-21,Member (MRD),1
demo-centro,2025-11-21,Silver Elite (SLR),3
demo-centro,2025-11-21,Gold Elite (GLD),1
demo-centro,2025-11-21,Platinum Elite (PLT),2
demo-centro,2025-11-21,Titanium Elite (TTM),3
demo-costa,2025-11-21,Member (MRD),1
demo-costa,2025-11-21,Silver Elite (SLR),1
demo-costa,2025-11-21,Gold Elite (GLD),3
demo-costa,2025-11-21,Platinum Elite (PLT),4
demo-costa,2025-11-21,Titanium Elite (TTM),1
demo-centro,2025-11-22,Member (MRD),4
demo-centro,2025-11-22,Silver Elite (SLR),1
demo-centro,2025-11-22,Gold Elite (GLD),4
demo-centro,2025-11-22,Platinum Elite (PLT),2
demo-centro,2025-11-22,Titanium Elite (TTM),2
demo-costa,2025-11-22,Member (MRD),1
demo-costa,2025-11-22,Silver Elite (SLR),1
demo-costa,2025-11-22,Gold Elite (GLD),3
demo-costa,2025-11-22,Platinum Elite (PLT),3
demo-costa,2025-11-22,Titanium Elite (TTM),1
demo-centro,2025-11-23,Member (MRD),1
demo-centro,2025-11-23,Silver Elite (SLR),3
demo-centro,2025-11-23,Platinum Elite (PLT),1
demo-centro,2025-11-23,Titanium Elite (TTM),2
demo-costa,2025-11-23,Silver Elite (SLR),1
demo-costa,2025-11-23,Gold Elite (GLD),4
demo-costa,2025-11-23,Platinum Elite (PLT),2
demo-centro,2025-11-24,Silver Elite (SLR),2
demo-centro,2025-11-24,Gold Elite (GLD),1
demo-centro,2025-11-24,Titanium Elite (TTM),3
demo-costa,2025-11-24,Member (MRD),1
demo-costa,2025-11-24,Silver Elite (SLR),1
demo-costa,2025-11-24,Gold Elite (GLD),4
demo-costa,2025-11-24,Platinum Elite (PLT),2
demo-costa,2025-11-24,Titanium Elite (TTM),1
demo-centro,2025-11-25,Member (MRD),4
demo-centro,2025-11-25,Silver Elite (SLR),2
demo-centro,2025-11-25,Gold Elite (GLD),1
demo-centro,2025-11-25,Platinum Elite (PLT),4
demo-centro,2025-11-25,Titanium Elite (TTM),4
demo-costa,2025-11-25,Member (MRD),2
demo-costa,2025-11-25,Gold Elite (GLD),2
demo-costa,2025-11-25,Platinum Elite (PLT),4
demo-costa,2025-11-25,Titanium Elite (TTM),2
demo-centro,2025-11-26,Member (MRD),3
demo-centro,2025-11-26,Gold Elite (GLD),3
demo-centro,2025-11-26,Platinum Elite (PLT),3
demo-centro,2025-11-26,Titanium Elite (TTM),3
demo-costa,2025-11-26,Gold Elite (GLD),4
demo-costa,2025-11-26,Platinum Elite (PLT),1
demo-costa,2025-11-26,Titanium Elite (TTM),2
demo-centro,2025-11-27,Member (MRD),3
demo-centro,2025-11-27,Gold Elite (GLD),1
demo-centro,2025-11-27,Titanium Elite (TTM),1
demo-costa,2025-11-27,Member (MRD),3
demo-costa,2025-11-27,Gold Elite (GLD),4
demo-costa,2025-11-27,Platinum Elite (PLT),1
demo-costa,2025-11-27,Titanium Elite (TTM),1
demo-centro,2025-11-28,Member (MRD),1
demo-centro,2025-11-28,Silver Elite (SLR),2
demo-centro,2025-11-28,Platinum Elite (PLT),1
demo-centro,2025-11-28,Titanium Elite (TTM),2
demo-costa,2025-11-28,Member (MRD),1
demo-costa,2025-11-28,Silver Elite (SLR),1
demo-costa,2025-11-28,Gold Elite (GLD),1
demo-costa,2025-11-28,Platinum Elite (PLT),4
demo-costa,2025-11-28,Titanium Elite (TTM),4
demo-centro,2025-11-29,Silver Elite (SLR),2
demo-centro,2025-11-29,Gold Elite (GLD),4
demo-centro,2025-11-29,Platinum Elite (PLT),4
demo-centro,2025-11-29,Titanium Elite (TTM),2
demo-costa,2025-11-29,Member (MRD),2
demo-costa,2025-11-29,Gold Elite (GLD),1
demo-costa,2025-11-29,Platinum Elite (PLT),4
demo-costa,2025-11-29,Titanium Elite (TTM),4
demo-centro,2025-11-30,Silver Elite (SLR),2
demo-centro,2025-11-30,Gold Elite (GLD),4
demo-centro,2025-11-30,Platinum Elite (PLT),4
demo-centro,2025-11-30,Titanium Elite (TTM),4
demo-costa,2025-11-30,Member (MRD),4
demo-costa,2025-11-30,Gold Elite (GLD),4
demo-costa,2025-11-30,Platinum Elite (PLT),3
demo-costa,2025-11-30,Titanium Elite (TTM),4
demo-centro,2025-12-01,Member (MRD),2
demo-centro,2025-12-01,Silver Elite (SLR),1
demo-centro,2025-12-01,Gold Elite (GLD),4
demo-centro,2025-12-01,Titanium Elite (TTM),1
demo-costa,2025-12-01,Silver Elite (SLR),3
demo-costa,2025-12-01,Platinum Elite (PLT),4
demo-costa,2025-12-01,Titanium Elite (TTM),2
demo-centro,2025-12-02,Member (MRD),2
demo-centro,2025-12-02,Silver Elite (SLR),2
demo-centro,2025-12-02,Platinum Elite (PLT),1
demo-centro,2025-12-02,Titanium Elite (TTM),4
demo-costa,2025-12-02,Member (MRD),1
demo-costa,2025-12-02,Gold Elite (GLD),1
demo-costa,2025-12-02,Platinum Elite (PLT),1
demo-costa,2025-12-02,Titanium Elite (TTM),4
demo-centro,2025-12-03,Silver Elite (SLR),3
demo-centro,2025-12-03,Gold Elite (GLD),1
demo-centro,2025-12-03,Platinum Elite (PLT),1
demo-centro,2025-12-03,Titanium Elite (TTM),4
demo-costa,2025-12-03,Member (MRD),2
demo-costa,2025-12-03,Gold Elite (GLD),2
demo-costa,2025-12-03,Platinum Elite (PLT),4
demo-costa,2025-12-03,Titanium Elite (TTM),2
demo-centro,2025-12-04,Member (MRD),4
demo-centro,2025-12-04,Silver Elite (SLR),4
demo-centro,2025-12-04,Gold Elite (GLD),1
demo-centro,2025-12-04,Platinum Elite (PLT),4
demo-centro,2025-12-04,Titanium Elite (TTM),2
demo-costa,2025-12-04,Silver Elite (SLR),3
demo-costa,2025-12-04,Gold Elite (GLD),4
demo-costa,2025-12-04,Platinum Elite (PLT),2
demo-costa,2025-12-04,Titanium Elite (TTM),3
demo-centro,2025-12-05,Member (MRD),3
demo-centro,2025-12-05,Silver Elite (SLR),1
demo-centro,2025-12-05,Platinum Elite (PLT),3
demo-centro,2025-12-05,Titanium Elite (TTM),3
demo-costa,2025-12-05,Member (MRD),2
demo-costa,2025-12-05,Silver Elite (SLR),3
demo-costa,2025-12-05,Platinum Elite (PLT),2
demo-costa,2025-12-05,Titanium Elite (TTM),2
demo-centro,2025-12-06,Member (MRD),1
demo-centro,2025-12-06,Platinum Elite (PLT),4
demo-centro,2025-12-06,Titanium Elite (TTM),1
demo-costa,2025-12-06,Member (MRD),4
demo-costa,2025-12-06,Silver Elite (SLR),1
demo-costa,2025-12-06,Gold Elite (GLD),3
demo-costa,2025-12-06,Titanium Elite (TTM),1
demo-centro,2025-12-07,Member (MRD),2
demo-centro,2025-12-07,Silver Elite (SLR),1
demo-centro,2025-12-07,Platinum Elite (PLT),2
demo-centro,2025-12-07,Titanium Elite (TTM),2
demo-costa,2025-12-07,Gold Elite (GLD),4
demo-costa,2025-12-07,Platinum Elite (PLT),1
demo-costa,2025-12-07,Titanium Elite (TTM),3
demo-centro,2025-12-08,Member (MRD),2
demo-centro,2025-12-08,Silver Elite (SLR),2
demo-centro,2025-12-08,Gold Elite (GLD),1
demo-centro,2025-12-08,Platinum Elite (PLT),2
demo-centro,2025-12-08,Titanium Elite (TTM),4
demo-costa,2025-12-08,Member (MRD),1
demo-costa,2025-12-08,Silver Elite (SLR),3
demo-costa,2025-12-08,Gold Elite (GLD),1
demo-costa,2025-12-08,Platinum Elite (PLT),1
demo-costa,2025-12-08,Titanium Elite (TTM),4
demo-centro,2025-12-09,Silver Elite (SLR),4
demo-centro,2025-12-09,Gold Elite (GLD),4
demo-centro,2025-12-09,Titanium Elite (TTM),1
demo-costa,2025-12-09,Member (MRD),3
demo-costa,2025-12-09,Silver Elite (SLR),2
demo-costa,2025-12-09,Gold Elite (GLD),1
demo-costa,2025-12-09,Platinum Elite (PLT),3
demo-costa,2025-12-09,Titanium Elite (TTM),4
demo-centro,2025-12-10,Member (MRD),1
demo-centro,2025-12-10,Silver Elite (SLR),3
demo-centro,2025-12-10,Gold Elite (GLD),2
demo-centro,2025-12-10,Titanium Elite (TTM),3
demo-costa,2025-12-10,Member (MRD),1
demo-costa,2025-12-10,Gold Elite (GLD),3
demo-costa,2025-12-10,Platinum Elite (PLT),4
demo-costa,2025-12-10,Titanium Elite (TTM),3
demo-centro,2025-12-11,Silver Elite (SLR),3
demo-centro,2025-12-11,Gold Elite (GLD),1
demo-centro,2025-12-11,Titanium Elite (TTM),2
demo-costa,2025-12-11,Silver Elite (SLR),3
demo-costa,2025-12-11,Gold Elite (GLD),1
demo-costa,2025-12-11,Platinum Elite (PLT),3
demo-costa,2025-12-11,Titanium Elite (TTM),1
demo-centro,2025-12-12,Member (MRD),3
demo-centro,2025-12-12,Gold Elite (GLD),2
demo-centro,2025-12-12,Platinum Elite (PLT),2
demo-centro,2025-12-12,Titanium Elite (TTM),4
demo-costa,2025-12-12,Member (MRD),3
demo-costa,2025-12-12,Silver Elite (SLR),3
demo-costa,2025-12-12,Gold Elite (GLD),3
demo-costa,2025-12-12,Platinum Elite (PLT),4
demo-centro,2025-12-13,Member (MRD),3
demo-centro,2025-12-13,Silver Elite (SLR),4
demo-centro,2025-12-13,Gold Elite (GLD),2
demo-centro,2025-12-13,Platinum Elite (PLT),3
demo-centro,2025-12-13,Titanium Elite (TTM),1
demo-costa,2025-12-13,Silver Elite (SLR),4
demo-costa,2025-12-13,Platinum Elite (PLT),3
demo-costa,2025-12-13,Titanium Elite (TTM),2
demo-centro,2025-12-14,Member (MRD),3
demo-centro,2025-12-14,Gold Elite (GLD),1
demo-centro,2025-12-14,Platinum Elite (PLT),1
demo-costa,2025-12-14,Silver Elite (SLR),1
demo-costa,2025-12-14,Gold Elite (GLD),4
demo-costa,2025-12-14,Platinum Elite (PLT),2
demo-costa,2025-12-14,Titanium Elite (TTM),4
demo-centro,2025-12-15,Member (MRD),4
demo-centro,2025-12-15,Silver Elite (SLR),2
demo-centro,2025-12-15,Gold Elite (GLD),1
demo-centro,2025-12-15,Platinum Elite (PLT),1
demo-centro,2025-12-15,Titanium Elite (TTM),3
demo-costa,2025-12-15,Member (MRD),4
demo-costa,2025-12-15,Silver Elite (SLR),1
demo-costa,2025-12-15,Gold Elite (GLD),1
demo-costa,2025-12-15,Platinum Elite (PLT),1
demo-costa,2025-12-15,Titanium Elite (TTM),4
demo-centro,2025-12-16,Member (MRD),1
demo-centro,2025-12-16,Silver Elite (SLR),3
demo-centro,2025-12-16,Platinum Elite (PLT),1
demo-centro,2025-12-16,Titanium Elite (TTM),3
demo-costa,2025-12-16,Member (MRD),3
demo-costa,2025-12-16,Silver Elite (SLR),1
demo-costa,2025-12-16,Gold Elite (GLD),1
demo-costa,2025-12-16,Platinum Elite (PLT),2
demo-centro,2025-12-17,Member (MRD),1
demo-centro,2025-12-17,Silver Elite (SLR),4
demo-centro,2025-12-17,Gold Elite (GLD),2
demo-centro,2025-12-17,Platinum Elite (PLT),3
demo-centro,2025-12-17,Titanium Elite (TTM),4
demo-costa,2025-12-17,Member (MRD),1
demo-costa,2025-12-17,Silver Elite (SLR),1
demo-costa,2025-12-17,Gold Elite (GLD),1
demo-costa,2025-12-17,Platinum Elite (PLT),4
demo-costa,2025-12-17,Titanium Elite (TTM),1
demo-centro,2025-12-18,Member (MRD),3
demo-centro,2025-12-18,Silver Elite (SLR),3
demo-centro,2025-12-18,Gold Elite (GLD),4
demo-centro,2025-12-18,Platinum Elite (PLT),2
demo-centro,2025-12-18,Titanium Elite (TTM),3
demo-costa,2025-12-18,Member (MRD),2
demo-costa,2025-12-18,Silver Elite (SLR),2
demo-costa,2025-12-18,Gold Elite (GLD),2
demo-costa,2025-12-18,Platinum Elite (PLT),2
demo-centro,2025-12-19,Member (MRD),3
demo-centro,2025-12-19,Silver Elite (SLR),1
demo-centro,2025-12-19,Gold Elite (GLD),1
demo-centro,2025-12-19,Platinum Elite (PLT),1
demo-centro,2025-12-19,Titanium Elite (TTM),1
demo-costa,2025-12-19,Member (MRD),3
demo-costa,2025-12-19,Silver Elite (SLR),2
demo-costa,2025-12-19,Gold Elite (GLD),3
demo-costa,2025-12-19,Titanium Elite (TTM),3
demo-centro,2025-12-20,Silver Elite (SLR),1
demo-centro,2025-12-20,Gold Elite (GLD),4
demo-centro,2025-12-20,Platinum Elite (PLT),4
demo-centro,2025-12-20,Titanium Elite (TTM),4
demo-costa,2025-12-20,Member (MRD),3
demo-costa,2025-12-20,Silver Elite (SLR),2
demo-costa,2025-12-20,Gold Elite (GLD),1
demo-costa,2025-12-20,Platinum Elite (PLT),4
demo-costa,2025-12-20,Titanium Elite (TTM),2
demo-centro,2025-12-21,Member (MRD),1
demo-centro,2025-12-21,Silver Elite (SLR),3
demo-centro,2025-12-21,Gold Elite (GLD),4
demo-centro,2025-12-21,Platinum Elite (PLT),2
demo-centro,2025-12-21,Titanium Elite (TTM),1
demo-costa,2025-12-21,Member (MRD),3
demo-costa,2025-12-21,Silver Elite (SLR),1
demo-costa,2025-12-21,Gold Elite (GLD),4
demo-costa,2025-12-21,Platinum Elite (PLT),1
demo-costa,2025-12-21,Titanium Elite (TTM),1
demo-centro,2025-12-22,Member (MRD),3
demo-centro,2025-12-22,Silver Elite (SLR),3
demo-centro,2025-12-22,Gold Elite (GLD),4
demo-centro,2025-12-22,Platinum Elite (PLT),4
demo-centro,2025-12-22,Titanium Elite (TTM),4
demo-costa,2025-12-22,Member (MRD),2
demo-costa,2025-12-22,Silver Elite (SLR),4
demo-costa,2025-12-22,Gold Elite (GLD),1
demo-costa,2025-12-22,Platinum Elite (PLT),3
demo-costa,2025-12-22,Titanium Elite (TTM),3
demo-centro,2025-12-23,Member (MRD),1
demo-centro,2025-12-23,Silver Elite (SLR),4
demo-centro,2025-12-23,Gold Elite (GLD),2
demo-centro,2025-12-23,Platinum Elite (PLT),2
demo-centro,2025-12-23,Titanium Elite (TTM),1
demo-costa,2025-12-23,Member (MRD),3
demo-costa,2025-12-23,Silver Elite (SLR),3
demo-costa,2025-12-23,Gold Elite (GLD),2
demo-costa,2025-12-23,Platinum Elite (PLT),2
demo-costa,2025-12-23,Titanium Elite (TTM),2
demo-centro,2025-12-24,Member (MRD),1
demo-centro,2025-12-24,Silver Elite (SLR),2
demo-centro,2025-12-24,Gold Elite (GLD),2
demo-centro,2025-12-24,Titanium Elite (TTM),3
demo-costa,2025-12-24,Silver Elite (SLR),1
demo-costa,2025-12-24,Gold Elite (GLD),1
demo-costa,2025-12-24,Titanium Elite (TTM),3
demo-centro,2025-12-25,Member (MRD),1
demo-centro,2025-12-25,Silver Elite (SLR),2
demo-centro,2025-12-25,Platinum Elite (PLT),4
demo-centro,2025-12-25,Titanium Elite (TTM),4
demo-costa,2025-12-25,Member (MRD),4
demo-costa,2025-12-25,Silver Elite (SLR),3
demo-costa,2025-12-25,Gold Elite (GLD),2
demo-costa,2025-12-25,Platinum Elite (PLT),2
demo-centro,2025-12-26,Platinum Elite (PLT),1
demo-centro,2025-12-26,Titanium Elite (TTM),3
demo-costa,2025-12-26,Member (MRD),3
demo-costa,2025-12-26,Silver Elite (SLR),3
demo-costa,2025-12-26,Gold Elite (GLD),3
demo-costa,2025-12-26,Platinum Elite (PLT),4
demo-costa,2025-12-26,Titanium Elite (TTM),4
demo-centro,2025-12-27,Member (MRD),2
demo-centro,2025-12-27,Silver Elite (SLR),1
demo-centro,2025-12-27,Platinum Elite (PLT),1
demo-costa,2025-12-27,Silver Elite (SLR),2
demo-costa,2025-12-27,Gold Elite (GLD),1
demo-costa,2025-12-27,Titanium Elite (TTM),4
demo-centro,2025-12-28,Member (MRD),2
demo-centro,2025-12-28,Silver Elite (SLR),2
demo-centro,2025-12-28,Gold Elite (GLD),1
demo-centro,2025-12-28,Platinum Elite (PLT),3
demo-centro,2025-12-28,Titanium Elite (TTM),4
demo-costa,2025-12-28,Gold Elite (GLD),3
demo-costa,2025-12-28,Titanium Elite (TTM),4
demo-centro,2025-12-29,Silver Elite (SLR),1
demo-centro,2025-12-29,Platinum Elite (PLT),4
demo-centro,2025-12-29,Titanium Elite (TTM),1
demo-costa,2025-12-29,Member (MRD),1
demo-costa,2025-12-29,Silver Elite (SLR),1
demo-costa,2025-12-29,Gold Elite (GLD),1
demo-costa,2025-12-29,Titanium Elite (TTM),1
demo-centro,2025-12-30,Member (MRD),3
demo-centro,2025-12-30,Silver Elite (SLR),4
demo-centro,2025-12-30,Gold Elite (GLD),1
demo-centro,2025-12-30,Platinum Elite (PLT),2
demo-costa,2025-12-30,Member (MRD),4
demo-costa,2025-12-30,Gold Elite (GLD),2
demo-costa,2025-12-30,Platinum Elite (PLT),2
demo-centro,2025-12-31,Member (MRD),4
demo-centro,2025-12-31,Silver Elite (SLR),4
demo-centro,2025-12-31,Gold Elite (GLD),1
demo-centro,2025-12-31,Platinum Elite (PLT),2
demo-costa,2025-12-31,Silver Elite (SLR),2
demo-costa,2025-12-31,Gold Elite (GLD),4
demo-costa,2025-12-31,Platinum Elite (PLT),1
demo-costa,2025-12-31,Titanium Elite (TTM),4
demo-centro,2026-01-01,Silver Elite (SLR),4
demo-centro,2026-01-01,Gold Elite (GLD),3
demo-centro,2026-01-01,Platinum Elite (PLT),1
demo-centro,2026-01-01,Titanium Elite (TTM),1
demo-costa,2026-01-01,Member (MRD),3
demo-costa,2026-01-01,Silver Elite (SLR),2
demo-costa,2026-01-01,Gold Elite (GLD),4
demo-costa,2026-01-01,Platinum Elite (PLT),1
demo-costa,2026-01-01,Titanium Elite (TTM),2
demo-centro,2026-01-02,Member (MRD),4
demo-centro,2026-01-02,Platinum Elite (PLT),1
demo-costa,2026-01-02,Member (MRD),1
demo-costa,2026-01-02,Silver Elite (SLR),3
demo-costa,2026-01-02,Gold Elite (GLD),1
demo-costa,2026-01-02,Platinum Elite (PLT),4
demo-costa,2026-01-02,Titanium Elite (TTM),2
demo-centro,2026-01-03,Member (MRD),2
demo-centro,2026-01-03,Gold Elite (GLD),3
demo-centro,2026-01-03,Titanium Elite (TTM),3
demo-costa,2026-01-03,Member (MRD),4
demo-costa,2026-01-03,Silver Elite (SLR),3
demo-costa,2026-01-03,Gold Elite (GLD),3
demo-costa,2026-01-03,Platinum Elite (PLT),4
demo-costa,2026-01-03,Titanium Elite (TTM),1
demo-centro,2026-01-04,Member (MRD),3
demo-centro,2026-01-04,Silver Elite (SLR),2
demo-centro,2026-01-04,Gold Elite (GLD),3
demo-centro,2026-01-04,Platinum Elite (PLT),2
demo-centro,2026-01-04,Titanium Elite (TTM),1
demo-costa,2026-01-04,Member (MRD),4
demo-costa,2026-01-04,Gold Elite (GLD),4
demo-costa,2026-01-04,Platinum Elite (PLT),3
demo-costa,2026-01-04,Titanium Elite (TTM),3
demo-centro,2026-01-05,Gold Elite (GLD),2
demo-centro,2026-01-05,Titanium Elite (TTM),2
demo-costa,2026-01-05,Member (MRD),1
demo-costa,2026-01-05,Silver Elite (SLR),4
demo-costa,2026-01-05,Gold Elite (GLD),2
demo-centro,2026-01-06,Member (MRD),1
demo-centro,2026-01-06,Silver Elite (SLR),1
demo-centro,2026-01-06,Gold Elite (GLD),4
demo-centro,2026-01-06,Platinum Elite (PLT),3
demo-centro,2026-01-06,Titanium Elite (TTM),2
demo-costa,2026-01-06,Member (MRD),1
demo-costa,2026-01-06,Silver Elite (SLR),2
demo-costa,2026-01-06,Gold Elite (GLD),4
demo-costa,2026-01-06,Platinum Elite (PLT),4
demo-costa,2026-01-06,Titanium Elite (TTM),1
demo-centro,2026-01-07,Member (MRD),3
demo-centro,2026-01-07,Silver Elite (SLR),3
demo-centro,2026-01-07,Gold Elite (GLD),4
demo-centro,2026-01-07,Titanium Elite (TTM),4
demo-costa,2026-01-07,Silver Elite (SLR),1
demo-costa,2026-01-07,Gold Elite (GLD),4
demo-costa,2026-01-07,Platinum Elite (PLT),3
demo-costa,2026-01-07,Titanium Elite (TTM),4
demo-centro,2026-01-08,Member (MRD),1
demo-centro,2026-01-08,Silver Elite (SLR),3
demo-centro,2026-01-08,Platinum Elite (PLT),1
demo-centro,2026-01-08,Titanium Elite (TTM),2
demo-costa,2026-01-08,Member (MRD),2
demo-costa,2026-01-08,Silver Elite (SLR),4
demo-costa,2026-01-08,Gold Elite (GLD),4
demo-costa,2026-01-08,Platinum Elite (PLT),3
demo-costa,2026-01-08,Titanium Elite (TTM),2
demo-centro,2026-01-09,Member (MRD),2
demo-centro,2026-01-09,Silver Elite (SLR),3
demo-centro,2026-01-09,Gold Elite (GLD),4
demo-centro,2026-01-09,Platinum Elite (PLT),4
demo-costa,2026-01-09,Member (MRD),2
demo-costa,2026-01-09,Silver Elite (SLR),3
demo-costa,2026-01-09,Gold Elite (GLD),2
demo-centro,2026-01-10,Member (MRD),2
demo-centro,2026-01-10,Silver Elite (SLR),4
demo-centro,2026-01-10,Gold Elite (GLD),3
demo-centro,2026-01-10,Platinum Elite (PLT),4
demo-costa,2026-01-10,Gold Elite (GLD),1
demo-costa,2026-01-10,Platinum Elite (PLT),1
demo-costa,2026-01-10,Titanium Elite (TTM),3
demo-centro,2026-01-11,Member (MRD),2
demo-centro,2026-01-11,Silver Elite (SLR),2
demo-centro,2026-01-11,Gold Elite (GLD),1
demo-centro,2026-01-11,Platinum Elite (PLT),2
demo-centro,2026-01-11,Titanium Elite (TTM),1
demo-costa,2026-01-11,Member (MRD),3
demo-costa,2026-01-11,Silver Elite (SLR),1
demo-costa,2026-01-11,Gold Elite (GLD),2
demo-costa,2026-01-11,Platinum Elite (PLT),2
demo-costa,2026-01-11,Titanium Elite (TTM),1
demo-centro,2026-01-12,Silver Elite (SLR),3
demo-centro,2026-01-12,Gold Elite (GLD),4
demo-centro,2026-01-12,Platinum Elite (PLT),1
demo-centro,2026-01-12,Titanium Elite (TTM),4
demo-costa,2026-01-12,Member (MRD),3
demo-costa,2026-01-12,Silver Elite (SLR),1
demo-costa,2026-01-12,Gold Elite (GLD),1
demo-costa,2026-01-12,Platinum Elite (PLT),1
demo-costa,2026-01-12,Titanium Elite (TTM),4
demo-centro,2026-01-13,Member (MRD),2
demo-centro,2026-01-13,Gold Elite (GLD),2
demo-centro,2026-01-13,Platinum Elite (PLT),4
demo-costa,2026-01-13,Member (MRD),2
demo-costa,2026-01-13,Silver Elite (SLR),1
demo-costa,2026-01-13,Gold Elite (GLD),1
demo-costa,2026-01-13,Platinum Elite (PLT),4
demo-costa,2026-01-13,Titanium Elite (TTM),4
demo-centro,2026-01-14,Member (MRD),3
demo-centro,2026-01-14,Silver Elite (SLR),4
demo-centro,2026-01-14,Gold Elite (GLD),1
demo-centro,2026-01-14,Titanium Elite (TTM),3
demo-costa,2026-01-14,Member (MRD),4
demo-costa,2026-01-14,Silver Elite (SLR),1
demo-costa,2026-01-14,Gold Elite (GLD),1
demo-costa,2026-01-14,Platinum Elite (PLT),3
demo-costa,2026-01-14,Titanium Elite (TTM),4
demo-centro,2026-01-15,Member (MRD),3
demo-centro,2026-01-15,Silver Elite (SLR),4
demo-centro,2026-01-15,Gold Elite (GLD),2
demo-centro,2026-01-15,Platinum Elite (PLT),4
demo-centro,2026-01-15,Titanium Elite (TTM),4
demo-costa,2026-01-15,Member (MRD),4
demo-costa,2026-01-15,Silver Elite (SLR),3
demo-costa,2026-01-15,Gold Elite (GLD),4
demo-costa,2026-01-15,Platinum Elite (PLT),2
demo-costa,2026-01-15,Titanium Elite (TTM),4
demo-centro,2026-01-16,Member (MRD),3
demo-centro,2026-01-16,Silver Elite (SLR),1
demo-centro,2026-01-16,Gold Elite (GLD),4
demo-centro,2026-01-16,Platinum Elite (PLT),3
demo-centro,2026-01-16,Titanium Elite (TTM),3
demo-costa,2026-01-16,Member (MRD),1
demo-costa,2026-01-16,Silver Elite (SLR),4
demo-costa,2026-01-16,Gold Elite (GLD),2
demo-costa,2026-01-16,Platinum Elite (PLT),3
demo-costa,2026-01-16,Titanium Elite (TTM),4
demo-centro,2026-01-17,Member (MRD),4
demo-centro,2026-01-17,Silver Elite (SLR),1
demo-centro,2026-01-17,Gold Elite (GLD),2
demo-centro,2026-01-17,Platinum Elite (PLT),3
demo-centro,2026-01-17,Titanium Elite (TTM),1
demo-costa,2026-01-17,Member (MRD),3
demo-costa,2026-01-17,Gold Elite (GLD),2
demo-costa,2026-01-17,Platinum Elite (PLT),2
demo-costa,2026-01-17,Titanium Elite (TTM),4
demo-centro,2026-01-18,Member (MRD),4
demo-centro,2026-01-18,Silver Elite (SLR),1
demo-centro,2026-01-18,Gold Elite (GLD),4
demo-centro,2026-01-18,Platinum Elite (PLT),2
demo-costa,2026-01-18,Member (MRD),1
demo-costa,2026-01-18,Silver Elite (SLR),3
demo-costa,2026-01-18,Gold Elite (GLD),2
demo-costa,2026-01-18,Platinum Elite (PLT),2
demo-costa,2026-01-18,Titanium Elite (TTM),1
demo-centro,2026-01-19,Silver Elite (SLR),2
demo-centro,2026-01-19,Titanium Elite (TTM),4
demo-costa,2026-01-19,Member (MRD),3
demo-costa,2026-01-19,Gold Elite (GLD),2
demo-costa,2026-01-19,Platinum Elite (PLT),2
demo-centro,2026-01-20,Member (MRD),4
demo-centro,2026-01-20,Gold Elite (GLD),1
demo-centro,2026-01-20,Platinum Elite (PLT),3
demo-costa,2026-01-20,Member (MRD),2
demo-costa,2026-01-20,Silver Elite (SLR),3
demo-costa,2026-01-20,Gold Elite (GLD),2
demo-costa,2026-01-20,Platinum Elite (PLT),3
demo-costa,2026-01-20,Titanium Elite (TTM),1
demo-centro,2026-01-21,Member (MRD),1
demo-centro,2026-01-21,Gold Elite (GLD),2
demo-centro,2026-01-21,Platinum Elite (PLT),2
demo-costa,2026-01-21,Silver Elite (SLR),1
demo-costa,2026-01-21,Gold Elite (GLD),1
demo-costa,2026-01-21,Platinum Elite (PLT),1
demo-costa,2026-01-21,Titanium Elite (TTM),2
demo-centro,2026-01-22,Silver Elite (SLR),1
demo-centro,2026-01-22,Gold Elite (GLD),3
demo-centro,2026-01-22,Titanium Elite (TTM),2
demo-costa,2026-01-22,Silver Elite (SLR),1
demo-costa,2026-01-22,Platinum Elite (PLT),4
demo-costa,2026-01-22,Titanium Elite (TTM),3
demo-centro,2026-01-23,Member (MRD),4
demo-centro,2026-01-23,Silver Elite (SLR),3
demo-centro,2026-01-23,Gold Elite (GLD),1
demo-centro,2026-01-23,Platinum Elite (PLT),2
demo-centro,2026-01-23,Titanium Elite (TTM),3
demo-costa,2026-01-23,Member (MRD),4
demo-costa,2026-01-23,Silver Elite (SLR),3
demo-costa,2026-01-23,Gold Elite (GLD),2
demo-costa,2026-01-23,Titanium Elite (TTM),1
demo-centro,2026-01-24,Gold Elite (GLD),4
demo-centro,2026-01-24,Platinum Elite (PLT),1
demo-centro,2026-01-24,Titanium Elite (TTM),1
demo-costa,2026-01-24,Member (MRD),1
demo-costa,2026-01-24,Silver Elite (SLR),2
demo-costa,2026-01-24,Gold Elite (GLD),4
demo-costa,2026-01-24,Platinum Elite (PLT),1
demo-costa,2026-01-24,Titanium Elite (TTM),4
demo-centro,2026-01-25,Member (MRD),2
demo-centro,2026-01-25,Gold Elite (GLD),3
demo-centro,2026-01-25,Platinum Elite (PLT),4
demo-centro,2026-01-25,Titanium Elite (TTM),4
demo-costa,2026-01-25,Silver Elite (SLR),3
demo-costa,2026-01-25,Gold Elite (GLD),3
demo-costa,2026-01-25,Titanium Elite (TTM),1
demo-centro,2026-01-26,Member (MRD),2
demo-centro,2026-01-26,Silver Elite (SLR),4
demo-centro,2026-01-26,Gold Elite (GLD),2
demo-centro,2026-01-26,Platinum Elite (PLT),4
demo-costa,2026-01-26,Member (MRD),2
demo-costa,2026-01-26,Silver Elite (SLR),2
demo-costa,2026-01-26,Gold Elite (GLD),4
demo-costa,2026-01-26,Platinum Elite (PLT),1
demo-costa,2026-01-26,Titanium Elite (TTM),3
demo-centro,2026-01-27,Member (MRD),3
demo-centro,2026-01-27,Silver Elite (SLR),4
demo-centro,2026-01-27,Gold Elite (GLD),3
demo-centro,2026-01-27,Titanium Elite (TTM),4
demo-costa,2026-01-27,Silver Elite (SLR),2
demo-costa,2026-01-27,Gold Elite (GLD),1
demo-costa,2026-01-27,Platinum Elite (PLT),4
demo-costa,2026-01-27,Titanium Elite (TTM),4
demo-centro,2026-01-28,Member (MRD),4
demo-centro,2026-01-28,Silver Elite (SLR),3
demo-centro,2026-01-28,Gold Elite (GLD),3
demo-centro,2026-01-28,Platinum Elite (PLT),2
demo-centro,2026-01-28,Titanium Elite (TTM),2
demo-costa,2026-01-28,Silver Elite (SLR),2
demo-costa,2026-01-28,Gold Elite (GLD),4
demo-costa,2026-01-28,Platinum Elite (PLT),2
demo-costa,2026-01-28,Titanium Elite (TTM),4
demo-centro,2026-01-29,Member (MRD),1
demo-centro,2026-01-29,Silver Elite (SLR),2
demo-centro,2026-01-29,Platinum Elite (PLT),4
demo-centro,2026-01-29,Titanium Elite (TTM),1
demo-costa,2026-01-29,Member (MRD),3
demo-costa,2026-01-29,Silver Elite (SLR),2
demo-costa,2026-01-29,Gold Elite (GLD),4
demo-costa,2026-01-29,Platinum Elite (PLT),4
demo-centro,2026-01-30,Member (MRD),3
demo-centro,2026-01-30,Silver Elite (SLR),4
demo-centro,2026-01-30,Gold Elite (GLD),1
demo-centro,2026-01-30,Platinum Elite (PLT),2
demo-centro,2026-01-30,Titanium Elite (TTM),3
demo-costa,2026-01-30,Member (MRD),1
demo-costa,2026-01-30,Silver Elite (SLR),3
demo-costa,2026-01-30,Gold Elite (GLD),1
demo-costa,2026-01-30,Platinum Elite (PLT),2
demo-costa,2026-01-30,Titanium Elite (TTM),1
demo-centro,2026-01-31,Member (MRD),4
demo-centro,2026-01-31,Silver Elite (SLR),1
demo-centro,2026-01-31,Gold Elite (GLD),2
demo-centro,2026-01-31,Platinum Elite (PLT),3
demo-centro,2026-01-31,Titanium Elite (TTM),3
demo-costa,2026-01-31,Member (MRD),4
demo-costa,2026-01-31,Silver Elite (SLR),1
demo-costa,2026-01-31,Gold Elite (GLD),1
demo-costa,2026-01-31,Platinum Elite (PLT),2
demo-costa,2026-01-31,Titanium Elite (TTM),1
demo-centro,2026-02-01,Member (MRD),2
demo-centro,2026-02-01,Silver Elite (SLR),1
demo-centro,2026-02-01,Titanium Elite (TTM),2
demo-costa,2026-02-01,Member (MRD),1
demo-costa,2026-02-01,Silver Elite (SLR),4
demo-costa,2026-02-01,Gold Elite (GLD),4
demo-costa,2026-02-01,Platinum Elite (PLT),1
demo-costa,2026-02-01,Titanium Elite (TTM),2
demo-centro,2026-02-02,Member (MRD),2
demo-centro,2026-02-02,Gold Elite (GLD),1
demo-centro,2026-02-02,Platinum Elite (PLT),1
demo-centro,2026-02-02,Titanium Elite (TTM),1
demo-costa,2026-02-02,Member (MRD),2
demo-costa,2026-02-02,Silver Elite (SLR),3
demo-costa,2026-02-02,Gold Elite (GLD),4
demo-centro,2026-02-03,Member (MRD),3
demo-centro,2026-02-03,Silver Elite (SLR),3
demo-centro,2026-02-03,Gold Elite (GLD),3
demo-centro,2026-02-03,Platinum Elite (PLT),3
demo-centro,2026-02-03,Titanium Elite (TTM),3
demo-costa,2026-02-03,Member (MRD),2
demo-costa,2026-02-03,Platinum Elite (PLT),1
demo-costa,2026-02-03,Titanium Elite (TTM),3
demo-centro,2026-02-04,Member (MRD),1
demo-centro,2026-02-04,Silver Elite (SLR),1
demo-centro,2026-02-04,Gold Elite (GLD),2
demo-centro,2026-02-04,Platinum Elite (PLT),1
demo-centro,2026-02-04,Titanium Elite (TTM),1
demo-costa,2026-02-04,Silver Elite (SLR),1
demo-costa,2026-02-04,Gold Elite (GLD),4
demo-costa,2026-02-04,Titanium Elite (TTM),1
demo-centro,2026-02-05,Silver Elite (SLR),4
demo-centro,2026-02-05,Gold Elite (GLD),2
demo-centro,2026-02-05,Titanium Elite (TTM),3
demo-costa,2026-02-05,Member (MRD),2
demo-costa,2026-02-05,Silver Elite (SLR),1
demo-costa,2026-02-05,Gold Elite (GLD),2
demo-costa,2026-02-05,Platinum Elite (PLT),2
demo-costa,2026-02-05,Titanium Elite (TTM),4
demo-centro,2026-02-06,Member (MRD),3
demo-centro,2026-02-06,Silver Elite (SLR),2
demo-centro,2026-02-06,Gold Elite (GLD),2
demo-centro,2026-02-06,Platinum Elite (PLT),3
demo-costa,2026-02-06,Silver Elite (SLR),4
demo-costa,2026-02-06,Gold Elite (GLD),3
demo-costa,2026-02-06,Platinum Elite (PLT),2
demo-costa,2026-02-06,Titanium Elite (TTM),4
demo-centro,2026-02-07,Member (MRD),4
demo-centro,2026-02-07,Silver Elite (SLR),4
demo-centro,2026-02-07,Gold Elite (GLD),4
demo-centro,2026-02-07,Platinum Elite (PLT),4
demo-centro,2026-02-07,Titanium Elite (TTM),2
demo-costa,2026-02-07,Member (MRD),4
demo-costa,2026-02-07,Platinum Elite (PLT),1
demo-costa,2026-02-07,Titanium Elite (TTM),4
demo-centro,2026-02-08,Silver Elite (SLR),1
demo-centro,2026-02-08,Gold Elite (GLD),1
demo-centro,2026-02-08,Platinum Elite (PLT),1
demo-centro,2026-02-08,Titanium Elite (TTM),4
demo-costa,2026-02-08,Member (MRD),2
demo-costa,2026-02-08,Gold Elite (GLD),2
demo-costa,2026-02-08,Platinum Elite (PLT),3
demo-costa,2026-02-08,Titanium Elite (TTM),3
demo-centro,2026-02-09,Gold Elite (GLD),4
demo-centro,2026-02-09,Platinum Elite (PLT),1
demo-centro,2026-02-09,Titanium Elite (TTM),1
demo-costa,2026-02-09,Member (MRD),1
demo-costa,2026-02-09,Silver Elite (SLR),4
demo-costa,2026-02-09,Gold Elite (GLD),3
demo-costa,2026-02-09,Platinum Elite (PLT),2
demo-centro,2026-02-10,Member (MRD),1
demo-centro,2026-02-10,Silver Elite (SLR),1
demo-centro,2026-02-10,Platinum Elite (PLT),3
demo-centro,2026-02-10,Titanium Elite (TTM),1
demo-costa,2026-02-10,Member (MRD),3
demo-costa,2026-02-10,Gold Elite (GLD),3
demo-costa,2026-02-10,Platinum Elite (PLT),1
demo-costa,2026-02-10,Titanium Elite (TTM),4
demo-centro,2026-02-11,Silver Elite (SLR),3
demo-centro,2026-02-11,Gold Elite (GLD),1
demo-centro,2026-02-11,Platinum Elite (PLT),3
demo-centro,2026-02-11,Titanium Elite (TTM),3
demo-costa,2026-02-11,Silver Elite (SLR),4
demo-costa,2026-02-11,Platinum Elite (PLT),1
demo-costa,2026-02-11,Titanium Elite (TTM),3
demo-centro,2026-02-12,Member (MRD),1
demo-centro,2026-02-12,Gold Elite (GLD),3
demo-centro,2026-02-12,Platinum Elite (PLT),1
demo-centro,2026-02-12,Titanium Elite (TTM),1
demo-costa,2026-02-12,Member (MRD),1
demo-costa,2026-02-12,Gold Elite (GLD),3
demo-costa,2026-02-12,Titanium Elite (TTM),2
demo-centro,2026-02-13,Member (MRD),4
demo-centro,2026-02-13,Silver Elite (SLR),2
demo-centro,2026-02-13,Gold Elite (GLD),3
demo-centro,2026-02-13,Platinum Elite (PLT),2
demo-costa,2026-02-13,Member (MRD),1
demo-costa,2026-02-13,Silver Elite (SLR),2
demo-costa,2026-02-13,Gold Elite (GLD),3
demo-costa,2026-02-13,Platinum Elite (PLT),4
demo-costa,2026-02-13,Titanium Elite (TTM),2
demo-centro,2026-02-14,Member (MRD),1
demo-centro,2026-02-14,Gold Elite (GLD),4
demo-costa,2026-02-14,Member (MRD),2
demo-costa,2026-02-14,Silver Elite (SLR),3
demo-costa,2026-02-14,Gold Elite (GLD),2
demo-costa,2026-02-14,Platinum Elite (PLT),1
demo-costa,2026-02-14,Titanium Elite (TTM),1
demo-centro,2026-02-15,Member (MRD),4
demo-centro,2026-02-15,Silver Elite (SLR),4
demo-centro,2026-02-15,Gold Elite (GLD),2
demo-centro,2026-02-15,Platinum Elite (PLT),4
demo-centro,2026-02-15,Titanium Elite (TTM),2
demo-costa,2026-02-15,Member (MRD),1
demo-costa,2026-02-15,Silver Elite (SLR),2
demo-costa,2026-02-15,Platinum Elite (PLT),1
demo-costa,2026-02-15,Titanium Elite (TTM),3
demo-centro,2026-02-16,Member (MRD),3
demo-centro,2026-02-16,Silver Elite (SLR),1
demo-centro,2026-02-16,Gold Elite (GLD),2
demo-centro,2026-02-16,Platinum Elite (PLT),3
demo-centro,2026-02-16,Titanium Elite (TTM),3
demo-costa,2026-02-16,Member (MRD),2
demo-costa,2026-02-16,Silver Elite (SLR),4
demo-costa,2026-02-16,Gold Elite (GLD),2
demo-costa,2026-02-16,Titanium Elite (TTM),4
demo-centro,2026-02-17,Silver Elite (SLR),4
demo-centro,2026-02-17,Gold Elite (GLD),3
demo-centro,2026-02-17,Platinum Elite (PLT),4
demo-centro,2026-02-17,Titanium Elite (TTM),1
demo-costa,2026-02-17,Member (MRD),2
demo-costa,2026-02-17,Silver Elite (SLR),3
demo-costa,2026-02-17,Platinum Elite (PLT),4
demo-costa,2026-02-17,Titanium Elite (TTM),1
demo-centro,2026-02-18,Gold Elite (GLD),2
demo-centro,2026-02-18,Titanium Elite (TTM),1
demo-costa,2026-02-18,Member (MRD),4
demo-costa,2026-02-18,Silver Elite (SLR),1
demo-costa,2026-02-18,Gold Elite (GLD),4
demo-costa,2026-02-18,Platinum Elite (PLT),1
demo-costa,2026-02-18,Titanium Elite (TTM),4
demo-centro,2026-02-19,Member (MRD),4
demo-centro,2026-02-19,Silver Elite (SLR),3
demo-centro,2026-02-19,Gold Elite (GLD),1
demo-centro,2026-02-19,Titanium Elite (TTM),4
demo-costa,2026-02-19,Member (MRD),4
demo-costa,2026-02-19,Silver Elite (SLR),2
demo-costa,2026-02-19,Gold Elite (GLD),2
demo-costa,2026-02-19,Platinum Elite (PLT),3
demo-costa,2026-02-19,Titanium Elite (TTM),1
demo-centro,2026-02-20,Member (MRD),3
demo-centro,2026-02-20,Silver Elite (SLR),3
demo-centro,2026-02-20,Platinum Elite (PLT),3
demo-centro,2026-02-20,Titanium Elite (TTM),4
demo-costa,2026-02-20,Member (MRD),2
demo-costa,2026-02-20,Silver Elite (SLR),4
demo-costa,2026-02-20,Gold Elite (GLD),2
demo-costa,2026-02-20,Platinum Elite (PLT),3
demo-centro,2026-02-21,Member (MRD),3
demo-centro,2026-02-21,Silver Elite (SLR),2
demo-centro,2026-02-21,Gold Elite (GLD),2
demo-centro,2026-02-21,Platinum Elite (PLT),3
demo-centro,2026-02-21,Titanium Elite (TTM),3
demo-costa,2026-02-21,Member (MRD),1
demo-costa,2026-02-21,Silver Elite (SLR),3
demo-costa,2026-02-21,Titanium Elite (TTM),4
demo-centro,2026-02-22,Member (MRD),4
demo-centro,2026-02-22,Silver Elite (SLR),4
demo-costa,2026-02-22,Silver Elite (SLR),2
demo-costa,2026-02-22,Gold Elite (GLD),1
demo-costa,2026-02-22,Platinum Elite (PLT),3
demo-costa,2026-02-22,Titanium Elite (TTM),1
demo-centro,2026-02-23,Member (MRD),4
demo-centro,2026-02-23,Gold Elite (GLD),4
demo-centro,2026-02-23,Platinum Elite (PLT),2
demo-centro,2026-02-23,Titanium Elite (TTM),3
demo-costa,2026-02-23,Gold Elite (GLD),1
demo-costa,2026-02-23,Platinum Elite (PLT),4
demo-costa,2026-02-23,Titanium Elite (TTM),4
demo-centro,2026-02-24,Member (MRD),2
demo-centro,2026-02-24,Silver Elite (SLR),1
demo-centro,2026-02-24,Gold Elite (GLD),2
demo-centro,2026-02-24,Titanium Elite (TTM),1
demo-costa,2026-02-24,Silver Elite (SLR),1
demo-costa,2026-02-24,Titanium Elite (TTM),1
demo-centro,2026-02-25,Gold Elite (GLD),4
demo-centro,2026-02-25,Titanium Elite (TTM),4
demo-costa,2026-02-25,Member (MRD),1
demo-costa,2026-02-25,Platinum Elite (PLT),3
demo-centro,2026-02-26,Member (MRD),1
demo-centro,2026-02-26,Gold Elite (GLD),1
demo-centro,2026-02-26,Platinum Elite (PLT),1
demo-centro,2026-02-26,Titanium Elite (TTM),4
demo-costa,2026-02-26,Member (MRD),4
demo-costa,2026-02-26,Gold Elite (GLD),3
demo-costa,2026-02-26,Platinum Elite (PLT),4
demo-costa,2026-02-26,Titanium Elite (TTM),3
demo-centro,2026-02-27,Member (MRD),1
demo-centro,2026-02-27,Gold Elite (GLD),3
demo-centro,2026-02-27,Platinum Elite (PLT),4
demo-centro,2026-02-27,Titanium Elite (TTM),4
demo-costa,2026-02-27,Member (MRD),3
demo-costa,2026-02-27,Silver Elite (SLR),3
demo-costa,2026-02-27,Gold Elite (GLD),3
demo-costa,2026-02-27,Platinum Elite (PLT),1
demo-costa,2026-02-27,Titanium Elite (TTM),1
demo-centro,2026-02-28,Member (MRD),2
demo-centro,2026-02-28,Silver Elite (SLR),4
demo-centro,2026-02-28,Gold Elite (GLD),2
demo-costa,2026-02-28,Member (MRD),3
demo-costa,2026-02-28,Silver Elite (SLR),4
demo-costa,2026-02-28,Gold Elite (GLD),4
demo-costa,2026-02-28,Platinum Elite (PLT),1
demo-costa,2026-02-28,Titanium Elite (TTM),4
demo-centro,2026-03-01,Gold Elite (GLD),4
demo-centro,2026-03-01,Platinum Elite (PLT),3
demo-centro,2026-03-01,Titanium Elite (TTM),4
demo-costa,2026-03-01,Member (MRD),1
demo-costa,2026-03-01,Gold Elite (GLD),4
demo-costa,2026-03-01,Platinum Elite (PLT),3
demo-costa,2026-03-01,Titanium Elite (TTM),3
demo-centro,2026-03-02,Silver Elite (SLR),1
demo-centro,2026-03-02,Gold Elite (GLD),1
demo-centro,2026-03-02,Platinum Elite (PLT),3
demo-centro,2026-03-02,Titanium Elite (TTM),1
demo-costa,2026-03-02,Member (MRD),1
demo-costa,2026-03-02,Silver Elite (SLR),2
demo-costa,2026-03-02,Gold Elite (GLD),4
demo-costa,2026-03-02,Platinum Elite (PLT),2
demo-centro,2026-03-03,Member (MRD),1
demo-centro,2026-03-03,Silver Elite (SLR),3
demo-centro,2026-03-03,Platinum Elite (PLT),3
demo-centro,2026-03-03,Titanium Elite (TTM),1
demo-costa,2026-03-03,Member (MRD),2
demo-costa,2026-03-03,Silver Elite (SLR),1
demo-costa,2026-03-03,Gold Elite (GLD),1
demo-costa,2026-03-03,Platinum Elite (PLT),4
demo-costa,2026-03-03,Titanium Elite (TTM),3
demo-centro,2026-03-04,Member (MRD),2
demo-centro,2026-03-04,Silver Elite (SLR),3
demo-centro,2026-03-04,Gold Elite (GLD),4
demo-centro,2026-03-04,Platinum Elite (PLT),3
demo-centro,2026-03-04,Titanium Elite (TTM),2
demo-costa,2026-03-04,Member (MRD),3
demo-costa,2026-03-04,Silver Elite (SLR),3
demo-costa,2026-03-04,Gold Elite (GLD),2
demo-costa,2026-03-04,Platinum Elite (PLT),1
demo-costa,2026-03-04,Titanium Elite (TTM),1
demo-centro,2026-03-05,Member (MRD),4
demo-centro,2026-03-05,Silver Elite (SLR),3
demo-centro,2026-03-05,Gold Elite (GLD),3
demo-centro,2026-03-05,Platinum Elite (PLT),2
demo-centro,2026-03-05,Titanium Elite (TTM),1
demo-costa,2026-03-05,Member (MRD),3
demo-costa,2026-03-05,Silver Elite (SLR),3
demo-costa,2026-03-05,Gold Elite (GLD),2
demo-costa,2026-03-05,Platinum Elite (PLT),3
demo-costa,2026-03-05,Titanium Elite (TTM),3
demo-centro,2026-03-06,Member (MRD),2
demo-centro,2026-03-06,Titanium Elite (TTM),3
demo-costa,2026-03-06,Member (MRD),3
demo-costa,2026-03-06,Silver Elite (SLR),2
demo-costa,2026-03-06,Gold Elite (GLD),4
demo-costa,2026-03-06,Platinum Elite (PLT),1
demo-costa,2026-03-06,Titanium Elite (TTM),4
demo-centro,2026-03-07,Member (MRD),4
demo-centro,2026-03-07,Gold Elite (GLD),2
demo-centro,2026-03-07,Platinum Elite (PLT),1
demo-centro,2026-03-07,Titanium Elite (TTM),3
demo-costa,2026-03-07,Member (MRD),2
demo-costa,2026-03-07,Silver Elite (SLR),2
demo-costa,2026-03-07,Gold Elite (GLD),4
demo-costa,2026-03-07,Platinum Elite (PLT),1
demo-centro,2026-03-08,Member (MRD),4
demo-centro,2026-03-08,Silver Elite (SLR),1
demo-centro,2026-03-08,Gold Elite (GLD),4
demo-centro,2026-03-08,Platinum Elite (PLT),2
demo-centro,2026-03-08,Titanium Elite (TTM),3
demo-costa,2026-03-08,Silver Elite (SLR),4
demo-costa,2026-03-08,Gold Elite (GLD),2
demo-costa,2026-03-08,Platinum Elite (PLT),2
demo-costa,2026-03-08,Titanium Elite (TTM),4
demo-centro,2026-03-09,Member (MRD),1
demo-centro,2026-03-09,Silver Elite (SLR),3
demo-centro,2026-03-09,Platinum Elite (PLT),2
demo-centro,2026-03-09,Titanium Elite (TTM),3
demo-costa,2026-03-09,Silver Elite (SLR),3
demo-costa,2026-03-09,Gold Elite (GLD),2
demo-costa,2026-03-09,Platinum Elite (PLT),1
demo-costa,2026-03-09,Titanium Elite (TTM),3
demo-centro,2026-03-10,Member (MRD),3
demo-centro,2026-03-10,Silver Elite (SLR),2
demo-centro,2026-03-10,Gold Elite (GLD),1
demo-centro,2026-03-10,Platinum Elite (PLT),4
demo-centro,2026-03-10,Titanium Elite (TTM),1
demo-costa,2026-03-10,Member (MRD),3
demo-costa,2026-03-10,Silver Elite (SLR),4
demo-costa,2026-03-10,Gold Elite (GLD),1
demo-costa,2026-03-10,Titanium Elite (TTM),3
demo-centro,2026-03-11,Member (MRD),3
demo-centro,2026-03-11,Silver Elite (SLR),4
demo-centro,2026-03-11,Gold Elite (GLD),1
demo-centro,2026-03-11,Titanium Elite (TTM),1
demo-costa,2026-03-11,Member (MRD),1
demo-costa,2026-03-11,Silver Elite (SLR),2
demo-costa,2026-03-11,Gold Elite (GLD),1
demo-costa,2026-03-11,Platinum Elite (PLT),3
demo-costa,2026-03-11,Titanium Elite (TTM),1
demo-centro,2026-03-12,Member (MRD),1
demo-centro,2026-03-12,Silver Elite (SLR),2
demo-centro,2026-03-12,Platinum Elite (PLT),2
demo-centro,2026-03-12,Titanium Elite (TTM),1
demo-costa,2026-03-12,Member (MRD),3
demo-costa,2026-03-12,Silver Elite (SLR),3
demo-costa,2026-03-12,Gold Elite (GLD),4
demo-costa,2026-03-12,Titanium Elite (TTM),2
demo-centro,2026-03-13,Silver Elite (SLR),4
demo-centro,2026-03-13,Gold Elite (GLD),4
demo-centro,2026-03-13,Titanium Elite (TTM),1
demo-costa,2026-03-13,Silver Elite (SLR),1
demo-costa,2026-03-13,Platinum Elite (PLT),2
demo-centro,2026-03-14,Member (MRD),2
demo-centro,2026-03-14,Silver Elite (SLR),1
demo-centro,2026-03-14,Gold Elite (GLD),3
demo-centro,2026-03-14,Platinum Elite (PLT),3
demo-centro,2026-03-14,Titanium Elite (TTM),4
demo-costa,2026-03-14,Member (MRD),3
demo-costa,2026-03-14,Silver Elite (SLR),2
demo-costa,2026-03-14,Gold Elite (GLD),4
demo-costa,2026-03-14,Platinum Elite (PLT),1
demo-costa,2026-03-14,Titanium Elite (TTM),2
demo-centro,2026-03-15,Member (MRD),4
demo-centro,2026-03-15,Silver Elite (SLR),3
demo-centro,2026-03-15,Gold Elite (GLD),3
demo-centro,2026-03-15,Platinum Elite (PLT),3
demo-centro,2026-03-15,Titanium Elite (TTM),2
demo-costa,2026-03-15,Member (MRD),3
demo-costa,2026-03-15,Gold Elite (GLD),4
demo-costa,2026-03-15,Platinum Elite (PLT),1
demo-costa,2026-03-15,Titanium Elite (TTM),1
demo-centro,2026-03-16,Member (MRD),4
demo-centro,2026-03-16,Gold Elite (GLD),4
demo-centro,2026-03-16,Platinum Elite (PLT),1
demo-centro,2026-03-16,Titanium Elite (TTM),4
demo-costa,2026-03-16,Member (MRD),2
demo-costa,2026-03-16,Silver Elite (SLR),4
demo-costa,2026-03-16,Gold Elite (GLD),1
demo-costa,2026-03-16,Platinum Elite (PLT),1
demo-costa,2026-03-16,Titanium Elite (TTM),1
demo-centro,2026-03-17,Member (MRD),2
demo-centro,2026-03-17,Silver Elite (SLR),2
demo-centro,2026-03-17,Gold Elite (GLD),2
demo-centro,2026-03-17,Titanium Elite (TTM),1
demo-costa,2026-03-17,Member (MRD),1
demo-costa,2026-03-17,Silver Elite (SLR),3
demo-costa,2026-03-17,Platinum Elite (PLT),3
demo-centro,2026-03-18,Silver Elite (SLR),2
demo-centro,2026-03-18,Gold Elite (GLD),3
demo-centro,2026-03-18,Platinum Elite (PLT),1
demo-centro,2026-03-18,Titanium Elite (TTM),4
demo-costa,2026-03-18,Member (MRD),4
demo-costa,2026-03-18,Silver Elite (SLR),2
demo-costa,2026-03-18,Platinum Elite (PLT),3
demo-costa,2026-03-18,Titanium Elite (TTM),1
demo-centro,2026-03-19,Member (MRD),1
demo-centro,2026-03-19,Silver Elite (SLR),2
demo-centro,2026-03-19,Platinum Elite (PLT),2
demo-centro,2026-03-19,Titanium Elite (TTM),1
demo-costa,2026-03-19,Silver Elite (SLR),2
demo-costa,2026-03-19,Gold Elite (GLD),1
demo-costa,2026-03-19,Platinum Elite (PLT),3
demo-costa,2026-03-19,Titanium Elite (TTM),4
demo-centro,2026-03-20,Member (MRD),1
demo-centro,2026-03-20,Silver Elite (SLR),3
demo-centro,2026-03-20,Gold Elite (GLD),1
demo-centro,2026-03-20,Titanium Elite (TTM),2
demo-costa,2026-03-20,Member (MRD),4
demo-costa,2026-03-20,Silver Elite (SLR),4
demo-centro,2026-03-21,Member (MRD),4
demo-centro,2026-03-21,Silver Elite (SLR),3
demo-centro,2026-03-21,Gold Elite (GLD),1
demo-costa,2026-03-21,Member (MRD),1
demo-costa,2026-03-21,Silver Elite (SLR),1
demo-costa,2026-03-21,Titanium Elite (TTM),4
demo-centro,2026-03-22,Member (MRD),3
demo-centro,2026-03-22,Silver Elite (SLR),2
demo-centro,2026-03-22,Gold Elite (GLD),2
demo-centro,2026-03-22,Platinum Elite (PLT),2
demo-costa,2026-03-22,Member (MRD),4
demo-costa,2026-03-22,Silver Elite (SLR),4
demo-costa,2026-03-22,Gold Elite (GLD),4
demo-costa,2026-03-22,Platinum Elite (PLT),2
demo-costa,2026-03-22,Titanium Elite (TTM),1
demo-centro,2026-03-23,Member (MRD),1
demo-centro,2026-03-23,Silver Elite (SLR),2
demo-centro,2026-03-23,Gold Elite (GLD),3
demo-centro,2026-03-23,Platinum Elite (PLT),4
demo-centro,2026-03-23,Titanium Elite (TTM),4
demo-costa,2026-03-23,Member (MRD),3
demo-costa,2026-03-23,Gold Elite (GLD),1
demo-costa,2026-03-23,Titanium Elite (TTM),3
demo-centro,2026-03-24,Member (MRD),3
demo-centro,2026-03-24,Platinum Elite (PLT),3
demo-centro,2026-03-24,Titanium Elite (TTM),1
demo-costa,2026-03-24,Member (MRD),4
demo-costa,2026-03-24,Silver Elite (SLR),3
demo-costa,2026-03-24,Titanium Elite (TTM),2
demo-centro,2026-03-25,Member (MRD),1
demo-centro,2026-03-25,Silver Elite (SLR),4
demo-centro,2026-03-25,Gold Elite (GLD),3
demo-centro,2026-03-25,Platinum Elite (PLT),4
demo-centro,2026-03-25,Titanium Elite (TTM),1
demo-costa,2026-03-25,Member (MRD),4
demo-costa,2026-03-25,Silver Elite (SLR),2
demo-costa,2026-03-25,Gold Elite (GLD),2
demo-centro,2026-03-26,Member (MRD),2
demo-centro,2026-03-26,Silver Elite (SLR),3
demo-centro,2026-03-26,Gold Elite (GLD),3
demo-centro,2026-03-26,Platinum Elite (PLT),1
demo-centro,2026-03-26,Titanium Elite (TTM),2
demo-costa,2026-03-26,Silver Elite (SLR),3
demo-costa,2026-03-26,Gold Elite (GLD),2
demo-costa,2026-03-26,Platinum Elite (PLT),1
demo-costa,2026-03-26,Titanium Elite (TTM),2
demo-centro,2026-03-27,Member (MRD),3
demo-centro,2026-03-27,Platinum Elite (PLT),1
demo-centro,2026-03-27,Titanium Elite (TTM),4
demo-costa,2026-03-27,Member (MRD),2
demo-costa,2026-03-27,Gold Elite (GLD),2
demo-costa,2026-03-27,Platinum Elite (PLT),1
demo-costa,2026-03-27,Titanium Elite (TTM),4
demo-centro,2026-03-28,Member (MRD),2
demo-centro,2026-03-28,Silver Elite (SLR),4
demo-centro,2026-03-28,Gold Elite (GLD),3
demo-centro,2026-03-28,Platinum Elite (PLT),3
demo-centro,2026-03-28,Titanium Elite (TTM),3
demo-costa,2026-03-28,Member (MRD),2
demo-costa,2026-03-28,Silver Elite (SLR),1
demo-costa,2026-03-28,Gold Elite (GLD),1
demo-costa,2026-03-28,Platinum Elite (PLT),1
demo-costa,2026-03-28,Titanium Elite (TTM),1
demo-centro,2026-03-29,Member (MRD),2
demo-centro,2026-03-29,Silver Elite (SLR),3
demo-centro,2026-03-29,Platinum Elite (PLT),1
demo-centro,2026-03-29,Titanium Elite (TTM),1
demo-costa,2026-03-29,Member (MRD),2
demo-costa,2026-03-29,Silver Elite (SLR),1
demo-costa,2026-03-29,Gold Elite (GLD),2
demo-costa,2026-03-29,Platinum Elite (PLT),4
demo-costa,2026-03-29,Titanium Elite (TTM),2
demo-centro,2026-03-30,Member (MRD),3
demo-centro,2026-03-30,Silver Elite (SLR),1
demo-centro,2026-03-30,Gold Elite (GLD),2
demo-centro,2026-03-30,Titanium Elite (TTM),2
demo-costa,2026-03-30,Member (MRD),4
demo-costa,2026-03-30,Gold Elite (GLD),1
demo-costa,2026-03-30,Platinum Elite (PLT),3
demo-centro,2026-03-31,Member (MRD),2
demo-centro,2026-03-31,Silver Elite (SLR),2
demo-centro,2026-03-31,Gold Elite (GLD),1
demo-centro,2026-03-31,Platinum Elite (PLT),3
demo-costa,2026-03-31,Member (MRD),1
demo-costa,2026-03-31,Silver Elite (SLR),4
demo-costa,2026-03-31,Gold Elite (GLD),3
demo-costa,2026-03-31,Platinum Elite (PLT),2
demo-costa,2026-03-31,Titanium Elite (TTM),3
demo-centro,2026-04-01,Gold Elite (GLD),2
demo-centro,2026-04-01,Platinum Elite (PLT),2
demo-centro,2026-04-01,Titanium Elite (TTM),3
demo-costa,2026-04-01,Silver Elite (SLR),2
demo-costa,2026-04-01,Gold Elite (GLD),4
demo-costa,2026-04-01,Platinum Elite (PLT),4
demo-costa,2026-04-01,Titanium Elite (TTM),3
demo-centro,2026-04-02,Member (MRD),1
demo-centro,2026-04-02,Silver Elite (SLR),4
demo-centro,2026-04-02,Gold Elite (GLD),3
demo-centro,2026-04-02,Platinum Elite (PLT),3
demo-centro,2026-04-02,Titanium Elite (TTM),3
demo-costa,2026-04-02,Member (MRD),3
demo-costa,2026-04-02,Silver Elite (SLR),3
demo-costa,2026-04-02,Gold Elite (GLD),4
demo-costa,2026-04-02,Platinum Elite (PLT),1
demo-costa,2026-04-02,Titanium Elite (TTM),2
demo-centro,2026-04-03,Member (MRD),4
demo-centro,2026-04-03,Silver Elite (SLR),3
demo-centro,2026-04-03,Gold Elite (GLD),1
demo-centro,2026-04-03,Platinum Elite (PLT),1
demo-centro,2026-04-03,Titanium Elite (TTM),2
demo-costa,2026-04-03,Member (MRD),2
demo-costa,2026-04-03,Silver Elite (SLR),2
demo-costa,2026-04-03,Gold Elite (GLD),4
demo-costa,2026-04-03,Titanium Elite (TTM),1
demo-centro,2026-04-04,Member (MRD),1
demo-centro,2026-04-04,Silver Elite (SLR),2
demo-centro,2026-04-04,Gold Elite (GLD),3
demo-centro,2026-04-04,Platinum Elite (PLT),3
demo-centro,2026-04-04,Titanium Elite (TTM),4
demo-costa,2026-04-04,Member (MRD),3
demo-costa,2026-04-04,Silver Elite (SLR),1
demo-costa,2026-04-04,Gold Elite (GLD),1
demo-costa,2026-04-04,Platinum Elite (PLT),4
demo-costa,2026-04-04,Titanium Elite (TTM),1
demo-centro,2026-04-05,Member (MRD),2
demo-centro,2026-04-05,Gold Elite (GLD),2
demo-centro,2026-04-05,Platinum Elite (PLT),1
demo-costa,2026-04-05,Member (MRD),1
demo-costa,2026-04-05,Silver Elite (SLR),4
demo-costa,2026-04-05,Gold Elite (GLD),1
demo-costa,2026-04-05,Platinum Elite (PLT),3
demo-costa,2026-04-05,Titanium Elite (TTM),2
demo-centro,2026-04-06,Silver Elite (SLR),1
demo-centro,2026-04-06,Gold Elite (GLD),2
demo-centro,2026-04-06,Platinum Elite (PLT),2
demo-centro,2026-04-06,Titanium Elite (TTM),4
demo-costa,2026-04-06,Member (MRD),1
demo-costa,2026-04-06,Silver Elite (SLR),1
demo-costa,2026-04-06,Gold Elite (GLD),2
demo-costa,2026-04-06,Platinum Elite (PLT),4
demo-costa,2026-04-06,Titanium Elite (TTM),2
demo-centro,2026-04-07,Member (MRD),1
demo-centro,2026-04-07,Silver Elite (SLR),1
demo-centro,2026-04-07,Platinum Elite (PLT),2
demo-centro,2026-04-07,Titanium Elite (TTM),1
demo-costa,2026-04-07,Silver Elite (SLR),1
demo-costa,2026-04-07,Gold Elite (GLD),3
demo-costa,2026-04-07,Platinum Elite (PLT),4
demo-costa,2026-04-07,Titanium Elite (TTM),1
demo-centro,2026-04-08,Silver Elite (SLR),3
demo-centro,2026-04-08,Gold Elite (GLD),3
demo-centro,2026-04-08,Platinum Elite (PLT),1
demo-centro,2026-04-08,Titanium Elite (TTM),2
demo-costa,2026-04-08,Member (MRD),3
demo-costa,2026-04-08,Silver Elite (SLR),4
demo-costa,2026-04-08,Gold Elite (GLD),1
demo-costa,2026-04-08,Platinum Elite (PLT),4
demo-costa,2026-04-08,Titanium Elite (TTM),2
demo-centro,2026-04-09,Member (MRD),1
demo-centro,2026-04-09,Silver Elite (SLR),1
demo-centro,2026-04-09,Platinum Elite (PLT),2
demo-costa,2026-04-09,Member (MRD),2
demo-costa,2026-04-09,Silver Elite (SLR),2
demo-costa,2026-04-09,Titanium Elite (TTM),1
demo-centro,2026-04-10,Member (MRD),2
demo-centro,2026-04-10,Silver Elite (SLR),1
demo-centro,2026-04-10,Gold Elite (GLD),1
demo-centro,2026-04-10,Platinum Elite (PLT),3
demo-centro,2026-04-10,Titanium Elite (TTM),3
demo-costa,2026-04-10,Member (MRD),3
demo-costa,2026-04-10,Silver Elite (SLR),3
demo-costa,2026-04-10,Titanium Elite (TTM),2
demo-centro,2026-04-11,Member (MRD),4
demo-centro,2026-04-11,Silver Elite (SLR),4
demo-centro,2026-04-11,Gold Elite (GLD),1
demo-centro,2026-04-11,Platinum Elite (PLT),4
demo-centro,2026-04-11,Titanium Elite (TTM),2
demo-costa,2026-04-11,Member (MRD),2
demo-costa,2026-04-11,Silver Elite (SLR),3
demo-costa,2026-04-11,Gold Elite (GLD),4
demo-costa,2026-04-11,Titanium Elite (TTM),4
demo-centro,2026-04-12,Member (MRD),2
demo-centro,2026-04-12,Silver Elite (SLR),2
demo-centro,2026-04-12,Gold Elite (GLD),1
demo-centro,2026-04-12,Titanium Elite (TTM),2
demo-costa,2026-04-12,Silver Elite (SLR),2
demo-costa,2026-04-12,Gold Elite (GLD),1
demo-costa,2026-04-12,Platinum Elite (PLT),3
demo-costa,2026-04-12,Titanium Elite (TTM),4
demo-centro,2026-04-13,Member (MRD),4
demo-centro,2026-04-13,Silver Elite (SLR),2
demo-centro,2026-04-13,Gold Elite (GLD),1
demo-centro,2026-04-13,Platinum Elite (PLT),3
demo-centro,2026-04-13,Titanium Elite (TTM),4
demo-costa,2026-04-13,Silver Elite (SLR),4
demo-costa,2026-04-13,Gold Elite (GLD),2
demo-costa,2026-04-13,Platinum Elite (PLT),2
demo-costa,2026-04-13,Titanium Elite (TTM),4
demo-centro,2026-04-14,Silver Elite (SLR),3
demo-centro,2026-04-14,Gold Elite (GLD),2
demo-centro,2026-04-14,Platinum Elite (PLT),3
demo-centro,2026-04-14,Titanium Elite (TTM),3
demo-costa,2026-04-14,Member (MRD),2
demo-costa,2026-04-14,Platinum Elite (PLT),4
demo-centro,2026-04-15,Member (MRD),2
demo-centro,2026-04-15,Gold Elite (GLD),1
demo-centro,2026-04-15,Platinum Elite (PLT),4
demo-centro,2026-04-15,Titanium Elite (TTM),3
demo-costa,2026-04-15,Member (MRD),3
demo-costa,2026-04-15,Silver Elite (SLR),1
demo-costa,2026-04-15,Gold Elite (GLD),1
demo-costa,2026-04-15,Platinum Elite (PLT),3
demo-costa,2026-04-15,Titanium Elite (TTM),2
demo-centro,2026-04-16,Member (MRD),2
demo-centro,2026-04-16,Silver Elite (SLR),3
demo-centro,2026-04-16,Gold Elite (GLD),2
demo-centro,2026-04-16,Platinum Elite (PLT),1
demo-costa,2026-04-16,Silver Elite (SLR),2
demo-costa,2026-04-16,Gold Elite (GLD),4
demo-costa,2026-04-16,Platinum Elite (PLT),2
demo-costa,2026-04-16,Titanium Elite (TTM),2
demo-centro,2026-04-17,Member (MRD),2
demo-centro,2026-04-17,Silver Elite (SLR),2
demo-centro,2026-04-17,Gold Elite (GLD),1
demo-centro,2026-04-17,Platinum Elite (PLT),3
demo-centro,2026-04-17,Titanium Elite (TTM),4
demo-costa,2026-04-17,Member (MRD),1
demo-costa,2026-04-17,Silver Elite (SLR),4
demo-costa,2026-04-17,Gold Elite (GLD),4
demo-costa,2026-04-17,Platinum Elite (PLT),3
demo-costa,2026-04-17,Titanium Elite (TTM),2
demo-centro,2026-04-18,Member (MRD),4
demo-centro,2026-04-18,Silver Elite (SLR),4
demo-centro,2026-04-18,Gold Elite (GLD),3
demo-centro,2026-04-18,Platinum Elite (PLT),1
demo-centro,2026-04-18,Titanium Elite (TTM),3
demo-costa,2026-04-18,Member (MRD),2
demo-costa,2026-04-18,Gold Elite (GLD),2
demo-costa,2026-04-18,Platinum Elite (PLT),1
demo-costa,2026-04-18,Titanium Elite (TTM),3
demo-centro,2026-04-19,Silver Elite (SLR),1
demo-centro,2026-04-19,Gold Elite (GLD),2
demo-centro,2026-04-19,Platinum Elite (PLT),3
demo-centro,2026-04-19,Titanium Elite (TTM),4
demo-costa,2026-04-19,Member (MRD),4
demo-costa,2026-04-19,Silver Elite (SLR),2
demo-costa,2026-04-19,Gold Elite (GLD),2
demo-costa,2026-04-19,Platinum Elite (PLT),2
demo-costa,2026-04-19,Titanium Elite (TTM),2
demo-centro,2026-04-20,Silver Elite (SLR),1
demo-centro,2026-04-20,Gold Elite (GLD),4
demo-centro,2026-04-20,Platinum Elite (PLT),2
demo-centro,2026-04-20,Titanium Elite (TTM),1
demo-costa,2026-04-20,Member (MRD),3
demo-costa,2026-04-20,Silver Elite (SLR),2
demo-costa,2026-04-20,Platinum Elite (PLT),2
demo-costa,2026-04-20,Titanium Elite (TTM),4
demo-centro,2026-04-21,Member (MRD),1
demo-centro,2026-04-21,Silver Elite (SLR),1
demo-centro,2026-04-21,Gold Elite (GLD),3
demo-centro,2026-04-21,Titanium Elite (TTM),1
demo-costa,2026-04-21,Silver Elite (SLR),1
demo-costa,2026-04-21,Gold Elite (GLD),2
demo-costa,2026-04-21,Platinum Elite (PLT),4
demo-costa,2026-04-21,Titanium Elite (TTM),3
demo-centro,2026-04-22,Member (MRD),1
demo-centro,2026-04-22,Silver Elite (SLR),1
demo-centro,2026-04-22,Gold Elite (GLD),2
demo-centro,2026-04-22,Platinum Elite (PLT),3
demo-centro,2026-04-22,Titanium Elite (TTM),2
demo-costa,2026-04-22,Gold Elite (GLD),1
demo-costa,2026-04-22,Platinum Elite (PLT),4
demo-costa,2026-04-22,Titanium Elite (TTM),3
demo-centro,2026-04-23,Member (MRD),1
demo-centro,2026-04-23,Platinum Elite (PLT),3
demo-centro,2026-04-23,Titanium Elite (TTM),3
demo-costa,2026-04-23,Silver Elite (SLR),3
demo-costa,2026-04-23,Platinum Elite (PLT),1
demo-costa,2026-04-23,Titanium Elite (TTM),3
demo-centro,2026-04-24,Member (MRD),1
demo-centro,2026-04-24,Silver Elite (SLR),3
demo-centro,2026-04-24,Gold Elite (GLD),4
demo-centro,2026-04-24,Platinum Elite (PLT),1
demo-centro,2026-04-24,Titanium Elite (TTM),3
demo-costa,2026-04-24,Member (MRD),4
demo-costa,2026-04-24,Silver Elite (SLR),4
demo-costa,2026-04-24,Gold Elite (GLD),3
demo-costa,2026-04-24,Titanium Elite (TTM),4
demo-centro,2026-04-25,Member (MRD),2
demo-centro,2026-04-25,Silver Elite (SLR),3
demo-centro,2026-04-25,Gold Elite (GLD),4
demo-centro,2026-04-25,Titanium Elite (TTM),1
demo-costa,2026-04-25,Member (MRD),4
demo-costa,2026-04-25,Silver Elite (SLR),4
demo-costa,2026-04-25,Platinum Elite (PLT),1
demo-costa,2026-04-25,Titanium Elite (TTM),3
demo-centro,2026-04-26,Member (MRD),3
demo-centro,2026-04-26,Gold Elite (GLD),3
demo-centro,2026-04-26,Titanium Elite (TTM),2
demo-costa,2026-04-26,Member (MRD),2
demo-costa,2026-04-26,Gold Elite (GLD),3
demo-costa,2026-04-26,Platinum Elite (PLT),4
demo-costa,2026-04-26,Titanium Elite (TTM),2
demo-centro,2026-04-27,Member (MRD),3
demo-centro,2026-04-27,Silver Elite (SLR),4
demo-centro,2026-04-27,Gold Elite (GLD),3
demo-centro,2026-04-27,Titanium Elite (TTM),4
demo-costa,2026-04-27,Member (MRD),1
demo-costa,2026-04-27,Platinum Elite (PLT),1
demo-costa,2026-04-27,Titanium Elite (TTM),2
demo-centro,2026-04-28,Member (MRD),1
demo-centro,2026-04-28,Silver Elite (SLR),1
demo-centro,2026-04-28,Gold Elite (GLD),3
demo-centro,2026-04-28,Platinum Elite (PLT),3
demo-centro,2026-04-28,Titanium Elite (TTM),3
demo-costa,2026-04-28,Member (MRD),3
demo-costa,2026-04-28,Silver Elite (SLR),2
demo-costa,2026-04-28,Gold Elite (GLD),4
demo-costa,2026-04-28,Platinum Elite (PLT),1
demo-costa,2026-04-28,Titanium Elite (TTM),2
demo-centro,2026-04-29,Silver Elite (SLR),2
demo-centro,2026-04-29,Gold Elite (GLD),1
demo-centro,2026-04-29,Platinum Elite (PLT),3
demo-centro,2026-04-29,Titanium Elite (TTM),4
demo-costa,2026-04-29,Member (MRD),2
demo-costa,2026-04-29,Silver Elite (SLR),3
demo-costa,2026-04-29,Gold Elite (GLD),4
demo-costa,2026-04-29,Platinum Elite (PLT),3
demo-centro,2026-04-30,Member (MRD),3
demo-centro,2026-04-30,Gold Elite (GLD),4
demo-centro,2026-04-30,Platinum Elite (PLT),2
demo-centro,2026-04-30,Titanium Elite (TTM),1
demo-costa,2026-04-30,Member (MRD),1
demo-costa,2026-04-30,Silver Elite (SLR),4
demo-costa,2026-04-30,Gold Elite (GLD),3
demo-costa,2026-04-30,Titanium Elite (TTM),2
demo-centro,2026-05-01,Member (MRD),1
demo-centro,2026-05-01,Silver Elite (SLR),3
demo-centro,2026-05-01,Gold Elite (GLD),4
demo-centro,2026-05-01,Platinum Elite (PLT),3
demo-costa,2026-05-01,Member (MRD),1
demo-costa,2026-05-01,Silver Elite (SLR),1
demo-costa,2026-05-01,Gold Elite (GLD),2
demo-costa,2026-05-01,Platinum Elite (PLT),2
demo-costa,2026-05-01,Titanium Elite (TTM),1
demo-centro,2026-05-02,Member (MRD),1
demo-centro,2026-05-02,Platinum Elite (PLT),2
demo-centro,2026-05-02,Titanium Elite (TTM),2
demo-costa,2026-05-02,Member (MRD),4
demo-costa,2026-05-02,Silver Elite (SLR),4
demo-costa,2026-05-02,Gold Elite (GLD),4
demo-costa,2026-05-02,Platinum Elite (PLT),3
demo-costa,2026-05-02,Titanium Elite (TTM),1
demo-centro,2026-05-03,Member (MRD),4
demo-centro,2026-05-03,Silver Elite (SLR),4
demo-centro,2026-05-03,Gold Elite (GLD),2
demo-centro,2026-05-03,Platinum Elite (PLT),3
demo-centro,2026-05-03,Titanium Elite (TTM),1
demo-costa,2026-05-03,Member (MRD),2
demo-costa,2026-05-03,Silver Elite (SLR),3
demo-costa,2026-05-03,Gold Elite (GLD),3
demo-costa,2026-05-03,Titanium Elite (TTM),1
demo-centro,2026-05-04,Silver Elite (SLR),2
demo-centro,2026-05-04,Gold Elite (GLD),1
demo-costa,2026-05-04,Silver Elite (SLR),2
demo-costa,2026-05-04,Gold Elite (GLD),1
demo-costa,2026-05-04,Titanium Elite (TTM),1
demo-centro,2026-05-05,Member (MRD),4
demo-centro,2026-05-05,Gold Elite (GLD),2
demo-centro,2026-05-05,Platinum Elite (PLT),4
demo-centro,2026-05-05,Titanium Elite (TTM),2
demo-costa,2026-05-05,Member (MRD),3
demo-costa,2026-05-05,Silver Elite (SLR),3
demo-costa,2026-05-05,Gold Elite (GLD),1
demo-costa,2026-05-05,Titanium Elite (TTM),2
demo-centro,2026-05-06,Member (MRD),1
demo-centro,2026-05-06,Silver Elite (SLR),2
demo-centro,2026-05-06,Gold Elite (GLD),1
demo-centro,2026-05-06,Platinum Elite (PLT),3
demo-costa,2026-05-06,Member (MRD),4
demo-costa,2026-05-06,Silver Elite (SLR),3
demo-costa,2026-05-06,Platinum Elite (PLT),1
demo-costa,2026-05-06,Titanium Elite (TTM),4
demo-centro,2026-05-07,Silver Elite (SLR),1
demo-centro,2026-05-07,Gold Elite (GLD),1
demo-centro,2026-05-07,Platinum Elite (PLT),3
demo-centro,2026-05-07,Titanium Elite (TTM),4
demo-costa,2026-05-07,Member (MRD),1
demo-costa,2026-05-07,Silver Elite (SLR),1
demo-costa,2026-05-07,Gold Elite (GLD),3
demo-costa,2026-05-07,Titanium Elite (TTM),1
demo-centro,2026-05-08,Member (MRD),3
demo-centro,2026-05-08,Silver Elite (SLR),3
demo-centro,2026-05-08,Titanium Elite (TTM),2
demo-costa,2026-05-08,Member (MRD),4
demo-costa,2026-05-08,Silver Elite (SLR),1
demo-costa,2026-05-08,Gold Elite (GLD),3
demo-costa,2026-05-08,Platinum Elite (PLT),2
demo-costa,2026-05-08,Titanium Elite (TTM),3
demo-centro,2026-05-09,Member (MRD),1
demo-centro,2026-05-09,Silver Elite (SLR),3
demo-centro,2026-05-09,Platinum Elite (PLT),4
demo-centro,2026-05-09,Titanium Elite (TTM),1
demo-costa,2026-05-09,Member (MRD),1
demo-costa,2026-05-09,Silver Elite (SLR),4
demo-costa,2026-05-09,Gold Elite (GLD),1
demo-costa,2026-05-09,Platinum Elite (PLT),1
demo-costa,2026-05-09,Titanium Elite (TTM),3
demo-centro,2026-05-10,Member (MRD),2
demo-centro,2026-05-10,Silver Elite (SLR),1
demo-centro,2026-05-10,Gold Elite (GLD),1
demo-centro,2026-05-10,Platinum Elite (PLT),3
demo-centro,2026-05-10,Titanium Elite (TTM),4
demo-costa,2026-05-10,Member (MRD),3
demo-costa,2026-05-10,Silver Elite (SLR),1
demo-costa,2026-05-10,Gold Elite (GLD),3
demo-costa,2026-05-10,Platinum Elite (PLT),3
demo-costa,2026-05-10,Titanium Elite (TTM),3
demo-centro,2026-05-11,Member (MRD),4
demo-centro,2026-05-11,Gold Elite (GLD),2
demo-centro,2026-05-11,Platinum Elite (PLT),3
demo-centro,2026-05-11,Titanium Elite (TTM),1
demo-costa,2026-05-11,Member (MRD),1
demo-costa,2026-05-11,Silver Elite (SLR),3
demo-costa,2026-05-11,Platinum Elite (PLT),2
demo-costa,2026-05-11,Titanium Elite (TTM),2
demo-centro,2026-05-12,Silver Elite (SLR),1
demo-centro,2026-05-12,Gold Elite (GLD),3
demo-centro,2026-05-12,Platinum Elite (PLT),3
demo-centro,2026-05-12,Titanium Elite (TTM),3
demo-costa,2026-05-12,Member (MRD),1
demo-costa,2026-05-12,Silver Elite (SLR),3
demo-costa,2026-05-12,Titanium Elite (TTM),3
demo-centro,2026-05-13,Member (MRD),3
demo-centro,2026-05-13,Silver Elite (SLR),4
demo-centro,2026-05-13,Gold Elite (GLD),4
demo-centro,2026-05-13,Platinum Elite (PLT),1
demo-centro,2026-05-13,Titanium Elite (TTM),3
demo-costa,2026-05-13,Silver Elite (SLR),2
demo-costa,2026-05-13,Gold Elite (GLD),2
demo-costa,2026-05-13,Platinum Elite (PLT),3
demo-costa,2026-05-13,Titanium Elite (TTM),1
demo-centro,2026-05-14,Gold Elite (GLD),3
demo-centro,2026-05-14,Titanium Elite (TTM),1
demo-costa,2026-05-14,Member (MRD),4
demo-costa,2026-05-14,Silver Elite (SLR),4
demo-costa,2026-05-14,Gold Elite (GLD),2
demo-costa,2026-05-14,Platinum Elite (PLT),2
demo-costa,2026-05-14,Titanium Elite (TTM),2
demo-centro,2026-05-15,Member (MRD),4
demo-centro,2026-05-15,Silver Elite (SLR),4
demo-centro,2026-05-15,Gold Elite (GLD),3
demo-centro,2026-05-15,Platinum Elite (PLT),3
demo-centro,2026-05-15,Titanium Elite (TTM),3
demo-costa,2026-05-15,Member (MRD),4
demo-costa,2026-05-15,Silver Elite (SLR),3
demo-costa,2026-05-15,Gold Elite (GLD),2
demo-costa,2026-05-15,Titanium Elite (TTM),3
demo-centro,2026-05-16,Member (MRD),2
demo-centro,2026-05-16,Silver Elite (SLR),4
demo-centro,2026-05-16,Gold Elite (GLD),2
demo-centro,2026-05-16,Titanium Elite (TTM),3
demo-costa,2026-05-16,Member (MRD),2
demo-costa,2026-05-16,Silver Elite (SLR),1
demo-costa,2026-05-16,Gold Elite (GLD),2
demo-costa,2026-05-16,Platinum Elite (PLT),2
demo-costa,2026-05-16,Titanium Elite (TTM),1
demo-centro,2026-05-17,Silver Elite (SLR),4
demo-centro,2026-05-17,Gold Elite (GLD),4
demo-centro,2026-05-17,Platinum Elite (PLT),1
demo-centro,2026-05-17,Titanium Elite (TTM),2
demo-costa,2026-05-17,Silver Elite (SLR),1
demo-costa,2026-05-17,Gold Elite (GLD),3
demo-costa,2026-05-17,Platinum Elite (PLT),2
demo-costa,2026-05-17,Titanium Elite (TTM),3
demo-centro,2026-05-18,Member (MRD),2
demo-centro,2026-05-18,Silver Elite (SLR),1
demo-centro,2026-05-18,Gold Elite (GLD),4
demo-centro,2026-05-18,Platinum Elite (PLT),2
demo-costa,2026-05-18,Member (MRD),2
demo-costa,2026-05-18,Silver Elite (SLR),2
demo-costa,2026-05-18,Gold Elite (GLD),4
demo-costa,2026-05-18,Platinum Elite (PLT),1
demo-costa,2026-05-18,Titanium Elite (TTM),2
demo-centro,2026-05-19,Member (MRD),4
demo-centro,2026-05-19,Gold Elite (GLD),2
demo-centro,2026-05-19,Platinum Elite (PLT),3
demo-centro,2026-05-19,Titanium Elite (TTM),3
demo-costa,2026-05-19,Member (MRD),3
demo-costa,2026-05-19,Silver Elite (SLR),2
demo-centro,2026-05-20,Silver Elite (SLR),3
demo-centro,2026-05-20,Gold Elite (GLD),1
demo-centro,2026-05-20,Platinum Elite (PLT),2
demo-centro,2026-05-20,Titanium Elite (TTM),3
demo-costa,2026-05-20,Member (MRD),3
demo-costa,2026-05-20,Silver Elite (SLR),2
demo-costa,2026-05-20,Gold Elite (GLD),2
demo-costa,2026-05-20,Platinum Elite (PLT),2
demo-costa,2026-05-20,Titanium Elite (TTM),2
demo-centro,2026-05-21,Member (MRD),3
demo-centro,2026-05-21,Silver Elite (SLR),3
demo-centro,2026-05-21,Gold Elite (GLD),3
demo-centro,2026-05-21,Titanium Elite (TTM),3
demo-costa,2026-05-21,Member (MRD),1
demo-costa,2026-05-21,Silver Elite (SLR),4
demo-costa,2026-05-21,Gold Elite (GLD),4
demo-costa,2026-05-21,Platinum Elite (PLT),2
demo-centro,2026-05-22,Member (MRD),4
demo-centro,2026-05-22,Silver Elite (SLR),4
demo-centro,2026-05-22,Platinum Elite (PLT),4
demo-centro,2026-05-22,Titanium Elite (TTM),3
demo-costa,2026-05-22,Silver Elite (SLR),4
demo-costa,2026-05-22,Platinum Elite (PLT),1
demo-costa,2026-05-22,Titanium Elite (TTM),4
demo-centro,2026-05-23,Member (MRD),4
demo-centro,2026-05-23,Silver Elite (SLR),2
demo-centro,2026-05-23,Platinum Elite (PLT),1
demo-centro,2026-05-23,Titanium Elite (TTM),4
demo-costa,2026-05-23,Member (MRD),3
demo-costa,2026-05-23,Gold Elite (GLD),2
demo-costa,2026-05-23,Platinum Elite (PLT),4
demo-costa,2026-05-23,Titanium Elite (TTM),2
demo-centro,2026-05-24,Member (MRD),1
demo-centro,2026-05-24,Silver Elite (SLR),4
demo-centro,2026-05-24,Gold Elite (GLD),4
demo-centro,2026-05-24,Platinum Elite (PLT),2
demo-centro,2026-05-24,Titanium Elite (TTM),3
demo-costa,2026-05-24,Silver Elite (SLR),2
demo-costa,2026-05-24,Gold Elite (GLD),2
demo-costa,2026-05-24,Platinum Elite (PLT),3
demo-costa,2026-05-24,Titanium Elite (TTM),1
demo-centro,2026-05-25,Silver Elite (SLR),1
demo-centro,2026-05-25,Gold Elite (GLD),2
demo-centro,2026-05-25,Platinum Elite (PLT),1
demo-centro,2026-05-25,Titanium Elite (TTM),3
demo-costa,2026-05-25,Member (MRD),2
demo-costa,2026-05-25,Silver Elite (SLR),2
demo-centro,2026-05-26,Member (MRD),4
demo-centro,2026-05-26,Silver Elite (SLR),4
demo-centro,2026-05-26,Gold Elite (GLD),2
demo-centro,2026-05-26,Platinum Elite (PLT),4
demo-centro,2026-05-26,Titanium Elite (TTM),3
demo-costa,2026-05-26,Member (MRD),3
demo-costa,2026-05-26,Silver Elite (SLR),4
demo-costa,2026-05-26,Gold Elite (GLD),1
demo-costa,2026-05-26,Platinum Elite (PLT),2
demo-costa,2026-05-26,Titanium Elite (TTM),4
demo-centro,2026-05-27,Member (MRD),4
demo-centro,2026-05-27,Silver Elite (SLR),3
demo-centro,2026-05-27,Platinum Elite (PLT),4
demo-centro,2026-05-27,Titanium Elite (TTM),1
demo-costa,2026-05-27,Member (MRD),1
demo-costa,2026-05-27,Silver Elite (SLR),2
demo-costa,2026-05-27,Gold Elite (GLD),3
demo-costa,2026-05-27,Platinum Elite (PLT),3
demo-costa,2026-05-27,Titanium Elite (TTM),4
demo-centro,2026-05-28,Member (MRD),4
demo-centro,2026-05-28,Silver Elite (SLR),2
demo-centro,2026-05-28,Gold Elite (GLD),3
demo-centro,2026-05-28,Platinum Elite (PLT),1
demo-centro,2026-05-28,Titanium Elite (TTM),2
demo-costa,2026-05-28,Member (MRD),2
demo-costa,2026-05-28,Silver Elite (SLR),2
demo-costa,2026-05-28,Gold Elite (GLD),2
demo-costa,2026-05-28,Titanium Elite (TTM),2
demo-centro,2026-05-29,Member (MRD),4
demo-centro,2026-05-29,Silver Elite (SLR),3
demo-centro,2026-05-29,Gold Elite (GLD),1
demo-centro,2026-05-29,Platinum Elite (PLT),2
demo-costa,2026-05-29,Member (MRD),1
demo-costa,2026-05-29,Silver Elite (SLR),3
demo-costa,2026-05-29,Titanium Elite (TTM),1
demo-centro,2026-05-30,Silver Elite (SLR),2
demo-centro,2026-05-30,Gold Elite (GLD),4
demo-centro,2026-05-30,Titanium Elite (TTM),3
demo-costa,2026-05-30,Member (MRD),1
demo-costa,2026-05-30,Silver Elite (SLR),3
demo-costa,2026-05-30,Gold Elite (GLD),1
demo-costa,2026-05-30,Platinum Elite (PLT),1
demo-costa,2026-05-30,Titanium Elite (TTM),2
demo-centro,2026-05-31,Member (MRD),1
demo-centro,2026-05-31,Silver Elite (SLR),3
demo-centro,2026-05-31,Gold Elite (GLD),2
demo-centro,2026-05-31,Platinum Elite (PLT),1
demo-costa,2026-05-31,Member (MRD),4
demo-costa,2026-05-31,Silver Elite (SLR),2
demo-costa,2026-05-31,Gold Elite (GLD),3
demo-costa,2026-05-31,Titanium Elite (TTM),3
demo-centro,2026-06-01,Member (MRD),1
demo-centro,2026-06-01,Silver Elite (SLR),1
demo-centro,2026-06-01,Gold Elite (GLD),1
demo-centro,2026-06-01,Platinum Elite (PLT),3
demo-centro,2026-06-01,Titanium Elite (TTM),2
demo-costa,2026-06-01,Member (MRD),1
demo-costa,2026-06-01,Silver Elite (SLR),4
demo-costa,2026-06-01,Gold Elite (GLD),1
demo-costa,2026-06-01,Platinum Elite (PLT),3
demo-costa,2026-06-01,Titanium Elite (TTM),4
demo-centro,2026-06-02,Member (MRD),3
demo-centro,2026-06-02,Gold Elite (GLD),2
demo-centro,2026-06-02,Platinum Elite (PLT),2
demo-centro,2026-06-02,Titanium Elite (TTM),3
demo-costa,2026-06-02,Member (MRD),1
demo-costa,2026-06-02,Silver Elite (SLR),3
demo-costa,2026-06-02,Gold Elite (GLD),4
demo-costa,2026-06-02,Platinum Elite (PLT),4
demo-costa,2026-06-02,Titanium Elite (TTM),3
demo-centro,2026-06-03,Member (MRD),2
demo-centro,2026-06-03,Gold Elite (GLD),2
demo-centro,2026-06-03,Platinum Elite (PLT),2
demo-centro,2026-06-03,Titanium Elite (TTM),4
demo-costa,2026-06-03,Member (MRD),1
demo-costa,2026-06-03,Silver Elite (SLR),2
demo-costa,2026-06-03,Platinum Elite (PLT),4
demo-costa,2026-06-03,Titanium Elite (TTM),4
demo-centro,2026-06-04,Gold Elite (GLD),3
demo-centro,2026-06-04,Platinum Elite (PLT),1
demo-centro,2026-06-04,Titanium Elite (TTM),4
demo-costa,2026-06-04,Member (MRD),4
demo-costa,2026-06-04,Gold Elite (GLD),1
demo-costa,2026-06-04,Platinum Elite (PLT),2
demo-costa,2026-06-04,Titanium Elite (TTM),4
demo-centro,2026-06-05,Member (MRD),2
demo-centro,2026-06-05,Silver Elite (SLR),1
demo-centro,2026-06-05,Gold Elite (GLD),2
demo-centro,2026-06-05,Platinum Elite (PLT),2
demo-centro,2026-06-05,Titanium Elite (TTM),1
demo-costa,2026-06-05,Member (MRD),4
demo-costa,2026-06-05,Silver Elite (SLR),2
demo-costa,2026-06-05,Gold Elite (GLD),2
demo-costa,2026-06-05,Platinum Elite (PLT),2
demo-centro,2026-06-06,Member (MRD),4
demo-centro,2026-06-06,Silver Elite (SLR),4
demo-centro,2026-06-06,Gold Elite (GLD),4
demo-centro,2026-06-06,Titanium Elite (TTM),4
demo-costa,2026-06-06,Titanium Elite (TTM),3
demo-centro,2026-06-07,Gold Elite (GLD),3
demo-centro,2026-06-07,Platinum Elite (PLT),1
demo-centro,2026-06-07,Titanium Elite (TTM),1
demo-costa,2026-06-07,Member (MRD),3
demo-costa,2026-06-07,Gold Elite (GLD),2
demo-costa,2026-06-07,Platinum Elite (PLT),1
demo-costa,2026-06-07,Titanium Elite (TTM),4
demo-centro,2026-06-08,Member (MRD),2
demo-centro,2026-06-08,Silver Elite (SLR),1
demo-centro,2026-06-08,Gold Elite (GLD),1
demo-centro,2026-06-08,Platinum Elite (PLT),3
demo-centro,2026-06-08,Titanium Elite (TTM),2
demo-costa,2026-06-08,Member (MRD),1
demo-costa,2026-06-08,Silver Elite (SLR),3
demo-costa,2026-06-08,Titanium Elite (TTM),1
demo-centro,2026-06-09,Silver Elite (SLR),1
demo-centro,2026-06-09,Gold Elite (GLD),4
demo-centro,2026-06-09,Platinum Elite (PLT),4
demo-centro,2026-06-09,Titanium Elite (TTM),4
demo-costa,2026-06-09,Member (MRD),2
demo-costa,2026-06-09,Silver Elite (SLR),2
demo-costa,2026-06-09,Gold Elite (GLD),1
demo-costa,2026-06-09,Platinum Elite (PLT),1
demo-costa,2026-06-09,Titanium Elite (TTM),1
demo-centro,2026-06-10,Member (MRD),4
demo-centro,2026-06-10,Silver Elite (SLR),1
demo-centro,2026-06-10,Gold Elite (GLD),3
demo-centro,2026-06-10,Titanium Elite (TTM),1
demo-costa,2026-06-10,Member (MRD),3
demo-costa,2026-06-10,Silver Elite (SLR),4
demo-costa,2026-06-10,Gold Elite (GLD),4
demo-costa,2026-06-10,Platinum Elite (PLT),2
demo-centro,2026-06-11,Member (MRD),2
demo-centro,2026-06-11,Silver Elite (SLR),4
demo-centro,2026-06-11,Gold Elite (GLD),1
demo-centro,2026-06-11,Titanium Elite (TTM),1
demo-costa,2026-06-11,Member (MRD),1
demo-costa,2026-06-11,Gold Elite (GLD),3
demo-costa,2026-06-11,Platinum Elite (PLT),2
demo-costa,2026-06-11,Titanium Elite (TTM),2
demo-centro,2026-06-12,Member (MRD),2
demo-centro,2026-06-12,Gold Elite (GLD),4
demo-centro,2026-06-12,Platinum Elite (PLT),3
demo-centro,2026-06-12,Titanium Elite (TTM),1
demo-costa,2026-06-12,Member (MRD),4
demo-costa,2026-06-12,Silver Elite (SLR),3
demo-costa,2026-06-12,Gold Elite (GLD),2
demo-costa,2026-06-12,Platinum Elite (PLT),1
demo-costa,2026-06-12,Titanium Elite (TTM),2
demo-centro,2026-06-13,Member (MRD),2
demo-centro,2026-06-13,Silver Elite (SLR),1
demo-centro,2026-06-13,Gold Elite (GLD),1
demo-centro,2026-06-13,Platinum Elite (PLT),3
demo-centro,2026-06-13,Titanium Elite (TTM),2
demo-costa,2026-06-13,Member (MRD),4
demo-costa,2026-06-13,Silver Elite (SLR),2
demo-costa,2026-06-13,Gold Elite (GLD),3
demo-costa,2026-06-13,Titanium Elite (TTM),2
demo-centro,2026-06-14,Silver Elite (SLR),2
demo-centro,2026-06-14,Gold Elite (GLD),4
demo-centro,2026-06-14,Platinum Elite (PLT),1
demo-centro,2026-06-14,Titanium Elite (TTM),1
demo-costa,2026-06-14,Silver Elite (SLR),2
demo-costa,2026-06-14,Gold Elite (GLD),3
demo-costa,2026-06-14,Platinum Elite (PLT),1
demo-costa,2026-06-14,Titanium Elite (TTM),2
demo-centro,2026-06-15,Member (MRD),4
demo-centro,2026-06-15,Silver Elite (SLR),4
demo-centro,2026-06-15,Gold Elite (GLD),2
demo-centro,2026-06-15,Platinum Elite (PLT),1
demo-centro,2026-06-15,Titanium Elite (TTM),4
demo-costa,2026-06-15,Member (MRD),4
demo-costa,2026-06-15,Gold Elite (GLD),1
demo-costa,2026-06-15,Platinum Elite (PLT),4
demo-centro,2026-06-16,Member (MRD),3
demo-centro,2026-06-16,Silver Elite (SLR),4
demo-centro,2026-06-16,Gold Elite (GLD),3
demo-centro,2026-06-16,Platinum Elite (PLT),3
demo-centro,2026-06-16,Titanium Elite (TTM),3
demo-costa,2026-06-16,Member (MRD),4
demo-costa,2026-06-16,Silver Elite (SLR),2
demo-costa,2026-06-16,Gold Elite (GLD),2
demo-costa,2026-06-16,Platinum Elite (PLT),2
demo-costa,2026-06-16,Titanium Elite (TTM),1
demo-centro,2026-06-17,Member (MRD),2
demo-centro,2026-06-17,Silver Elite (SLR),1
demo-centro,2026-06-17,Gold Elite (GLD),3
demo-centro,2026-06-17,Platinum Elite (PLT),2
demo-centro,2026-06-17,Titanium Elite (TTM),4
demo-costa,2026-06-17,Member (MRD),3
demo-costa,2026-06-17,Silver Elite (SLR),3
demo-costa,2026-06-17,Gold Elite (GLD),1
demo-costa,2026-06-17,Platinum Elite (PLT),2
demo-costa,2026-06-17,Titanium Elite (TTM),1
demo-centro,2026-06-18,Member (MRD),2
demo-centro,2026-06-18,Gold Elite (GLD),2
demo-centro,2026-06-18,Platinum Elite (PLT),4
demo-centro,2026-06-18,Titanium Elite (TTM),1
demo-costa,2026-06-18,Silver Elite (SLR),2
demo-costa,2026-06-18,Titanium Elite (TTM),1
demo-centro,2026-06-19,Member (MRD),1
demo-centro,2026-06-19,Silver Elite (SLR),1
demo-centro,2026-06-19,Gold Elite (GLD),4
demo-centro,2026-06-19,Titanium Elite (TTM),3
demo-costa,2026-06-19,Member (MRD),1
demo-costa,2026-06-19,Silver Elite (SLR),3
demo-costa,2026-06-19,Gold Elite (GLD),4
demo-costa,2026-06-19,Platinum Elite (PLT),1
demo-costa,2026-06-19,Titanium Elite (TTM),4
demo-centro,2026-06-20,Member (MRD),1
demo-centro,2026-06-20,Silver Elite (SLR),4
demo-centro,2026-06-20,Gold Elite (GLD),4
demo-centro,2026-06-20,Platinum Elite (PLT),2
demo-centro,2026-06-20,Titanium Elite (TTM),2
demo-costa,2026-06-20,Member (MRD),2
demo-costa,2026-06-20,Silver Elite (SLR),3
demo-costa,2026-06-20,Gold Elite (GLD),3
demo-costa,2026-06-20,Platinum Elite (PLT),3
demo-costa,2026-06-20,Titanium Elite (TTM),1
demo-centro,2026-06-21,Member (MRD),2
demo-centro,2026-06-21,Silver Elite (SLR),1
demo-centro,2026-06-21,Gold Elite (GLD),1
demo-centro,2026-06-21,Platinum Elite (PLT),4
demo-centro,2026-06-21,Titanium Elite (TTM),1
demo-costa,2026-06-21,Member (MRD),4
demo-costa,2026-06-21,Silver Elite (SLR),1
demo-costa,2026-06-21,Platinum Elite (PLT),3
demo-costa,2026-06-21,Titanium Elite (TTM),3
demo-centro,2026-06-22,Gold Elite (GLD),1
demo-centro,2026-06-22,Platinum Elite (PLT),3
demo-centro,2026-06-22,Titanium Elite (TTM),1
demo-costa,2026-06-22,Member (MRD),2
demo-costa,2026-06-22,Silver Elite (SLR),1
demo-costa,2026-06-22,Platinum Elite (PLT),3
demo-costa,2026-06-22,Titanium Elite (TTM),4
demo-centro,2026-06-23,Member (MRD),4
demo-centro,2026-06-23,Silver Elite (SLR),2
demo-centro,2026-06-23,Platinum Elite (PLT),1
demo-centro,2026-06-23,Titanium Elite (TTM),3
demo-costa,2026-06-23,Member (MRD),4
demo-costa,2026-06-23,Silver Elite (SLR),1
demo-costa,2026-06-23,Platinum Elite (PLT),4
demo-costa,2026-06-23,Titanium Elite (TTM),1
demo-centro,2026-06-24,Silver Elite (SLR),3
demo-centro,2026-06-24,Gold Elite (GLD),1
demo-centro,2026-06-24,Titanium Elite (TTM),1
demo-costa,2026-06-24,Member (MRD),2
demo-costa,2026-06-24,Silver Elite (SLR),4
demo-costa,2026-06-24,Platinum Elite (PLT),2
demo-costa,2026-06-24,Titanium Elite (TTM),3
demo-centro,2026-06-25,Member (MRD),3
demo-centro,2026-06-25,Gold Elite (GLD),2
demo-centro,2026-06-25,Platinum Elite (PLT),4
demo-centro,2026-06-25,Titanium Elite (TTM),4
demo-costa,2026-06-25,Member (MRD),4
demo-costa,2026-06-25,Silver Elite (SLR),2
demo-costa,2026-06-25,Gold Elite (GLD),2
demo-costa,2026-06-25,Platinum Elite (PLT),2
demo-costa,2026-06-25,Titanium Elite (TTM),4
demo-centro,2026-06-26,Member (MRD),4
demo-centro,2026-06-26,Silver Elite (SLR),1
demo-centro,2026-06-26,Gold Elite (GLD),1
demo-centro,2026-06-26,Platinum Elite (PLT),4
demo-centro,2026-06-26,Titanium Elite (TTM),4
demo-costa,2026-06-26,Member (MRD),1
demo-costa,2026-06-26,Silver Elite (SLR),1
demo-costa,2026-06-26,Platinum Elite (PLT),1
demo-costa,2026-06-26,Titanium Elite (TTM),3
demo-centro,2026-06-27,Member (MRD),2
demo-centro,2026-06-27,Silver Elite (SLR),2
demo-centro,2026-06-27,Gold Elite (GLD),4
demo-centro,2026-06-27,Platinum Elite (PLT),2
demo-centro,2026-06-27,Titanium Elite (TTM),4
demo-costa,2026-06-27,Member (MRD),2
demo-costa,2026-06-27,Silver Elite (SLR),2
demo-costa,2026-06-27,Titanium Elite (TTM),4
demo-centro,2026-06-28,Member (MRD),4
demo-centro,2026-06-28,Silver Elite (SLR),1
demo-centro,2026-06-28,Gold Elite (GLD),4
demo-centro,2026-06-28,Platinum Elite (PLT),4
demo-centro,2026-06-28,Titanium Elite (TTM),4
demo-costa,2026-06-28,Gold Elite (GLD),4
demo-costa,2026-06-28,Platinum Elite (PLT),1
demo-costa,2026-06-28,Titanium Elite (TTM),4
demo-centro,2026-06-29,Silver Elite (SLR),3
demo-centro,2026-06-29,Platinum Elite (PLT),1
demo-costa,2026-06-29,Member (MRD),2
demo-costa,2026-06-29,Silver Elite (SLR),4
demo-costa,2026-06-29,Gold Elite (GLD),2
demo-costa,2026-06-29,Platinum Elite (PLT),3
demo-centro,2026-06-30,Member (MRD),3
demo-centro,2026-06-30,Silver Elite (SLR),3
demo-centro,2026-06-30,Gold Elite (GLD),3
demo-centro,2026-06-30,Platinum Elite (PLT),1
demo-centro,2026-06-30,Titanium Elite (TTM),2
demo-costa,2026-06-30,Silver Elite (SLR),2
demo-costa,2026-06-30,Gold Elite (GLD),2
demo-costa,2026-06-30,Platinum Elite (PLT),1
demo-costa,2026-06-30,Titanium Elite (TTM),1
demo-centro,2026-07-01,Member (MRD),1
demo-centro,2026-07-01,Silver Elite (SLR),1
demo-centro,2026-07-01,Gold Elite (GLD),3
demo-centro,2026-07-01,Platinum Elite (PLT),1
demo-centro,2026-07-01,Titanium Elite (TTM),2
demo-costa,2026-07-01,Member (MRD),4
demo-costa,2026-07-01,Gold Elite (GLD),2
demo-costa,2026-07-01,Platinum Elite (PLT),1
demo-costa,2026-07-01,Titanium Elite (TTM),4
demo-centro,2026-07-02,Member (MRD),1
demo-centro,2026-07-02,Silver Elite (SLR),3
demo-centro,2026-07-02,Gold Elite (GLD),3
demo-centro,2026-07-02,Platinum Elite (PLT),1
demo-centro,2026-07-02,Titanium Elite (TTM),2
demo-costa,2026-07-02,Member (MRD),1
demo-costa,2026-07-02,Silver Elite (SLR),4
demo-costa,2026-07-02,Platinum Elite (PLT),2
demo-costa,2026-07-02,Titanium Elite (TTM),4
demo-centro,2026-07-03,Member (MRD),4
demo-centro,2026-07-03,Silver Elite (SLR),2
demo-centro,2026-07-03,Gold Elite (GLD),2
demo-centro,2026-07-03,Titanium Elite (TTM),1
demo-costa,2026-07-03,Member (MRD),3
demo-costa,2026-07-03,Silver Elite (SLR),2
demo-costa,2026-07-03,Gold Elite (GLD),4
demo-costa,2026-07-03,Titanium Elite (TTM),1
demo-centro,2026-07-04,Member (MRD),1
demo-centro,2026-07-04,Silver Elite (SLR),2
demo-centro,2026-07-04,Gold Elite (GLD),2
demo-centro,2026-07-04,Platinum Elite (PLT),2
demo-centro,2026-07-04,Titanium Elite (TTM),1
demo-costa,2026-07-04,Member (MRD),2
demo-costa,2026-07-04,Silver Elite (SLR),1
demo-costa,2026-07-04,Gold Elite (GLD),1
demo-costa,2026-07-04,Platinum Elite (PLT),1
demo-costa,2026-07-04,Titanium Elite (TTM),2
demo-centro,2026-07-05,Silver Elite (SLR),3
demo-centro,2026-07-05,Gold Elite (GLD),3
demo-centro,2026-07-05,Platinum Elite (PLT),2
demo-centro,2026-07-05,Titanium Elite (TTM),2
demo-costa,2026-07-05,Member (MRD),1
demo-costa,2026-07-05,Silver Elite (SLR),3
demo-costa,2026-07-05,Gold Elite (GLD),4
demo-costa,2026-07-05,Platinum Elite (PLT),4
demo-costa,2026-07-05,Titanium Elite (TTM),3
demo-centro,2026-07-06,Member (MRD),1
demo-centro,2026-07-06,Silver Elite (SLR),4
demo-centro,2026-07-06,Platinum Elite (PLT),3
demo-centro,2026-07-06,Titanium Elite (TTM),4
demo-costa,2026-07-06,Member (MRD),4
demo-costa,2026-07-06,Silver Elite (SLR),2
demo-costa,2026-07-06,Gold Elite (GLD),2
demo-costa,2026-07-06,Platinum Elite (PLT),2
demo-costa,2026-07-06,Titanium Elite (TTM),4
demo-centro,2026-07-07,Member (MRD),4
demo-centro,2026-07-07,Silver Elite (SLR),2
demo-centro,2026-07-07,Gold Elite (GLD),4
demo-centro,2026-07-07,Platinum Elite (PLT),4
demo-centro,2026-07-07,Titanium Elite (TTM),4
demo-costa,2026-07-07,Member (MRD),4
demo-costa,2026-07-07,Silver Elite (SLR),4
demo-costa,2026-07-07,Platinum Elite (PLT),3
demo-costa,2026-07-07,Titanium Elite (TTM),3
demo-centro,2026-07-08,Member (MRD),3
demo-centro,2026-07-08,Silver Elite (SLR),2
demo-centro,2026-07-08,Gold Elite (GLD),4
demo-centro,2026-07-08,Platinum Elite (PLT),4
demo-centro,2026-07-08,Titanium Elite (TTM),4
demo-costa,2026-07-08,Gold Elite (GLD),4
demo-costa,2026-07-08,Platinum Elite (PLT),4
demo-costa,2026-07-08,Titanium Elite (TTM),2
demo-centro,2026-07-09,Member (MRD),2
demo-centro,2026-07-09,Silver Elite (SLR),2
demo-centro,2026-07-09,Gold Elite (GLD),3
demo-centro,2026-07-09,Titanium Elite (TTM),4
demo-costa,2026-07-09,Member (MRD),1
demo-costa,2026-07-09,Silver Elite (SLR),4
demo-costa,2026-07-09,Gold Elite (GLD),1
demo-costa,2026-07-09,Platinum Elite (PLT),4
demo-costa,2026-07-09,Titanium Elite (TTM),3
demo-centro,2026-07-10,Member (MRD),2
demo-centro,2026-07-10,Silver Elite (SLR),2
demo-centro,2026-07-10,Gold Elite (GLD),2
demo-centro,2026-07-10,Platinum Elite (PLT),2
demo-centro,2026-07-10,Titanium Elite (TTM),2
demo-costa,2026-07-10,Member (MRD),4
demo-costa,2026-07-10,Silver Elite (SLR),4
demo-costa,2026-07-10,Gold Elite (GLD),2
demo-costa,2026-07-10,Platinum Elite (PLT),2
demo-costa,2026-07-10,Titanium Elite (TTM),1
demo-centro,2026-07-11,Member (MRD),1
demo-centro,2026-07-11,Silver Elite (SLR),1
demo-centro,2026-07-11,Gold Elite (GLD),2
demo-centro,2026-07-11,Platinum Elite (PLT),1
demo-centro,2026-07-11,Titanium Elite (TTM),1
demo-costa,2026-07-11,Member (MRD),2
demo-costa,2026-07-11,Silver Elite (SLR),4
demo-costa,2026-07-11,Gold Elite (GLD),4
demo-costa,2026-07-11,Platinum Elite (PLT),2
demo-costa,2026-07-11,Titanium Elite (TTM),3
demo-centro,2026-07-12,Member (MRD),4
demo-centro,2026-07-12,Silver Elite (SLR),3
demo-centro,2026-07-12,Gold Elite (GLD),4
demo-centro,2026-07-12,Platinum Elite (PLT),1
demo-centro,2026-07-12,Titanium Elite (TTM),2
demo-costa,2026-07-12,Member (MRD),1
demo-costa,2026-07-12,Silver Elite (SLR),3
demo-costa,2026-07-12,Gold Elite (GLD),3
demo-costa,2026-07-12,Platinum Elite (PLT),3
demo-costa,2026-07-12,Titanium Elite (TTM),4
demo-centro,2026-07-13,Silver Elite (SLR),2
demo-centro,2026-07-13,Gold Elite (GLD),4
demo-centro,2026-07-13,Titanium Elite (TTM),2
demo-costa,2026-07-13,Silver Elite (SLR),1
demo-costa,2026-07-13,Gold Elite (GLD),1
demo-costa,2026-07-13,Platinum Elite (PLT),2
demo-costa,2026-07-13,Titanium Elite (TTM),4
demo-centro,2026-07-14,Member (MRD),2
demo-centro,2026-07-14,Gold Elite (GLD),2
demo-centro,2026-07-14,Titanium Elite (TTM),3
demo-costa,2026-07-14,Member (MRD),2
demo-costa,2026-07-14,Silver Elite (SLR),2
demo-costa,2026-07-14,Platinum Elite (PLT),3
demo-centro,2026-07-15,Member (MRD),2
demo-centro,2026-07-15,Silver Elite (SLR),4
demo-centro,2026-07-15,Gold Elite (GLD),1
demo-costa,2026-07-15,Member (MRD),4
demo-costa,2026-07-15,Gold Elite (GLD),1
demo-costa,2026-07-15,Titanium Elite (TTM),1
demo-centro,2026-07-16,Member (MRD),3
demo-centro,2026-07-16,Silver Elite (SLR),1
demo-centro,2026-07-16,Gold Elite (GLD),3
demo-centro,2026-07-16,Titanium Elite (TTM),2
demo-costa,2026-07-16,Member (MRD),3
demo-costa,2026-07-16,Gold Elite (GLD),1
demo-costa,2026-07-16,Platinum Elite (PLT),4
demo-costa,2026-07-16,Titanium Elite (TTM),2
demo-centro,2026-07-17,Member (MRD),3
demo-centro,2026-07-17,Silver Elite (SLR),4
demo-costa,2026-07-17,Member (MRD),3
demo-costa,2026-07-17,Silver Elite (SLR),2
demo-costa,2026-07-17,Platinum Elite (PLT),3
demo-centro,2026-07-18,Member (MRD),4
demo-centro,2026-07-18,Gold Elite (GLD),4
demo-centro,2026-07-18,Platinum Elite (PLT),4
demo-costa,2026-07-18,Member (MRD),2
demo-costa,2026-07-18,Silver Elite (SLR),4
demo-costa,2026-07-18,Gold Elite (GLD),2
demo-costa,2026-07-18,Titanium Elite (TTM),1
demo-centro,2026-07-19,Member (MRD),2
demo-centro,2026-07-19,Gold Elite (GLD),3
demo-centro,2026-07-19,Platinum Elite (PLT),1
demo-centro,2026-07-19,Titanium Elite (TTM),4
demo-costa,2026-07-19,Member (MRD),3
demo-costa,2026-07-19,Silver Elite (SLR),1
demo-costa,2026-07-19,Gold Elite (GLD),2
demo-costa,2026-07-19,Titanium Elite (TTM),1
demo-centro,2026-07-20,Member (MRD),1
demo-centro,2026-07-20,Gold Elite (GLD),1
demo-centro,2026-07-20,Platinum Elite (PLT),1
demo-centro,2026-07-20,Titanium Elite (TTM),3
demo-costa,2026-07-20,Silver Elite (SLR),2
demo-costa,2026-07-20,Platinum Elite (PLT),3
demo-costa,2026-07-20,Titanium Elite (TTM),1
demo-centro,2026-07-21,Member (MRD),3
demo-centro,2026-07-21,Silver Elite (SLR),4
demo-centro,2026-07-21,Gold Elite (GLD),2
demo-centro,2026-07-21,Platinum Elite (PLT),1
demo-centro,2026-07-21,Titanium Elite (TTM),2
demo-costa,2026-07-21,Member (MRD),3
demo-costa,2026-07-21,Gold Elite (GLD),4
demo-costa,2026-07-21,Platinum Elite (PLT),4
demo-costa,2026-07-21,Titanium Elite (TTM),2
demo-centro,2026-07-22,Member (MRD),4
demo-centro,2026-07-22,Silver Elite (SLR),4
demo-centro,2026-07-22,Gold Elite (GLD),1
demo-centro,2026-07-22,Platinum Elite (PLT),2
demo-centro,2026-07-22,Titanium Elite (TTM),4
demo-costa,2026-07-22,Member (MRD),3
demo-costa,2026-07-22,Silver Elite (SLR),1
demo-costa,2026-07-22,Gold Elite (GLD),1
demo-costa,2026-07-22,Platinum Elite (PLT),1
demo-costa,2026-07-22,Titanium Elite (TTM),4
demo-centro,2026-07-23,Member (MRD),1
demo-centro,2026-07-23,Silver Elite (SLR),3
demo-centro,2026-07-23,Gold Elite (GLD),3
demo-centro,2026-07-23,Platinum Elite (PLT),3
demo-centro,2026-07-23,Titanium Elite (TTM),1
demo-costa,2026-07-23,Member (MRD),2
demo-costa,2026-07-23,Silver Elite (SLR),3
demo-costa,2026-07-23,Platinum Elite (PLT),1
demo-costa,2026-07-23,Titanium Elite (TTM),3
demo-centro,2026-07-24,Member (MRD),3
demo-centro,2026-07-24,Silver Elite (SLR),2
demo-centro,2026-07-24,Gold Elite (GLD),2
demo-centro,2026-07-24,Platinum Elite (PLT),2
demo-centro,2026-07-24,Titanium Elite (TTM),1
demo-costa,2026-07-24,Member (MRD),4
demo-costa,2026-07-24,Gold Elite (GLD),4
demo-costa,2026-07-24,Platinum Elite (PLT),1
demo-centro,2026-07-25,Member (MRD),4
demo-centro,2026-07-25,Silver Elite (SLR),3
demo-centro,2026-07-25,Platinum Elite (PLT),1
demo-centro,2026-07-25,Titanium Elite (TTM),3
demo-costa,2026-07-25,Member (MRD),2
demo-costa,2026-07-25,Silver Elite (SLR),1
demo-costa,2026-07-25,Gold Elite (GLD),2
demo-costa,2026-07-25,Platinum Elite (PLT),1
demo-costa,2026-07-25,Titanium Elite (TTM),3
demo-centro,2026-07-26,Member (MRD),3
demo-centro,2026-07-26,Titanium Elite (TTM),3
demo-costa,2026-07-26,Member (MRD),1
demo-costa,2026-07-26,Silver Elite (SLR),2
demo-costa,2026-07-26,Gold Elite (GLD),3
demo-costa,2026-07-26,Platinum Elite (PLT),1
demo-costa,2026-07-26,Titanium Elite (TTM),2
demo-centro,2026-07-27,Member (MRD),3
demo-centro,2026-07-27,Silver Elite (SLR),4
demo-centro,2026-07-27,Gold Elite (GLD),4
demo-centro,2026-07-27,Platinum Elite (PLT),1
demo-centro,2026-07-27,Titanium Elite (TTM),4
demo-costa,2026-07-27,Member (MRD),2
demo-costa,2026-07-27,Silver Elite (SLR),1
demo-costa,2026-07-27,Gold Elite (GLD),3
demo-costa,2026-07-27,Platinum Elite (PLT),2
demo-costa,2026-07-27,Titanium Elite (TTM),1
demo-centro,2026-07-28,Member (MRD),4
demo-centro,2026-07-28,Silver Elite (SLR),1
demo-centro,2026-07-28,Titanium Elite (TTM),4
demo-costa,2026-07-28,Silver Elite (SLR),1
demo-costa,2026-07-28,Gold Elite (GLD),3
demo-costa,2026-07-28,Platinum Elite (PLT),2
demo-costa,2026-07-28,Titanium Elite (TTM),4
demo-centro,2026-07-29,Member (MRD),2
demo-centro,2026-07-29,Silver Elite (SLR),4
demo-centro,2026-07-29,Platinum Elite (PLT),3
demo-costa,2026-07-29,Member (MRD),4
demo-costa,2026-07-29,Silver Elite (SLR),4
demo-costa,2026-07-29,Gold Elite (GLD),4
demo-costa,2026-07-29,Platinum Elite (PLT),1
demo-costa,2026-07-29,Titanium Elite (TTM),3
demo-centro,2026-07-30,Member (MRD),4
demo-centro,2026-07-30,Silver Elite (SLR),1
demo-centro,2026-07-30,Gold Elite (GLD),4
demo-centro,2026-07-30,Platinum Elite (PLT),4
demo-centro,2026-07-30,Titanium Elite (TTM),3
demo-costa,2026-07-30,Silver Elite (SLR),1
demo-costa,2026-07-30,Gold Elite (GLD),1
demo-costa,2026-07-30,Platinum Elite (PLT),2
demo-centro,2026-07-31,Member (MRD),4
demo-centro,2026-07-31,Silver Elite (SLR),3
demo-centro,2026-07-31,Gold Elite (GLD),2
demo-centro,2026-07-31,Titanium Elite (TTM),3
demo-costa,2026-07-31,Member (MRD),2
demo-costa,2026-07-31,Silver Elite (SLR),3
demo-costa,2026-07-31,Gold Elite (GLD),3
demo-costa,2026-07-31,Titanium Elite (TTM),2
demo-centro,2026-08-01,Member (MRD),4
demo-centro,2026-08-01,Silver Elite (SLR),2
demo-centro,2026-08-01,Gold Elite (GLD),3
demo-centro,2026-08-01,Platinum Elite (PLT),3
demo-centro,2026-08-01,Titanium Elite (TTM),2
demo-costa,2026-08-01,Member (MRD),3
demo-costa,2026-08-01,Silver Elite (SLR),3
demo-costa,2026-08-01,Gold Elite (GLD),4
demo-costa,2026-08-01,Platinum Elite (PLT),1
demo-centro,2026-08-02,Member (MRD),4
demo-centro,2026-08-02,Silver Elite (SLR),2
demo-centro,2026-08-02,Gold Elite (GLD),3
demo-centro,2026-08-02,Platinum Elite (PLT),4
demo-centro,2026-08-02,Titanium Elite (TTM),4
demo-costa,2026-08-02,Member (MRD),4
demo-costa,2026-08-02,Silver Elite (SLR),2
demo-costa,2026-08-02,Gold Elite (GLD),2
demo-costa,2026-08-02,Titanium Elite (TTM),1
demo-centro,2026-08-03,Member (MRD),2
demo-centro,2026-08-03,Silver Elite (SLR),3
demo-centro,2026-08-03,Gold Elite (GLD),2
demo-centro,2026-08-03,Platinum Elite (PLT),1
demo-centro,2026-08-03,Titanium Elite (TTM),3
demo-costa,2026-08-03,Member (MRD),3
demo-costa,2026-08-03,Silver Elite (SLR),1
demo-costa,2026-08-03,Platinum Elite (PLT),1
demo-costa,2026-08-03,Titanium Elite (TTM),4
demo-centro,2026-08-04,Member (MRD),3
demo-centro,2026-08-04,Silver Elite (SLR),3
demo-costa,2026-08-04,Member (MRD),4
demo-costa,2026-08-04,Silver Elite (SLR),1
demo-costa,2026-08-04,Gold Elite (GLD),3
demo-costa,2026-08-04,Platinum Elite (PLT),4
demo-costa,2026-08-04,Titanium Elite (TTM),2
demo-centro,2026-08-05,Member (MRD),3
demo-centro,2026-08-05,Silver Elite (SLR),3
demo-centro,2026-08-05,Gold Elite (GLD),2
demo-centro,2026-08-05,Platinum Elite (PLT),2
demo-centro,2026-08-05,Titanium Elite (TTM),1
demo-costa,2026-08-05,Member (MRD),4
demo-costa,2026-08-05,Silver Elite (SLR),4
demo-costa,2026-08-05,Gold Elite (GLD),3
demo-costa,2026-08-05,Platinum Elite (PLT),2
demo-costa,2026-08-05,Titanium Elite (TTM),4
demo-centro,2026-08-06,Member (MRD),4
demo-centro,2026-08-06,Silver Elite (SLR),4
demo-centro,2026-08-06,Gold Elite (GLD),3
demo-centro,2026-08-06,Platinum Elite (PLT),1
demo-centro,2026-08-06,Titanium Elite (TTM),2
demo-costa,2026-08-06,Member (MRD),4
demo-costa,2026-08-06,Silver Elite (SLR),4
demo-costa,2026-08-06,Gold Elite (GLD),3
demo-costa,2026-08-06,Platinum Elite (PLT),1
demo-costa,2026-08-06,Titanium Elite (TTM),1
demo-centro,2026-08-07,Member (MRD),4
demo-centro,2026-08-07,Silver Elite (SLR),1
demo-centro,2026-08-07,Gold Elite (GLD),1
demo-centro,2026-08-07,Platinum Elite (PLT),4
demo-centro,2026-08-07,Titanium Elite (TTM),1
demo-costa,2026-08-07,Member (MRD),1
demo-costa,2026-08-07,Silver Elite (SLR),2
demo-costa,2026-08-07,Gold Elite (GLD),2
demo-costa,2026-08-07,Platinum Elite (PLT),1
demo-costa,2026-08-07,Titanium Elite (TTM),3
demo-centro,2026-08-08,Member (MRD),4
demo-centro,2026-08-08,Silver Elite (SLR),2
demo-centro,2026-08-08,Platinum Elite (PLT),1
demo-costa,2026-08-08,Member (MRD),2
demo-costa,2026-08-08,Silver Elite (SLR),1
demo-costa,2026-08-08,Titanium Elite (TTM),3
demo-centro,2026-08-09,Silver Elite (SLR),4
demo-centro,2026-08-09,Gold Elite (GLD),4
demo-centro,2026-08-09,Platinum Elite (PLT),3
demo-costa,2026-08-09,Member (MRD),4
demo-costa,2026-08-09,Gold Elite (GLD),1
demo-costa,2026-08-09,Platinum Elite (PLT),3
demo-costa,2026-08-09,Titanium Elite (TTM),2
demo-centro,2026-08-10,Member (MRD),1
demo-centro,2026-08-10,Gold Elite (GLD),2
demo-centro,2026-08-10,Platinum Elite (PLT),3
demo-centro,2026-08-10,Titanium Elite (TTM),2
demo-costa,2026-08-10,Member (MRD),3
demo-costa,2026-08-10,Silver Elite (SLR),1
demo-costa,2026-08-10,Gold Elite (GLD),3
demo-costa,2026-08-10,Platinum Elite (PLT),2
demo-costa,2026-08-10,Titanium Elite (TTM),3
demo-centro,2026-08-11,Member (MRD),1
demo-centro,2026-08-11,Silver Elite (SLR),1
demo-centro,2026-08-11,Gold Elite (GLD),1
demo-centro,2026-08-11,Platinum Elite (PLT),2
demo-centro,2026-08-11,Titanium Elite (TTM),3
demo-costa,2026-08-11,Member (MRD),1
demo-costa,2026-08-11,Silver Elite (SLR),2
demo-costa,2026-08-11,Gold Elite (GLD),2
demo-costa,2026-08-11,Platinum Elite (PLT),4
demo-costa,2026-08-11,Titanium Elite (TTM),3
demo-centro,2026-08-12,Member (MRD),4
demo-centro,2026-08-12,Gold Elite (GLD),2
demo-costa,2026-08-12,Silver Elite (SLR),1
demo-costa,2026-08-12,Gold Elite (GLD),1
demo-costa,2026-08-12,Platinum Elite (PLT),3
demo-centro,2026-08-13,Member (MRD),2
demo-centro,2026-08-13,Silver Elite (SLR),4
demo-centro,2026-08-13,Gold Elite (GLD),3
demo-centro,2026-08-13,Platinum Elite (PLT),2
demo-centro,2026-08-13,Titanium Elite (TTM),4
demo-costa,2026-08-13,Gold Elite (GLD),3
demo-costa,2026-08-13,Platinum Elite (PLT),2
demo-centro,2026-08-14,Member (MRD),2
demo-centro,2026-08-14,Silver Elite (SLR),3
demo-centro,2026-08-14,Gold Elite (GLD),3
demo-centro,2026-08-14,Platinum Elite (PLT),1
demo-centro,2026-08-14,Titanium Elite (TTM),1
demo-costa,2026-08-14,Member (MRD),3
demo-costa,2026-08-14,Silver Elite (SLR),2
demo-costa,2026-08-14,Gold Elite (GLD),2
demo-costa,2026-08-14,Platinum Elite (PLT),1
demo-centro,2026-08-15,Member (MRD),1
demo-centro,2026-08-15,Silver Elite (SLR),1
demo-centro,2026-08-15,Gold Elite (GLD),2
demo-centro,2026-08-15,Platinum Elite (PLT),1
demo-costa,2026-08-15,Member (MRD),4
demo-costa,2026-08-15,Gold Elite (GLD),2
demo-costa,2026-08-15,Platinum Elite (PLT),4
demo-centro,2026-08-16,Member (MRD),3
demo-centro,2026-08-16,Gold Elite (GLD),4
demo-centro,2026-08-16,Platinum Elite (PLT),3
demo-centro,2026-08-16,Titanium Elite (TTM),4
demo-costa,2026-08-16,Member (MRD),3
demo-costa,2026-08-16,Silver Elite (SLR),3
demo-costa,2026-08-16,Gold Elite (GLD),4
demo-costa,2026-08-16,Platinum Elite (PLT),4
demo-costa,2026-08-16,Titanium Elite (TTM),2
demo-centro,2026-08-17,Silver Elite (SLR),2
demo-centro,2026-08-17,Gold Elite (GLD),4
demo-centro,2026-08-17,Titanium Elite (TTM),1
demo-costa,2026-08-17,Member (MRD),4
demo-costa,2026-08-17,Silver Elite (SLR),3
demo-costa,2026-08-17,Gold Elite (GLD),2
demo-costa,2026-08-17,Platinum Elite (PLT),4
demo-costa,2026-08-17,Titanium Elite (TTM),2
demo-centro,2026-08-18,Member (MRD),3
demo-centro,2026-08-18,Gold Elite (GLD),1
demo-centro,2026-08-18,Platinum Elite (PLT),4
demo-centro,2026-08-18,Titanium Elite (TTM),2
demo-costa,2026-08-18,Member (MRD),4
demo-costa,2026-08-18,Silver Elite (SLR),4
demo-costa,2026-08-18,Gold Elite (GLD),1
demo-costa,2026-08-18,Platinum Elite (PLT),4
demo-costa,2026-08-18,Titanium Elite (TTM),2
demo-centro,2026-08-19,Member (MRD),4
demo-centro,2026-08-19,Silver Elite (SLR),3
demo-centro,2026-08-19,Gold Elite (GLD),2
demo-centro,2026-08-19,Platinum Elite (PLT),4
demo-centro,2026-08-19,Titanium Elite (TTM),2
demo-costa,2026-08-19,Silver Elite (SLR),4
demo-costa,2026-08-19,Gold Elite (GLD),3
demo-costa,2026-08-19,Platinum Elite (PLT),3
demo-costa,2026-08-19,Titanium Elite (TTM),1
demo-centro,2026-08-20,Member (MRD),2
demo-centro,2026-08-20,Silver Elite (SLR),4
demo-centro,2026-08-20,Gold Elite (GLD),2
demo-centro,2026-08-20,Platinum Elite (PLT),4
demo-centro,2026-08-20,Titanium Elite (TTM),3
demo-costa,2026-08-20,Silver Elite (SLR),4
demo-costa,2026-08-20,Gold Elite (GLD),2
demo-costa,2026-08-20,Platinum Elite (PLT),4
demo-costa,2026-08-20,Titanium Elite (TTM),2
demo-centro,2026-08-21,Member (MRD),2
demo-centro,2026-08-21,Silver Elite (SLR),1
demo-centro,2026-08-21,Gold Elite (GLD),1
demo-centro,2026-08-21,Platinum Elite (PLT),1
demo-centro,2026-08-21,Titanium Elite (TTM),4
demo-costa,2026-08-21,Member (MRD),2
demo-costa,2026-08-21,Gold Elite (GLD),1
demo-costa,2026-08-21,Platinum Elite (PLT),4
demo-costa,2026-08-21,Titanium Elite (TTM),1
demo-centro,2026-08-22,Member (MRD),1
demo-centro,2026-08-22,Gold Elite (GLD),4
demo-centro,2026-08-22,Platinum Elite (PLT),4
demo-centro,2026-08-22,Titanium Elite (TTM),3
demo-costa,2026-08-22,Member (MRD),3
demo-costa,2026-08-22,Silver Elite (SLR),4
demo-costa,2026-08-22,Gold Elite (GLD),4
demo-costa,2026-08-22,Platinum Elite (PLT),1
demo-costa,2026-08-22,Titanium Elite (TTM),3
demo-centro,2026-08-23,Member (MRD),2
demo-centro,2026-08-23,Gold Elite (GLD),1
demo-centro,2026-08-23,Platinum Elite (PLT),2
demo-centro,2026-08-23,Titanium Elite (TTM),1
demo-costa,2026-08-23,Member (MRD),4
demo-costa,2026-08-23,Silver Elite (SLR),4
demo-costa,2026-08-23,Platinum Elite (PLT),3
demo-costa,2026-08-23,Titanium Elite (TTM),4
demo-centro,2026-08-24,Member (MRD),3
demo-centro,2026-08-24,Silver Elite (SLR),3
demo-centro,2026-08-24,Gold Elite (GLD),2
demo-centro,2026-08-24,Platinum Elite (PLT),2
demo-centro,2026-08-24,Titanium Elite (TTM),3
demo-costa,2026-08-24,Member (MRD),4
demo-costa,2026-08-24,Silver Elite (SLR),3
demo-costa,2026-08-24,Platinum Elite (PLT),2
demo-costa,2026-08-24,Titanium Elite (TTM),1
demo-centro,2026-08-25,Member (MRD),4
demo-centro,2026-08-25,Gold Elite (GLD),1
demo-centro,2026-08-25,Platinum Elite (PLT),2
demo-centro,2026-08-25,Titanium Elite (TTM),1
demo-costa,2026-08-25,Member (MRD),1
demo-costa,2026-08-25,Silver Elite (SLR),3
demo-costa,2026-08-25,Gold Elite (GLD),2
demo-centro,2026-08-26,Silver Elite (SLR),3
demo-centro,2026-08-26,Gold Elite (GLD),2
demo-centro,2026-08-26,Platinum Elite (PLT),4
demo-centro,2026-08-26,Titanium Elite (TTM),2
demo-costa,2026-08-26,Member (MRD),1
demo-costa,2026-08-26,Silver Elite (SLR),1
demo-costa,2026-08-26,Platinum Elite (PLT),3
demo-costa,2026-08-26,Titanium Elite (TTM),3
demo-centro,2026-08-27,Silver Elite (SLR),1
demo-centro,2026-08-27,Platinum Elite (PLT),2
demo-centro,2026-08-27,Titanium Elite (TTM),1
demo-costa,2026-08-27,Member (MRD),1
demo-costa,2026-08-27,Silver Elite (SLR),2
demo-costa,2026-08-27,Titanium Elite (TTM),1
demo-centro,2026-08-28,Member (MRD),3
demo-centro,2026-08-28,Silver Elite (SLR),4
demo-centro,2026-08-28,Gold Elite (GLD),4
demo-centro,2026-08-28,Platinum Elite (PLT),1
demo-costa,2026-08-28,Member (MRD),3
demo-costa,2026-08-28,Gold Elite (GLD),3
demo-costa,2026-08-28,Platinum Elite (PLT),2
demo-costa,2026-08-28,Titanium Elite (TTM),3
demo-centro,2026-08-29,Member (MRD),2
demo-centro,2026-08-29,Silver Elite (SLR),3
demo-centro,2026-08-29,Gold Elite (GLD),3
demo-centro,2026-08-29,Platinum Elite (PLT),2
demo-centro,2026-08-29,Titanium Elite (TTM),2
demo-costa,2026-08-29,Member (MRD),1
demo-costa,2026-08-29,Silver Elite (SLR),2
demo-costa,2026-08-29,Platinum Elite (PLT),4
demo-costa,2026-08-29,Titanium Elite (TTM),2
demo-centro,2026-08-30,Member (MRD),2
demo-centro,2026-08-30,Platinum Elite (PLT),3
demo-centro,2026-08-30,Titanium Elite (TTM),2
demo-costa,2026-08-30,Silver Elite (SLR),1
demo-costa,2026-08-30,Platinum Elite (PLT),3
demo-costa,2026-08-30,Titanium Elite (TTM),2
demo-centro,2026-08-31,Member (MRD),3
demo-centro,2026-08-31,Silver Elite (SLR),2
demo-centro,2026-08-31,Gold Elite (GLD),4
demo-centro,2026-08-31,Platinum Elite (PLT),3
demo-centro,2026-08-31,Titanium Elite (TTM),4
demo-costa,2026-08-31,Member (MRD),1
demo-costa,2026-08-31,Silver Elite (SLR),2
demo-costa,2026-08-31,Platinum Elite (PLT),2
demo-costa,2026-08-31,Titanium Elite (TTM),2
demo-centro,2026-09-01,Gold Elite (GLD),4
demo-centro,2026-09-01,Titanium Elite (TTM),2
demo-costa,2026-09-01,Silver Elite (SLR),4
demo-costa,2026-09-01,Gold Elite (GLD),3
demo-costa,2026-09-01,Platinum Elite (PLT),4
demo-costa,2026-09-01,Titanium Elite (TTM),2
demo-centro,2026-09-02,Member (MRD),2
demo-centro,2026-09-02,Silver Elite (SLR),4
demo-centro,2026-09-02,Platinum Elite (PLT),2
demo-centro,2026-09-02,Titanium Elite (TTM),4
demo-costa,2026-09-02,Member (MRD),3
demo-costa,2026-09-02,Silver Elite (SLR),4
demo-costa,2026-09-02,Gold Elite (GLD),4
demo-centro,2026-09-03,Member (MRD),2
demo-centro,2026-09-03,Silver Elite (SLR),1
demo-centro,2026-09-03,Gold Elite (GLD),2
demo-centro,2026-09-03,Platinum Elite (PLT),1
demo-centro,2026-09-03,Titanium Elite (TTM),4
demo-costa,2026-09-03,Member (MRD),4
demo-costa,2026-09-03,Gold Elite (GLD),3
demo-costa,2026-09-03,Platinum Elite (PLT),2
demo-costa,2026-09-03,Titanium Elite (TTM),4
demo-centro,2026-09-04,Silver Elite (SLR),1
demo-centro,2026-09-04,Gold Elite (GLD),2
demo-centro,2026-09-04,Platinum Elite (PLT),2
demo-costa,2026-09-04,Member (MRD),4
demo-costa,2026-09-04,Silver Elite (SLR),3
demo-costa,2026-09-04,Platinum Elite (PLT),1
demo-costa,2026-09-04,Titanium Elite (TTM),1
demo-centro,2026-09-05,Gold Elite (GLD),2
demo-centro,2026-09-05,Platinum Elite (PLT),4
demo-costa,2026-09-05,Member (MRD),4
demo-costa,2026-09-05,Silver Elite (SLR),1
demo-costa,2026-09-05,Gold Elite (GLD),2
demo-costa,2026-09-05,Titanium Elite (TTM),2
demo-centro,2026-09-06,Silver Elite (SLR),4
demo-centro,2026-09-06,Platinum Elite (PLT),2
demo-centro,2026-09-06,Titanium Elite (TTM),3
demo-costa,2026-09-06,Member (MRD),3
demo-costa,2026-09-06,Gold Elite (GLD),1
demo-costa,2026-09-06,Platinum Elite (PLT),3
demo-costa,2026-09-06,Titanium Elite (TTM),3
demo-centro,2026-09-07,Member (MRD),4
demo-centro,2026-09-07,Silver Elite (SLR),4
demo-centro,2026-09-07,Titanium Elite (TTM),1
demo-costa,2026-09-07,Member (MRD),1
demo-costa,2026-09-07,Silver Elite (SLR),3
demo-costa,2026-09-07,Gold Elite (GLD),1
demo-costa,2026-09-07,Platinum Elite (PLT),3
demo-costa,2026-09-07,Titanium Elite (TTM),3
demo-centro,2026-09-08,Member (MRD),1
demo-centro,2026-09-08,Silver Elite (SLR),3
demo-centro,2026-09-08,Gold Elite (GLD),2
demo-centro,2026-09-08,Platinum Elite (PLT),4
demo-centro,2026-09-08,Titanium Elite (TTM),1
demo-costa,2026-09-08,Member (MRD),4
demo-costa,2026-09-08,Platinum Elite (PLT),4
demo-costa,2026-09-08,Titanium Elite (TTM),2
demo-centro,2026-09-09,Member (MRD),1
demo-centro,2026-09-09,Silver Elite (SLR),2
demo-centro,2026-09-09,Gold Elite (GLD),2
demo-centro,2026-09-09,Platinum Elite (PLT),1
demo-centro,2026-09-09,Titanium Elite (TTM),1
demo-costa,2026-09-09,Member (MRD),3
demo-costa,2026-09-09,Silver Elite (SLR),2
demo-costa,2026-09-09,Platinum Elite (PLT),4
demo-centro,2026-09-10,Member (MRD),1
demo-centro,2026-09-10,Silver Elite (SLR),1
demo-centro,2026-09-10,Gold Elite (GLD),3
demo-centro,2026-09-10,Platinum Elite (PLT),1
demo-centro,2026-09-10,Titanium Elite (TTM),2
demo-costa,2026-09-10,Member (MRD),4
demo-costa,2026-09-10,Silver Elite (SLR),2
demo-costa,2026-09-10,Gold Elite (GLD),4
demo-costa,2026-09-10,Platinum Elite (PLT),3
demo-costa,2026-09-10,Titanium Elite (TTM),4
demo-centro,2026-09-11,Member (MRD),1
demo-centro,2026-09-11,Silver Elite (SLR),1
demo-centro,2026-09-11,Gold Elite (GLD),3
demo-centro,2026-09-11,Platinum Elite (PLT),4
demo-centro,2026-09-11,Titanium Elite (TTM),2
demo-costa,2026-09-11,Member (MRD),2
demo-costa,2026-09-11,Gold Elite (GLD),4
demo-costa,2026-09-11,Platinum Elite (PLT),4
demo-centro,2026-09-12,Member (MRD),1
demo-centro,2026-09-12,Silver Elite (SLR),1
demo-centro,2026-09-12,Gold Elite (GLD),1
demo-centro,2026-09-12,Platinum Elite (PLT),1
demo-centro,2026-09-12,Titanium Elite (TTM),1
demo-costa,2026-09-12,Member (MRD),3
demo-costa,2026-09-12,Gold Elite (GLD),2
demo-costa,2026-09-12,Platinum Elite (PLT),3
demo-costa,2026-09-12,Titanium Elite (TTM),1
demo-centro,2026-09-13,Member (MRD),4
demo-centro,2026-09-13,Silver Elite (SLR),3
demo-centro,2026-09-13,Platinum Elite (PLT),4
demo-centro,2026-09-13,Titanium Elite (TTM),1
demo-costa,2026-09-13,Member (MRD),2
demo-costa,2026-09-13,Silver Elite (SLR),1
demo-costa,2026-09-13,Gold Elite (GLD),3
demo-costa,2026-09-13,Platinum Elite (PLT),3
demo-costa,2026-09-13,Titanium Elite (TTM),3
demo-centro,2026-09-14,Member (MRD),4
demo-centro,2026-09-14,Silver Elite (SLR),2
demo-centro,2026-09-14,Gold Elite (GLD),2
demo-centro,2026-09-14,Platinum Elite (PLT),4
demo-centro,2026-09-14,Titanium Elite (TTM),4
demo-costa,2026-09-14,Member (MRD),1
demo-costa,2026-09-14,Silver Elite (SLR),3
demo-costa,2026-09-14,Titanium Elite (TTM),2
demo-centro,2026-09-15,Member (MRD),4
demo-centro,2026-09-15,Silver Elite (SLR),1
demo-centro,2026-09-15,Platinum Elite (PLT),4
demo-costa,2026-09-15,Member (MRD),2
demo-costa,2026-09-15,Silver Elite (SLR),4
demo-costa,2026-09-15,Gold Elite (GLD),4
demo-costa,2026-09-15,Platinum Elite (PLT),3
demo-costa,2026-09-15,Titanium Elite (TTM),4
demo-centro,2026-09-16,Silver Elite (SLR),4
demo-centro,2026-09-16,Gold Elite (GLD),2
demo-centro,2026-09-16,Platinum Elite (PLT),1
demo-centro,2026-09-16,Titanium Elite (TTM),3
demo-costa,2026-09-16,Member (MRD),3
demo-costa,2026-09-16,Silver Elite (SLR),1
demo-costa,2026-09-16,Platinum Elite (PLT),4
demo-costa,2026-09-16,Titanium Elite (TTM),3
demo-centro,2026-09-17,Member (MRD),3
demo-centro,2026-09-17,Silver Elite (SLR),1
demo-centro,2026-09-17,Titanium Elite (TTM),4
demo-costa,2026-09-17,Member (MRD),3
demo-costa,2026-09-17,Silver Elite (SLR),4
demo-costa,2026-09-17,Platinum Elite (PLT),4
demo-costa,2026-09-17,Titanium Elite (TTM),2
demo-centro,2026-09-18,Member (MRD),1
demo-centro,2026-09-18,Silver Elite (SLR),1
demo-centro,2026-09-18,Gold Elite (GLD),2
demo-centro,2026-09-18,Platinum Elite (PLT),2
demo-centro,2026-09-18,Titanium Elite (TTM),3
demo-costa,2026-09-18,Gold Elite (GLD),3
demo-costa,2026-09-18,Platinum Elite (PLT),3
demo-costa,2026-09-18,Titanium Elite (TTM),1
demo-centro,2026-09-19,Member (MRD),4
demo-centro,2026-09-19,Silver Elite (SLR),4
demo-centro,2026-09-19,Gold Elite (GLD),3
demo-costa,2026-09-19,Member (MRD),3
demo-costa,2026-09-19,Silver Elite (SLR),4
demo-costa,2026-09-19,Gold Elite (GLD),1
demo-centro,2026-09-20,Member (MRD),4
demo-centro,2026-09-20,Silver Elite (SLR),4
demo-centro,2026-09-20,Gold Elite (GLD),4
demo-centro,2026-09-20,Platinum Elite (PLT),4
demo-costa,2026-09-20,Member (MRD),3
demo-costa,2026-09-20,Silver Elite (SLR),4
demo-costa,2026-09-20,Gold Elite (GLD),2
demo-costa,2026-09-20,Platinum Elite (PLT),2
demo-costa,2026-09-20,Titanium Elite (TTM),3
demo-centro,2026-09-21,Member (MRD),3
demo-centro,2026-09-21,Silver Elite (SLR),2
demo-centro,2026-09-21,Platinum Elite (PLT),3
demo-costa,2026-09-21,Member (MRD),4
demo-costa,2026-09-21,Silver Elite (SLR),2
demo-costa,2026-09-21,Gold Elite (GLD),4
demo-costa,2026-09-21,Platinum Elite (PLT),3
demo-costa,2026-09-21,Titanium Elite (TTM),4
demo-centro,2026-09-22,Member (MRD),2
demo-centro,2026-09-22,Gold Elite (GLD),4
demo-centro,2026-09-22,Platinum Elite (PLT),4
demo-centro,2026-09-22,Titanium Elite (TTM),2
demo-costa,2026-09-22,Silver Elite (SLR),3
demo-costa,2026-09-22,Platinum Elite (PLT),4
demo-costa,2026-09-22,Titanium Elite (TTM),2
demo-centro,2026-09-23,Member (MRD),1
demo-centro,2026-09-23,Silver Elite (SLR),4
demo-centro,2026-09-23,Gold Elite (GLD),2
demo-centro,2026-09-23,Platinum Elite (PLT),1
demo-costa,2026-09-23,Member (MRD),2
demo-costa,2026-09-23,Silver Elite (SLR),2
demo-costa,2026-09-23,Platinum Elite (PLT),3
demo-costa,2026-09-23,Titanium Elite (TTM),4
demo-centro,2026-09-24,Member (MRD),3
demo-centro,2026-09-24,Silver Elite (SLR),2
demo-centro,2026-09-24,Platinum Elite (PLT),3
demo-centro,2026-09-24,Titanium Elite (TTM),2
demo-costa,2026-09-24,Member (MRD),2
demo-costa,2026-09-24,Silver Elite (SLR),2
demo-costa,2026-09-24,Gold Elite (GLD),3
demo-costa,2026-09-24,Platinum Elite (PLT),4
demo-costa,2026-09-24,Titanium Elite (TTM),1
