fecha,hotel_id,hotel,habitaciones_disponibles,habitaciones_ocupadas,habitaciones_fuera_servicio,huespedes,llegadas,salidas,ocupacion_pct,adr,ingreso_habitaciones,ingreso_ayb,ingreso_otros,ingreso_total,origen,actualizado
2024-01-01,hotel-demo-1,Hotel Demo Centro,120,62,0,124,24,24,51.67,73721.25,4570717.60,873752.24,105468.65,5549938.49,demo,
2024-01-01,hotel-demo-2,Hotel Demo Costa,63,60,1,121,24,21,95.24,114945.28,6896716.61,1688001.99,139278.94,8723997.54,demo,
2024-01-02,hotel-demo-1,Hotel Demo Centro,119,62,1,127,22,20,52.10,72549.24,4498053.10,915148.08,174790.72,5587991.89,demo,
2024-01-02,hotel-demo-2,Hotel Demo Costa,64,57,0,113,23,18,89.06,110213.32,6282159.50,1309338.09,251947.61,7843445.20,demo,
2024-01-03,hotel-demo-1,Hotel Demo Centro,120,59,0,107,20,26,49.17,73773.07,4352610.91,794647.55,128243.55,5275502.01,demo,
2024-01-03,hotel-demo-2,Hotel Demo Costa,62,61,2,118,22,27,98.39,114639.12,6992986.48,1676646.17,229740.69,8899373.34,demo,
2024-01-04,hotel-demo-1,Hotel Demo Centro,119,57,1,97,23,23,47.90,76136.94,4339805.34,1118308.25,198864.60,5656978.19,demo,
2024-01-04,hotel-demo-2,Hotel Demo Costa,64,63,0,110,25,27,98.44,119721.93,7542481.43,1817413.52,265725.02,9625619.97,demo,
2024-01-05,hotel-demo-1,Hotel Demo Centro,120,68,0,117,29,30,56.67,78882.67,5364021.84,1322409.70,156765.81,6843197.35,demo,
2024-01-05,hotel-demo-2,Hotel Demo Costa,64,63,0,131,26,25,98.44,114776.73,7230933.94,1652467.35,353816.01,9237217.31,demo,
2024-01-06,hotel-demo-1,Hotel Demo Centro,118,77,2,138,34,33,65.25,73963.64,5695200.36,1057481.65,221731.74,6974413.75,demo,
2024-01-06,hotel-demo-2,Hotel Demo Costa,63,62,1,116,23,23,98.41,118116.73,7323237.31,1429736.07,167760.17,8920733.55,demo,
2024-01-07,hotel-demo-1,Hotel Demo Centro,119,61,1,106,26,26,51.26,73769.75,4499954.55,976536.24,208053.50,5684544.30,demo,
2024-01-07,hotel-demo-2,Hotel Demo Costa,63,59,1,109,26,20,93.65,111442.07,6575082.12,1394464.61,143067.62,8112614.35,demo,
2024-01-08,hotel-demo-1,Hotel Demo Centro,118,58,2,100,22,25,49.15,78067.34,4527905.70,837103.84,133157.30,5498166.84,demo,
2024-01-08,hotel-demo-2,Hotel Demo Costa,62,61,2,114,24,23,98.39,111944.34,6828604.95,1553927.81,263457.45,8645990.20,demo,
2024-01-09,hotel-demo-1,Hotel Demo Centro,119,63,1,121,24,20,52.94,77282.99,4868828.28,1095678.64,111980.31,6076487.23,demo,
2024-01-09,hotel-demo-2,Hotel Demo Costa,62,58,2,114,26,19,93.55,109332.84,6341304.86,1555955.39,183779.66,8081039.90,demo,
2024-01-10,hotel-demo-1,Hotel Demo Centro,120,63,0,107,26,25,52.50,73329.60,4619765.08,988103.36,130741.23,5738609.67,demo,
2024-01-10,hotel-demo-2,Hotel Demo Costa,62,61,2,114,19,22,98.39,109784.26,6696839.87,1403237.60,244941.96,8345019.43,demo,
2024-01-11,hotel-demo-1,Hotel Demo Centro,120,75,0,151,24,27,62.50,79793.44,5984507.68,1190551.89,148864.95,7323924.51,demo,
2024-01-11,hotel-demo-2,Hotel Demo Costa,64,55,0,98,24,19,85.94,113905.27,6264790.10,1147070.34,213759.03,7625619.47,demo,
2024-01-12,hotel-demo-1,Hotel Demo Centro,118,66,2,119,26,30,55.93,75329.63,4971755.60,905893.86,230247.73,6107897.19,demo,
2024-01-12,hotel-demo-2,Hotel Demo Costa,64,63,0,130,24,26,98.44,112562.14,7091414.73,1678557.88,142188.10,8912160.72,demo,
2024-01-13,hotel-demo-1,Hotel Demo Centro,120,70,0,135,23,28,58.33,77992.28,5459459.64,1125165.33,223380.63,6808005.60,demo,
2024-01-13,hotel-demo-2,Hotel Demo Costa,62,61,2,120,23,26,98.39,116758.09,7122243.64,1465614.86,236840.10,8824698.60,demo,
2024-01-14,hotel-demo-1,Hotel Demo Centro,120,59,0,115,25,22,49.17,74092.30,4371445.43,803021.84,216465.59,5390932.85,demo,
2024-01-14,hotel-demo-2,Hotel Demo Costa,64,60,0,119,22,23,93.75,118879.54,7132772.31,1408774.54,314721.42,8856268.26,demo,
2024-01-15,hotel-demo-1,Hotel Demo Centro,118,52,2,92,22,19,44.07,76326.02,3968952.85,1002352.61,132473.36,5103778.82,demo,
2024-01-15,hotel-demo-2,Hotel Demo Costa,64,63,0,111,21,25,98.44,113149.49,7128418.01,1465437.12,258081.28,8851936.41,demo,
2024-01-16,hotel-demo-1,Hotel Demo Centro,118,54,2,108,23,24,45.76,76057.19,4107088.51,741213.19,125482.91,4973784.61,demo,
2024-01-16,hotel-demo-2,Hotel Demo Costa,64,59,0,120,26,26,92.19,117884.13,6955163.88,1696026.35,290207.28,8941397.51,demo,
2024-01-17,hotel-demo-1,Hotel Demo Centro,119,62,1,124,26,21,52.10,75732.28,4695401.64,1131114.63,147312.53,5973828.80,demo,
2024-01-17,hotel-demo-2,Hotel Demo Costa,64,63,0,111,20,25,98.44,121278.26,7640530.55,1497153.21,157482.04,9295165.79,demo,
2024-01-18,hotel-demo-1,Hotel Demo Centro,120,70,0,144,25,31,58.33,77762.59,5443381.06,1384311.54,202896.05,7030588.65,demo,
2024-01-18,hotel-demo-2,Hotel Demo Costa,62,52,2,96,20,18,83.87,119477.79,6212844.91,1290881.94,204100.28,7707827.13,demo,
2024-01-19,hotel-demo-1,Hotel Demo Centro,120,69,0,130,29,27,57.50,78139.64,5391635.47,1367153.84,233130.24,6991919.54,demo,
2024-01-19,hotel-demo-2,Hotel Demo Costa,64,60,0,107,25,21,93.75,110844.95,6650697.17,1649879.86,169294.80,8469871.83,demo,
2024-01-20,hotel-demo-1,Hotel Demo Centro,119,71,1,132,24,28,59.66,76932.34,5462195.84,990730.14,157459.09,6610385.07,demo,
2024-01-20,hotel-demo-2,Hotel Demo Costa,64,63,0,121,26,21,98.44,112043.35,7058731.28,1379323.69,166491.77,8604546.74,demo,
2024-01-21,hotel-demo-1,Hotel Demo Centro,120,59,0,102,20,26,49.17,79032.50,4662917.64,886544.85,99625.43,5649087.92,demo,
2024-01-21,hotel-demo-2,Hotel Demo Costa,64,59,0,110,18,23,92.19,121737.65,7182521.49,1567357.88,320796.33,9070675.70,demo,
2024-01-22,hotel-demo-1,Hotel Demo Centro,118,63,2,122,23,24,53.39,76583.68,4824771.75,1219125.02,139535.26,6183432.03,demo,
2024-01-22,hotel-demo-2,Hotel Demo Costa,62,57,2,110,20,19,91.94,111768.72,6370817.13,1148110.81,213518.64,7732446.58,demo,
2024-01-23,hotel-demo-1,Hotel Demo Centro,118,68,2,119,21,28,57.63,75464.34,5131574.83,984847.49,143524.88,6259947.20,demo,
2024-01-23,hotel-demo-2,Hotel Demo Costa,62,58,2,109,20,20,93.55,116790.36,6773840.86,1262883.38,143577.14,8180301.37,demo,
2024-01-24,hotel-demo-1,Hotel Demo Centro,119,73,1,153,27,31,61.34,77836.10,5682035.30,1223787.40,161055.57,7066878.27,demo,
2024-01-24,hotel-demo-2,Hotel Demo Costa,63,62,1,113,22,28,98.41,120665.47,7481259.13,1675859.86,251705.30,9408824.29,demo,
2024-01-25,hotel-demo-1,Hotel Demo Centro,120,64,0,120,26,20,53.33,75472.11,4830215.06,1081666.63,231030.07,6142911.76,demo,
2024-01-25,hotel-demo-2,Hotel Demo Costa,64,57,0,108,23,21,89.06,116679.31,6650720.50,1259628.45,299044.96,8209393.91,demo,
2024-01-26,hotel-demo-1,Hotel Demo Centro,120,80,0,161,27,24,66.67,79990.03,6399202.46,1589261.07,193231.96,8181695.49,demo,
2024-01-26,hotel-demo-2,Hotel Demo Costa,62,61,2,128,20,22,98.39,115825.05,7065328.05,1799031.62,325627.20,9189986.87,demo,
2024-01-27,hotel-demo-1,Hotel Demo Centro,120,69,0,120,29,22,57.50,75042.23,5177913.79,1331905.90,155129.47,6664949.16,demo,
2024-01-27,hotel-demo-2,Hotel Demo Costa,62,61,2,124,26,22,98.39,119661.40,7299345.59,1693352.79,332506.79,9325205.17,demo,
2024-01-28,hotel-demo-1,Hotel Demo Centro,119,68,1,118,22,23,57.14,81778.14,5560913.28,1339232.38,228646.54,7128792.20,demo,
2024-01-28,hotel-demo-2,Hotel Demo Costa,64,57,0,111,19,25,89.06,113654.45,6478303.78,1207021.16,298812.98,7984137.92,demo,
2024-01-29,hotel-demo-1,Hotel Demo Centro,120,67,0,132,25,23,55.83,81944.30,5490268.08,1119643.22,268259.29,6878170.58,demo,
2024-01-29,hotel-demo-2,Hotel Demo Costa,63,62,1,124,19,24,98.41,115013.83,7130857.49,1606399.08,289327.30,9026583.88,demo,
2024-01-30,hotel-demo-1,Hotel Demo Centro,120,59,0,108,22,23,49.17,79226.43,4674359.65,1179211.44,184124.05,6037695.13,demo,
2024-01-30,hotel-demo-2,Hotel Demo Costa,62,55,2,114,24,24,88.71,117822.88,6480258.13,1307730.27,161593.87,7949582.27,demo,
2024-01-31,hotel-demo-1,Hotel Demo Centro,118,60,2,115,22,24,50.85,77261.28,4635676.73,1127649.49,94649.21,5857975.43,demo,
2024-01-31,hotel-demo-2,Hotel Demo Costa,62,57,2,111,21,23,91.94,115907.62,6606734.60,1511664.32,260500.71,8378899.64,demo,
2024-02-01,hotel-demo-1,Hotel Demo Centro,118,56,2,104,18,21,47.46,77438.84,4336575.29,1038095.99,106834.51,5481505.79,demo,
2024-02-01,hotel-demo-2,Hotel Demo Costa,64,61,0,113,20,19,95.31,117628.19,7175319.50,1852864.11,220714.37,9248897.98,demo,
2024-02-02,hotel-demo-1,Hotel Demo Centro,120,75,0,152,25,31,62.50,80737.00,6055274.93,1358419.93,227626.82,7641321.68,demo,
2024-02-02,hotel-demo-2,Hotel Demo Costa,64,63,0,122,19,21,98.44,112924.11,7114218.99,1484448.54,310556.62,8909224.15,demo,
2024-02-03,hotel-demo-1,Hotel Demo Centro,118,69,2,145,29,25,58.47,76695.94,5292020.04,1224929.35,110785.90,6627735.29,demo,
2024-02-03,hotel-demo-2,Hotel Demo Costa,62,61,2,117,22,24,98.39,117941.93,7194457.91,1482165.06,358563.38,9035186.35,demo,
2024-02-04,hotel-demo-1,Hotel Demo Centro,119,58,1,106,20,26,48.74,77543.84,4497542.70,1072074.76,132121.84,5701739.30,demo,
2024-02-04,hotel-demo-2,Hotel Demo Costa,64,58,0,101,20,23,90.62,118523.90,6874386.35,1546234.50,205471.14,8626092.00,demo,
2024-02-05,hotel-demo-1,Hotel Demo Centro,120,59,0,107,20,21,49.17,77250.70,4557791.37,1023229.81,106864.53,5687885.71,demo,
2024-02-05,hotel-demo-2,Hotel Demo Costa,64,57,0,105,17,25,89.06,113881.80,6491262.80,1533339.50,189996.28,8214598.57,demo,
2024-02-06,hotel-demo-1,Hotel Demo Centro,120,59,0,102,19,23,49.17,80688.86,4760642.48,1073084.45,107346.35,5941073.28,demo,
2024-02-06,hotel-demo-2,Hotel Demo Costa,63,61,1,117,21,20,96.83,113192.30,6904730.24,1617484.37,260957.56,8783172.18,demo,
2024-02-07,hotel-demo-1,Hotel Demo Centro,120,55,0,112,23,17,45.83,77662.76,4271451.56,1009317.10,149534.42,5430303.08,demo,
2024-02-07,hotel-demo-2,Hotel Demo Costa,63,58,1,103,26,21,92.06,115426.91,6694760.57,1421984.45,327949.48,8444694.50,demo,
2024-02-08,hotel-demo-1,Hotel Demo Centro,120,62,0,110,26,22,51.67,75359.89,4672313.40,1077706.34,167820.83,5917840.56,demo,
2024-02-08,hotel-demo-2,Hotel Demo Costa,64,57,0,114,24,21,89.06,114231.37,6511187.87,1574586.54,226742.42,8312516.83,demo,
2024-02-09,hotel-demo-1,Hotel Demo Centro,120,64,0,121,20,23,53.33,79502.91,5088186.17,1059133.31,113088.60,6260408.08,demo,
2024-02-09,hotel-demo-2,Hotel Demo Costa,64,63,0,115,23,20,98.44,117582.14,7407674.53,1813289.64,293011.48,9513975.65,demo,
2024-02-10,hotel-demo-1,Hotel Demo Centro,118,62,2,115,26,25,52.54,79737.93,4943751.83,1033797.03,235016.59,6212565.45,demo,
2024-02-10,hotel-demo-2,Hotel Demo Costa,62,61,2,107,22,27,98.39,122726.23,7486300.16,1547185.89,280602.89,9314088.94,demo,
2024-02-11,hotel-demo-1,Hotel Demo Centro,118,51,2,87,18,23,43.22,75750.96,3863299.21,902607.64,136199.28,4902106.13,demo,
2024-02-11,hotel-demo-2,Hotel Demo Costa,62,48,2,88,20,15,77.42,122413.09,5875828.48,1473038.31,124170.50,7473037.30,demo,
2024-02-12,hotel-demo-1,Hotel Demo Centro,119,59,1,106,20,26,49.58,79924.62,4715552.87,1132634.74,205192.62,6053380.23,demo,
2024-02-12,hotel-demo-2,Hotel Demo Costa,62,55,2,111,18,19,88.71,118903.31,6539682.01,1682669.68,291059.91,8513411.59,demo,
2024-02-13,hotel-demo-1,Hotel Demo Centro,120,60,0,122,26,26,50.00,81759.55,4905572.75,918995.70,232107.90,6056676.35,demo,
2024-02-13,hotel-demo-2,Hotel Demo Costa,64,63,0,128,25,20,98.44,122170.66,7696751.65,1470140.89,220176.22,9387068.76,demo,
2024-02-14,hotel-demo-1,Hotel Demo Centro,120,59,0,115,23,18,49.17,77150.32,4551869.11,863707.46,123597.74,5539174.31,demo,
2024-02-14,hotel-demo-2,Hotel Demo Costa,64,59,0,102,26,18,92.19,115762.34,6829977.82,1457007.80,272728.79,8559714.42,demo,
2024-02-15,hotel-demo-1,Hotel Demo Centro,120,62,0,125,25,22,51.67,78087.32,4841414.03,1155332.20,188077.84,6184824.07,demo,
2024-02-15,hotel-demo-2,Hotel Demo Costa,64,60,0,109,18,20,93.75,113781.43,6826885.79,1652756.50,230273.50,8709915.79,demo,
2024-02-16,hotel-demo-1,Hotel Demo Centro,120,63,0,117,23,28,52.50,77606.87,4889232.76,1192715.58,161875.37,6243823.71,demo,
2024-02-16,hotel-demo-2,Hotel Demo Costa,63,62,1,113,19,25,98.41,120334.08,7460712.73,1833748.46,271303.09,9565764.28,demo,
2024-02-17,hotel-demo-1,Hotel Demo Centro,120,74,0,150,30,33,61.67,76118.81,5632792.26,1301180.66,174049.53,7108022.45,demo,
2024-02-17,hotel-demo-2,Hotel Demo Costa,62,61,2,113,22,19,98.39,113671.63,6933969.51,1333229.36,232271.87,8499470.74,demo,
2024-02-18,hotel-demo-1,Hotel Demo Centro,120,60,0,119,27,20,50.00,81210.42,4872625.29,960714.25,186895.95,6020235.50,demo,
2024-02-18,hotel-demo-2,Hotel Demo Costa,64,54,0,98,17,22,84.38,121883.53,6581710.85,1474301.73,188966.63,8244979.22,demo,
2024-02-19,hotel-demo-1,Hotel Demo Centro,119,56,1,97,19,25,47.06,82095.48,4597346.93,1030411.43,176347.11,5804105.47,demo,
2024-02-19,hotel-demo-2,Hotel Demo Costa,62,60,2,117,20,27,96.77,117657.91,7059474.33,1766540.35,306436.87,9132451.55,demo,
2024-02-20,hotel-demo-1,Hotel Demo Centro,120,54,0,104,17,19,45.00,82524.88,4456343.69,891484.54,174027.85,5521856.08,demo,
2024-02-20,hotel-demo-2,Hotel Demo Costa,62,61,2,127,25,21,98.39,114160.83,6963810.44,1734702.56,156244.83,8854757.82,demo,
2024-02-21,hotel-demo-1,Hotel Demo Centro,119,62,1,116,23,20,52.10,78237.46,4850722.60,901447.82,105733.10,5857903.52,demo,
2024-02-21,hotel-demo-2,Hotel Demo Costa,62,61,2,115,20,19,98.39,115067.44,7019113.74,1399183.32,166182.13,8584479.19,demo,
2024-02-22,hotel-demo-1,Hotel Demo Centro,118,62,2,108,22,23,52.54,79679.32,4940117.70,1236640.17,172514.38,6349272.26,demo,
2024-02-22,hotel-demo-2,Hotel Demo Costa,64,61,0,121,25,22,95.31,124082.35,7569023.64,1623360.45,351760.32,9544144.42,demo,
2024-02-23,hotel-demo-1,Hotel Demo Centro,120,78,0,163,30,28,65.00,77062.24,6010854.59,1128444.89,187514.32,7326813.80,demo,
2024-02-23,hotel-demo-2,Hotel Demo Costa,64,63,0,123,20,28,98.44,121329.17,7643737.99,1691104.10,228081.31,9562923.39,demo,
2024-02-24,hotel-demo-1,Hotel Demo Centro,119,63,1,124,19,23,52.94,80794.47,5090051.74,1240651.17,212559.17,6543262.08,demo,
2024-02-24,hotel-demo-2,Hotel Demo Costa,62,61,2,110,24,25,98.39,123488.34,7532788.85,1585013.48,336337.81,9454140.14,demo,
2024-02-25,hotel-demo-1,Hotel Demo Centro,120,63,0,119,22,28,52.50,80363.33,5062889.75,1138496.79,252859.38,6454245.91,demo,
2024-02-25,hotel-demo-2,Hotel Demo Costa,63,50,1,89,22,17,79.37,116619.63,5830981.47,1164572.55,214245.42,7209799.43,demo,
2024-02-26,hotel-demo-1,Hotel Demo Centro,119,68,1,137,22,21,57.14,83481.22,5676723.02,1200982.26,172311.48,7050016.76,demo,
2024-02-26,hotel-demo-2,Hotel Demo Costa,62,61,2,118,21,24,98.39,122819.91,7492014.76,1430838.74,288220.14,9211073.64,demo,
2024-02-27,hotel-demo-1,Hotel Demo Centro,119,48,1,94,20,16,40.34,81621.99,3917855.66,981233.99,134268.79,5033358.43,demo,
2024-02-27,hotel-demo-2,Hotel Demo Costa,64,57,0,98,24,24,89.06,119601.22,6817269.38,1683922.74,327349.45,8828541.56,demo,
2024-02-28,hotel-demo-1,Hotel Demo Centro,118,57,2,108,19,24,48.31,80678.30,4598663.03,1154911.90,110487.47,5864062.40,demo,
2024-02-28,hotel-demo-2,Hotel Demo Costa,64,62,0,126,23,19,96.88,116808.43,7242122.89,1799607.58,339737.28,9381467.74,demo,
2024-02-29,hotel-demo-1,Hotel Demo Centro,118,66,2,114,21,23,55.93,76635.86,5057966.87,1174938.74,206279.35,6439184.96,demo,
2024-02-29,hotel-demo-2,Hotel Demo Costa,62,57,2,107,26,20,91.94,117486.86,6696751.26,1718311.66,230002.98,8645065.91,demo,
2024-03-01,hotel-demo-1,Hotel Demo Centro,118,85,2,147,32,32,72.03,84570.23,7188469.90,1338839.71,265434.69,8792744.30,demo,
2024-03-01,hotel-demo-2,Hotel Demo Costa,62,44,2,82,17,17,70.97,114503.09,5038135.76,929288.50,120705.32,6088129.58,demo,
2024-03-02,hotel-demo-1,Hotel Demo Centro,120,82,0,140,30,34,68.33,86579.50,7099518.82,1317113.61,340871.09,8757503.51,demo,
2024-03-02,hotel-demo-2,Hotel Demo Costa,63,45,1,79,19,14,71.43,110420.85,4968938.42,1277670.84,229746.88,6476356.14,demo,
2024-03-03,hotel-demo-1,Hotel Demo Centro,119,68,1,123,30,28,57.14,85751.87,5831127.34,1165064.86,177177.59,7173369.79,demo,
2024-03-03,hotel-demo-2,Hotel Demo Costa,64,38,0,68,12,14,59.38,114768.98,4361221.24,1019487.32,201341.76,5582050.33,demo,
2024-03-04,hotel-demo-1,Hotel Demo Centro,120,66,0,126,24,23,55.00,80970.27,5344037.67,1336547.38,264908.58,6945493.63,demo,
2024-03-04,hotel-demo-2,Hotel Demo Costa,63,41,1,72,15,17,65.08,118816.63,4871481.95,1001083.48,158273.18,6030838.62,demo,
2024-03-05,hotel-demo-1,Hotel Demo Centro,120,72,0,135,26,27,60.00,81210.75,5847174.29,1206979.79,130813.64,7184967.73,demo,
2024-03-05,hotel-demo-2,Hotel Demo Costa,62,42,2,76,18,14,67.74,112370.86,4719575.96,928393.11,222815.83,5870784.90,demo,
2024-03-06,hotel-demo-1,Hotel Demo Centro,120,76,0,137,29,28,63.33,82348.16,6258459.96,1393709.03,192621.55,7844790.54,demo,
2024-03-06,hotel-demo-2,Hotel Demo Costa,64,47,0,91,19,16,73.44,118564.65,5572538.37,1010287.79,203951.26,6786777.42,demo,
2024-03-07,hotel-demo-1,Hotel Demo Centro,119,65,1,114,25,21,54.62,83108.29,5402038.82,1289044.11,165114.86,6856197.78,demo,
2024-03-07,hotel-demo-2,Hotel Demo Costa,64,45,0,89,14,17,70.31,114884.55,5169804.71,1279028.18,139290.06,6588122.95,demo,
2024-03-08,hotel-demo-1,Hotel Demo Centro,120,92,0,182,34,41,76.67,83826.01,7711992.97,1565033.93,270432.45,9547459.36,demo,
2024-03-08,hotel-demo-2,Hotel Demo Costa,64,50,0,105,17,20,78.12,114555.30,5727764.79,1217048.02,211641.28,7156454.10,demo,
2024-03-09,hotel-demo-1,Hotel Demo Centro,119,87,1,182,39,38,73.11,86507.56,7526157.53,1743002.24,225319.00,9494478.76,demo,
2024-03-09,hotel-demo-2,Hotel Demo Costa,64,50,0,104,17,22,78.12,120794.90,6039744.90,1359430.55,126756.45,7525931.90,demo,
2024-03-10,hotel-demo-1,Hotel Demo Centro,120,60,0,119,19,25,50.00,82740.00,4964400.25,1187383.33,217018.47,6368802.05,demo,
2024-03-10,hotel-demo-2,Hotel Demo Costa,64,46,0,87,16,20,71.88,110815.29,5097503.33,1029013.43,253741.36,6380258.12,demo,
2024-03-11,hotel-demo-1,Hotel Demo Centro,120,81,0,138,28,29,67.50,85813.25,6950873.35,1427252.42,161236.13,8539361.90,demo,
2024-03-11,hotel-demo-2,Hotel Demo Costa,64,49,0,84,18,20,76.56,117541.82,5759549.27,1398159.95,264429.81,7422139.02,demo,
2024-03-12,hotel-demo-1,Hotel Demo Centro,120,75,0,130,25,25,62.50,83349.27,6251195.46,1335806.62,215834.65,7802836.73,demo,
2024-03-12,hotel-demo-2,Hotel Demo Costa,64,46,0,90,18,16,71.88,115845.32,5328884.87,1142775.62,238233.43,6709893.92,demo,
2024-03-13,hotel-demo-1,Hotel Demo Centro,120,85,0,148,33,33,70.83,82948.84,7050651.08,1729662.63,224126.48,9004440.19,demo,
2024-03-13,hotel-demo-2,Hotel Demo Costa,64,43,0,82,17,14,67.19,120391.89,5176851.29,1261353.00,167078.98,6605283.27,demo,
2024-03-14,hotel-demo-1,Hotel Demo Centro,118,82,2,166,32,36,69.49,80187.41,6575367.46,1692987.76,269912.45,8538267.67,demo,
2024-03-14,hotel-demo-2,Hotel Demo Costa,64,42,0,76,16,16,65.62,122238.60,5134021.01,1100921.21,104304.99,6339247.21,demo,
2024-03-15,hotel-demo-1,Hotel Demo Centro,119,86,1,171,30,30,72.27,87714.93,7543484.37,1409638.73,339000.66,9292123.76,demo,
2024-03-15,hotel-demo-2,Hotel Demo Costa,64,50,0,101,22,21,78.12,111345.37,5567268.38,1154908.87,129610.91,6851788.16,demo,
2024-03-16,hotel-demo-1,Hotel Demo Centro,118,80,2,136,27,27,67.80,87495.85,6999668.12,1511690.33,230195.18,8741553.63,demo,
2024-03-16,hotel-demo-2,Hotel Demo Costa,63,46,1,89,18,16,73.02,117380.73,5399513.56,1247982.48,204690.83,6852186.87,demo,
2024-03-17,hotel-demo-1,Hotel Demo Centro,120,74,0,143,29,27,61.67,83291.42,6163565.28,1179143.56,195100.87,7537809.70,demo,
2024-03-17,hotel-demo-2,Hotel Demo Costa,63,42,1,80,14,15,66.67,118584.29,4980540.18,1241358.69,241831.42,6463730.29,demo,
2024-03-18,hotel-demo-1,Hotel Demo Centro,120,76,0,143,31,32,63.33,82551.44,6273909.68,1399136.38,157138.03,7830184.09,demo,
2024-03-18,hotel-demo-2,Hotel Demo Costa,63,42,1,85,17,14,66.67,117857.49,4950014.39,1282954.92,114209.17,6347178.48,demo,
2024-03-19,hotel-demo-1,Hotel Demo Centro,120,78,0,152,33,33,65.00,87598.07,6832649.28,1563453.26,224418.45,8620520.99,demo,
2024-03-19,hotel-demo-2,Hotel Demo Costa,62,39,2,81,16,17,62.90,123144.14,4802621.55,1125465.28,109772.34,6037859.17,demo,
2024-03-20,hotel-demo-1,Hotel Demo Centro,118,71,2,123,30,29,60.17,85758.90,6088882.01,1401813.02,190309.04,7681004.06,demo,
2024-03-20,hotel-demo-2,Hotel Demo Costa,64,41,0,76,13,16,64.06,120286.33,4931739.59,1068589.31,196896.32,6197225.23,demo,
2024-03-21,hotel-demo-1,Hotel Demo Centro,120,70,0,119,31,23,58.33,80883.74,5661861.90,1302762.50,255356.00,7219980.41,demo,
2024-03-21,hotel-demo-2,Hotel Demo Costa,64,45,0,88,18,14,70.31,112913.67,5081115.13,1061113.82,114185.95,6256414.89,demo,
2024-03-22,hotel-demo-1,Hotel Demo Centro,119,78,1,163,28,25,65.55,80661.36,6291586.46,1482598.31,280059.09,8054243.86,demo,
2024-03-22,hotel-demo-2,Hotel Demo Costa,64,48,0,92,19,16,75.00,119497.10,5735860.67,1343172.04,126489.20,7205521.90,demo,
2024-03-23,hotel-demo-1,Hotel Demo Centro,119,86,1,155,34,29,72.27,83655.86,7194404.07,1542128.42,314627.84,9051160.33,demo,
2024-03-23,hotel-demo-2,Hotel Demo Costa,62,49,2,84,21,22,79.03,118070.14,5785437.04,1387506.85,167003.94,7339947.83,demo,
2024-03-24,hotel-demo-1,Hotel Demo Centro,118,77,2,145,35,24,65.25,84336.65,6493922.27,1452745.59,163537.15,8110205.02,demo,
2024-03-24,hotel-demo-2,Hotel Demo Costa,63,45,1,86,15,14,71.43,117184.28,5273292.38,1118898.74,206798.06,6598989.18,demo,
2024-03-25,hotel-demo-1,Hotel Demo Centro,119,71,1,123,26,26,59.66,87059.23,6181205.14,1531192.37,134361.96,7846759.46,demo,
2024-03-25,hotel-demo-2,Hotel Demo Costa,64,42,0,74,13,18,65.62,118487.68,4976482.50,1207488.58,207135.96,6391107.03,demo,
2024-03-26,hotel-demo-1,Hotel Demo Centro,119,73,1,129,24,30,61.34,85286.96,6225947.74,1148283.47,285028.83,7659260.04,demo,
2024-03-26,hotel-demo-2,Hotel Demo Costa,64,44,0,90,17,19,68.75,116959.85,5146233.27,988111.65,246683.67,6381028.59,demo,
2024-03-27,hotel-demo-1,Hotel Demo Centro,120,62,0,115,27,27,51.67,82927.09,5141479.84,1137613.76,109913.83,6389007.43,demo,
2024-03-27,hotel-demo-2,Hotel Demo Costa,64,44,0,88,14,19,68.75,118046.39,5194041.11,1180788.76,180756.89,6555586.77,demo,
2024-03-28,hotel-demo-1,Hotel Demo Centro,119,75,1,143,25,28,63.03,88360.76,6627056.85,1578413.87,153207.42,8358678.14,demo,
2024-03-28,hotel-demo-2,Hotel Demo Costa,64,44,0,84,17,16,68.75,118110.14,5196846.09,1246369.74,194482.19,6637698.02,demo,
2024-03-29,hotel-demo-1,Hotel Demo Centro,119,86,1,173,33,28,72.27,83524.68,7183122.21,1335881.12,187345.73,8706349.06,demo,
2024-03-29,hotel-demo-2,Hotel Demo Costa,64,47,0,93,18,16,73.44,113868.94,5351839.97,1309101.55,155880.10,6816821.61,demo,
2024-03-30,hotel-demo-1,Hotel Demo Centro,119,90,1,157,38,29,75.63,86045.61,7744104.61,1734754.33,176888.97,9655747.90,demo,
2024-03-30,hotel-demo-2,Hotel Demo Costa,62,55,2,95,24,20,88.71,115994.41,6379692.50,1563150.77,131766.20,8074609.47,demo,
2024-03-31,hotel-demo-1,Hotel Demo Centro,120,73,0,151,25,27,60.83,84655.29,6179835.85,1323307.54,189216.05,7692359.45,demo,
2024-03-31,hotel-demo-2,Hotel Demo Costa,63,38,1,73,15,16,60.32,114673.73,4357601.90,853900.96,202800.94,5414303.81,demo,
2024-04-01,hotel-demo-1,Hotel Demo Centro,120,76,0,138,32,28,63.33,87145.31,6623043.56,1207674.09,293537.80,8124255.45,demo,
2024-04-01,hotel-demo-2,Hotel Demo Costa,64,37,0,77,13,16,57.81,118495.52,4384334.12,1121618.76,163407.48,5669360.35,demo,
2024-04-02,hotel-demo-1,Hotel Demo Centro,120,75,0,154,28,26,62.50,86946.12,6520958.68,1271969.68,323701.60,8116629.96,demo,
2024-04-02,hotel-demo-2,Hotel Demo Costa,64,39,0,80,12,13,60.94,113732.12,4435552.57,861370.07,195486.93,5492409.57,demo,
2024-04-03,hotel-demo-1,Hotel Demo Centro,120,75,0,151,33,30,62.50,83350.10,6251257.55,1203994.15,302940.98,7758192.67,demo,
2024-04-03,hotel-demo-2,Hotel Demo Costa,64,34,0,58,14,13,53.12,118405.18,4025776.04,819492.53,101977.93,4947246.50,demo,
2024-04-04,hotel-demo-1,Hotel Demo Centro,120,85,0,150,37,27,70.83,88712.76,7540584.40,1500875.46,373043.19,9414503.05,demo,
2024-04-04,hotel-demo-2,Hotel Demo Costa,64,38,0,71,12,14,59.38,118376.24,4498297.18,827020.02,149103.28,5474420.47,demo,
2024-04-05,hotel-demo-1,Hotel Demo Centro,120,78,0,135,25,28,65.00,84904.39,6622542.44,1360914.94,321523.53,8304980.92,demo,
2024-04-05,hotel-demo-2,Hotel Demo Costa,64,42,0,77,19,15,65.62,117193.14,4922111.83,1056954.76,106350.46,6085417.04,demo,
2024-04-06,hotel-demo-1,Hotel Demo Centro,120,87,0,169,29,26,72.50,86147.78,7494857.03,1525682.75,298749.55,9319289.33,demo,
2024-04-06,hotel-demo-2,Hotel Demo Costa,64,40,0,74,13,12,62.50,117721.01,4708840.26,993575.51,146589.10,5849004.87,demo,
2024-04-07,hotel-demo-1,Hotel Demo Centro,118,75,2,143,33,30,63.56,84502.74,6337705.67,1171706.78,200355.05,7709767.50,demo,
2024-04-07,hotel-demo-2,Hotel Demo Costa,62,29,2,51,12,9,46.77,119691.06,3471040.79,812927.44,134010.61,4417978.84,demo,
2024-04-08,hotel-demo-1,Hotel Demo Centro,120,71,0,123,27,27,59.17,85396.18,6063128.73,1444044.70,268113.43,7775286.86,demo,
2024-04-08,hotel-demo-2,Hotel Demo Costa,64,32,0,66,14,12,50.00,112233.07,3591458.14,815385.73,153539.58,4560383.45,demo,
2024-04-09,hotel-demo-1,Hotel Demo Centro,120,84,0,156,36,34,70.00,88087.01,7399308.57,1734879.10,237159.66,9371347.32,demo,
2024-04-09,hotel-demo-2,Hotel Demo Costa,64,37,0,74,15,13,57.81,121953.26,4512270.75,894497.18,130920.89,5537688.82,demo,
2024-04-10,hotel-demo-1,Hotel Demo Centro,120,78,0,157,30,30,65.00,83365.80,6502532.61,1539575.72,208741.40,8250849.73,demo,
2024-04-10,hotel-demo-2,Hotel Demo Costa,64,37,0,65,11,13,57.81,120347.95,4452874.07,981458.46,173939.48,5608272.01,demo,
2024-04-11,hotel-demo-1,Hotel Demo Centro,119,77,1,138,26,26,64.71,83316.37,6415360.37,1592970.59,278393.95,8286724.90,demo,
2024-04-11,hotel-demo-2,Hotel Demo Costa,64,33,0,67,11,15,51.56,117882.63,3890126.79,702856.82,107257.46,4700241.07,demo,
2024-04-12,hotel-demo-1,Hotel Demo Centro,118,85,2,164,33,29,72.03,91701.41,7794619.97,2005702.54,352171.47,10152493.98,demo,
2024-04-12,hotel-demo-2,Hotel Demo Costa,64,41,0,71,18,17,64.06,113187.15,4640672.97,1027368.36,126268.36,5794309.70,demo,
2024-04-13,hotel-demo-1,Hotel Demo Centro,118,87,2,172,34,32,73.73,90196.44,7847090.05,1627905.23,324877.99,9799873.26,demo,
2024-04-13,hotel-demo-2,Hotel Demo Costa,64,36,0,75,16,14,56.25,119587.34,4305144.06,967462.88,203972.31,5476579.25,demo,
2024-04-14,hotel-demo-1,Hotel Demo Centro,118,74,2,132,24,30,62.71,88230.39,6529048.50,1499411.50,223075.33,8251535.33,demo,
2024-04-14,hotel-demo-2,Hotel Demo Costa,63,34,1,59,12,15,53.97,112902.34,3838679.43,955798.61,97543.54,4892021.58,demo,
2024-04-15,hotel-demo-1,Hotel Demo Centro,119,79,1,146,24,26,66.39,88791.10,7014496.74,1488977.59,343428.60,8846902.94,demo,
2024-04-15,hotel-demo-2,Hotel Demo Costa,64,34,0,62,11,10,53.12,115002.86,3910097.10,735945.41,137244.78,4783287.28,demo,
2024-04-16,hotel-demo-1,Hotel Demo Centro,120,69,0,124,28,22,57.50,91645.91,6323568.09,1602749.01,202997.60,8129314.70,demo,
2024-04-16,hotel-demo-2,Hotel Demo Costa,62,35,2,61,15,11,56.45,118775.80,4157153.06,945810.21,89124.42,5192087.69,demo,
2024-04-17,hotel-demo-1,Hotel Demo Centro,118,75,2,152,24,31,63.56,85789.78,6434233.44,1469905.44,155160.93,8059299.81,demo,
2024-04-17,hotel-demo-2,Hotel Demo Costa,63,36,1,64,16,13,57.14,115053.15,4141913.53,758601.64,144514.02,5045029.19,demo,
2024-04-18,hotel-demo-1,Hotel Demo Centro,120,79,0,143,24,33,65.83,89172.48,7044625.82,1525443.97,347431.99,8917501.78,demo,
2024-04-18,hotel-demo-2,Hotel Demo Costa,64,34,0,63,12,13,53.12,121721.67,4138536.79,964562.16,103940.88,5207039.82,demo,
2024-04-19,hotel-demo-1,Hotel Demo Centro,120,95,0,197,31,34,79.17,84592.81,8036317.27,1894108.47,174865.38,10105291.11,demo,
2024-04-19,hotel-demo-2,Hotel Demo Costa,64,36,0,68,11,14,56.25,117509.51,4230342.41,926655.75,197251.64,5354249.80,demo,
2024-04-20,hotel-demo-1,Hotel Demo Centro,118,78,2,143,31,28,66.10,84526.39,6593058.34,1535767.63,181027.65,8309853.61,demo,
2024-04-20,hotel-demo-2,Hotel Demo Costa,64,40,0,84,12,13,62.50,112825.06,4513002.27,989845.08,122874.40,5625721.75,demo,
2024-04-21,hotel-demo-1,Hotel Demo Centro,120,79,0,134,25,31,65.83,84682.02,6689879.35,1424857.89,245611.76,8360349.01,demo,
2024-04-21,hotel-demo-2,Hotel Demo Costa,64,36,0,70,15,13,56.25,122022.17,4392798.17,907366.77,188989.12,5489154.06,demo,
2024-04-22,hotel-demo-1,Hotel Demo Centro,120,77,0,144,26,25,64.17,88213.45,6792435.58,1669221.30,287152.43,8748809.31,demo,
2024-04-22,hotel-demo-2,Hotel Demo Costa,62,36,2,70,14,16,58.06,113637.30,4090942.94,1028219.02,137953.29,5257115.25,demo,
2024-04-23,hotel-demo-1,Hotel Demo Centro,120,78,0,143,34,28,65.00,84870.99,6619937.07,1539808.91,252781.13,8412527.11,demo,
2024-04-23,hotel-demo-2,Hotel Demo Costa,62,33,2,65,14,13,53.23,120577.03,3979041.88,954469.29,115262.47,5048773.64,demo,
2024-04-24,hotel-demo-1,Hotel Demo Centro,118,69,2,138,27,27,58.47,88844.72,6130285.51,1415790.63,253245.66,7799321.80,demo,
2024-04-24,hotel-demo-2,Hotel Demo Costa,64,29,0,52,12,9,45.31,112720.80,3268903.06,626407.27,131107.94,4026418.27,demo,
2024-04-25,hotel-demo-1,Hotel Demo Centro,118,87,2,156,36,37,73.73,91794.21,7986096.09,1911815.65,294192.74,10192104.48,demo,
2024-04-25,hotel-demo-2,Hotel Demo Costa,64,40,0,82,15,13,62.50,121351.38,4854055.04,952593.63,223604.47,6030253.14,demo,
2024-04-26,hotel-demo-1,Hotel Demo Centro,120,72,0,133,26,28,60.00,85882.16,6183515.44,1199005.97,218991.71,7601513.12,demo,
2024-04-26,hotel-demo-2,Hotel Demo Costa,64,43,0,78,18,16,67.19,121836.23,5238957.81,1205113.97,237294.40,6681366.18,demo,
2024-04-27,hotel-demo-1,Hotel Demo Centro,120,84,0,175,33,31,70.00,90201.26,7576906.21,1564519.93,218269.69,9359695.82,demo,
2024-04-27,hotel-demo-2,Hotel Demo Costa,64,42,0,87,19,15,65.62,124164.89,5214925.26,1223442.89,154508.38,6592876.54,demo,
2024-04-28,hotel-demo-1,Hotel Demo Centro,118,76,2,153,29,30,64.41,85135.28,6470280.96,1214319.78,318006.95,8002607.69,demo,
2024-04-28,hotel-demo-2,Hotel Demo Costa,63,32,1,56,12,11,50.79,120584.95,3858718.46,984668.12,163635.61,5007022.19,demo,
2024-04-29,hotel-demo-1,Hotel Demo Centro,120,75,0,149,23,31,62.50,87957.54,6596815.46,1249862.09,133103.73,7979781.28,demo,
2024-04-29,hotel-demo-2,Hotel Demo Costa,63,33,1,58,11,14,52.38,117558.56,3879432.37,953447.28,81175.47,4914055.11,demo,
2024-04-30,hotel-demo-1,Hotel Demo Centro,120,70,0,119,27,27,58.33,89511.23,6265786.14,1406077.37,148480.68,7820344.19,demo,
2024-04-30,hotel-demo-2,Hotel Demo Costa,64,29,0,51,12,11,45.31,115332.09,3344630.65,767093.70,92252.45,4203976.80,demo,
2024-05-01,hotel-demo-1,Hotel Demo Centro,120,83,0,151,26,27,69.17,88119.32,7313903.70,1709285.95,197738.59,9220928.24,demo,
2024-05-01,hotel-demo-2,Hotel Demo Costa,64,31,0,62,11,13,48.44,109840.57,3405057.57,679969.60,90730.38,4175757.56,demo,
2024-05-02,hotel-demo-1,Hotel Demo Centro,120,72,0,140,29,31,60.00,92992.91,6695489.32,1310404.71,281252.99,8287147.02,demo,
2024-05-02,hotel-demo-2,Hotel Demo Costa,62,23,2,41,10,9,37.10,115362.56,2653338.94,642149.89,82186.00,3377674.84,demo,
2024-05-03,hotel-demo-1,Hotel Demo Centro,118,86,2,166,37,28,72.88,86364.09,7427311.49,1431523.63,274741.58,9133576.70,demo,
2024-05-03,hotel-demo-2,Hotel Demo Costa,62,29,2,55,9,13,46.77,120529.50,3495355.38,730180.12,119157.46,4344692.95,demo,
2024-05-04,hotel-demo-1,Hotel Demo Centro,120,87,0,166,31,37,72.50,89830.02,7815212.02,1642025.30,369013.00,9826250.32,demo,
2024-05-04,hotel-demo-2,Hotel Demo Costa,64,28,0,57,11,10,43.75,111875.40,3132511.33,603285.93,119225.29,3855022.55,demo,
2024-05-05,hotel-demo-1,Hotel Demo Centro,120,81,0,140,27,26,67.50,90938.30,7366001.95,1348974.75,273780.14,8988756.84,demo,
2024-05-05,hotel-demo-2,Hotel Demo Costa,63,28,1,50,10,9,44.44,117288.92,3284089.82,714989.30,113137.06,4112216.18,demo,
2024-05-06,hotel-demo-1,Hotel Demo Centro,120,86,0,164,31,28,71.67,86352.33,7426300.39,1456950.16,340033.59,9223284.14,demo,
2024-05-06,hotel-demo-2,Hotel Demo Costa,64,29,0,60,12,11,45.31,120845.24,3504511.92,782006.88,70216.42,4356735.22,demo,
2024-05-07,hotel-demo-1,Hotel Demo Centro,118,84,2,151,36,29,71.19,86345.77,7253044.84,1383232.89,248882.70,8885160.43,demo,
2024-05-07,hotel-demo-2,Hotel Demo Costa,64,21,0,37,8,7,32.81,118481.40,2488109.33,510739.52,76803.19,3075652.05,demo,
2024-05-08,hotel-demo-1,Hotel Demo Centro,118,74,2,149,27,24,62.71,89913.47,6653596.45,1723818.17,248375.66,8625790.27,demo,
2024-05-08,hotel-demo-2,Hotel Demo Costa,62,27,2,50,11,11,43.55,117747.76,3179189.63,746362.95,68548.36,3994100.94,demo,
2024-05-09,hotel-demo-1,Hotel Demo Centro,118,85,2,171,28,32,72.03,88229.48,7499505.52,1927990.77,162918.44,9590414.73,demo,
2024-05-09,hotel-demo-2,Hotel Demo Costa,62,25,2,43,8,11,40.32,112690.93,2817273.17,515236.70,76567.00,3409076.86,demo,
2024-05-10,hotel-demo-1,Hotel Demo Centro,118,87,2,169,29,38,73.73,88878.47,7732427.31,1987721.06,218790.85,9938939.22,demo,
2024-05-10,hotel-demo-2,Hotel Demo Costa,64,37,0,73,16,14,57.81,121053.42,4478976.71,1097581.25,166827.62,5743385.59,demo,
2024-05-11,hotel-demo-1,Hotel Demo Centro,120,98,0,204,37,30,81.67,91942.59,9010373.38,1787607.72,265553.01,11063534.12,demo,
2024-05-11,hotel-demo-2,Hotel Demo Costa,64,33,0,66,15,11,51.56,113501.31,3745543.27,846107.02,95449.68,4687099.97,demo,
2024-05-12,hotel-demo-1,Hotel Demo Centro,120,76,0,152,29,23,63.33,92029.20,6994219.16,1630170.12,268681.60,8893070.88,demo,
2024-05-12,hotel-demo-2,Hotel Demo Costa,62,23,2,40,10,9,37.10,114341.87,2629863.02,520101.23,98093.77,3248058.02,demo,
2024-05-13,hotel-demo-1,Hotel Demo Centro,120,80,0,164,26,27,66.67,89442.49,7155399.38,1345643.16,220730.26,8721772.80,demo,
2024-05-13,hotel-demo-2,Hotel Demo Costa,63,27,1,52,9,9,42.86,114454.41,3090269.04,600720.92,73963.04,3764953.00,demo,
2024-05-14,hotel-demo-1,Hotel Demo Centro,118,83,2,149,36,25,70.34,90936.99,7547770.17,1549241.57,261142.33,9358154.06,demo,
2024-05-14,hotel-demo-2,Hotel Demo Costa,64,31,0,53,10,13,48.44,117863.23,3653760.28,930055.79,101324.05,4685140.11,demo,
2024-05-15,hotel-demo-1,Hotel Demo Centro,120,71,0,125,23,30,59.17,89644.99,6364794.04,1291556.01,247917.42,7904267.47,demo,
2024-05-15,hotel-demo-2,Hotel Demo Costa,64,28,0,58,12,12,43.75,119746.88,3352912.58,765908.50,106836.07,4225657.15,demo,
2024-05-16,hotel-demo-1,Hotel Demo Centro,120,80,0,164,31,24,66.67,87793.84,7023507.30,1322110.25,153911.54,8499529.08,demo,
2024-05-16,hotel-demo-2,Hotel Demo Costa,64,22,0,42,7,7,34.38,120191.09,2644203.88,569701.22,62911.83,3276816.93,demo,
2024-05-17,hotel-demo-1,Hotel Demo Centro,118,96,2,185,36,38,81.36,91801.09,8812904.29,2031231.69,344368.94,11188504.92,demo,
2024-05-17,hotel-demo-2,Hotel Demo Costa,64,29,0,53,11,12,45.31,117798.51,3416156.83,822144.18,82291.85,4320592.86,demo,
2024-05-18,hotel-demo-1,Hotel Demo Centro,119,94,1,174,34,32,78.99,90051.06,8464800.06,1634227.50,356482.66,10455510.22,demo,
2024-05-18,hotel-demo-2,Hotel Demo Costa,64,37,0,67,15,15,57.81,116622.64,4315037.61,1071331.33,109913.57,5496282.51,demo,
2024-05-19,hotel-demo-1,Hotel Demo Centro,120,74,0,136,26,31,61.67,88669.74,6561560.41,1260178.49,228390.77,8050129.66,demo,
2024-05-19,hotel-demo-2,Hotel Demo Costa,64,31,0,56,11,9,48.44,118278.81,3666643.06,713265.84,171859.11,4551768.01,demo,
2024-05-20,hotel-demo-1,Hotel Demo Centro,120,88,0,161,35,27,73.33,90951.15,8003701.12,1876991.06,235014.92,10115707.10,demo,
2024-05-20,hotel-demo-2,Hotel Demo Costa,64,30,0,61,12,11,46.88,114780.22,3443406.52,739412.78,70424.66,4253243.95,demo,
2024-05-21,hotel-demo-1,Hotel Demo Centro,120,72,0,124,29,29,60.00,95227.43,6856374.84,1780997.18,265711.74,8903083.77,demo,
2024-05-21,hotel-demo-2,Hotel Demo Costa,64,27,0,49,8,11,42.19,112367.08,3033911.18,637793.41,126611.10,3798315.69,demo,
2024-05-22,hotel-demo-1,Hotel Demo Centro,120,71,0,128,25,21,59.17,87449.11,6208887.08,1194602.53,179251.69,7582741.29,demo,
2024-05-22,hotel-demo-2,Hotel Demo Costa,62,23,2,46,7,8,37.10,121908.00,2803883.94,547288.86,113548.12,3464720.92,demo,
2024-05-23,hotel-demo-1,Hotel Demo Centro,120,84,0,160,34,28,70.00,92133.86,7739243.89,1910849.98,307539.27,9957633.14,demo,
2024-05-23,hotel-demo-2,Hotel Demo Costa,64,29,0,59,12,9,45.31,116617.00,3381892.96,809889.62,157978.09,4349760.68,demo,
2024-05-24,hotel-demo-1,Hotel Demo Centro,120,91,0,161,38,33,75.83,91819.18,8355545.64,1670282.28,323858.87,10349686.80,demo,
2024-05-24,hotel-demo-2,Hotel Demo Costa,63,33,1,64,15,14,52.38,118440.22,3908527.17,909133.39,140773.48,4958434.04,demo,
2024-05-25,hotel-demo-1,Hotel Demo Centro,118,83,2,156,30,34,70.34,95581.13,7933233.42,1589241.88,387534.91,9910010.22,demo,
2024-05-25,hotel-demo-2,Hotel Demo Costa,64,30,0,62,11,12,46.88,121725.39,3651761.73,932907.65,163124.65,4747794.04,demo,
2024-05-26,hotel-demo-1,Hotel Demo Centro,118,71,2,143,23,30,60.17,95604.48,6787917.93,1620556.19,283106.52,8691580.63,demo,
2024-05-26,hotel-demo-2,Hotel Demo Costa,64,29,0,54,13,9,45.31,123635.32,3585424.26,741290.67,166341.37,4493056.29,demo,
2024-05-27,hotel-demo-1,Hotel Demo Centro,120,78,0,155,28,29,65.00,91886.82,7167171.90,1416690.25,154205.96,8738068.11,demo,
2024-05-27,hotel-demo-2,Hotel Demo Costa,64,31,0,58,13,13,48.44,119325.48,3699089.76,743534.20,118207.41,4560831.38,demo,
2024-05-28,hotel-demo-1,Hotel Demo Centro,118,79,2,145,28,31,66.95,88185.85,6966682.32,1628390.96,227853.83,8822927.12,demo,
2024-05-28,hotel-demo-2,Hotel Demo Costa,64,31,0,63,10,10,48.44,115306.65,3574506.02,750309.06,152745.84,4477560.92,demo,
2024-05-29,hotel-demo-1,Hotel Demo Centro,118,83,2,159,33,37,70.34,89402.80,7420432.29,1660054.12,315447.43,9395933.85,demo,
2024-05-29,hotel-demo-2,Hotel Demo Costa,62,27,2,47,11,11,43.55,116278.00,3139506.13,681890.89,151811.74,3973208.77,demo,
2024-05-30,hotel-demo-1,Hotel Demo Centro,119,77,1,146,28,34,64.71,95530.17,7355823.22,1636853.47,188254.06,9180930.76,demo,
2024-05-30,hotel-demo-2,Hotel Demo Costa,64,21,0,43,8,9,32.81,115980.43,2435589.02,629014.10,85337.06,3149940.17,demo,
2024-05-31,hotel-demo-1,Hotel Demo Centro,118,94,2,181,34,33,79.66,95683.58,8994256.96,2112947.62,292493.24,11399697.81,demo,
2024-05-31,hotel-demo-2,Hotel Demo Costa,62,31,2,62,12,12,50.00,124129.81,3848023.99,825036.14,181896.34,4854956.46,demo,
2024-06-01,hotel-demo-1,Hotel Demo Centro,119,80,1,156,33,26,67.23,89890.59,7191246.81,1723373.51,321096.04,9235716.37,demo,
2024-06-01,hotel-demo-2,Hotel Demo Costa,64,36,0,68,14,14,56.25,120518.76,4338675.23,905659.00,176342.15,5420676.38,demo,
2024-06-02,hotel-demo-1,Hotel Demo Centro,119,76,1,135,25,34,63.87,89241.81,6782377.23,1585089.90,176918.36,8544385.48,demo,
2024-06-02,hotel-demo-2,Hotel Demo Costa,63,23,1,44,9,9,36.51,121031.90,2783733.70,588848.91,134104.07,3506686.69,demo,
2024-06-03,hotel-demo-1,Hotel Demo Centro,119,79,1,144,28,27,66.39,92031.31,7270473.26,1675494.26,156161.50,9102129.02,demo,
2024-06-03,hotel-demo-2,Hotel Demo Costa,63,25,1,48,11,10,39.68,113691.18,2842279.62,625451.09,72174.41,3539905.12,demo,
2024-06-04,hotel-demo-1,Hotel Demo Centro,120,74,0,139,26,28,61.67,93986.40,6954993.77,1320638.82,162920.37,8438552.96,demo,
2024-06-04,hotel-demo-2,Hotel Demo Costa,62,29,2,51,12,9,46.77,123074.78,3569168.61,888772.23,88742.82,4546683.66,demo,
2024-06-05,hotel-demo-1,Hotel Demo Centro,119,77,1,158,26,30,64.71,95344.92,7341559.16,1640692.32,148097.72,9130349.21,demo,
2024-06-05,hotel-demo-2,Hotel Demo Costa,64,25,0,43,11,10,39.06,113432.34,2835808.41,544079.60,112293.21,3492181.22,demo,
2024-06-06,hotel-demo-1,Hotel Demo Centro,118,73,2,151,23,25,61.86,89194.16,6511173.98,1409194.02,243315.99,8163683.98,demo,
2024-06-06,hotel-demo-2,Hotel Demo Costa,64,21,0,37,6,8,32.81,116882.06,2454523.35,523060.48,64542.58,3042126.41,demo,
2024-06-07,hotel-demo-1,Hotel Demo Centro,118,88,2,169,33,35,74.58,96829.26,8520974.51,1774989.44,203577.96,10499541.91,demo,
2024-06-07,hotel-demo-2,Hotel Demo Costa,64,26,0,49,8,9,40.62,121861.96,3168410.97,622866.72,121854.68,3913132.36,demo,
2024-06-08,hotel-demo-1,Hotel Demo Centro,120,87,0,149,28,30,72.50,90891.70,7907577.58,1881621.78,304282.01,10093481.36,demo,
2024-06-08,hotel-demo-2,Hotel Demo Costa,62,26,2,54,8,10,41.94,123875.31,3220758.03,698896.78,143082.17,4062736.98,demo,
2024-06-09,hotel-demo-1,Hotel Demo Centro,120,75,0,132,29,25,62.50,90964.55,6822341.60,1432823.15,245796.66,8500961.41,demo,
2024-06-09,hotel-demo-2,Hotel Demo Costa,64,24,0,44,8,10,37.50,118706.15,2848947.68,729496.24,75452.09,3653896.01,demo,
2024-06-10,hotel-demo-1,Hotel Demo Centro,120,77,0,160,31,25,64.17,89245.24,6871883.58,1716211.13,306926.88,8895021.59,demo,
2024-06-10,hotel-demo-2,Hotel Demo Costa,64,21,0,42,9,6,32.81,117411.57,2465642.95,619208.92,56939.30,3141791.17,demo,
2024-06-11,hotel-demo-1,Hotel Demo Centro,120,77,0,137,27,27,64.17,88150.51,6787589.45,1560029.67,240428.77,8588047.89,demo,
2024-06-11,hotel-demo-2,Hotel Demo Costa,64,27,0,50,8,10,42.19,113894.77,3075158.68,775749.96,66157.98,3917066.62,demo,
2024-06-12,hotel-demo-1,Hotel Demo Centro,120,78,0,137,33,34,65.00,97128.80,7576046.72,1821731.91,257364.83,9655143.46,demo,
2024-06-12,hotel-demo-2,Hotel Demo Costa,62,19,2,39,7,8,30.65,116751.98,2218287.68,463790.60,56567.65,2738645.93,demo,
2024-06-13,hotel-demo-1,Hotel Demo Centro,119,71,1,139,30,27,59.66,95778.78,6800293.55,1657507.78,202486.17,8660287.49,demo,
2024-06-13,hotel-demo-2,Hotel Demo Costa,62,23,2,42,9,7,37.10,118944.54,2735724.51,706956.13,101266.50,3543947.14,demo,
2024-06-14,hotel-demo-1,Hotel Demo Centro,119,81,1,163,29,30,68.07,88926.32,7203031.56,1359208.96,319973.08,8882213.60,demo,
2024-06-14,hotel-demo-2,Hotel Demo Costa,64,29,0,54,10,13,45.31,119327.76,3460505.11,703590.80,133115.82,4297211.73,demo,
2024-06-15,hotel-demo-1,Hotel Demo Centro,118,78,2,144,30,24,66.10,92129.48,7186099.59,1366828.16,207143.20,8760070.95,demo,
2024-06-15,hotel-demo-2,Hotel Demo Costa,64,26,0,46,8,8,40.62,122555.54,3186444.15,677063.98,105330.15,3968838.27,demo,
2024-06-16,hotel-demo-1,Hotel Demo Centro,119,70,1,123,29,30,58.82,94586.07,6621025.22,1708211.28,159389.74,8488626.25,demo,
2024-06-16,hotel-demo-2,Hotel Demo Costa,64,22,0,45,7,8,34.38,116361.59,2559955.09,584606.35,95584.00,3240145.43,demo,
2024-06-17,hotel-demo-1,Hotel Demo Centro,118,75,2,141,23,33,63.56,97717.90,7328842.17,1895923.61,317823.26,9542589.04,demo,
2024-06-17,hotel-demo-2,Hotel Demo Costa,64,24,0,45,10,9,37.50,125112.30,3002695.16,669008.47,61025.28,3732728.92,demo,
2024-06-18,hotel-demo-1,Hotel Demo Centro,119,78,1,142,32,24,65.55,94034.45,7334686.92,1656383.54,291110.77,9282181.23,demo,
2024-06-18,hotel-demo-2,Hotel Demo Costa,64,23,0,45,8,8,35.94,121631.11,2797515.42,707241.33,117968.48,3622725.23,demo,
2024-06-19,hotel-demo-1,Hotel Demo Centro,119,82,1,160,27,34,68.91,95925.52,7865892.78,1565594.22,261191.30,9692678.30,demo,
2024-06-19,hotel-demo-2,Hotel Demo Costa,62,19,2,34,7,7,30.65,117294.28,2228591.39,523007.60,70651.06,2822250.05,demo,
2024-06-20,hotel-demo-1,Hotel Demo Centro,118,69,2,125,22,27,58.47,97403.72,6720856.34,1671264.95,201955.16,8594076.45,demo,
2024-06-20,hotel-demo-2,Hotel Demo Costa,64,30,0,52,11,11,46.88,118373.80,3551214.08,642223.71,71927.30,4265365.10,demo,
2024-06-21,hotel-demo-1,Hotel Demo Centro,118,89,2,182,28,35,75.42,94882.50,8444542.35,1998367.24,199285.40,10642194.99,demo,
2024-06-21,hotel-demo-2,Hotel Demo Costa,63,27,1,56,11,9,42.86,125852.77,3398024.66,686777.09,111487.50,4196289.25,demo,
2024-06-22,hotel-demo-1,Hotel Demo Centro,120,80,0,141,33,27,66.67,94718.51,7577480.99,1472117.95,263406.26,9313005.21,demo,
2024-06-22,hotel-demo-2,Hotel Demo Costa,63,29,1,57,10,12,46.03,116626.95,3382181.68,782051.12,162300.12,4326532.91,demo,
2024-06-23,hotel-demo-1,Hotel Demo Centro,120,74,0,129,28,33,61.67,92696.26,6859522.91,1612954.42,297668.29,8770145.62,demo,
2024-06-23,hotel-demo-2,Hotel Demo Costa,63,19,1,37,8,8,30.16,124145.17,2358758.14,479291.86,61548.52,2899598.52,demo,
2024-06-24,hotel-demo-1,Hotel Demo Centro,118,78,2,153,29,35,66.10,91420.15,7130771.79,1505315.93,312200.70,8948288.41,demo,
2024-06-24,hotel-demo-2,Hotel Demo Costa,62,25,2,44,10,11,40.32,120612.20,3015305.05,706323.83,139390.50,3861019.37,demo,
2024-06-25,hotel-demo-1,Hotel Demo Centro,120,79,0,161,24,33,65.83,96984.12,7661745.79,1438748.51,293726.64,9394220.94,demo,
2024-06-25,hotel-demo-2,Hotel Demo Costa,63,26,1,46,11,11,41.27,119108.03,3096808.66,799188.03,115445.96,4011442.65,demo,
2024-06-26,hotel-demo-1,Hotel Demo Centro,120,65,0,120,21,28,54.17,90616.45,5890069.33,1432960.71,229511.49,7552541.52,demo,
2024-06-26,hotel-demo-2,Hotel Demo Costa,63,28,1,53,10,12,44.44,123696.07,3463489.91,680550.89,135750.69,4279791.49,demo,
2024-06-27,hotel-demo-1,Hotel Demo Centro,120,82,0,168,37,31,68.33,98742.05,8096848.46,2090147.33,312276.24,10499272.03,demo,
2024-06-27,hotel-demo-2,Hotel Demo Costa,63,25,1,49,9,9,39.68,117552.03,2938800.84,686537.41,62577.26,3687915.51,demo,
2024-06-28,hotel-demo-1,Hotel Demo Centro,120,84,0,149,34,29,70.00,96342.07,8092734.01,1840421.51,240994.90,10174150.41,demo,
2024-06-28,hotel-demo-2,Hotel Demo Costa,63,28,1,54,9,10,44.44,116187.28,3253243.73,699021.89,86162.01,4038427.64,demo,
2024-06-29,hotel-demo-1,Hotel Demo Centro,119,91,1,177,38,36,76.47,91248.06,8303573.80,1722875.98,386882.35,10413332.13,demo,
2024-06-29,hotel-demo-2,Hotel Demo Costa,62,30,2,56,13,10,48.39,121406.74,3642202.13,790434.47,74428.82,4507065.42,demo,
2024-06-30,hotel-demo-1,Hotel Demo Centro,118,81,2,164,34,30,68.64,90040.62,7293290.26,1622682.24,250729.32,9166701.82,demo,
2024-06-30,hotel-demo-2,Hotel Demo Costa,64,23,0,43,9,9,35.94,115953.62,2666933.22,622789.84,66284.18,3356007.25,demo,
2024-07-01,hotel-demo-1,Hotel Demo Centro,119,96,1,180,33,42,80.67,100329.65,9631646.77,1990211.17,202085.68,11823943.62,demo,
2024-07-01,hotel-demo-2,Hotel Demo Costa,64,34,0,66,12,11,53.12,130750.98,4445533.33,839660.44,137668.06,5422861.82,demo,
2024-07-02,hotel-demo-1,Hotel Demo Centro,120,96,0,198,36,35,80.00,99075.24,9511223.41,2290976.68,281664.56,12083864.65,demo,
2024-07-02,hotel-demo-2,Hotel Demo Costa,64,32,0,63,14,14,50.00,125389.15,4012452.92,840414.96,161297.37,5014165.25,demo,
2024-07-03,hotel-demo-1,Hotel Demo Centro,120,91,0,165,41,35,75.83,100353.12,9132134.07,2024183.28,354493.79,11510811.15,demo,
2024-07-03,hotel-demo-2,Hotel Demo Costa,62,34,2,67,12,13,54.84,127945.43,4350144.67,926299.53,131738.80,5408182.99,demo,
2024-07-04,hotel-demo-1,Hotel Demo Centro,120,73,0,142,24,28,60.83,93418.19,6819527.60,1382663.06,332018.36,8534209.02,demo,
2024-07-04,hotel-demo-2,Hotel Demo Costa,62,34,2,65,10,12,54.84,121531.77,4132080.25,829856.32,105512.25,5067448.82,demo,
2024-07-05,hotel-demo-1,Hotel Demo Centro,120,103,0,196,41,35,85.83,93586.67,9639427.41,2483232.30,350724.47,12473384.18,demo,
2024-07-05,hotel-demo-2,Hotel Demo Costa,64,41,0,72,16,14,64.06,128764.42,5279341.39,1259287.86,248156.68,6786785.93,demo,
2024-07-06,hotel-demo-1,Hotel Demo Centro,120,104,0,217,46,37,86.67,92977.45,9669654.81,2397650.00,389802.17,12457106.99,demo,
2024-07-06,hotel-demo-2,Hotel Demo Costa,63,36,1,75,16,11,57.14,124892.06,4496114.27,911686.21,137314.26,5545114.74,demo,
2024-07-07,hotel-demo-1,Hotel Demo Centro,118,84,2,176,32,29,71.19,98065.60,8237510.75,1577410.35,239686.31,10054607.40,demo,
2024-07-07,hotel-demo-2,Hotel Demo Costa,62,29,2,54,11,9,46.77,129859.52,3765926.11,719119.27,96333.12,4581378.50,demo,
2024-07-08,hotel-demo-1,Hotel Demo Centro,119,99,1,175,43,39,83.19,93558.23,9262264.82,2160637.02,265184.86,11688086.70,demo,
2024-07-08,hotel-demo-2,Hotel Demo Costa,64,32,0,56,12,12,50.00,128376.53,4108048.91,895896.69,167720.76,5171666.36,demo,
2024-07-09,hotel-demo-1,Hotel Demo Centro,120,77,0,133,25,30,64.17,92917.44,7154642.89,1454775.92,280235.88,8889654.69,demo,
2024-07-09,hotel-demo-2,Hotel Demo Costa,64,37,0,63,14,13,57.81,121752.73,4504851.06,1019915.09,201364.34,5726130.49,demo,
2024-07-10,hotel-demo-1,Hotel Demo Centro,118,79,2,160,29,35,66.95,100776.96,7961379.49,1886876.95,326957.51,10175213.95,demo,
2024-07-10,hotel-demo-2,Hotel Demo Costa,62,29,2,50,12,10,46.77,130355.34,3780304.72,783897.64,156114.66,4720317.02,demo,
2024-07-11,hotel-demo-1,Hotel Demo Centro,119,97,1,185,30,31,81.51,93042.62,9025133.66,1702369.36,395225.54,11122728.56,demo,
2024-07-11,hotel-demo-2,Hotel Demo Costa,64,36,0,72,12,14,56.25,129303.20,4654915.21,848780.63,113424.97,5617120.81,demo,
2024-07-12,hotel-demo-1,Hotel Demo Centro,120,90,0,179,39,39,75.00,94396.92,8495723.00,2041704.30,171017.78,10708445.08,demo,
2024-07-12,hotel-demo-2,Hotel Demo Costa,63,36,1,75,11,11,57.14,123624.85,4450494.53,882107.32,104076.44,5436678.29,demo,
2024-07-13,hotel-demo-1,Hotel Demo Centro,119,94,1,176,40,41,78.99,95019.49,8931832.09,1898751.89,442562.19,11273146.17,demo,
2024-07-13,hotel-demo-2,Hotel Demo Costa,64,36,0,75,15,16,56.25,122537.09,4411335.08,933371.97,180207.95,5524914.99,demo,
2024-07-14,hotel-demo-1,Hotel Demo Centro,118,71,2,147,25,28,60.17,98710.72,7008460.83,1685564.51,308579.21,9002604.55,demo,
2024-07-14,hotel-demo-2,Hotel Demo Costa,64,31,0,59,9,10,48.44,121517.85,3767053.25,900415.64,169176.00,4836644.89,demo,
2024-07-15,hotel-demo-1,Hotel Demo Centro,119,83,1,170,32,37,69.75,97796.66,8117122.83,1630999.64,246017.57,9994140.04,demo,
2024-07-15,hotel-demo-2,Hotel Demo Costa,62,33,2,58,12,11,53.23,129676.08,4279310.78,1037093.53,199163.43,5515567.74,demo,
2024-07-16,hotel-demo-1,Hotel Demo Centro,120,90,0,166,40,31,75.00,97937.32,8814359.24,2271192.95,339425.02,11424977.22,demo,
2024-07-16,hotel-demo-2,Hotel Demo Costa,64,35,0,60,12,12,54.69,126850.10,4439753.50,1151475.12,143661.05,5734889.67,demo,
2024-07-17,hotel-demo-1,Hotel Demo Centro,118,84,2,163,38,30,71.19,102023.89,8570006.97,1725395.31,350331.21,10645733.49,demo,
2024-07-17,hotel-demo-2,Hotel Demo Costa,64,31,0,55,12,14,48.44,123631.28,3832569.58,781697.30,188113.37,4802380.25,demo,
2024-07-18,hotel-demo-1,Hotel Demo Centro,118,96,2,194,36,32,81.36,94204.80,9043660.88,1871558.89,199124.17,11114343.94,demo,
2024-07-18,hotel-demo-2,Hotel Demo Costa,62,31,2,64,12,12,50.00,128218.53,3974774.33,929003.41,144788.61,5048566.35,demo,
2024-07-19,hotel-demo-1,Hotel Demo Centro,118,105,2,198,35,43,88.98,100508.33,10553375.00,1950163.79,274592.92,12778131.70,demo,
2024-07-19,hotel-demo-2,Hotel Demo Costa,64,32,0,60,10,11,50.00,130020.12,4160643.71,834274.51,158258.27,5153176.50,demo,
2024-07-20,hotel-demo-1,Hotel Demo Centro,120,102,0,213,38,31,85.00,99939.39,10193818.08,1978404.16,464589.69,12636811.93,demo,
2024-07-20,hotel-demo-2,Hotel Demo Costa,64,40,0,72,15,15,62.50,126952.86,5078114.44,1255232.89,229949.76,6563297.09,demo,
2024-07-21,hotel-demo-1,Hotel Demo Centro,118,82,2,170,27,26,69.49,100811.91,8266576.38,2020907.84,349831.34,10637315.56,demo,
2024-07-21,hotel-demo-2,Hotel Demo Costa,62,28,2,57,12,10,45.16,127423.63,3567861.77,837088.43,174466.51,4579416.71,demo,
2024-07-22,hotel-demo-1,Hotel Demo Centro,120,85,0,168,37,34,70.83,96138.08,8171736.95,1722399.63,320074.45,10214211.03,demo,
2024-07-22,hotel-demo-2,Hotel Demo Costa,64,29,0,54,10,12,45.31,125925.46,3651838.36,908406.98,90590.49,4650835.83,demo,
2024-07-23,hotel-demo-1,Hotel Demo Centro,120,86,0,158,34,36,71.67,101871.18,8760921.79,2066513.75,308297.15,11135732.69,demo,
2024-07-23,hotel-demo-2,Hotel Demo Costa,63,36,1,63,12,15,57.14,124797.33,4492703.98,918505.49,167462.31,5578671.78,demo,
2024-07-24,hotel-demo-1,Hotel Demo Centro,118,90,2,168,29,39,76.27,101995.04,9179553.70,2239464.97,238300.40,11657319.08,demo,
2024-07-24,hotel-demo-2,Hotel Demo Costa,63,35,1,65,13,12,55.56,124897.12,4371399.11,1032091.23,109558.97,5513049.32,demo,
2024-07-25,hotel-demo-1,Hotel Demo Centro,120,87,0,158,33,28,72.50,95805.51,8335079.78,2075059.27,362273.06,10772412.11,demo,
2024-07-25,hotel-demo-2,Hotel Demo Costa,64,32,0,58,12,13,50.00,135047.59,4321522.99,859286.66,144897.64,5325707.30,demo,
2024-07-26,hotel-demo-1,Hotel Demo Centro,118,96,2,198,43,42,81.36,94595.59,9081176.79,1876434.51,245602.63,11203213.94,demo,
2024-07-26,hotel-demo-2,Hotel Demo Costa,64,37,0,66,12,14,57.81,124291.27,4598776.81,1156031.67,97649.28,5852457.75,demo,
2024-07-27,hotel-demo-1,Hotel Demo Centro,120,83,0,170,33,34,69.17,101514.55,8425707.39,2140963.51,240029.57,10806700.47,demo,
2024-07-27,hotel-demo-2,Hotel Demo Costa,63,37,1,63,13,15,58.73,123392.92,4565537.93,876079.54,122793.87,5564411.34,demo,
2024-07-28,hotel-demo-1,Hotel Demo Centro,120,89,0,181,37,38,74.17,97665.69,8692246.08,1706276.58,247933.22,10646455.88,demo,
2024-07-28,hotel-demo-2,Hotel Demo Costa,64,26,0,44,10,10,40.62,132758.86,3451730.28,808231.90,160923.22,4420885.41,demo,
2024-07-29,hotel-demo-1,Hotel Demo Centro,118,73,2,142,27,32,61.86,100822.60,7360049.72,1518776.83,156882.48,9035709.03,demo,
2024-07-29,hotel-demo-2,Hotel Demo Costa,64,36,0,65,12,15,56.25,130027.82,4681001.38,1068126.45,106616.97,5855744.80,demo,
2024-07-30,hotel-demo-1,Hotel Demo Centro,120,85,0,148,30,28,70.83,103362.85,8785842.00,2005641.57,270352.02,11061835.59,demo,
2024-07-30,hotel-demo-2,Hotel Demo Costa,63,39,1,77,15,16,61.90,124271.34,4846582.26,1071420.94,238442.90,6156446.09,demo,
2024-07-31,hotel-demo-1,Hotel Demo Centro,120,98,0,168,31,30,81.67,102845.61,10078869.76,2235970.69,290921.02,12605761.48,demo,
2024-07-31,hotel-demo-2,Hotel Demo Costa,62,32,2,64,14,10,51.61,123398.83,3948762.42,944707.03,133809.22,5027278.67,demo,
2024-08-01,hotel-demo-1,Hotel Demo Centro,120,89,0,182,28,34,74.17,94614.22,8420665.19,2018958.44,321009.11,10760632.74,demo,
2024-08-01,hotel-demo-2,Hotel Demo Costa,63,24,1,47,11,10,38.10,124165.79,2979978.96,730245.63,114736.18,3824960.77,demo,
2024-08-02,hotel-demo-1,Hotel Demo Centro,120,85,0,151,29,31,70.83,97158.37,8258461.37,1900145.87,360897.62,10519504.87,demo,
2024-08-02,hotel-demo-2,Hotel Demo Costa,62,30,2,56,11,9,48.39,123524.48,3705734.44,754437.55,166326.42,4626498.40,demo,
2024-08-03,hotel-demo-1,Hotel Demo Centro,118,82,2,147,25,25,69.49,102142.54,8375688.58,2114072.81,385524.79,10875286.17,demo,
2024-08-03,hotel-demo-2,Hotel Demo Costa,63,32,1,57,11,11,50.79,129418.34,4141386.81,752343.19,118610.66,5012340.65,demo,
2024-08-04,hotel-demo-1,Hotel Demo Centro,120,70,0,136,24,29,58.33,100877.47,7061422.56,1722848.73,320136.22,9104407.51,demo,
2024-08-04,hotel-demo-2,Hotel Demo Costa,64,18,0,32,7,6,28.12,127757.64,2299637.50,597769.84,70745.13,2968152.47,demo,
2024-08-05,hotel-demo-1,Hotel Demo Centro,120,90,0,184,39,35,75.00,100722.18,9064996.01,2035651.71,425053.41,11525701.13,demo,
2024-08-05,hotel-demo-2,Hotel Demo Costa,62,26,2,45,8,10,41.94,130747.63,3399438.31,869544.64,151983.13,4420966.08,demo,
2024-08-06,hotel-demo-1,Hotel Demo Centro,120,76,0,153,23,32,63.33,94467.82,7179554.04,1408278.33,352437.85,8940270.22,demo,
2024-08-06,hotel-demo-2,Hotel Demo Costa,62,24,2,45,9,9,38.71,126287.44,3030898.60,600889.47,133520.36,3765308.43,demo,
2024-08-07,hotel-demo-1,Hotel Demo Centro,120,84,0,174,27,32,70.00,97616.80,8199810.91,1733942.69,173121.07,10106874.66,demo,
2024-08-07,hotel-demo-2,Hotel Demo Costa,64,29,0,59,13,11,45.31,130230.59,3776687.07,774581.97,114526.98,4665796.02,demo,
2024-08-08,hotel-demo-1,Hotel Demo Centro,120,82,0,152,33,35,68.33,102107.60,8372823.45,1563561.76,302451.54,10238836.75,demo,
2024-08-08,hotel-demo-2,Hotel Demo Costa,62,22,2,44,10,7,35.48,128711.64,2831656.11,564369.40,122397.58,3518423.09,demo,
2024-08-09,hotel-demo-1,Hotel Demo Centro,120,88,0,181,35,33,73.33,101462.74,8928721.52,2313610.38,330076.23,11572408.14,demo,
2024-08-09,hotel-demo-2,Hotel Demo Costa,64,27,0,54,10,9,42.19,122616.49,3310645.17,732699.23,85337.37,4128681.76,demo,
2024-08-10,hotel-demo-1,Hotel Demo Centro,119,82,1,172,33,36,68.91,102217.99,8381875.34,1900542.48,327679.65,10610097.47,demo,
2024-08-10,hotel-demo-2,Hotel Demo Costa,62,32,2,64,14,11,51.61,122899.63,3932788.22,774804.13,134503.98,4842096.33,demo,
2024-08-11,hotel-demo-1,Hotel Demo Centro,119,78,1,146,34,27,65.55,93991.05,7331302.03,1403427.86,319012.63,9053742.51,demo,
2024-08-11,hotel-demo-2,Hotel Demo Costa,64,25,0,47,10,10,39.06,128745.33,3218633.23,811169.55,139818.97,4169621.75,demo,
2024-08-12,hotel-demo-1,Hotel Demo Centro,120,76,0,150,28,26,63.33,102695.28,7804841.36,1616537.42,166825.30,9588204.08,demo,
2024-08-12,hotel-demo-2,Hotel Demo Costa,64,25,0,43,10,8,39.06,124090.47,3102261.79,711957.68,115731.95,3929951.41,demo,
2024-08-13,hotel-demo-1,Hotel Demo Centro,119,75,1,145,28,33,63.03,94733.57,7105017.53,1582170.24,210400.42,8897588.19,demo,
2024-08-13,hotel-demo-2,Hotel Demo Costa,64,21,0,38,8,7,32.81,123590.60,2595402.57,520233.81,58886.72,3174523.10,demo,
2024-08-14,hotel-demo-1,Hotel Demo Centro,120,71,0,127,27,27,59.17,94501.11,6709578.58,1336345.67,254361.05,8300285.30,demo,
2024-08-14,hotel-demo-2,Hotel Demo Costa,64,32,0,58,12,13,50.00,125315.36,4010091.45,1030906.19,161417.90,5202415.55,demo,
2024-08-15,hotel-demo-1,Hotel Demo Centro,119,80,1,162,36,31,67.23,103599.09,8287927.44,1859911.86,176149.64,10323988.94,demo,
2024-08-15,hotel-demo-2,Hotel Demo Costa,64,24,0,48,9,8,37.50,129494.06,3107857.50,686296.59,66397.95,3860552.04,demo,
2024-08-16,hotel-demo-1,Hotel Demo Centro,120,85,0,154,34,30,70.83,100465.93,8539603.70,2206387.89,352110.26,11098101.85,demo,
2024-08-16,hotel-demo-2,Hotel Demo Costa,64,35,0,69,15,13,54.69,130744.44,4576055.45,974942.54,214425.01,5765423.01,demo,
2024-08-17,hotel-demo-1,Hotel Demo Centro,120,93,0,195,30,33,77.50,98098.10,9123123.29,2254612.63,404666.09,11782402.01,demo,
2024-08-17,hotel-demo-2,Hotel Demo Costa,64,25,0,52,8,9,39.06,132616.58,3315414.59,655430.33,163793.33,4134638.25,demo,
2024-08-18,hotel-demo-1,Hotel Demo Centro,118,74,2,143,30,24,62.71,101027.52,7476036.56,1706314.17,188888.53,9371239.25,demo,
2024-08-18,hotel-demo-2,Hotel Demo Costa,62,27,2,46,10,11,43.55,130246.89,3516666.09,824497.94,163500.56,4504664.58,demo,
2024-08-19,hotel-demo-1,Hotel Demo Centro,120,77,0,141,28,27,64.17,94909.49,7308030.59,1852376.16,262886.73,9423293.48,demo,
2024-08-19,hotel-demo-2,Hotel Demo Costa,64,27,0,51,11,10,42.19,126458.48,3414379.01,785578.87,78195.37,4278153.25,demo,
2024-08-20,hotel-demo-1,Hotel Demo Centro,118,82,2,158,26,25,69.49,100698.80,8257301.86,1991065.74,320056.84,10568424.44,demo,
2024-08-20,hotel-demo-2,Hotel Demo Costa,63,20,1,36,7,6,31.75,123419.06,2468381.11,578107.58,90781.48,3137270.17,demo,
2024-08-21,hotel-demo-1,Hotel Demo Centro,120,75,0,131,29,23,62.50,99147.34,7436050.69,1533726.30,191660.04,9161437.03,demo,
2024-08-21,hotel-demo-2,Hotel Demo Costa,64,25,0,48,9,10,39.06,124466.14,3111653.58,571068.29,74152.02,3756873.88,demo,
2024-08-22,hotel-demo-1,Hotel Demo Centro,120,70,0,143,25,23,58.33,95286.95,6670086.43,1471211.82,300522.40,8441820.66,demo,
2024-08-22,hotel-demo-2,Hotel Demo Costa,64,27,0,49,9,9,42.19,133819.99,3613139.74,813996.13,108646.44,4535782.32,demo,
2024-08-23,hotel-demo-1,Hotel Demo Centro,120,79,0,160,24,24,65.83,102862.73,8126155.40,1707085.39,260113.17,10093353.96,demo,
2024-08-23,hotel-demo-2,Hotel Demo Costa,64,31,0,62,11,12,48.44,125483.79,3889997.54,754393.95,181123.99,4825515.47,demo,
2024-08-24,hotel-demo-1,Hotel Demo Centro,120,99,0,175,38,42,82.50,99454.54,9845999.92,2063438.53,306904.82,12216343.27,demo,
2024-08-24,hotel-demo-2,Hotel Demo Costa,64,36,0,74,15,14,56.25,127160.06,4577762.05,981303.78,178918.57,5737984.40,demo,
2024-08-25,hotel-demo-1,Hotel Demo Centro,120,68,0,120,24,29,56.67,102834.10,6992719.11,1701187.15,268846.23,8962752.49,demo,
2024-08-25,hotel-demo-2,Hotel Demo Costa,63,23,1,44,7,8,36.51,126638.73,2912690.76,617710.89,138747.65,3669149.30,demo,
2024-08-26,hotel-demo-1,Hotel Demo Centro,120,76,0,130,29,27,63.33,98032.33,7450457.43,1650318.47,200457.00,9301232.90,demo,
2024-08-26,hotel-demo-2,Hotel Demo Costa,64,27,0,51,11,11,42.19,127937.75,3454319.20,644553.44,156405.02,4255277.66,demo,
2024-08-27,hotel-demo-1,Hotel Demo Centro,120,83,0,169,34,32,69.17,97080.21,8057657.74,1839746.36,194479.25,10091883.36,demo,
2024-08-27,hotel-demo-2,Hotel Demo Costa,64,23,0,40,8,8,35.94,129526.78,2979115.90,658419.64,127609.88,3765145.43,demo,
2024-08-28,hotel-demo-1,Hotel Demo Centro,119,77,1,142,30,25,64.71,97362.97,7496948.53,1619324.05,275538.38,9391810.96,demo,
2024-08-28,hotel-demo-2,Hotel Demo Costa,62,28,2,48,9,13,45.16,127409.59,3567468.46,809659.82,132093.81,4509222.09,demo,
2024-08-29,hotel-demo-1,Hotel Demo Centro,119,84,1,173,26,27,70.59,96442.75,8101191.30,1827314.44,271763.05,10200268.78,demo,
2024-08-29,hotel-demo-2,Hotel Demo Costa,64,29,0,54,9,10,45.31,127420.25,3695187.23,820152.92,124305.77,4639645.92,demo,
2024-08-30,hotel-demo-1,Hotel Demo Centro,120,92,0,179,41,36,76.67,99785.51,9180266.46,2173645.92,314363.54,11668275.93,demo,
2024-08-30,hotel-demo-2,Hotel Demo Costa,62,36,2,68,11,11,58.06,128034.05,4609225.75,1039557.06,160072.69,5808855.50,demo,
2024-08-31,hotel-demo-1,Hotel Demo Centro,118,84,2,149,32,30,71.19,102908.00,8644271.96,1872576.24,409090.11,10925938.30,demo,
2024-08-31,hotel-demo-2,Hotel Demo Costa,64,32,0,56,11,13,50.00,135716.54,4342929.36,924619.44,186119.82,5453668.62,demo,
2024-09-01,hotel-demo-1,Hotel Demo Centro,120,77,0,131,24,34,64.17,104272.28,8028965.53,1994891.64,256125.85,10279983.02,demo,
2024-09-01,hotel-demo-2,Hotel Demo Costa,64,28,0,49,10,11,43.75,138042.70,3865195.66,748484.04,79398.79,4693078.48,demo,
2024-09-02,hotel-demo-1,Hotel Demo Centro,120,84,0,167,37,30,70.00,105293.93,8844689.92,2166249.82,346980.42,11357920.17,demo,
2024-09-02,hotel-demo-2,Hotel Demo Costa,64,32,0,65,13,10,50.00,127144.31,4068617.89,741446.75,83149.53,4893214.16,demo,
2024-09-03,hotel-demo-1,Hotel Demo Centro,118,80,2,140,27,28,67.80,98976.75,7918140.18,1768407.44,381398.58,10067946.19,demo,
2024-09-03,hotel-demo-2,Hotel Demo Costa,64,38,0,76,14,17,59.38,127638.43,4850260.33,1216623.80,156823.01,6223707.13,demo,
2024-09-04,hotel-demo-1,Hotel Demo Centro,120,75,0,137,32,28,62.50,100345.85,7525939.05,1737199.54,350099.24,9613237.83,demo,
2024-09-04,hotel-demo-2,Hotel Demo Costa,64,38,0,68,14,13,59.38,127455.56,4843311.16,1165859.01,114891.50,6124061.67,demo,
2024-09-05,hotel-demo-1,Hotel Demo Centro,120,92,0,158,39,33,76.67,98420.71,9054704.96,1859864.40,394867.77,11309437.14,demo,
2024-09-05,hotel-demo-2,Hotel Demo Costa,64,34,0,70,13,11,53.12,138031.18,4693060.13,1106164.80,125179.50,5924404.44,demo,
2024-09-06,hotel-demo-1,Hotel Demo Centro,120,99,0,181,40,33,82.50,99557.53,9856195.19,1835747.51,411492.93,12103435.63,demo,
2024-09-06,hotel-demo-2,Hotel Demo Costa,64,41,0,78,17,17,64.06,132754.38,5442929.43,1052778.39,180929.95,6676637.78,demo,
2024-09-07,hotel-demo-1,Hotel Demo Centro,120,101,0,194,38,35,84.17,101127.19,10213846.56,2088402.56,291061.66,12593310.78,demo,
2024-09-07,hotel-demo-2,Hotel Demo Costa,63,41,1,78,16,16,65.08,140156.92,5746433.69,1480507.79,179256.25,7406197.72,demo,
2024-09-08,hotel-demo-1,Hotel Demo Centro,118,86,2,148,31,31,72.88,104590.21,8994757.77,2075975.52,279246.00,11349979.29,demo,
2024-09-08,hotel-demo-2,Hotel Demo Costa,62,28,2,54,12,12,45.16,133775.05,3745701.41,878311.99,103488.64,4727502.03,demo,
2024-09-09,hotel-demo-1,Hotel Demo Centro,119,87,1,171,31,30,73.11,100010.50,8700913.31,1776531.29,426610.16,10904054.75,demo,
2024-09-09,hotel-demo-2,Hotel Demo Costa,64,37,0,78,16,11,57.81,140284.30,5190519.20,1099547.22,151786.41,6441852.83,demo,
2024-09-10,hotel-demo-1,Hotel Demo Centro,120,87,0,150,28,36,72.50,102135.19,8885761.10,2178341.10,227201.28,11291303.48,demo,
2024-09-10,hotel-demo-2,Hotel Demo Costa,63,35,1,63,13,14,55.56,129574.87,4535120.61,839636.74,94738.67,5469496.03,demo,
2024-09-11,hotel-demo-1,Hotel Demo Centro,120,80,0,150,28,35,66.67,107178.17,8574253.95,1867974.47,258178.50,10700406.92,demo,
2024-09-11,hotel-demo-2,Hotel Demo Costa,64,37,0,75,16,11,57.81,128058.67,4738170.93,1182852.73,151878.52,6072902.17,demo,
2024-09-12,hotel-demo-1,Hotel Demo Centro,120,77,0,131,27,24,64.17,107835.16,8303307.32,2130659.97,368488.92,10802456.21,demo,
2024-09-12,hotel-demo-2,Hotel Demo Costa,63,33,1,66,11,11,52.38,141449.02,4667817.57,1160270.08,220115.99,6048203.63,demo,
2024-09-13,hotel-demo-1,Hotel Demo Centro,119,92,1,181,31,31,77.31,99515.62,9155436.73,1974854.58,214881.39,11345172.70,demo,
2024-09-13,hotel-demo-2,Hotel Demo Costa,64,34,0,70,11,11,53.12,131233.97,4461954.88,895114.03,152996.28,5510065.19,demo,
2024-09-14,hotel-demo-1,Hotel Demo Centro,119,91,1,171,30,31,76.47,104615.19,9519982.56,2311514.13,466359.57,12297856.26,demo,
2024-09-14,hotel-demo-2,Hotel Demo Costa,64,35,0,60,13,15,54.69,141272.41,4944534.34,1118222.99,99139.67,6161897.00,demo,
2024-09-15,hotel-demo-1,Hotel Demo Centro,119,73,1,130,29,24,61.34,101228.02,7389645.65,1812619.76,213595.54,9415860.95,demo,
2024-09-15,hotel-demo-2,Hotel Demo Costa,64,34,0,69,13,14,53.12,141983.99,4827455.59,1141798.40,165815.77,6135069.76,demo,
2024-09-16,hotel-demo-1,Hotel Demo Centro,120,97,0,197,42,31,80.83,106906.03,10369885.15,2470019.92,300447.24,13140352.31,demo,
2024-09-16,hotel-demo-2,Hotel Demo Costa,64,36,0,67,12,15,56.25,138049.34,4969776.26,972124.88,227056.98,6168958.12,demo,
2024-09-17,hotel-demo-1,Hotel Demo Centro,120,85,0,157,36,27,70.83,106464.82,9049509.76,1770558.35,357791.73,11177859.85,demo,
2024-09-17,hotel-demo-2,Hotel Demo Costa,63,35,1,69,14,16,55.56,131176.19,4591166.77,845682.68,226841.76,5663691.21,demo,
2024-09-18,hotel-demo-1,Hotel Demo Centro,120,79,0,143,31,28,65.83,106289.33,8396857.27,2092426.83,331754.19,10821038.29,demo,
2024-09-18,hotel-demo-2,Hotel Demo Costa,64,37,0,69,17,15,57.81,138272.67,5116088.92,959595.43,193318.43,6269002.77,demo,
2024-09-19,hotel-demo-1,Hotel Demo Centro,118,76,2,151,32,24,64.41,103395.67,7858070.92,1740657.71,295004.92,9893733.54,demo,
2024-09-19,hotel-demo-2,Hotel Demo Costa,64,37,0,64,13,15,57.81,129514.88,4792050.50,1083034.48,189665.60,6064750.58,demo,
2024-09-20,hotel-demo-1,Hotel Demo Centro,120,110,0,218,42,49,91.67,105260.04,11578604.20,2496273.23,432022.55,14506899.98,demo,
2024-09-20,hotel-demo-2,Hotel Demo Costa,64,40,0,74,13,16,62.50,142115.51,5684620.27,1297068.62,150535.56,7132224.45,demo,
2024-09-21,hotel-demo-1,Hotel Demo Centro,120,93,0,182,38,36,77.50,105051.65,9769803.34,1969123.16,380959.76,12119886.25,demo,
2024-09-21,hotel-demo-2,Hotel Demo Costa,64,34,0,65,11,13,53.12,130279.53,4429504.04,841471.54,103206.13,5374181.72,demo,
2024-09-22,hotel-demo-1,Hotel Demo Centro,120,78,0,158,29,30,65.00,100438.79,7834225.59,1866631.11,228731.86,9929588.56,demo,
2024-09-22,hotel-demo-2,Hotel Demo Costa,64,32,0,61,14,12,50.00,140320.90,4490268.75,1051732.98,196056.01,5738057.73,demo,
2024-09-23,hotel-demo-1,Hotel Demo Centro,120,93,0,184,30,42,77.50,106057.77,9863372.82,1971973.58,377383.39,12212729.79,demo,
2024-09-23,hotel-demo-2,Hotel Demo Costa,64,32,0,56,10,13,50.00,142378.52,4556112.62,968270.44,133868.19,5658251.26,demo,
2024-09-24,hotel-demo-1,Hotel Demo Centro,120,79,0,162,32,29,65.83,103787.14,8199183.86,1813667.00,409456.03,10422306.89,demo,
2024-09-24,hotel-demo-2,Hotel Demo Costa,62,34,2,60,15,14,54.84,138918.68,4723235.19,866186.92,158037.38,5747459.49,demo,
2024-09-25,hotel-demo-1,Hotel Demo Centro,120,91,0,165,34,31,75.83,107548.77,9786937.70,2427768.94,447597.62,12662304.26,demo,
2024-09-25,hotel-demo-2,Hotel Demo Costa,63,33,1,56,12,11,52.38,141893.75,4682493.91,1160641.07,101726.72,5944861.70,demo,
2024-09-26,hotel-demo-1,Hotel Demo Centro,119,90,1,170,32,32,75.63,99054.94,8914944.22,2153456.56,245197.01,11313597.79,demo,
2024-09-26,hotel-demo-2,Hotel Demo Costa,64,32,0,57,10,11,50.00,134738.27,4311624.79,1076358.87,111903.64,5499887.30,demo,
2024-09-27,hotel-demo-1,Hotel Demo Centro,120,86,0,163,38,37,71.67,102463.25,8811839.15,2124987.50,409336.33,11346162.98,demo,
2024-09-27,hotel-demo-2,Hotel Demo Costa,64,36,0,68,12,11,56.25,135826.99,4889771.71,1113728.37,98973.22,6102473.29,demo,
2024-09-28,hotel-demo-1,Hotel Demo Centro,119,92,1,175,30,41,77.31,106541.57,9801824.67,2399449.41,402211.49,12603485.57,demo,
2024-09-28,hotel-demo-2,Hotel Demo Costa,62,34,2,65,14,15,54.84,132803.85,4515330.92,1124985.71,141829.16,5782145.79,demo,
2024-09-29,hotel-demo-1,Hotel Demo Centro,120,78,0,143,27,27,65.00,101158.15,7890335.89,1420598.75,314137.33,9625071.97,demo,
2024-09-29,hotel-demo-2,Hotel Demo Costa,64,29,0,58,11,10,45.31,134730.20,3907175.94,935000.36,120503.36,4962679.66,demo,
2024-09-30,hotel-demo-1,Hotel Demo Centro,120,93,0,193,37,32,77.50,101368.86,9427303.83,2033107.28,216442.62,11676853.73,demo,
2024-09-30,hotel-demo-2,Hotel Demo Costa,62,30,2,60,13,9,48.39,143687.78,4310633.27,1084525.34,144209.94,5539368.54,demo,
2024-10-01,hotel-demo-1,Hotel Demo Centro,120,77,0,158,34,25,64.17,107514.65,8278628.36,1753409.40,335622.45,10367660.21,demo,
2024-10-01,hotel-demo-2,Hotel Demo Costa,64,37,0,73,14,13,57.81,145147.65,5370463.21,1306374.57,180787.14,6857624.92,demo,
2024-10-02,hotel-demo-1,Hotel Demo Centro,120,97,0,203,32,31,80.83,109008.32,10573807.06,1946866.25,522353.57,13043026.88,demo,
2024-10-02,hotel-demo-2,Hotel Demo Costa,62,33,2,56,12,14,53.23,137103.86,4524427.46,1171016.40,175451.23,5870895.09,demo,
2024-10-03,hotel-demo-1,Hotel Demo Centro,120,82,0,166,27,28,68.33,109073.83,8944053.96,2063790.75,326693.50,11334538.22,demo,
2024-10-03,hotel-demo-2,Hotel Demo Costa,64,32,0,57,12,14,50.00,140047.68,4481525.90,971376.16,199284.22,5652186.28,demo,
2024-10-04,hotel-demo-1,Hotel Demo Centro,119,91,1,184,36,32,76.47,101070.32,9197398.83,2043131.18,384478.30,11625008.31,demo,
2024-10-04,hotel-demo-2,Hotel Demo Costa,62,44,2,77,18,15,70.97,133411.31,5870097.63,1510428.13,286041.23,7666566.99,demo,
2024-10-05,hotel-demo-1,Hotel Demo Centro,118,104,2,189,39,44,88.14,101404.31,10546048.38,2594264.54,243449.83,13383762.75,demo,
2024-10-05,hotel-demo-2,Hotel Demo Costa,63,45,1,85,20,15,71.43,142984.68,6434310.75,1526141.92,302724.28,8263176.95,demo,
2024-10-06,hotel-demo-1,Hotel Demo Centro,120,85,0,167,29,36,70.83,106524.01,9054541.06,2121973.94,221896.03,11398411.02,demo,
2024-10-06,hotel-demo-2,Hotel Demo Costa,64,39,0,69,13,14,60.94,145574.43,5677402.77,1466154.94,246021.85,7389579.56,demo,
2024-10-07,hotel-demo-1,Hotel Demo Centro,120,94,0,175,39,33,78.33,103663.06,9744327.38,2084375.60,397594.14,12226297.12,demo,
2024-10-07,hotel-demo-2,Hotel Demo Costa,63,42,1,84,18,14,66.67,134766.80,5660205.61,1342565.02,202682.78,7205453.42,demo,
2024-10-08,hotel-demo-1,Hotel Demo Centro,120,92,0,192,40,31,76.67,103498.33,9521846.65,1823730.90,434190.17,11779767.72,demo,
2024-10-08,hotel-demo-2,Hotel Demo Costa,64,37,0,70,14,12,57.81,134475.14,4975580.26,937801.28,186326.59,6099708.12,demo,
2024-10-09,hotel-demo-1,Hotel Demo Centro,120,92,0,180,28,29,76.67,105449.54,9701357.85,2307027.46,323241.57,12331626.88,demo,
2024-10-09,hotel-demo-2,Hotel Demo Costa,63,41,1,78,17,15,65.08,141643.86,5807398.45,1430719.15,276284.12,7514401.71,demo,
2024-10-10,hotel-demo-1,Hotel Demo Centro,118,90,2,170,36,32,76.27,106974.48,9627703.18,1792454.38,392548.40,11812705.96,demo,
2024-10-10,hotel-demo-2,Hotel Demo Costa,64,44,0,76,17,18,68.75,134355.33,5911634.60,1197558.57,214279.24,7323472.41,demo,
2024-10-11,hotel-demo-1,Hotel Demo Centro,120,98,0,196,43,37,81.67,101648.90,9961591.84,2039022.18,492264.50,12492878.52,demo,
2024-10-11,hotel-demo-2,Hotel Demo Costa,62,41,2,76,16,18,66.13,145479.71,5964668.12,1145305.35,224362.57,7334336.04,demo,
2024-10-12,hotel-demo-1,Hotel Demo Centro,120,92,0,179,35,38,76.67,111289.35,10238619.98,2253823.25,509559.39,13002002.62,demo,
2024-10-12,hotel-demo-2,Hotel Demo Costa,64,39,0,69,15,15,60.94,137155.68,5349071.64,1224033.30,119016.57,6692121.51,demo,
2024-10-13,hotel-demo-1,Hotel Demo Centro,120,76,0,131,31,28,63.33,101569.38,7719273.10,1745489.21,236217.90,9700980.20,demo,
2024-10-13,hotel-demo-2,Hotel Demo Costa,64,43,0,89,14,15,67.19,146474.80,6298416.49,1335737.54,287900.80,7922054.83,demo,
2024-10-14,hotel-demo-1,Hotel Demo Centro,120,81,0,141,29,31,67.50,108372.94,8778208.29,1973903.31,216267.55,10968379.15,demo,
2024-10-14,hotel-demo-2,Hotel Demo Costa,64,36,0,74,15,12,56.25,135666.17,4883982.18,1165036.10,232105.44,6281123.72,demo,
2024-10-15,hotel-demo-1,Hotel Demo Centro,120,91,0,169,40,32,75.83,104435.49,9503629.95,1734468.16,361445.12,11599543.23,demo,
2024-10-15,hotel-demo-2,Hotel Demo Costa,64,42,0,86,15,15,65.62,136582.28,5736455.72,1158261.69,128790.74,7023508.14,demo,
2024-10-16,hotel-demo-1,Hotel Demo Centro,119,91,1,180,32,37,76.47,106184.10,9662753.19,2271775.50,239836.05,12174364.75,demo,
2024-10-16,hotel-demo-2,Hotel Demo Costa,64,46,0,87,16,19,71.88,134898.52,6205331.70,1562006.65,297946.41,8065284.75,demo,
2024-10-17,hotel-demo-1,Hotel Demo Centro,120,86,0,159,30,38,71.67,105691.56,9089474.11,2033196.27,227082.61,11349752.99,demo,
2024-10-17,hotel-demo-2,Hotel Demo Costa,63,38,1,70,14,14,60.32,144029.36,5473115.87,1184819.02,176845.15,6834780.05,demo,
2024-10-18,hotel-demo-1,Hotel Demo Centro,119,102,1,210,32,32,85.71,108069.24,11023062.79,2603288.19,530617.68,14156968.66,demo,
2024-10-18,hotel-demo-2,Hotel Demo Costa,63,39,1,80,13,16,61.90,142093.18,5541633.94,1354761.32,221838.83,7118234.10,demo,
2024-10-19,hotel-demo-1,Hotel Demo Centro,119,90,1,163,39,31,75.63,101480.61,9133254.61,1917723.21,244023.19,11295001.00,demo,
2024-10-19,hotel-demo-2,Hotel Demo Costa,64,39,0,71,13,15,60.94,147019.67,5733766.96,1270127.20,242179.20,7246073.35,demo,
2024-10-20,hotel-demo-1,Hotel Demo Centro,120,87,0,156,35,28,72.50,105798.34,9204455.20,1891055.28,227840.73,11323351.21,demo,
2024-10-20,hotel-demo-2,Hotel Demo Costa,64,35,0,68,11,14,54.69,136516.12,4778064.31,1027253.64,185708.18,5991026.13,demo,
2024-10-21,hotel-demo-1,Hotel Demo Centro,120,88,0,178,31,30,73.33,103656.54,9121775.77,2255236.31,381193.34,11758205.42,demo,
2024-10-21,hotel-demo-2,Hotel Demo Costa,64,46,0,80,17,16,71.88,136836.92,6294498.09,1275246.70,294822.61,7864567.40,demo,
2024-10-22,hotel-demo-1,Hotel Demo Centro,119,83,1,147,32,32,69.75,110329.86,9157378.18,1780052.52,185933.32,11123364.02,demo,
2024-10-22,hotel-demo-2,Hotel Demo Costa,64,41,0,78,13,18,64.06,138183.90,5665539.89,1033192.89,117226.51,6815959.29,demo,
2024-10-23,hotel-demo-1,Hotel Demo Centro,118,91,2,171,40,40,77.12,108752.10,9896441.21,2151125.10,438118.94,12485685.24,demo,
2024-10-23,hotel-demo-2,Hotel Demo Costa,64,38,0,78,14,16,59.38,146888.67,5581769.33,1430612.87,193324.32,7205706.52,demo,
2024-10-24,hotel-demo-1,Hotel Demo Centro,118,86,2,176,38,33,72.88,104574.00,8993363.77,1913649.86,342795.22,11249808.85,demo,
2024-10-24,hotel-demo-2,Hotel Demo Costa,64,40,0,68,14,15,62.50,146813.47,5872538.83,1114515.60,173578.59,7160633.02,demo,
2024-10-25,hotel-demo-1,Hotel Demo Centro,120,88,0,165,37,29,73.33,108112.36,9513887.96,2204383.15,384969.56,12103240.67,demo,
2024-10-25,hotel-demo-2,Hotel Demo Costa,64,39,0,80,17,17,60.94,144043.04,5617678.62,1139281.81,220830.94,6977791.37,demo,
2024-10-26,hotel-demo-1,Hotel Demo Centro,120,107,0,206,37,42,89.17,104995.46,11234513.76,2699601.78,359620.50,14293736.03,demo,
2024-10-26,hotel-demo-2,Hotel Demo Costa,64,47,0,99,20,19,73.44,139131.18,6539165.66,1608873.58,157999.53,8306038.77,demo,
2024-10-27,hotel-demo-1,Hotel Demo Centro,120,93,0,170,36,39,77.50,103328.51,9609551.26,2457850.19,213824.67,12281226.13,demo,
2024-10-27,hotel-demo-2,Hotel Demo Costa,63,38,1,68,14,14,60.32,145169.85,5516454.26,1287864.90,196677.65,7000996.81,demo,
2024-10-28,hotel-demo-1,Hotel Demo Centro,120,88,0,157,35,33,73.33,109707.93,9654298.03,1795810.96,336338.10,11786447.09,demo,
2024-10-28,hotel-demo-2,Hotel Demo Costa,63,43,1,75,19,15,68.25,145564.42,6259270.11,1551200.85,145026.13,7955497.09,demo,
2024-10-29,hotel-demo-1,Hotel Demo Centro,119,84,1,173,28,26,70.59,111758.85,9387743.05,2249322.76,255505.02,11892570.82,demo,
2024-10-29,hotel-demo-2,Hotel Demo Costa,62,37,2,64,13,16,59.68,141082.48,5220051.70,1123914.96,162309.26,6506275.93,demo,
2024-10-30,hotel-demo-1,Hotel Demo Centro,120,87,0,150,27,29,72.50,102986.63,8959836.46,1638351.22,250744.14,10848931.82,demo,
2024-10-30,hotel-demo-2,Hotel Demo Costa,64,40,0,80,13,15,62.50,141409.08,5656363.22,1148464.62,214316.22,7019144.06,demo,
2024-10-31,hotel-demo-1,Hotel Demo Centro,120,90,0,188,39,29,75.00,109692.49,9872324.38,2114985.61,203614.77,12190924.75,demo,
2024-10-31,hotel-demo-2,Hotel Demo Costa,64,38,0,73,12,12,59.38,144693.05,5498336.09,1425350.42,247759.26,7171445.77,demo,
2024-11-01,hotel-demo-1,Hotel Demo Centro,120,95,0,187,41,41,79.17,105442.64,10017050.55,2070515.43,355955.21,12443521.18,demo,
2024-11-01,hotel-demo-2,Hotel Demo Costa,64,50,0,104,18,21,78.12,146531.19,7326559.32,1462010.69,309403.33,9097973.34,demo,
2024-11-02,hotel-demo-1,Hotel Demo Centro,120,103,0,199,46,35,85.83,112097.16,11546007.30,2400502.72,345639.77,14292149.79,demo,
2024-11-02,hotel-demo-2,Hotel Demo Costa,64,49,0,97,18,16,76.56,143590.79,7035948.86,1812162.04,246031.73,9094142.62,demo,
2024-11-03,hotel-demo-1,Hotel Demo Centro,120,78,0,159,24,25,65.00,107650.14,8396710.64,1514827.22,256667.84,10168205.70,demo,
2024-11-03,hotel-demo-2,Hotel Demo Costa,64,45,0,77,20,15,70.31,145828.81,6562296.55,1663284.85,188495.80,8414077.20,demo,
2024-11-04,hotel-demo-1,Hotel Demo Centro,118,73,2,136,24,25,61.86,103979.94,7590535.53,1832452.65,208744.38,9631732.57,demo,
2024-11-04,hotel-demo-2,Hotel Demo Costa,64,47,0,87,17,21,73.44,147014.30,6909672.09,1622481.26,212311.90,8744465.26,demo,
2024-11-05,hotel-demo-1,Hotel Demo Centro,118,79,2,158,28,28,66.95,108436.10,8566451.68,1929558.70,246716.34,10742726.72,demo,
2024-11-05,hotel-demo-2,Hotel Demo Costa,64,43,0,85,18,14,67.19,148477.61,6384537.16,1569033.28,235993.58,8189564.01,demo,
2024-11-06,hotel-demo-1,Hotel Demo Centro,120,92,0,157,34,37,76.67,105913.94,9744082.25,1996282.47,484034.94,12224399.66,demo,
2024-11-06,hotel-demo-2,Hotel Demo Costa,63,41,1,78,13,14,65.08,145612.76,5970123.10,1516910.10,173119.91,7660153.12,demo,
2024-11-07,hotel-demo-1,Hotel Demo Centro,120,92,0,174,32,37,76.67,104601.32,9623321.28,2303180.06,350293.04,12276794.39,demo,
2024-11-07,hotel-demo-2,Hotel Demo Costa,64,48,0,93,15,19,75.00,144162.05,6919778.30,1312059.99,219238.52,8451076.81,demo,
2024-11-08,hotel-demo-1,Hotel Demo Centro,118,98,2,187,32,32,83.05,105127.89,10302533.22,2598340.52,368332.76,13269206.51,demo,
2024-11-08,hotel-demo-2,Hotel Demo Costa,64,53,0,100,21,20,82.81,153622.83,8142009.95,1885776.79,254809.75,10282596.50,demo,
2024-11-09,hotel-demo-1,Hotel Demo Centro,120,94,0,185,33,31,78.33,105448.48,9912156.92,2311721.94,346757.16,12570636.01,demo,
2024-11-09,hotel-demo-2,Hotel Demo Costa,64,50,0,100,18,18,78.12,141150.07,7057503.65,1411773.91,149072.46,8618350.03,demo,
2024-11-10,hotel-demo-1,Hotel Demo Centro,120,82,0,157,34,26,68.33,105475.21,8648967.08,2070323.25,285605.24,11004895.57,demo,
2024-11-10,hotel-demo-2,Hotel Demo Costa,64,45,0,90,17,15,70.31,145394.97,6542773.75,1534862.07,318844.47,8396480.29,demo,
2024-11-11,hotel-demo-1,Hotel Demo Centro,118,76,2,133,25,30,64.41,103969.70,7901696.87,1916880.46,228728.91,10047306.24,demo,
2024-11-11,hotel-demo-2,Hotel Demo Costa,64,40,0,83,15,14,62.50,141591.89,5663675.65,1280151.94,258240.14,7202067.73,demo,
2024-11-12,hotel-demo-1,Hotel Demo Centro,120,85,0,176,34,37,70.83,104726.56,8901757.42,1991919.44,374017.84,11267694.71,demo,
2024-11-12,hotel-demo-2,Hotel Demo Costa,63,46,1,88,20,16,73.02,149464.43,6875363.78,1574421.26,154130.56,8603915.60,demo,
2024-11-13,hotel-demo-1,Hotel Demo Centro,120,88,0,176,34,27,73.33,109113.89,9602022.03,2389209.28,388480.88,12379712.19,demo,
2024-11-13,hotel-demo-2,Hotel Demo Costa,64,44,0,79,14,13,68.75,145947.71,6421699.17,1332181.82,305300.79,8059181.78,demo,
2024-11-14,hotel-demo-1,Hotel Demo Centro,119,87,1,171,29,30,73.11,105362.37,9166525.98,1682035.10,279487.60,11128048.68,demo,
2024-11-14,hotel-demo-2,Hotel Demo Costa,64,45,0,82,16,17,70.31,154170.97,6937693.76,1725410.07,231068.60,8894172.43,demo,
2024-11-15,hotel-demo-1,Hotel Demo Centro,120,102,0,183,42,34,85.00,105706.01,10782012.88,2059046.60,531317.67,13372377.15,demo,
2024-11-15,hotel-demo-2,Hotel Demo Costa,63,48,1,87,21,15,76.19,153397.85,7363096.58,1484576.14,277200.00,9124872.73,demo,
2024-11-16,hotel-demo-1,Hotel Demo Centro,120,87,0,169,38,38,72.50,109484.95,9525190.25,1979566.60,197931.20,11702688.04,demo,
2024-11-16,hotel-demo-2,Hotel Demo Costa,64,49,0,102,17,22,76.56,153104.15,7502103.43,1682448.22,364408.73,9548960.38,demo,
2024-11-17,hotel-demo-1,Hotel Demo Centro,120,81,0,146,31,28,67.50,112397.87,9104227.32,2331386.67,205446.96,11641060.94,demo,
2024-11-17,hotel-demo-2,Hotel Demo Costa,62,47,2,88,14,14,75.81,151059.96,7099818.18,1752803.00,322528.98,9175150.16,demo,
2024-11-18,hotel-demo-1,Hotel Demo Centro,119,71,1,145,23,28,59.66,105727.72,7506667.85,1811194.91,212321.07,9530183.83,demo,
2024-11-18,hotel-demo-2,Hotel Demo Costa,64,42,0,88,19,13,65.62,149595.96,6283030.50,1245524.05,305048.13,7833602.68,demo,
2024-11-19,hotel-demo-1,Hotel Demo Centro,118,88,2,172,38,28,74.58,107915.29,9496545.42,2334397.45,308439.15,12139382.02,demo,
2024-11-19,hotel-demo-2,Hotel Demo Costa,64,45,0,87,14,15,70.31,146971.37,6613711.50,1344367.88,162048.48,8120127.86,demo,
2024-11-20,hotel-demo-1,Hotel Demo Centro,120,84,0,162,38,33,70.00,114398.63,9609485.27,2466658.90,478260.07,12554404.25,demo,
2024-11-20,hotel-demo-2,Hotel Demo Costa,64,43,0,77,14,18,67.19,145623.64,6261816.40,1545921.71,180289.96,7988028.08,demo,
2024-11-21,hotel-demo-1,Hotel Demo Centro,120,81,0,151,31,34,67.50,111193.86,9006702.57,2057288.36,301445.69,11365436.62,demo,
2024-11-21,hotel-demo-2,Hotel Demo Costa,64,47,0,83,18,20,73.44,143495.98,6744311.16,1434381.60,237067.79,8415760.55,demo,
2024-11-22,hotel-demo-1,Hotel Demo Centro,119,105,1,200,40,38,88.24,104392.94,10961258.74,2119412.55,243235.17,13323906.46,demo,
2024-11-22,hotel-demo-2,Hotel Demo Costa,62,52,2,104,18,19,83.87,151068.88,7855581.72,2038764.85,167772.69,10062119.25,demo,
2024-11-23,hotel-demo-1,Hotel Demo Centro,120,108,0,213,40,38,90.00,105892.67,11436408.33,2065674.95,432198.43,13934281.71,demo,
2024-11-23,hotel-demo-2,Hotel Demo Costa,62,44,2,80,15,14,70.97,150651.85,6628681.38,1640765.91,217425.30,8486872.58,demo,
2024-11-24,hotel-demo-1,Hotel Demo Centro,120,84,0,148,37,28,70.00,107474.60,9027866.51,1976478.56,241125.29,11245470.37,demo,
2024-11-24,hotel-demo-2,Hotel Demo Costa,62,41,2,83,12,17,66.13,155611.82,6380084.58,1638332.58,230926.48,8249343.63,demo,
2024-11-25,hotel-demo-1,Hotel Demo Centro,120,93,0,190,42,38,77.50,109289.65,10163937.89,2180990.76,283489.47,12628418.12,demo,
2024-11-25,hotel-demo-2,Hotel Demo Costa,62,46,2,95,14,14,74.19,152298.06,7005710.70,1302551.34,284698.96,8592961.00,demo,
2024-11-26,hotel-demo-1,Hotel Demo Centro,120,86,0,174,35,29,71.67,111903.88,9623733.88,1936515.48,236195.24,11796444.60,demo,
2024-11-26,hotel-demo-2,Hotel Demo Costa,64,49,0,95,19,16,76.56,152999.81,7496990.78,1372736.64,304673.58,9174401.00,demo,
2024-11-27,hotel-demo-1,Hotel Demo Centro,118,79,2,162,33,27,66.95,109883.93,8680830.36,1629588.55,202879.88,10513298.79,demo,
2024-11-27,hotel-demo-2,Hotel Demo Costa,64,41,0,78,15,14,64.06,154089.24,6317658.69,1381666.26,278871.81,7978196.77,demo,
2024-11-28,hotel-demo-1,Hotel Demo Centro,119,80,1,143,32,25,67.23,107553.14,8604251.12,1586371.54,297407.33,10488030.00,demo,
2024-11-28,hotel-demo-2,Hotel Demo Costa,64,47,0,95,15,19,73.44,151691.45,7129497.99,1294671.16,297063.81,8721232.95,demo,
2024-11-29,hotel-demo-1,Hotel Demo Centro,120,84,0,157,32,28,70.00,107972.47,9069687.23,1749654.53,283122.97,11102464.74,demo,
2024-11-29,hotel-demo-2,Hotel Demo Costa,64,48,0,87,15,20,75.00,146190.58,7017147.68,1696696.70,192405.01,8906249.40,demo,
2024-11-30,hotel-demo-1,Hotel Demo Centro,118,93,2,188,31,36,78.81,111540.43,10373259.73,1993199.08,436467.37,12802926.18,demo,
2024-11-30,hotel-demo-2,Hotel Demo Costa,63,49,1,91,17,17,77.78,148522.55,7277605.00,1560047.53,194076.18,9031728.71,demo,
2024-12-01,hotel-demo-1,Hotel Demo Centro,120,60,0,116,24,21,50.00,106751.97,6405117.98,1271859.43,199164.89,7876142.31,demo,
2024-12-01,hotel-demo-2,Hotel Demo Costa,62,51,2,102,16,19,82.26,161389.62,8230870.52,1826203.44,371948.93,10429022.88,demo,
2024-12-02,hotel-demo-1,Hotel Demo Centro,119,74,1,135,30,28,62.18,108445.39,8024959.23,1645448.02,317469.46,9987876.71,demo,
2024-12-02,hotel-demo-2,Hotel Demo Costa,64,59,0,101,21,19,92.19,151032.51,8910918.38,1915919.64,438038.37,11264876.38,demo,
2024-12-03,hotel-demo-1,Hotel Demo Centro,118,79,2,140,27,32,66.95,106128.26,8384132.51,2105788.97,309494.48,10799415.96,demo,
2024-12-03,hotel-demo-2,Hotel Demo Costa,64,53,0,97,17,20,82.81,151133.51,8010075.84,1900042.17,274073.66,10184191.66,demo,
2024-12-04,hotel-demo-1,Hotel Demo Centro,118,70,2,124,24,31,59.32,112286.92,7860084.60,1631726.80,160533.46,9652344.86,demo,
2024-12-04,hotel-demo-2,Hotel Demo Costa,62,53,2,96,17,22,85.48,151080.13,8007247.02,1909349.24,227402.34,10143998.60,demo,
2024-12-05,hotel-demo-1,Hotel Demo Centro,120,70,0,145,27,23,58.33,102852.58,7199680.80,1429471.30,190743.33,8819895.43,demo,
2024-12-05,hotel-demo-2,Hotel Demo Costa,64,52,0,96,19,19,81.25,156662.45,8146447.17,1542804.47,299824.73,9989076.36,demo,
2024-12-06,hotel-demo-1,Hotel Demo Centro,118,78,2,136,34,31,66.10,107697.35,8400393.16,1979199.67,231146.66,10610739.48,demo,
2024-12-06,hotel-demo-2,Hotel Demo Costa,64,56,0,95,21,21,87.50,154949.69,8677182.88,1686154.06,368162.93,10731499.88,demo,
2024-12-07,hotel-demo-1,Hotel Demo Centro,120,81,0,140,31,25,67.50,113798.47,9217676.19,2178516.27,260170.89,11656363.35,demo,
2024-12-07,hotel-demo-2,Hotel Demo Costa,64,63,0,111,26,27,98.44,149681.69,9429946.51,1719144.86,441585.10,11590676.47,demo,
2024-12-08,hotel-demo-1,Hotel Demo Centro,118,70,2,144,30,23,59.32,111094.30,7776601.24,1606748.46,312306.19,9695655.89,demo,
2024-12-08,hotel-demo-2,Hotel Demo Costa,64,51,0,88,19,17,79.69,162170.18,8270679.12,1820558.89,346282.68,10437520.68,demo,
2024-12-09,hotel-demo-1,Hotel Demo Centro,120,69,0,120,28,23,57.50,109330.40,7543797.61,1637309.08,177187.59,9358294.28,demo,
2024-12-09,hotel-demo-2,Hotel Demo Costa,64,58,0,119,24,24,90.62,154179.19,8942392.95,2096734.03,431736.25,11470863.23,demo,
2024-12-10,hotel-demo-1,Hotel Demo Centro,120,78,0,151,27,31,65.00,110853.05,8646538.01,1739368.81,300005.21,10685912.03,demo,
2024-12-10,hotel-demo-2,Hotel Demo Costa,63,62,1,111,25,23,98.41,154928.40,9605560.70,2352139.26,421570.21,12379270.17,demo,
2024-12-11,hotel-demo-1,Hotel Demo Centro,120,71,0,139,31,25,59.17,108443.10,7699459.80,1584851.23,284210.80,9568521.83,demo,
2024-12-11,hotel-demo-2,Hotel Demo Costa,64,53,0,91,22,20,82.81,154422.25,8184379.34,1778852.74,209395.89,10172627.96,demo,
2024-12-12,hotel-demo-1,Hotel Demo Centro,120,68,0,127,28,30,56.67,111759.17,7599623.87,1915631.43,267573.81,9782829.11,demo,
2024-12-12,hotel-demo-2,Hotel Demo Costa,62,61,2,127,27,21,98.39,161578.24,9856272.71,1876548.24,295633.12,12028454.06,demo,
2024-12-13,hotel-demo-1,Hotel Demo Centro,120,85,0,163,35,26,70.83,108295.79,9205142.03,2190186.36,226668.69,11621997.07,demo,
2024-12-13,hotel-demo-2,Hotel Demo Costa,64,63,0,126,20,26,98.44,161894.39,10199346.42,1914070.43,243306.14,12356723.00,demo,
2024-12-14,hotel-demo-1,Hotel Demo Centro,118,77,2,146,23,30,65.25,105570.57,8128933.88,1616134.53,250927.29,9995995.70,demo,
2024-12-14,hotel-demo-2,Hotel Demo Costa,64,60,0,122,18,27,93.75,156707.87,9402472.03,1906794.34,297160.10,11606426.47,demo,
2024-12-15,hotel-demo-1,Hotel Demo Centro,120,75,0,148,23,30,62.50,105472.83,7910462.46,1505354.37,278520.37,9694337.20,demo,
2024-12-15,hotel-demo-2,Hotel Demo Costa,62,45,2,86,16,19,72.58,156007.08,7020318.45,1529613.54,210973.94,8760905.94,demo,
2024-12-16,hotel-demo-1,Hotel Demo Centro,119,76,1,156,28,23,63.87,108557.55,8250373.75,1791824.87,174869.42,10217068.04,demo,
2024-12-16,hotel-demo-2,Hotel Demo Costa,63,60,1,116,21,18,95.24,150521.97,9031318.30,1860186.08,352939.23,11244443.62,demo,
2024-12-17,hotel-demo-1,Hotel Demo Centro,120,82,0,166,32,25,68.33,113942.73,9343304.11,2357188.92,448179.51,12148672.54,demo,
2024-12-17,hotel-demo-2,Hotel Demo Costa,64,54,0,92,24,18,84.38,165054.28,8912930.97,2138580.78,291238.02,11342749.76,demo,
2024-12-18,hotel-demo-1,Hotel Demo Centro,120,61,0,109,27,21,50.83,111583.01,6806563.72,1251771.29,253204.72,8311539.74,demo,
2024-12-18,hotel-demo-2,Hotel Demo Costa,64,54,0,98,21,24,84.38,150799.57,8143176.58,1735685.41,194564.99,10073426.98,demo,
2024-12-19,hotel-demo-1,Hotel Demo Centro,120,66,0,121,23,28,55.00,110004.74,7260313.04,1583098.41,266669.22,9110080.67,demo,
2024-12-19,hotel-demo-2,Hotel Demo Costa,62,51,2,94,17,23,82.26,165976.26,8464789.33,1951224.73,311840.91,10727854.96,demo,
2024-12-20,hotel-demo-1,Hotel Demo Centro,120,64,0,134,23,24,53.33,112400.72,7193645.90,1458231.26,304446.32,8956323.48,demo,
2024-12-20,hotel-demo-2,Hotel Demo Costa,63,62,1,128,21,26,98.41,159490.42,9888405.75,2058390.02,262364.90,12209160.66,demo,
2024-12-21,hotel-demo-1,Hotel Demo Centro,120,73,0,129,25,28,60.83,113317.17,8272153.17,1786425.03,394724.95,10453303.15,demo,
2024-12-21,hotel-demo-2,Hotel Demo Costa,64,63,0,132,25,26,98.44,160719.71,10125341.48,1934808.61,390813.97,12450964.06,demo,
2024-12-22,hotel-demo-1,Hotel Demo Centro,118,73,2,137,30,25,61.86,109956.46,8026821.80,1568782.33,380440.88,9976045.01,demo,
2024-12-22,hotel-demo-2,Hotel Demo Costa,62,46,2,87,18,19,74.19,158071.59,7271292.94,1449537.28,184009.79,8904840.01,demo,
2024-12-23,hotel-demo-1,Hotel Demo Centro,119,66,1,119,27,21,55.46,113906.90,7517855.11,1395533.80,244425.68,9157814.59,demo,
2024-12-23,hotel-demo-2,Hotel Demo Costa,64,57,0,112,21,18,89.06,156929.25,8944967.42,2122908.85,316175.89,11384052.17,demo,
2024-12-24,hotel-demo-1,Hotel Demo Centro,120,82,0,154,33,34,68.33,107428.60,8809145.08,1818225.65,359514.26,10986884.99,demo,
2024-12-24,hotel-demo-2,Hotel Demo Costa,64,52,0,96,18,18,81.25,153633.89,7988962.24,1622353.99,212751.23,9824067.45,demo,
2024-12-25,hotel-demo-1,Hotel Demo Centro,119,75,1,145,24,23,63.03,107440.82,8058061.20,1597377.21,366863.98,10022302.40,demo,
2024-12-25,hotel-demo-2,Hotel Demo Costa,62,55,2,113,21,18,88.71,164994.08,9074674.15,1861612.22,283410.04,11219696.41,demo,
2024-12-26,hotel-demo-1,Hotel Demo Centro,120,71,0,147,31,30,59.17,111859.98,7942058.32,1656078.93,268279.96,9866417.21,demo,
2024-12-26,hotel-demo-2,Hotel Demo Costa,64,60,0,122,23,19,93.75,159628.30,9577698.07,1931993.00,467867.54,11977558.60,demo,
2024-12-27,hotel-demo-1,Hotel Demo Centro,120,83,0,144,27,35,69.17,105229.34,8734035.28,1997744.77,319309.95,11051090.00,demo,
2024-12-27,hotel-demo-2,Hotel Demo Costa,62,61,2,105,23,22,98.39,165738.33,10110038.28,1861122.81,441813.56,12412974.65,demo,
2024-12-28,hotel-demo-1,Hotel Demo Centro,120,80,0,168,27,29,66.67,111376.09,8910087.43,2056400.10,380160.39,11346647.92,demo,
2024-12-28,hotel-demo-2,Hotel Demo Costa,64,58,0,109,26,26,90.62,156190.72,9059061.51,2037393.31,265105.47,11361560.29,demo,
2024-12-29,hotel-demo-1,Hotel Demo Centro,118,72,2,129,25,25,61.02,114051.80,8211729.63,1605291.65,191015.93,10008037.20,demo,
2024-12-29,hotel-demo-2,Hotel Demo Costa,63,49,1,86,22,22,77.78,164487.34,8059879.43,2000370.05,308723.18,10368972.66,demo,
2024-12-30,hotel-demo-1,Hotel Demo Centro,120,76,0,146,31,23,63.33,114222.25,8680891.28,1781559.63,253833.66,10716284.56,demo,
2024-12-30,hotel-demo-2,Hotel Demo Costa,64,57,0,105,20,24,89.06,155388.48,8857143.56,2102099.68,255474.62,11214717.86,demo,
2024-12-31,hotel-demo-1,Hotel Demo Centro,118,69,2,135,28,30,58.47,110341.73,7613579.64,1961948.32,162778.32,9738306.28,demo,
2024-12-31,hotel-demo-2,Hotel Demo Costa,64,58,0,106,24,21,90.62,153956.95,8929502.99,1703238.21,379457.32,11012198.53,demo,
2025-01-01,hotel-demo-1,Hotel Demo Centro,120,65,0,133,26,27,54.17,115147.42,7484582.51,1431332.14,322564.37,9238479.02,demo,
2025-01-01,hotel-demo-2,Hotel Demo Costa,64,63,0,126,19,20,98.44,173205.86,10911968.94,2578769.15,301833.06,13792571.15,demo,
2025-01-02,hotel-demo-1,Hotel Demo Centro,118,63,2,114,22,20,53.39,117320.32,7391180.33,1523807.13,267296.73,9182284.20,demo,
2025-01-02,hotel-demo-2,Hotel Demo Costa,63,62,1,124,23,21,98.41,172200.29,10676418.24,2769847.01,454358.69,13900623.94,demo,
2025-01-03,hotel-demo-1,Hotel Demo Centro,119,69,1,135,25,21,57.98,117604.13,8114684.78,1721264.91,233819.88,10069769.57,demo,
2025-01-03,hotel-demo-2,Hotel Demo Costa,62,61,2,118,20,20,98.39,177721.12,10840988.17,2726069.28,449327.89,14016385.34,demo,
2025-01-04,hotel-demo-1,Hotel Demo Centro,120,83,0,149,36,35,69.17,109912.35,9122724.74,1761261.64,453674.09,11337660.47,demo,
2025-01-04,hotel-demo-2,Hotel Demo Costa,64,63,0,112,22,27,98.44,168573.66,10620140.81,2291242.18,339582.68,13250965.67,demo,
2025-01-05,hotel-demo-1,Hotel Demo Centro,120,53,0,101,20,20,44.17,112424.99,5958524.48,1172793.71,135399.90,7266718.09,demo,
2025-01-05,hotel-demo-2,Hotel Demo Costa,64,55,0,115,17,22,85.94,169633.30,9329831.27,2312162.19,270759.48,11912752.94,demo,
2025-01-06,hotel-demo-1,Hotel Demo Centro,120,62,0,120,21,25,51.67,109399.94,6782796.22,1475834.83,143589.93,8402220.98,demo,
2025-01-06,hotel-demo-2,Hotel Demo Costa,64,62,0,106,20,22,96.88,168595.55,10452923.89,2655004.61,455713.02,13563641.53,demo,
2025-01-07,hotel-demo-1,Hotel Demo Centro,118,68,2,120,21,30,57.63,112181.69,7628355.00,1738354.10,272760.51,9639469.61,demo,
2025-01-07,hotel-demo-2,Hotel Demo Costa,62,61,2,126,21,21,98.39,176337.90,10756611.72,1936811.09,368815.22,13062238.03,demo,
2025-01-08,hotel-demo-1,Hotel Demo Centro,120,54,0,101,23,17,45.00,110553.98,5969914.79,1113837.56,136374.80,7220127.15,demo,
2025-01-08,hotel-demo-2,Hotel Demo Costa,64,63,0,124,24,28,98.44,175638.16,11065203.95,2108325.98,361396.52,13534926.45,demo,
2025-01-09,hotel-demo-1,Hotel Demo Centro,120,66,0,117,28,29,55.00,108213.95,7142120.80,1560282.78,326612.14,9029015.72,demo,
2025-01-09,hotel-demo-2,Hotel Demo Costa,64,61,0,123,23,23,95.31,168544.41,10281208.90,2584718.00,284363.15,13150290.05,demo,
2025-01-10,hotel-demo-1,Hotel Demo Centro,119,75,1,131,26,28,63.03,117622.98,8821723.44,1672794.78,365050.51,10859568.72,demo,
2025-01-10,hotel-demo-2,Hotel Demo Costa,64,63,0,126,22,25,98.44,177306.86,11170332.46,2208917.24,229009.43,13608259.13,demo,
2025-01-11,hotel-demo-1,Hotel Demo Centro,120,71,0,147,29,27,59.17,115497.35,8200311.62,2039542.68,219667.69,10459521.99,demo,
2025-01-11,hotel-demo-2,Hotel Demo Costa,63,62,1,129,19,21,98.41,178377.54,11059407.18,2404761.17,266350.30,13730518.64,demo,
2025-01-12,hotel-demo-1,Hotel Demo Centro,120,65,0,126,22,23,54.17,112814.82,7332963.26,1413468.57,238836.65,8985268.48,demo,
2025-01-12,hotel-demo-2,Hotel Demo Costa,64,54,0,94,19,17,84.38,174722.12,9434994.70,2272387.98,191748.07,11899130.75,demo,
2025-01-13,hotel-demo-1,Hotel Demo Centro,120,78,0,159,26,31,65.00,118433.98,9237850.52,2364511.28,196111.70,11798473.51,demo,
2025-01-13,hotel-demo-2,Hotel Demo Costa,62,60,2,122,22,24,96.77,179810.45,10788626.82,2688599.22,293869.01,13771095.05,demo,
2025-01-14,hotel-demo-1,Hotel Demo Centro,120,61,0,123,21,23,50.83,119765.03,7305666.88,1363584.23,168278.22,8837529.33,demo,
2025-01-14,hotel-demo-2,Hotel Demo Costa,62,61,2,106,26,24,98.39,178423.47,10883831.83,2540336.01,231423.32,13655591.15,demo,
2025-01-15,hotel-demo-1,Hotel Demo Centro,119,64,1,133,27,25,53.78,118368.73,7575598.96,1711082.31,270319.81,9557001.07,demo,
2025-01-15,hotel-demo-2,Hotel Demo Costa,64,62,0,126,22,28,96.88,176138.57,10920591.50,2707808.79,301467.59,13929867.88,demo,
2025-01-16,hotel-demo-1,Hotel Demo Centro,120,66,0,117,25,21,55.00,117191.07,7734610.75,1858360.37,335906.77,9928877.90,demo,
2025-01-16,hotel-demo-2,Hotel Demo Costa,63,58,1,107,20,24,92.06,169113.79,9808599.94,2155689.13,250960.53,12215249.60,demo,
2025-01-17,hotel-demo-1,Hotel Demo Centro,118,80,2,156,25,25,67.80,112197.67,8975813.25,2017706.28,227422.36,11220941.89,demo,
2025-01-17,hotel-demo-2,Hotel Demo Costa,63,62,1,127,21,24,98.41,165644.55,10269962.08,2634101.46,456368.28,13360431.82,demo,
2025-01-18,hotel-demo-1,Hotel Demo Centro,120,82,0,144,28,36,68.33,118927.08,9752020.59,2098912.49,432460.76,12283393.85,demo,
2025-01-18,hotel-demo-2,Hotel Demo Costa,63,62,1,124,25,28,98.41,174821.41,10838927.14,2721528.13,535160.46,14095615.73,demo,
2025-01-19,hotel-demo-1,Hotel Demo Centro,120,69,0,143,31,28,57.50,118112.91,8149790.85,1844433.59,186619.15,10180843.58,demo,
2025-01-19,hotel-demo-2,Hotel Demo Costa,64,63,0,123,24,23,98.44,172168.31,10846603.23,2450689.48,234243.72,13531536.43,demo,
2025-01-20,hotel-demo-1,Hotel Demo Centro,120,64,0,127,24,26,53.33,115618.29,7399570.56,1892722.02,309544.87,9601837.45,demo,
2025-01-20,hotel-demo-2,Hotel Demo Costa,62,60,2,118,21,18,96.77,180627.86,10837671.88,2075832.99,392197.77,13305702.64,demo,
2025-01-21,hotel-demo-1,Hotel Demo Centro,118,64,2,110,28,26,54.24,118058.11,7555718.78,1958194.59,340552.73,9854466.11,demo,
2025-01-21,hotel-demo-2,Hotel Demo Costa,64,61,0,114,21,19,95.31,167568.68,10221689.45,2094379.51,258836.98,12574905.94,demo,
2025-01-22,hotel-demo-1,Hotel Demo Centro,118,66,2,138,25,20,55.93,109937.53,7255877.26,1522658.60,181798.86,8960334.73,demo,
2025-01-22,hotel-demo-2,Hotel Demo Costa,64,62,0,122,20,22,96.88,173807.86,10776087.58,2780898.17,246869.10,13803854.86,demo,
2025-01-23,hotel-demo-1,Hotel Demo Centro,120,77,0,142,25,29,64.17,118638.82,9135189.01,1872103.77,262572.08,11269864.86,demo,
2025-01-23,hotel-demo-2,Hotel Demo Costa,63,59,1,102,20,19,93.65,178265.18,10517645.46,2687478.11,421349.00,13626472.56,demo,
2025-01-24,hotel-demo-1,Hotel Demo Centro,118,67,2,122,25,26,56.78,110575.93,7408587.14,1641650.33,295642.47,9345879.94,demo,
2025-01-24,hotel-demo-2,Hotel Demo Costa,63,62,1,118,22,23,98.41,171823.08,10653031.07,2238898.07,369808.90,13261738.03,demo,
2025-01-25,hotel-demo-1,Hotel Demo Centro,118,82,2,157,25,28,69.49,115786.26,9494473.49,2195830.50,400455.16,12090759.16,demo,
2025-01-25,hotel-demo-2,Hotel Demo Costa,64,63,0,119,21,21,98.44,176772.54,11136670.08,2044443.80,294395.59,13475509.46,demo,
2025-01-26,hotel-demo-1,Hotel Demo Centro,120,64,0,113,23,21,53.33,117229.52,7502689.52,1899828.03,224499.38,9627016.93,demo,
2025-01-26,hotel-demo-2,Hotel Demo Costa,64,60,0,109,24,22,93.75,168642.31,10118538.52,2532614.38,425980.42,13077133.32,demo,
2025-01-27,hotel-demo-1,Hotel Demo Centro,120,63,0,127,20,24,52.50,110523.30,6962967.92,1317048.38,172456.81,8452473.10,demo,
2025-01-27,hotel-demo-2,Hotel Demo Costa,64,60,0,123,27,23,93.75,167104.92,10026295.36,1900504.90,448038.29,12374838.55,demo,
2025-01-28,hotel-demo-1,Hotel Demo Centro,120,66,0,124,27,26,55.00,114837.71,7579289.08,1589165.85,319469.99,9487924.92,demo,
2025-01-28,hotel-demo-2,Hotel Demo Costa,64,57,0,112,20,18,89.06,181399.25,10339757.25,2150766.47,269035.10,12759558.81,demo,
2025-01-29,hotel-demo-1,Hotel Demo Centro,118,64,2,112,20,24,54.24,111752.79,7152178.76,1600442.10,211179.57,8963800.43,demo,
2025-01-29,hotel-demo-2,Hotel Demo Costa,64,63,0,110,21,25,98.44,175292.29,11043414.50,2706702.08,475538.96,14225655.54,demo,
2025-01-30,hotel-demo-1,Hotel Demo Centro,119,55,1,104,24,18,46.22,117071.56,6438935.84,1336798.42,319624.42,8095358.68,demo,
2025-01-30,hotel-demo-2,Hotel Demo Costa,64,63,0,108,23,27,98.44,178527.16,11247211.26,2412964.63,326121.10,13986296.99,demo,
2025-01-31,hotel-demo-1,Hotel Demo Centro,119,58,1,115,19,19,48.74,114282.00,6628356.18,1365977.47,211885.29,8206218.95,demo,
2025-01-31,hotel-demo-2,Hotel Demo Costa,63,62,1,117,24,23,98.41,172301.51,10682693.50,2185165.45,339548.20,13207407.15,demo,
2025-02-01,hotel-demo-1,Hotel Demo Centro,119,77,1,136,34,31,64.71,110004.58,8470352.57,1664562.03,313587.59,10448502.19,demo,
2025-02-01,hotel-demo-2,Hotel Demo Costa,63,62,1,124,27,25,98.41,170075.62,10544688.48,2685116.53,404597.03,13634402.04,demo,
2025-02-02,hotel-demo-1,Hotel Demo Centro,120,60,0,110,26,22,50.00,113374.52,6802471.48,1260374.48,263234.90,8326080.87,demo,
2025-02-02,hotel-demo-2,Hotel Demo Costa,62,57,2,113,20,24,91.94,171835.62,9794630.21,2203136.79,380623.98,12378390.97,demo,
2025-02-03,hotel-demo-1,Hotel Demo Centro,118,53,2,102,17,23,44.92,117870.11,6247115.93,1533268.00,299413.43,8079797.36,demo,
2025-02-03,hotel-demo-2,Hotel Demo Costa,64,62,0,129,28,20,96.88,176621.85,10950554.39,2774225.72,255467.18,13980247.29,demo,
2025-02-04,hotel-demo-1,Hotel Demo Centro,120,48,0,92,21,18,40.00,119855.31,5753054.72,1123927.42,163429.18,7040411.32,demo,
2025-02-04,hotel-demo-2,Hotel Demo Costa,63,55,1,113,24,17,87.30,176454.20,9704980.97,2005374.27,203234.09,11913589.33,demo,
2025-02-05,hotel-demo-1,Hotel Demo Centro,119,58,1,115,22,22,48.74,114807.29,6658822.55,1380842.00,321535.81,8361200.36,demo,
2025-02-05,hotel-demo-2,Hotel Demo Costa,64,63,0,117,20,26,98.44,179150.31,11286469.49,2128221.48,250925.74,13665616.72,demo,
2025-02-06,hotel-demo-1,Hotel Demo Centro,119,55,1,107,17,18,46.22,117496.57,6462311.13,1334286.63,258157.32,8054755.09,demo,
2025-02-06,hotel-demo-2,Hotel Demo Costa,64,56,0,114,23,21,87.50,172001.43,9632080.02,2215726.50,248306.91,12096113.43,demo,
2025-02-07,hotel-demo-1,Hotel Demo Centro,118,75,2,150,25,32,63.56,116947.28,8771045.72,1711648.94,208051.92,10690746.58,demo,
2025-02-07,hotel-demo-2,Hotel Demo Costa,64,63,0,124,28,21,98.44,179760.05,11324883.42,2704783.65,406750.46,14436417.53,demo,
2025-02-08,hotel-demo-1,Hotel Demo Centro,120,72,0,145,31,29,60.00,121709.22,8763063.57,2050207.14,258965.54,11072236.25,demo,
2025-02-08,hotel-demo-2,Hotel Demo Costa,64,63,0,112,24,19,98.44,178842.40,11267071.30,2310628.16,563048.48,14140747.94,demo,
2025-02-09,hotel-demo-1,Hotel Demo Centro,119,56,1,102,25,22,47.06,115325.79,6458244.38,1175131.72,156179.47,7789555.57,demo,
2025-02-09,hotel-demo-2,Hotel Demo Costa,63,56,1,106,18,24,88.89,173910.73,9739000.75,1964076.03,252558.53,11955635.32,demo,
2025-02-10,hotel-demo-1,Hotel Demo Centro,120,61,0,111,20,27,50.83,111315.69,6790256.99,1397859.96,232912.66,8421029.61,demo,
2025-02-10,hotel-demo-2,Hotel Demo Costa,64,58,0,107,23,19,90.62,176265.52,10223399.94,2273387.03,309083.20,12805870.17,demo,
2025-02-11,hotel-demo-1,Hotel Demo Centro,119,70,1,128,23,22,58.82,119789.15,8385240.62,1881645.14,312908.62,10579794.38,demo,
2025-02-11,hotel-demo-2,Hotel Demo Costa,63,57,1,106,18,20,90.48,181499.28,10345458.89,2121613.64,480255.29,12947327.82,demo,
2025-02-12,hotel-demo-1,Hotel Demo Centro,120,65,0,127,23,28,54.17,120596.72,7838786.87,1447994.04,214763.70,9501544.61,demo,
2025-02-12,hotel-demo-2,Hotel Demo Costa,64,56,0,112,23,18,87.50,182820.55,10237950.55,2332276.55,241726.95,12811954.04,demo,
2025-02-13,hotel-demo-1,Hotel Demo Centro,119,72,1,127,28,28,60.50,111724.11,8044136.26,1747147.45,380440.98,10171724.69,demo,
2025-02-13,hotel-demo-2,Hotel Demo Costa,64,62,0,113,23,20,96.88,171859.88,10655312.86,1932410.22,229863.92,12817587.00,demo,
2025-02-14,hotel-demo-1,Hotel Demo Centro,118,67,2,133,25,29,56.78,111355.34,7460807.61,1648365.99,310991.08,9420164.68,demo,
2025-02-14,hotel-demo-2,Hotel Demo Costa,64,63,0,120,25,23,98.44,179493.97,11308120.24,2480961.51,411087.96,14200169.70,demo,
2025-02-15,hotel-demo-1,Hotel Demo Centro,120,67,0,115,28,30,55.83,118495.98,7939230.34,1871935.72,272798.28,10083964.34,demo,
2025-02-15,hotel-demo-2,Hotel Demo Costa,64,63,0,108,24,21,98.44,178215.78,11227594.05,2647129.62,409817.65,14284541.32,demo,
2025-02-16,hotel-demo-1,Hotel Demo Centro,118,45,2,79,15,18,38.14,114365.03,5146426.54,1155378.00,181804.66,6483609.20,demo,
2025-02-16,hotel-demo-2,Hotel Demo Costa,62,53,2,98,17,23,85.48,180119.93,9546356.31,1874591.31,223201.49,11644149.11,demo,
2025-02-17,hotel-demo-1,Hotel Demo Centro,120,55,0,105,19,18,45.83,117797.12,6478841.80,1624572.40,178621.52,8282035.72,demo,
2025-02-17,hotel-demo-2,Hotel Demo Costa,63,61,1,120,27,19,96.83,175177.59,10685833.19,2433583.42,468574.80,13587991.42,demo,
2025-02-18,hotel-demo-1,Hotel Demo Centro,120,62,0,116,27,19,51.67,111880.61,6936597.88,1368068.38,178434.02,8483100.28,demo,
2025-02-18,hotel-demo-2,Hotel Demo Costa,64,53,0,107,23,23,82.81,168997.19,8956851.09,2068466.38,435058.89,11460376.35,demo,
2025-02-19,hotel-demo-1,Hotel Demo Centro,120,62,0,106,23,23,51.67,113868.51,7059847.74,1495297.74,221133.85,8776279.34,demo,
2025-02-19,hotel-demo-2,Hotel Demo Costa,64,60,0,123,20,22,93.75,181116.40,10866984.03,1977280.67,306002.03,13150266.73,demo,
2025-02-20,hotel-demo-1,Hotel Demo Centro,120,65,0,125,23,28,54.17,112469.57,7310522.19,1530704.71,326205.93,9167432.82,demo,
2025-02-20,hotel-demo-2,Hotel Demo Costa,64,60,0,118,22,27,93.75,169749.34,10184960.44,2381372.44,475463.21,13041796.08,demo,
2025-02-21,hotel-demo-1,Hotel Demo Centro,120,76,0,134,32,24,63.33,118551.17,9009888.69,2011159.27,405088.13,11426136.10,demo,
2025-02-21,hotel-demo-2,Hotel Demo Costa,64,63,0,131,26,25,98.44,177419.19,11177409.22,2239699.90,408125.85,13825234.97,demo,
2025-02-22,hotel-demo-1,Hotel Demo Centro,119,72,1,141,23,29,60.50,119691.87,8617814.70,2232324.65,230737.20,11080876.54,demo,
2025-02-22,hotel-demo-2,Hotel Demo Costa,64,63,0,121,20,27,98.44,171681.71,10815947.93,2298276.34,484088.93,13598313.20,demo,
2025-02-23,hotel-demo-1,Hotel Demo Centro,119,54,1,100,19,21,45.38,111824.80,6038539.00,1375608.59,182938.07,7597085.65,demo,
2025-02-23,hotel-demo-2,Hotel Demo Costa,63,57,1,99,23,22,90.48,182742.59,10416327.77,2194724.65,376763.98,12987816.41,demo,
2025-02-24,hotel-demo-1,Hotel Demo Centro,120,61,0,128,19,21,50.83,117140.28,7145557.18,1714391.93,194654.69,9054603.80,demo,
2025-02-24,hotel-demo-2,Hotel Demo Costa,62,59,2,117,21,26,95.16,175532.57,10356421.87,2280130.00,351035.05,12987586.92,demo,
2025-02-25,hotel-demo-1,Hotel Demo Centro,120,62,0,117,21,22,51.67,119967.46,7437982.22,1915170.20,165901.36,9519053.78,demo,
2025-02-25,hotel-demo-2,Hotel Demo Costa,63,62,1,128,20,20,98.41,171862.35,10655465.91,2297034.09,437123.45,13389623.44,demo,
2025-02-26,hotel-demo-1,Hotel Demo Centro,120,61,0,121,19,19,50.83,116902.31,7131040.75,1302719.55,235957.11,8669717.41,demo,
2025-02-26,hotel-demo-2,Hotel Demo Costa,64,57,0,120,20,19,89.06,178040.33,10148298.54,2366291.72,338781.29,12853371.56,demo,
2025-02-27,hotel-demo-1,Hotel Demo Centro,120,63,0,114,24,22,52.50,118075.58,7438761.82,1346216.78,265838.24,9050816.84,demo,
2025-02-27,hotel-demo-2,Hotel Demo Costa,64,60,0,121,19,19,93.75,174951.98,10497118.77,2421388.49,380437.47,13298944.73,demo,
2025-02-28,hotel-demo-1,Hotel Demo Centro,120,74,0,127,26,27,61.67,121920.92,9022148.10,1917308.58,384083.03,11323539.70,demo,
2025-02-28,hotel-demo-2,Hotel Demo Costa,62,61,2,108,24,21,98.39,183960.77,11221606.89,2599858.66,478746.35,14300211.90,demo,
2025-03-01,hotel-demo-1,Hotel Demo Centro,119,82,1,167,32,36,68.91,123274.84,10108536.94,2617447.06,305727.43,13031711.44,demo,
2025-03-01,hotel-demo-2,Hotel Demo Costa,62,52,2,90,19,18,83.87,171424.30,8914063.57,2013856.76,303789.89,11231710.22,demo,
2025-03-02,hotel-demo-1,Hotel Demo Centro,118,82,2,150,33,28,69.49,117794.71,9659165.82,2490009.84,248775.64,12397951.31,demo,
2025-03-02,hotel-demo-2,Hotel Demo Costa,64,39,0,74,15,12,60.94,172431.55,6724830.46,1507923.90,175746.28,8408500.64,demo,
2025-03-03,hotel-demo-1,Hotel Demo Centro,120,73,0,132,23,23,60.83,126904.36,9264017.97,2007756.69,280162.27,11551936.93,demo,
2025-03-03,hotel-demo-2,Hotel Demo Costa,62,46,2,82,14,17,74.19,170387.60,7837829.76,1584553.14,290184.75,9712567.65,demo,
2025-03-04,hotel-demo-1,Hotel Demo Centro,120,88,0,153,36,32,73.33,116960.89,10292558.04,2293365.25,245196.15,12831119.44,demo,
2025-03-04,hotel-demo-2,Hotel Demo Costa,64,48,0,92,20,15,75.00,171109.59,8213260.17,1853316.97,229988.31,10296565.46,demo,
2025-03-05,hotel-demo-1,Hotel Demo Centro,120,86,0,160,29,34,71.67,125607.20,10802218.85,2052044.18,295827.28,13150090.31,demo,
2025-03-05,hotel-demo-2,Hotel Demo Costa,63,48,1,95,18,20,76.19,164391.67,7890800.24,1483701.88,177226.70,9551728.82,demo,
2025-03-06,hotel-demo-1,Hotel Demo Centro,119,72,1,128,23,22,60.50,122024.04,8785730.64,1854070.78,292263.34,10932064.76,demo,
2025-03-06,hotel-demo-2,Hotel Demo Costa,64,45,0,89,17,18,70.31,167333.93,7530026.78,1884151.59,367613.29,9781791.67,demo,
2025-03-07,hotel-demo-1,Hotel Demo Centro,120,81,0,153,26,35,67.50,118715.57,9615960.81,2012885.81,479961.19,12108807.80,demo,
2025-03-07,hotel-demo-2,Hotel Demo Costa,64,53,0,92,23,20,82.81,162599.71,8617784.51,2030565.68,185299.19,10833649.38,demo,
2025-03-08,hotel-demo-1,Hotel Demo Centro,120,88,0,156,27,39,73.33,119537.90,10519335.45,2289216.40,343960.39,13152512.25,demo,
2025-03-08,hotel-demo-2,Hotel Demo Costa,64,52,0,94,16,22,81.25,173429.27,9018322.01,1733479.21,432559.33,11184360.55,demo,
2025-03-09,hotel-demo-1,Hotel Demo Centro,120,80,0,142,25,27,66.67,123122.74,9849818.80,1993033.65,269625.67,12112478.12,demo,
2025-03-09,hotel-demo-2,Hotel Demo Costa,63,46,1,87,18,17,73.02,170630.30,7848993.57,1868835.91,366263.72,10084093.20,demo,
2025-03-10,hotel-demo-1,Hotel Demo Centro,120,79,0,153,29,28,65.83,123536.62,9759393.08,2043617.90,282566.30,12085577.28,demo,
2025-03-10,hotel-demo-2,Hotel Demo Costa,64,46,0,79,15,17,71.88,172442.22,7932342.26,1619449.32,216828.62,9768620.19,demo,
2025-03-11,hotel-demo-1,Hotel Demo Centro,120,88,0,181,38,27,73.33,120869.91,10636552.10,2212875.19,502914.91,13352342.21,demo,
2025-03-11,hotel-demo-2,Hotel Demo Costa,64,41,0,72,17,14,64.06,177218.17,7265945.03,1404330.11,361575.13,9031850.27,demo,
2025-03-12,hotel-demo-1,Hotel Demo Centro,118,76,2,142,29,30,64.41,123556.69,9390308.35,2353987.31,401480.52,12145776.17,demo,
2025-03-12,hotel-demo-2,Hotel Demo Costa,64,47,0,91,16,16,73.44,164116.75,7713487.33,1858709.02,199702.40,9771898.76,demo,
2025-03-13,hotel-demo-1,Hotel Demo Centro,120,61,0,110,23,19,50.83,116480.40,7105304.32,1316600.54,325175.81,8747080.67,demo,
2025-03-13,hotel-demo-2,Hotel Demo Costa,64,42,0,81,18,18,65.62,176279.93,7403757.20,1898719.26,205398.74,9507875.20,demo,
2025-03-14,hotel-demo-1,Hotel Demo Centro,120,88,0,160,39,39,73.33,121888.09,10726151.95,2164270.19,516981.23,13407403.37,demo,
2025-03-14,hotel-demo-2,Hotel Demo Costa,64,49,0,94,17,20,76.56,169834.46,8321888.41,1599971.76,191053.22,10112913.40,demo,
2025-03-15,hotel-demo-1,Hotel Demo Centro,119,91,1,189,29,31,76.47,118547.11,10787786.67,2350161.73,225657.47,13363605.87,demo,
2025-03-15,hotel-demo-2,Hotel Demo Costa,64,49,0,100,15,15,76.56,167779.66,8221203.46,1873107.26,310789.29,10405100.01,demo,
2025-03-16,hotel-demo-1,Hotel Demo Centro,120,78,0,154,33,28,65.00,118386.86,9234175.07,2388844.94,286287.22,11909307.23,demo,
2025-03-16,hotel-demo-2,Hotel Demo Costa,64,44,0,83,15,15,68.75,175650.95,7728641.96,1945797.61,345669.14,10020108.71,demo,
2025-03-17,hotel-demo-1,Hotel Demo Centro,120,70,0,138,28,30,58.33,125311.59,8771811.51,1601405.58,399684.90,10772901.99,demo,
2025-03-17,hotel-demo-2,Hotel Demo Costa,64,45,0,89,14,14,70.31,173681.53,7815668.63,1538465.78,264471.31,9618605.72,demo,
2025-03-18,hotel-demo-1,Hotel Demo Centro,119,77,1,148,30,34,64.71,118437.54,9119690.53,2111617.67,440274.60,11671582.80,demo,
2025-03-18,hotel-demo-2,Hotel Demo Costa,64,49,0,102,20,21,76.56,169085.87,8285207.76,2029888.37,280910.95,10596007.08,demo,
2025-03-19,hotel-demo-1,Hotel Demo Centro,120,82,0,172,26,35,68.33,128773.95,10559464.25,2251954.46,365429.54,13176848.25,demo,
2025-03-19,hotel-demo-2,Hotel Demo Costa,64,52,0,98,22,20,81.25,176243.79,9164676.88,1923133.31,184046.13,11271856.33,demo,
2025-03-20,hotel-demo-1,Hotel Demo Centro,119,71,1,148,28,24,59.66,126598.56,8988497.99,2143771.93,190401.17,11322671.08,demo,
2025-03-20,hotel-demo-2,Hotel Demo Costa,63,42,1,75,15,16,66.67,178586.85,7500647.90,1898627.13,286995.89,9686270.92,demo,
2025-03-21,hotel-demo-1,Hotel Demo Centro,119,84,1,145,35,32,70.59,120149.13,10092526.63,1818471.78,216312.24,12127310.66,demo,
2025-03-21,hotel-demo-2,Hotel Demo Costa,64,51,0,98,21,22,79.69,171314.96,8737063.04,1978194.26,314732.60,11029989.91,demo,
2025-03-22,hotel-demo-1,Hotel Demo Centro,120,87,0,171,35,32,72.50,118895.15,10343878.25,2482042.75,286999.14,13112920.14,demo,
2025-03-22,hotel-demo-2,Hotel Demo Costa,64,55,0,114,24,17,85.94,164237.40,9033056.74,1738371.03,213570.61,10984998.38,demo,
2025-03-23,hotel-demo-1,Hotel Demo Centro,119,65,1,131,23,23,54.62,125636.18,8166351.43,1651759.28,183726.93,10001837.63,demo,
2025-03-23,hotel-demo-2,Hotel Demo Costa,64,42,0,80,16,18,65.62,165558.84,6953471.08,1340818.26,309127.25,8603416.59,demo,
2025-03-24,hotel-demo-1,Hotel Demo Centro,119,81,1,170,27,32,68.07,127037.40,10290029.14,2467741.90,226452.85,12984223.89,demo,
2025-03-24,hotel-demo-2,Hotel Demo Costa,64,50,0,92,18,21,78.12,172989.19,8649459.66,1568749.96,345436.99,10563646.62,demo,
2025-03-25,hotel-demo-1,Hotel Demo Centro,118,69,2,118,29,24,58.47,126546.89,8731735.66,1809706.93,338340.75,10879783.34,demo,
2025-03-25,hotel-demo-2,Hotel Demo Costa,64,46,0,94,21,21,71.88,177330.12,8157185.39,2120398.83,231827.56,10509411.78,demo,
2025-03-26,hotel-demo-1,Hotel Demo Centro,118,81,2,146,28,35,68.64,128200.79,10384264.10,2170337.92,237329.43,12791931.44,demo,
2025-03-26,hotel-demo-2,Hotel Demo Costa,64,49,0,97,17,19,76.56,177396.02,8692404.88,1946359.14,324407.99,10963172.02,demo,
2025-03-27,hotel-demo-1,Hotel Demo Centro,118,78,2,158,28,25,66.10,117794.67,9187984.62,2309052.54,195481.22,11692518.38,demo,
2025-03-27,hotel-demo-2,Hotel Demo Costa,64,46,0,91,15,20,71.88,174420.89,8023360.83,1455017.55,213040.58,9691418.96,demo,
2025-03-28,hotel-demo-1,Hotel Demo Centro,120,90,0,183,31,29,75.00,123165.72,11084915.06,2539117.70,350873.41,13974906.18,demo,
2025-03-28,hotel-demo-2,Hotel Demo Costa,62,53,2,94,18,17,85.48,172260.67,9129815.26,2357548.99,293672.82,11781037.07,demo,
2025-03-29,hotel-demo-1,Hotel Demo Centro,120,86,0,146,29,27,71.67,129907.62,11172055.11,2258139.64,261184.85,13691379.59,demo,
2025-03-29,hotel-demo-2,Hotel Demo Costa,63,46,1,90,20,15,73.02,170341.88,7835726.30,1735686.05,221374.45,9792786.81,demo,
2025-03-30,hotel-demo-1,Hotel Demo Centro,120,79,0,151,26,25,65.83,127723.67,10090169.62,2489196.45,428324.97,13007691.04,demo,
2025-03-30,hotel-demo-2,Hotel Demo Costa,64,43,0,78,16,15,67.19,175054.65,7527349.80,1625511.96,306008.80,9458870.56,demo,
2025-03-31,hotel-demo-1,Hotel Demo Centro,120,64,0,111,27,24,53.33,121434.87,7771831.72,1629494.51,214847.12,9616173.35,demo,
2025-03-31,hotel-demo-2,Hotel Demo Costa,62,44,2,91,17,20,70.97,178843.11,7869097.00,1778046.81,375614.98,10022758.79,demo,
2025-04-01,hotel-demo-1,Hotel Demo Centro,119,85,1,166,34,38,71.43,122145.73,10382387.03,2537117.50,390230.02,13309734.55,demo,
2025-04-01,hotel-demo-2,Hotel Demo Costa,64,39,0,75,16,12,60.94,168099.62,6555885.27,1438702.42,215850.53,8210438.22,demo,
2025-04-02,hotel-demo-1,Hotel Demo Centro,120,88,0,151,27,34,73.33,121857.71,10723478.66,2114270.00,333782.32,13171530.97,demo,
2025-04-02,hotel-demo-2,Hotel Demo Costa,64,36,0,72,11,15,56.25,172564.85,6212334.55,1385047.98,241493.38,7838875.92,demo,
2025-04-03,hotel-demo-1,Hotel Demo Centro,118,79,2,156,35,33,66.95,122058.76,9642641.66,2179757.56,192879.71,12015278.93,demo,
2025-04-03,hotel-demo-2,Hotel Demo Costa,64,38,0,68,12,14,59.38,171796.93,6528283.42,1557617.21,168923.78,8254824.41,demo,
2025-04-04,hotel-demo-1,Hotel Demo Centro,120,89,0,165,29,27,74.17,127909.57,11383951.98,2808302.26,282004.01,14474258.24,demo,
2025-04-04,hotel-demo-2,Hotel Demo Costa,64,46,0,91,20,20,71.88,164012.56,7544577.77,1672036.49,276508.17,9493122.43,demo,
2025-04-05,hotel-demo-1,Hotel Demo Centro,118,96,2,186,42,40,81.36,129876.44,12468137.78,2688206.10,367459.79,15523803.66,demo,
2025-04-05,hotel-demo-2,Hotel Demo Costa,64,40,0,83,13,15,62.50,174804.83,6992193.02,1387104.44,286736.46,8666033.92,demo,
2025-04-06,hotel-demo-1,Hotel Demo Centro,118,80,2,139,30,25,67.80,126290.93,10103274.36,1878540.54,365436.31,12347251.21,demo,
2025-04-06,hotel-demo-2,Hotel Demo Costa,64,32,0,64,12,13,50.00,168498.21,5391942.76,1240077.84,119394.10,6751414.70,demo,
2025-04-07,hotel-demo-1,Hotel Demo Centro,120,77,0,151,24,31,64.17,120598.07,9286051.50,1794008.64,392483.71,11472543.85,demo,
2025-04-07,hotel-demo-2,Hotel Demo Costa,64,31,0,61,13,12,48.44,172014.34,5332444.42,1381488.28,156695.59,6870628.30,demo,
2025-04-08,hotel-demo-1,Hotel Demo Centro,120,71,0,143,25,26,59.17,121849.49,8651314.10,2085471.00,303163.35,11039948.45,demo,
2025-04-08,hotel-demo-2,Hotel Demo Costa,64,36,0,67,14,12,56.25,166118.59,5980269.34,1323261.71,214697.99,7518229.04,demo,
2025-04-09,hotel-demo-1,Hotel Demo Centro,120,80,0,149,34,31,66.67,127604.40,10208352.03,1880816.77,267841.59,12357010.39,demo,
2025-04-09,hotel-demo-2,Hotel Demo Costa,64,38,0,78,13,14,59.38,161174.61,6124635.24,1495387.86,293028.02,7913051.12,demo,
2025-04-10,hotel-demo-1,Hotel Demo Centro,120,69,0,132,21,23,57.50,126321.97,8716216.21,1832558.60,374061.51,10922836.33,demo,
2025-04-10,hotel-demo-2,Hotel Demo Costa,64,38,0,71,15,13,59.38,167149.84,6351693.99,1223891.59,173283.65,7748869.23,demo,
2025-04-11,hotel-demo-1,Hotel Demo Centro,119,86,1,156,37,28,72.27,121886.49,10482238.18,2680217.50,327150.12,13489605.79,demo,
2025-04-11,hotel-demo-2,Hotel Demo Costa,64,50,0,102,19,22,78.12,168326.48,8416324.10,1722134.41,368322.02,10506780.53,demo,
2025-04-12,hotel-demo-1,Hotel Demo Centro,120,94,0,186,29,38,78.33,125882.01,11832908.87,2917288.54,258500.57,15008697.98,demo,
2025-04-12,hotel-demo-2,Hotel Demo Costa,64,39,0,78,16,16,60.94,170435.63,6646989.39,1666256.80,157303.75,8470549.93,demo,
2025-04-13,hotel-demo-1,Hotel Demo Centro,120,76,0,160,23,27,63.33,126317.18,9600105.74,1831475.12,377484.29,11809065.15,demo,
2025-04-13,hotel-demo-2,Hotel Demo Costa,64,36,0,69,15,16,56.25,168443.90,6063980.41,1334407.27,195356.74,7593744.42,demo,
2025-04-14,hotel-demo-1,Hotel Demo Centro,120,87,0,172,30,30,72.50,123272.72,10724726.28,2254158.25,366444.49,13345329.02,demo,
2025-04-14,hotel-demo-2,Hotel Demo Costa,64,40,0,69,13,15,62.50,163024.29,6520971.71,1204003.55,191304.68,7916279.93,demo,
2025-04-15,hotel-demo-1,Hotel Demo Centro,120,82,0,159,26,28,68.33,130589.07,10708303.76,2062571.88,283422.76,13054298.40,demo,
2025-04-15,hotel-demo-2,Hotel Demo Costa,62,33,2,64,14,12,53.23,167775.83,5536602.42,1327520.16,248524.20,7112646.78,demo,
2025-04-16,hotel-demo-1,Hotel Demo Centro,120,82,0,168,29,29,68.33,132320.57,10850286.91,2712423.37,235034.83,13797745.12,demo,
2025-04-16,hotel-demo-2,Hotel Demo Costa,64,36,0,62,13,14,56.25,174009.14,6264328.98,1254883.87,189282.98,7708495.83,demo,
2025-04-17,hotel-demo-1,Hotel Demo Centro,120,77,0,155,34,32,64.17,121921.45,9387951.90,1918150.99,343936.27,11650039.16,demo,
2025-04-17,hotel-demo-2,Hotel Demo Costa,64,37,0,68,15,11,57.81,171543.68,6347116.09,1205513.92,146454.89,7699084.89,demo,
2025-04-18,hotel-demo-1,Hotel Demo Centro,120,90,0,178,35,35,75.00,127939.62,11514565.46,2225167.70,491517.21,14231250.37,demo,
2025-04-18,hotel-demo-2,Hotel Demo Costa,63,37,1,74,14,15,58.73,162764.28,6022278.40,1335602.80,146675.19,7504556.38,demo,
2025-04-19,hotel-demo-1,Hotel Demo Centro,120,101,0,181,42,42,84.17,122009.73,12322982.96,3045439.28,544827.70,15913249.94,demo,
2025-04-19,hotel-demo-2,Hotel Demo Costa,64,35,0,68,11,12,54.69,169129.11,5919519.02,1263321.80,276727.01,7459567.83,demo,
2025-04-20,hotel-demo-1,Hotel Demo Centro,118,80,2,162,35,36,67.80,130344.21,10427536.78,2574326.30,515413.33,13517276.41,demo,
2025-04-20,hotel-demo-2,Hotel Demo Costa,64,32,0,56,13,10,50.00,168389.82,5388474.23,1298883.21,195790.28,6883147.71,demo,
2025-04-21,hotel-demo-1,Hotel Demo Centro,120,91,0,167,40,29,75.83,130562.35,11881173.54,2905880.76,349435.30,15136489.60,demo,
2025-04-21,hotel-demo-2,Hotel Demo Costa,64,40,0,80,12,16,62.50,176143.78,7045751.08,1737499.10,175632.00,8958882.18,demo,
2025-04-22,hotel-demo-1,Hotel Demo Centro,120,82,0,167,25,25,68.33,131268.62,10764026.69,2225863.78,528349.85,13518240.32,demo,
2025-04-22,hotel-demo-2,Hotel Demo Costa,64,38,0,79,15,15,59.38,176416.15,6703813.59,1486534.58,309415.99,8499764.15,demo,
2025-04-23,hotel-demo-1,Hotel Demo Centro,120,95,0,166,30,29,79.17,130242.14,12373003.71,2982355.51,400259.04,15755618.25,demo,
2025-04-23,hotel-demo-2,Hotel Demo Costa,62,38,2,79,15,13,61.29,162985.06,6193432.17,1500168.12,128092.89,7821693.18,demo,
2025-04-24,hotel-demo-1,Hotel Demo Centro,119,85,1,145,36,37,71.43,122471.20,10410051.93,2327425.63,232919.97,12970397.53,demo,
2025-04-24,hotel-demo-2,Hotel Demo Costa,64,44,0,81,14,15,68.75,164224.44,7225875.31,1587234.66,268824.74,9081934.71,demo,
2025-04-25,hotel-demo-1,Hotel Demo Centro,118,94,2,171,29,35,79.66,121724.28,11442082.41,2807851.62,376842.61,14626776.64,demo,
2025-04-25,hotel-demo-2,Hotel Demo Costa,62,43,2,76,13,16,69.35,164994.52,7094764.26,1382995.64,144877.96,8622637.87,demo,
2025-04-26,hotel-demo-1,Hotel Demo Centro,118,84,2,151,36,28,71.19,126856.09,10655911.75,2564134.99,490145.36,13710192.11,demo,
2025-04-26,hotel-demo-2,Hotel Demo Costa,64,47,0,92,17,21,73.44,170624.03,8019329.39,1894370.46,291406.00,10205105.84,demo,
2025-04-27,hotel-demo-1,Hotel Demo Centro,120,77,0,136,26,27,64.17,126160.76,9714378.59,1860209.84,386314.77,11960903.19,demo,
2025-04-27,hotel-demo-2,Hotel Demo Costa,64,34,0,59,14,15,53.12,174064.47,5918192.02,1256993.06,145056.16,7320241.25,demo,
2025-04-28,hotel-demo-1,Hotel Demo Centro,119,82,1,168,36,26,68.91,129416.13,10612122.65,2370202.86,461632.43,13443957.94,demo,
2025-04-28,hotel-demo-2,Hotel Demo Costa,62,33,2,65,11,13,53.23,174706.78,5765323.60,1153420.46,282915.78,7201659.84,demo,
2025-04-29,hotel-demo-1,Hotel Demo Centro,120,91,0,161,40,33,75.83,130431.22,11869240.95,2555595.29,364482.27,14789318.50,demo,
2025-04-29,hotel-demo-2,Hotel Demo Costa,62,35,2,66,13,13,56.45,163657.12,5727999.11,1318731.57,281821.69,7328552.37,demo,
2025-04-30,hotel-demo-1,Hotel Demo Centro,120,75,0,128,30,30,62.50,131747.27,9881044.94,2199236.56,399657.46,12479938.95,demo,
2025-04-30,hotel-demo-2,Hotel Demo Costa,62,34,2,67,11,15,54.84,168374.72,5724740.64,1239582.88,121075.25,7085398.77,demo,
2025-05-01,hotel-demo-1,Hotel Demo Centro,118,89,2,156,34,34,75.42,125861.65,11201687.24,2588307.75,437072.70,14227067.70,demo,
2025-05-01,hotel-demo-2,Hotel Demo Costa,64,33,0,68,11,14,51.56,164541.04,5429854.40,1090631.17,220094.14,6740579.71,demo,
2025-05-02,hotel-demo-1,Hotel Demo Centro,120,95,0,170,43,36,79.17,128984.22,12253500.95,2971898.03,381102.95,15606501.93,demo,
2025-05-02,hotel-demo-2,Hotel Demo Costa,64,37,0,73,16,12,57.81,158191.29,5853077.60,1203599.45,202709.94,7259386.99,demo,
2025-05-03,hotel-demo-1,Hotel Demo Centro,120,86,0,154,36,27,71.67,124824.79,10734932.32,2647684.77,322138.72,13704755.82,demo,
2025-05-03,hotel-demo-2,Hotel Demo Costa,64,32,0,60,14,12,50.00,164138.81,5252441.83,1317774.16,233871.09,6804087.07,demo,
2025-05-04,hotel-demo-1,Hotel Demo Centro,120,76,0,148,34,24,63.33,122805.20,9333195.26,1944186.34,314519.25,11591900.84,demo,
2025-05-04,hotel-demo-2,Hotel Demo Costa,62,24,2,42,8,8,38.71,166934.83,4006435.94,995664.52,121993.92,5124094.38,demo,
2025-05-05,hotel-demo-1,Hotel Demo Centro,120,77,0,147,34,33,64.17,133559.68,10284095.53,1964853.84,423530.42,12672479.78,demo,
2025-05-05,hotel-demo-2,Hotel Demo Costa,64,29,0,60,13,12,45.31,161242.87,4676043.10,889905.93,227911.06,5793860.09,demo,
2025-05-06,hotel-demo-1,Hotel Demo Centro,120,84,0,171,38,27,70.00,123470.40,10371513.19,2063036.06,407388.01,12841937.26,demo,
2025-05-06,hotel-demo-2,Hotel Demo Costa,64,33,0,63,13,12,51.56,169768.50,5602360.52,1135669.95,159840.33,6897870.80,demo,
2025-05-07,hotel-demo-1,Hotel Demo Centro,120,86,0,159,32,35,71.67,130923.54,11259424.24,2161543.45,227338.60,13648306.29,demo,
2025-05-07,hotel-demo-2,Hotel Demo Costa,64,23,0,41,7,10,35.94,170811.76,3928670.48,767009.65,85988.65,4781668.77,demo,
2025-05-08,hotel-demo-1,Hotel Demo Centro,119,88,1,164,36,35,73.95,127168.51,11190829.03,2491090.28,481295.74,14163215.05,demo,
2025-05-08,hotel-demo-2,Hotel Demo Costa,64,33,0,60,13,12,51.56,164956.94,5443579.11,1355554.73,262729.62,7061863.46,demo,
2025-05-09,hotel-demo-1,Hotel Demo Centro,120,96,0,171,35,39,80.00,131144.99,12589918.77,2442997.18,424469.14,15457385.10,demo,
2025-05-09,hotel-demo-2,Hotel Demo Costa,62,34,2,60,11,12,54.84,173946.41,5914177.78,1165849.33,191372.20,7271399.31,demo,
2025-05-10,hotel-demo-1,Hotel Demo Centro,118,82,2,170,28,26,69.49,133961.12,10984812.09,2451953.79,325217.57,13761983.45,demo,
2025-05-10,hotel-demo-2,Hotel Demo Costa,64,38,0,76,15,16,59.38,163227.52,6202645.94,1242462.55,274919.28,7720027.78,demo,
2025-05-11,hotel-demo-1,Hotel Demo Centro,118,80,2,140,30,35,67.80,129046.72,10323737.82,2293521.65,360618.77,12977878.24,demo,
2025-05-11,hotel-demo-2,Hotel Demo Costa,64,27,0,54,8,9,42.19,161232.89,4353288.15,910466.63,182298.70,5446053.47,demo,
2025-05-12,hotel-demo-1,Hotel Demo Centro,120,87,0,171,31,29,72.50,132053.30,11488637.31,2731579.29,532561.05,14752777.65,demo,
2025-05-12,hotel-demo-2,Hotel Demo Costa,64,26,0,50,11,9,40.62,163051.59,4239341.36,894620.11,95216.86,5229178.33,demo,
2025-05-13,hotel-demo-1,Hotel Demo Centro,120,85,0,156,26,29,70.83,133263.24,11327375.20,2700234.97,425981.64,14453591.80,demo,
2025-05-13,hotel-demo-2,Hotel Demo Costa,63,23,1,45,7,8,36.51,160595.64,3693699.61,867804.74,129264.55,4690768.90,demo,
2025-05-14,hotel-demo-1,Hotel Demo Centro,120,83,0,145,30,27,69.17,131110.85,10882200.89,2608264.26,246776.73,13737241.88,demo,
2025-05-14,hotel-demo-2,Hotel Demo Costa,64,27,0,46,10,10,42.19,162646.37,4391452.01,1009322.20,183959.80,5584734.01,demo,
2025-05-15,hotel-demo-1,Hotel Demo Centro,120,84,0,156,32,37,70.00,124510.30,10458865.23,1901596.94,384380.01,12744842.18,demo,
2025-05-15,hotel-demo-2,Hotel Demo Costa,64,26,0,52,11,8,40.62,171201.26,4451232.88,931812.97,218245.24,5601291.09,demo,
2025-05-16,hotel-demo-1,Hotel Demo Centro,120,92,0,163,41,35,76.67,126403.65,11629135.86,2515367.51,282080.63,14426584.00,demo,
2025-05-16,hotel-demo-2,Hotel Demo Costa,64,32,0,60,11,10,50.00,159988.94,5119646.17,1327053.24,245259.50,6691958.91,demo,
2025-05-17,hotel-demo-1,Hotel Demo Centro,120,94,0,195,30,33,78.33,125209.78,11769719.39,2928316.45,422902.68,15120938.52,demo,
2025-05-17,hotel-demo-2,Hotel Demo Costa,64,31,0,58,12,14,48.44,161769.83,5014864.64,1149863.21,236899.27,6401627.12,demo,
2025-05-18,hotel-demo-1,Hotel Demo Centro,120,73,0,128,31,27,60.83,135915.07,9921800.14,1985376.99,448935.28,12356112.41,demo,
2025-05-18,hotel-demo-2,Hotel Demo Costa,63,28,1,56,9,9,44.44,169105.33,4734949.24,890313.33,151324.95,5776587.52,demo,
2025-05-19,hotel-demo-1,Hotel Demo Centro,120,80,0,150,27,30,66.67,129733.27,10378661.57,2030469.52,220790.65,12629921.74,demo,
2025-05-19,hotel-demo-2,Hotel Demo Costa,63,19,1,37,6,7,30.16,162850.66,3094162.53,731228.52,64184.39,3889575.44,demo,
2025-05-20,hotel-demo-1,Hotel Demo Centro,120,86,0,178,38,37,71.67,131697.00,11325942.41,2180546.97,501693.73,14008183.12,demo,
2025-05-20,hotel-demo-2,Hotel Demo Costa,64,33,0,62,11,12,51.56,160561.40,5298526.34,1369064.10,170027.22,6837617.66,demo,
2025-05-21,hotel-demo-1,Hotel Demo Centro,118,90,2,183,35,36,76.27,126954.21,11425879.29,2758913.56,417742.02,14602534.87,demo,
2025-05-21,hotel-demo-2,Hotel Demo Costa,64,29,0,53,12,12,45.31,170428.36,4942422.55,1088058.92,218627.85,6249109.32,demo,
2025-05-22,hotel-demo-1,Hotel Demo Centro,119,78,1,161,35,25,65.55,131835.26,10283150.06,2467879.31,237146.54,12988175.91,demo,
2025-05-22,hotel-demo-2,Hotel Demo Costa,64,23,0,45,9,10,35.94,172683.62,3971723.35,1022175.71,159234.11,5153133.17,demo,
2025-05-23,hotel-demo-1,Hotel Demo Centro,119,92,1,187,29,33,77.31,124721.82,11474407.48,2488332.47,540700.40,14503440.36,demo,
2025-05-23,hotel-demo-2,Hotel Demo Costa,62,30,2,59,12,12,48.39,176298.04,5288941.14,1290157.15,143099.29,6722197.58,demo,
2025-05-24,hotel-demo-1,Hotel Demo Centro,118,91,2,184,39,41,77.12,136750.42,12444288.22,3163640.09,438617.92,16046546.22,demo,
2025-05-24,hotel-demo-2,Hotel Demo Costa,62,27,2,56,10,12,43.55,172940.38,4669390.31,927579.17,231067.96,5828037.44,demo,
2025-05-25,hotel-demo-1,Hotel Demo Centro,118,78,2,153,24,25,66.10,125347.77,9777126.10,2225806.08,222381.82,12225314.00,demo,
2025-05-25,hotel-demo-2,Hotel Demo Costa,63,28,1,53,11,10,44.44,170379.27,4770619.69,1239997.84,228543.45,6239160.98,demo,
2025-05-26,hotel-demo-1,Hotel Demo Centro,120,76,0,150,29,27,63.33,126640.40,9624670.65,1951203.68,450558.59,12026432.92,demo,
2025-05-26,hotel-demo-2,Hotel Demo Costa,64,28,0,51,11,10,43.75,175681.10,4919070.76,1249926.87,201978.67,6370976.30,demo,
2025-05-27,hotel-demo-1,Hotel Demo Centro,120,81,0,146,32,28,67.50,126505.63,10246955.65,2609627.12,383235.34,13239818.10,demo,
2025-05-27,hotel-demo-2,Hotel Demo Costa,64,28,0,50,10,13,43.75,171224.46,4794284.88,1200617.14,115656.28,6110558.30,demo,
2025-05-28,hotel-demo-1,Hotel Demo Centro,120,87,0,176,39,37,72.50,129190.27,11239553.64,2702430.24,426998.53,14368982.41,demo,
2025-05-28,hotel-demo-2,Hotel Demo Costa,64,25,0,50,10,11,39.06,166385.51,4159637.76,918795.29,133184.32,5211617.36,demo,
2025-05-29,hotel-demo-1,Hotel Demo Centro,120,90,0,155,37,34,75.00,124961.40,11246526.06,2534714.45,360585.47,14141825.99,demo,
2025-05-29,hotel-demo-2,Hotel Demo Costa,62,24,2,45,10,8,38.71,170231.26,4085550.33,1032027.37,82060.51,5199638.22,demo,
2025-05-30,hotel-demo-1,Hotel Demo Centro,120,89,0,180,30,40,74.17,131844.50,11734160.15,2690847.72,424214.68,14849222.55,demo,
2025-05-30,hotel-demo-2,Hotel Demo Costa,64,34,0,58,11,11,53.12,171155.47,5819285.83,1503189.59,256673.44,7579148.87,demo,
2025-05-31,hotel-demo-1,Hotel Demo Centro,119,95,1,193,36,39,79.83,125801.10,11951104.34,2803983.45,261203.50,15016291.29,demo,
2025-05-31,hotel-demo-2,Hotel Demo Costa,64,32,0,55,13,12,50.00,171466.68,5486933.90,1154004.44,111002.59,6751940.93,demo,
2025-06-01,hotel-demo-1,Hotel Demo Centro,118,71,2,130,26,23,60.17,132030.15,9374140.48,2010820.63,302914.19,11687875.29,demo,
2025-06-01,hotel-demo-2,Hotel Demo Costa,63,31,1,55,13,13,49.21,173192.15,5368956.67,1098927.24,158749.14,6626633.05,demo,
2025-06-02,hotel-demo-1,Hotel Demo Centro,120,82,0,159,27,25,68.33,124818.67,10235130.55,2166973.97,307259.26,12709363.78,demo,
2025-06-02,hotel-demo-2,Hotel Demo Costa,63,29,1,53,9,10,46.03,176380.10,5115022.91,1116451.92,203062.95,6434537.78,demo,
2025-06-03,hotel-demo-1,Hotel Demo Centro,118,80,2,165,30,25,67.80,132558.45,10604675.70,2751593.94,214040.31,13570309.94,demo,
2025-06-03,hotel-demo-2,Hotel Demo Costa,64,24,0,48,9,11,37.50,167730.41,4025529.75,977589.75,82155.42,5085274.92,demo,
2025-06-04,hotel-demo-1,Hotel Demo Centro,119,75,1,149,32,28,63.03,128763.51,9657263.60,2070581.99,394914.76,12122760.35,demo,
2025-06-04,hotel-demo-2,Hotel Demo Costa,62,25,2,45,10,11,40.32,172080.00,4302000.11,854398.12,127894.02,5284292.24,demo,
2025-06-05,hotel-demo-1,Hotel Demo Centro,120,88,0,175,32,37,73.33,125833.91,11073384.43,2829882.53,272681.15,14175948.11,demo,
2025-06-05,hotel-demo-2,Hotel Demo Costa,63,21,1,41,9,8,33.33,173375.06,3640876.29,726106.14,104872.15,4471854.57,demo,
2025-06-06,hotel-demo-1,Hotel Demo Centro,120,88,0,151,31,35,73.33,132412.71,11652318.57,2458196.31,319368.37,14429883.26,demo,
2025-06-06,hotel-demo-2,Hotel Demo Costa,64,28,0,48,12,11,43.75,166176.56,4652943.67,922964.75,135714.78,5711623.21,demo,
2025-06-07,hotel-demo-1,Hotel Demo Centro,120,73,0,132,27,31,60.83,127883.10,9335466.59,2365076.80,454313.70,12154857.09,demo,
2025-06-07,hotel-demo-2,Hotel Demo Costa,64,34,0,68,12,13,53.12,171550.81,5832727.58,1353617.86,275948.96,7462294.40,demo,
2025-06-08,hotel-demo-1,Hotel Demo Centro,118,58,2,115,18,26,49.15,131389.81,7620609.16,1466207.37,355133.68,9441950.20,demo,
2025-06-08,hotel-demo-2,Hotel Demo Costa,64,20,0,38,9,8,31.25,174523.25,3490464.96,868943.68,173109.16,4532517.79,demo,
2025-06-09,hotel-demo-1,Hotel Demo Centro,120,81,0,150,34,36,67.50,137664.32,11150809.83,2595490.13,390268.03,14136568.00,demo,
2025-06-09,hotel-demo-2,Hotel Demo Costa,64,24,0,42,7,7,37.50,161680.53,3880332.74,734771.42,99155.80,4714259.96,demo,
2025-06-10,hotel-demo-1,Hotel Demo Centro,119,87,1,154,31,27,73.11,126414.63,10998072.59,2461580.71,489798.02,13949451.32,demo,
2025-06-10,hotel-demo-2,Hotel Demo Costa,64,24,0,48,9,8,37.50,174361.86,4184684.55,845762.77,181996.75,5212444.07,demo,
2025-06-11,hotel-demo-1,Hotel Demo Centro,119,86,1,156,30,35,72.27,136946.86,11777430.00,2123242.91,524344.05,14425016.95,demo,
2025-06-11,hotel-demo-2,Hotel Demo Costa,64,26,0,54,9,8,40.62,162709.91,4230457.59,765896.23,166761.02,5163114.84,demo,
2025-06-12,hotel-demo-1,Hotel Demo Centro,118,69,2,134,25,27,58.47,128528.84,8868489.89,2035221.77,188532.83,11092244.49,demo,
2025-06-12,hotel-demo-2,Hotel Demo Costa,63,21,1,40,8,8,33.33,171564.86,3602862.02,874749.43,129121.66,4606733.11,demo,
2025-06-13,hotel-demo-1,Hotel Demo Centro,120,92,0,170,37,31,76.67,131050.53,12056648.83,2244981.16,405514.78,14707144.77,demo,
2025-06-13,hotel-demo-2,Hotel Demo Costa,62,25,2,52,10,8,40.32,175492.20,4387305.09,855268.96,89679.92,5332253.97,demo,
2025-06-14,hotel-demo-1,Hotel Demo Centro,119,95,1,180,34,31,79.83,128998.21,12254829.54,2294312.26,520077.77,15069219.56,demo,
2025-06-14,hotel-demo-2,Hotel Demo Costa,64,28,0,58,10,11,43.75,168895.79,4729082.08,918208.47,114573.35,5761863.90,demo,
2025-06-15,hotel-demo-1,Hotel Demo Centro,120,77,0,144,29,23,64.17,130170.54,10023131.90,2472457.24,214105.55,12709694.69,demo,
2025-06-15,hotel-demo-2,Hotel Demo Costa,63,21,1,38,6,7,33.33,165336.67,3472070.00,820554.79,105082.66,4397707.46,demo,
2025-06-16,hotel-demo-1,Hotel Demo Centro,120,84,0,170,28,34,70.00,126516.03,10627346.25,2355165.01,513934.17,13496445.44,demo,
2025-06-16,hotel-demo-2,Hotel Demo Costa,64,24,0,50,10,10,37.50,161821.27,3883710.44,719546.24,169287.19,4772543.88,demo,
2025-06-17,hotel-demo-1,Hotel Demo Centro,119,76,1,136,32,32,63.87,126497.66,9613821.82,2407387.08,406818.92,12428027.82,demo,
2025-06-17,hotel-demo-2,Hotel Demo Costa,63,23,1,40,9,10,36.51,166196.04,3822508.95,902314.27,189746.39,4914569.61,demo,
2025-06-18,hotel-demo-1,Hotel Demo Centro,119,69,1,130,22,29,57.98,130070.62,8974872.88,2042808.82,254624.83,11272306.53,demo,
2025-06-18,hotel-demo-2,Hotel Demo Costa,64,23,0,41,7,8,35.94,177311.60,4078166.85,970718.83,90215.97,5139101.65,demo,
2025-06-19,hotel-demo-1,Hotel Demo Centro,118,78,2,161,28,24,66.10,135705.46,10585026.08,2602948.00,318840.60,13506814.68,demo,
2025-06-19,hotel-demo-2,Hotel Demo Costa,64,23,0,44,10,8,35.94,177252.67,4076811.52,1037450.34,143101.77,5257363.63,demo,
2025-06-20,hotel-demo-1,Hotel Demo Centro,119,86,1,162,30,27,72.27,137957.50,11864345.37,2804435.04,377336.09,15046116.50,demo,
2025-06-20,hotel-demo-2,Hotel Demo Costa,64,32,0,64,13,12,50.00,163995.54,5247857.12,1151751.19,215136.51,6614744.83,demo,
2025-06-21,hotel-demo-1,Hotel Demo Centro,120,95,0,188,31,38,79.17,135102.87,12834772.87,2767367.20,406502.32,16008642.39,demo,
2025-06-21,hotel-demo-2,Hotel Demo Costa,64,30,0,62,13,13,46.88,177533.13,5325993.85,1242814.87,135638.29,6704447.01,demo,
2025-06-22,hotel-demo-1,Hotel Demo Centro,120,68,0,134,26,25,56.67,137877.61,9375677.74,1947909.20,411952.55,11735539.49,demo,
2025-06-22,hotel-demo-2,Hotel Demo Costa,64,30,0,59,12,11,46.88,170318.46,5109553.89,1144844.41,244862.65,6499260.95,demo,
2025-06-23,hotel-demo-1,Hotel Demo Centro,120,90,0,163,29,27,75.00,128649.40,11578446.12,2915232.66,272736.37,14766415.16,demo,
2025-06-23,hotel-demo-2,Hotel Demo Costa,64,25,0,49,11,11,39.06,178847.77,4471194.26,1159107.27,134602.27,5764903.80,demo,
2025-06-24,hotel-demo-1,Hotel Demo Centro,118,93,2,179,41,41,78.81,138520.77,12882431.42,2332285.08,265077.25,15479793.75,demo,
2025-06-24,hotel-demo-2,Hotel Demo Costa,62,28,2,58,11,11,45.16,167188.65,4681282.16,1097374.21,194271.77,5972928.14,demo,
2025-06-25,hotel-demo-1,Hotel Demo Centro,120,82,0,140,31,37,68.33,126235.78,10351333.90,1996300.38,315075.61,12662709.89,demo,
2025-06-25,hotel-demo-2,Hotel Demo Costa,62,24,2,44,10,7,38.71,174762.48,4194299.56,805121.51,183199.89,5182620.96,demo,
2025-06-26,hotel-demo-1,Hotel Demo Centro,119,80,1,165,25,29,67.23,132997.66,10639812.54,2121983.55,261143.60,13022939.69,demo,
2025-06-26,hotel-demo-2,Hotel Demo Costa,62,21,2,43,9,7,33.87,172381.06,3620002.31,935994.04,121394.71,4677391.06,demo,
2025-06-27,hotel-demo-1,Hotel Demo Centro,120,97,0,175,43,42,80.83,132386.60,12841500.38,2674856.91,328693.08,15845050.37,demo,
2025-06-27,hotel-demo-2,Hotel Demo Costa,64,25,0,43,10,10,39.06,166058.14,4151453.48,890552.89,202271.50,5244277.87,demo,
2025-06-28,hotel-demo-1,Hotel Demo Centro,120,84,0,161,26,33,70.00,133083.97,11179053.52,2201321.98,348147.60,13728523.10,demo,
2025-06-28,hotel-demo-2,Hotel Demo Costa,64,28,0,53,12,11,43.75,175947.66,4926534.47,1191482.99,234084.46,6352101.92,demo,
2025-06-29,hotel-demo-1,Hotel Demo Centro,120,69,0,121,28,26,57.50,138009.65,9522665.90,2214862.79,474827.43,12212356.12,demo,
2025-06-29,hotel-demo-2,Hotel Demo Costa,64,24,0,50,10,10,37.50,164195.28,3940686.64,737280.57,111767.09,4789734.30,demo,
2025-06-30,hotel-demo-1,Hotel Demo Centro,120,77,0,139,31,25,64.17,128263.79,9876312.10,2278697.39,487497.39,12642506.88,demo,
2025-06-30,hotel-demo-2,Hotel Demo Costa,64,22,0,38,8,7,34.38,164003.37,3608074.14,873686.81,86302.55,4568063.49,demo,
2025-07-01,hotel-demo-1,Hotel Demo Centro,118,85,2,147,26,28,72.03,130624.82,11103109.70,2475788.34,266036.89,13844934.93,demo,
2025-07-01,hotel-demo-2,Hotel Demo Costa,64,36,0,75,11,12,56.25,178949.17,6442170.12,1652177.84,171008.00,8265355.97,demo,
2025-07-02,hotel-demo-1,Hotel Demo Centro,120,97,0,179,41,41,80.83,136233.03,13214603.64,2766495.76,485179.48,16466278.88,demo,
2025-07-02,hotel-demo-2,Hotel Demo Costa,62,33,2,64,14,14,53.23,183017.41,6039574.61,1262054.05,131743.27,7433371.94,demo,
2025-07-03,hotel-demo-1,Hotel Demo Centro,120,86,0,151,28,28,71.67,138318.30,11895374.22,2499864.10,399785.21,14795023.53,demo,
2025-07-03,hotel-demo-2,Hotel Demo Costa,64,34,0,67,11,13,53.12,185571.60,6309434.48,1415738.80,186865.53,7912038.81,demo,
2025-07-04,hotel-demo-1,Hotel Demo Centro,120,98,0,192,38,35,81.67,139465.00,13667569.74,3452362.37,564969.13,17684901.25,demo,
2025-07-04,hotel-demo-2,Hotel Demo Costa,64,37,0,66,12,16,57.81,184775.86,6836706.76,1595255.52,211528.49,8643490.77,demo,
2025-07-05,hotel-demo-1,Hotel Demo Centro,120,119,0,246,46,40,99.17,134720.57,16031747.97,3484538.23,670654.93,20186941.13,demo,
2025-07-05,hotel-demo-2,Hotel Demo Costa,64,41,0,76,15,18,64.06,185934.78,7623326.17,1592050.93,207338.27,9422715.37,demo,
2025-07-06,hotel-demo-1,Hotel Demo Centro,120,90,0,165,38,35,75.00,130063.61,11705724.86,2760435.94,236895.55,14703056.35,demo,
2025-07-06,hotel-demo-2,Hotel Demo Costa,63,33,1,67,11,12,52.38,176267.58,5816830.09,1439893.23,148048.31,7404771.62,demo,
2025-07-07,hotel-demo-1,Hotel Demo Centro,120,87,0,179,38,37,72.50,138743.32,12070668.94,2736199.72,331151.21,15138019.87,demo,
2025-07-07,hotel-demo-2,Hotel Demo Costa,64,46,0,79,18,19,71.88,171168.85,7873767.16,1988888.62,370933.23,10233589.02,demo,
2025-07-08,hotel-demo-1,Hotel Demo Centro,120,98,0,178,43,36,81.67,132077.54,12943599.19,2705469.14,635321.43,16284389.76,demo,
2025-07-08,hotel-demo-2,Hotel Demo Costa,64,33,0,65,12,12,51.56,184936.46,6102903.09,1554413.73,245954.10,7903270.91,demo,
2025-07-09,hotel-demo-1,Hotel Demo Centro,120,92,0,184,37,39,76.67,142495.58,13109593.59,3036921.78,280535.34,16427050.71,demo,
2025-07-09,hotel-demo-2,Hotel Demo Costa,64,35,0,70,11,11,54.69,185973.71,6509079.86,1423585.20,263439.08,8196104.14,demo,
2025-07-10,hotel-demo-1,Hotel Demo Centro,119,91,1,191,40,30,76.47,137361.10,12499860.34,2877514.37,282563.57,15659938.28,demo,
2025-07-10,hotel-demo-2,Hotel Demo Costa,64,33,0,59,11,12,51.56,179935.80,5937881.54,1368642.56,205089.62,7511613.72,demo,
2025-07-11,hotel-demo-1,Hotel Demo Centro,118,102,2,173,36,38,86.44,132808.23,13546439.58,3004288.69,517984.85,17068713.12,demo,
2025-07-11,hotel-demo-2,Hotel Demo Costa,64,37,0,77,11,12,57.81,178162.16,6592000.06,1234886.25,141521.33,7968407.64,demo,
2025-07-12,hotel-demo-1,Hotel Demo Centro,120,99,0,190,43,38,82.50,135148.93,13379744.10,3313169.06,598192.28,17291105.45,demo,
2025-07-12,hotel-demo-2,Hotel Demo Costa,64,39,0,69,14,13,60.94,179437.77,6998072.89,1404244.87,224471.00,8626788.76,demo,
2025-07-13,hotel-demo-1,Hotel Demo Centro,118,86,2,180,37,33,72.88,134386.84,11557268.66,3002243.96,351146.61,14910659.23,demo,
2025-07-13,hotel-demo-2,Hotel Demo Costa,62,32,2,55,11,14,51.61,187768.64,6008596.58,1243795.76,187154.08,7439546.42,demo,
2025-07-14,hotel-demo-1,Hotel Demo Centro,120,93,0,179,32,30,77.50,130553.59,12141484.04,2835281.67,326283.63,15303049.35,demo,
2025-07-14,hotel-demo-2,Hotel Demo Costa,64,32,0,60,11,10,50.00,182005.20,5824166.53,1155159.88,261185.67,7240512.08,demo,
2025-07-15,hotel-demo-1,Hotel Demo Centro,120,87,0,160,32,26,72.50,131544.58,11444378.89,2578396.99,544172.89,14566948.76,demo,
2025-07-15,hotel-demo-2,Hotel Demo Costa,64,37,0,63,12,17,57.81,171308.90,6338429.40,1548315.09,281021.27,8167765.75,demo,
2025-07-16,hotel-demo-1,Hotel Demo Centro,119,92,1,177,34,28,77.31,143101.03,13165294.74,3023072.06,446076.03,16634442.83,demo,
2025-07-16,hotel-demo-2,Hotel Demo Costa,64,37,0,63,16,15,57.81,172709.03,6390234.27,1483574.33,257197.36,8131005.96,demo,
2025-07-17,hotel-demo-1,Hotel Demo Centro,120,86,0,159,30,26,71.67,133524.25,11483085.08,2620548.33,446680.05,14550313.46,demo,
2025-07-17,hotel-demo-2,Hotel Demo Costa,64,29,0,54,13,11,45.31,185570.35,5381540.03,1302158.64,186140.47,6869839.13,demo,
2025-07-18,hotel-demo-1,Hotel Demo Centro,119,98,1,184,34,43,82.35,137654.06,13490097.53,2749545.07,451038.47,16690681.07,demo,
2025-07-18,hotel-demo-2,Hotel Demo Costa,64,43,0,74,18,19,67.19,176911.97,7607214.52,1794713.28,259465.30,9661393.10,demo,
2025-07-19,hotel-demo-1,Hotel Demo Centro,120,101,0,172,36,32,84.17,131588.71,13290460.19,2786703.00,451590.56,16528753.76,demo,
2025-07-19,hotel-demo-2,Hotel Demo Costa,62,36,2,66,13,16,58.06,181841.49,6546293.77,1471392.70,242851.15,8260537.63,demo,
2025-07-20,hotel-demo-1,Hotel Demo Centro,120,83,0,160,32,28,69.17,141910.34,11778558.62,2407869.56,278437.68,14464865.86,demo,
2025-07-20,hotel-demo-2,Hotel Demo Costa,63,34,1,67,13,11,53.97,175545.20,5968536.87,1325408.89,240416.54,7534362.29,demo,
2025-07-21,hotel-demo-1,Hotel Demo Centro,118,80,2,141,36,36,67.80,139120.48,11129638.36,2834725.60,255901.20,14220265.16,demo,
2025-07-21,hotel-demo-2,Hotel Demo Costa,62,33,2,62,12,14,53.23,177173.01,5846709.19,1186678.69,241426.18,7274814.06,demo,
2025-07-22,hotel-demo-1,Hotel Demo Centro,120,100,0,199,35,32,83.33,138991.59,13899159.04,3416925.35,336958.07,17653042.46,demo,
2025-07-22,hotel-demo-2,Hotel Demo Costa,62,36,2,61,16,16,58.06,177104.70,6375769.18,1493225.96,217672.58,8086667.73,demo,
2025-07-23,hotel-demo-1,Hotel Demo Centro,120,88,0,181,30,29,73.33,134334.86,11821467.80,2640480.65,367997.54,14829945.99,demo,
2025-07-23,hotel-demo-2,Hotel Demo Costa,63,36,1,71,15,13,57.14,174890.38,6296053.81,1187577.50,182823.14,7666454.45,demo,
2025-07-24,hotel-demo-1,Hotel Demo Centro,120,96,0,200,31,40,80.00,139211.58,13364311.48,2705556.51,569291.57,16639159.56,demo,
2025-07-24,hotel-demo-2,Hotel Demo Costa,64,34,0,69,15,11,53.12,172312.38,5858621.07,1161591.56,256714.09,7276926.72,demo,
2025-07-25,hotel-demo-1,Hotel Demo Centro,120,103,0,175,31,36,85.83,138629.49,14278837.10,2745326.91,625359.31,17649523.32,demo,
2025-07-25,hotel-demo-2,Hotel Demo Costa,64,37,0,77,11,16,57.81,183464.87,6788200.34,1454182.55,228686.51,8471069.40,demo,
2025-07-26,hotel-demo-1,Hotel Demo Centro,120,101,0,182,38,34,84.17,144119.65,14556084.61,3475662.43,533973.35,18565720.39,demo,
2025-07-26,hotel-demo-2,Hotel Demo Costa,62,39,2,67,14,13,62.90,186098.96,7257859.31,1769270.59,344879.97,9372009.87,demo,
2025-07-27,hotel-demo-1,Hotel Demo Centro,119,84,1,159,33,31,70.59,141713.53,11903936.16,3055446.55,535092.78,15494475.49,demo,
2025-07-27,hotel-demo-2,Hotel Demo Costa,62,38,2,77,14,12,61.29,175707.65,6676890.75,1667832.38,221814.24,8566537.38,demo,
2025-07-28,hotel-demo-1,Hotel Demo Centro,120,86,0,155,29,28,71.67,144374.87,12416238.60,2954773.85,303241.62,15674254.07,demo,
2025-07-28,hotel-demo-2,Hotel Demo Costa,62,36,2,69,15,15,58.06,172472.44,6209007.76,1463780.57,307194.42,7979982.75,demo,
2025-07-29,hotel-demo-1,Hotel Demo Centro,118,94,2,183,38,31,79.66,133875.17,12584266.32,2369435.13,618500.74,15572202.20,demo,
2025-07-29,hotel-demo-2,Hotel Demo Costa,64,28,0,48,12,9,43.75,176345.21,4937665.99,1109022.03,125681.56,6172369.58,demo,
2025-07-30,hotel-demo-1,Hotel Demo Centro,120,100,0,182,35,43,83.33,141477.33,14147733.48,3470669.88,368841.32,17987244.68,demo,
2025-07-30,hotel-demo-2,Hotel Demo Costa,64,32,0,64,13,10,50.00,172127.92,5508093.38,1156343.14,223041.96,6887478.48,demo,
2025-07-31,hotel-demo-1,Hotel Demo Centro,118,88,2,166,33,31,74.58,142247.46,12517776.49,2667903.53,351001.25,15536681.28,demo,
2025-07-31,hotel-demo-2,Hotel Demo Costa,62,32,2,66,10,11,51.61,174478.13,5583300.31,1297165.85,207593.46,7088059.63,demo,
2025-08-01,hotel-demo-1,Hotel Demo Centro,119,89,1,174,29,35,74.79,132954.93,11832988.43,2762647.87,525040.59,15120676.89,demo,
2025-08-01,hotel-demo-2,Hotel Demo Costa,62,28,2,50,11,12,45.16,174072.12,4874019.47,953175.63,203322.36,6030517.45,demo,
2025-08-02,hotel-demo-1,Hotel Demo Centro,120,100,0,197,43,41,83.33,140384.54,14038454.14,2944833.27,405461.10,17388748.50,demo,
2025-08-02,hotel-demo-2,Hotel Demo Costa,64,38,0,71,17,16,59.38,177571.47,6747715.95,1356098.67,243707.34,8347521.96,demo,
2025-08-03,hotel-demo-1,Hotel Demo Centro,120,71,0,139,24,31,59.17,136906.55,9720365.35,2353058.13,474284.64,12547708.12,demo,
2025-08-03,hotel-demo-2,Hotel Demo Costa,63,26,1,44,10,8,41.27,182609.76,4747853.82,922620.30,122491.01,5792965.14,demo,
2025-08-04,hotel-demo-1,Hotel Demo Centro,120,83,0,169,30,32,69.17,131107.86,10881952.07,2709780.92,363407.20,13955140.18,demo,
2025-08-04,hotel-demo-2,Hotel Demo Costa,64,23,0,46,9,9,35.94,172283.51,3962520.64,850195.57,127968.18,4940684.39,demo,
2025-08-05,hotel-demo-1,Hotel Demo Centro,120,81,0,156,24,29,67.50,133657.77,10826279.25,2716353.23,508557.26,14051189.74,demo,
2025-08-05,hotel-demo-2,Hotel Demo Costa,63,29,1,58,13,12,46.03,177977.51,5161347.81,1107499.53,230604.11,6499451.45,demo,
2025-08-06,hotel-demo-1,Hotel Demo Centro,119,84,1,147,33,32,70.59,142369.20,11959013.18,2232318.95,359806.94,14551139.06,demo,
2025-08-06,hotel-demo-2,Hotel Demo Costa,64,34,0,69,11,11,53.12,185888.94,6320223.91,1233642.94,252269.97,7806136.82,demo,
2025-08-07,hotel-demo-1,Hotel Demo Centro,119,81,1,160,29,35,68.07,134589.22,10901726.43,2780285.24,458837.27,14140848.94,demo,
2025-08-07,hotel-demo-2,Hotel Demo Costa,62,26,2,47,8,8,41.94,178009.37,4628243.72,1150137.30,205478.10,5983859.12,demo,
2025-08-08,hotel-demo-1,Hotel Demo Centro,120,87,0,148,35,36,72.50,135014.05,11746222.38,2581799.54,493725.76,14821747.68,demo,
2025-08-08,hotel-demo-2,Hotel Demo Costa,64,31,0,59,12,14,48.44,171296.15,5310180.59,1146241.72,155277.31,6611699.62,demo,
2025-08-09,hotel-demo-1,Hotel Demo Centro,119,83,1,155,32,37,69.75,133979.83,11120326.21,2424390.82,477562.02,14022279.06,demo,
2025-08-09,hotel-demo-2,Hotel Demo Costa,63,29,1,56,10,9,46.03,173480.56,5030936.25,1047216.88,193863.14,6272016.27,demo,
2025-08-10,hotel-demo-1,Hotel Demo Centro,119,80,1,168,28,31,67.23,140448.71,11235896.71,2504647.50,404453.39,14144997.61,demo,
2025-08-10,hotel-demo-2,Hotel Demo Costa,64,25,0,46,11,8,39.06,171162.01,4279050.13,1074086.00,89611.74,5442747.88,demo,
2025-08-11,hotel-demo-1,Hotel Demo Centro,118,84,2,165,26,31,71.19,142520.33,11971707.67,2703819.18,307656.33,14983183.18,demo,
2025-08-11,hotel-demo-2,Hotel Demo Costa,64,30,0,62,11,11,46.88,176575.05,5297251.64,1320284.33,108260.28,6725796.26,demo,
2025-08-12,hotel-demo-1,Hotel Demo Centro,120,83,0,151,32,34,69.17,130794.51,10855944.09,2794963.50,333528.17,13984435.76,demo,
2025-08-12,hotel-demo-2,Hotel Demo Costa,63,25,1,48,8,11,39.68,185563.28,4639082.12,1173601.01,183748.62,5996431.75,demo,
2025-08-13,hotel-demo-1,Hotel Demo Centro,120,77,0,146,31,34,64.17,132450.40,10198680.55,2321469.36,217211.25,12737361.17,demo,
2025-08-13,hotel-demo-2,Hotel Demo Costa,64,36,0,74,12,16,56.25,175157.24,6305660.57,1308648.04,239115.04,7853423.64,demo,
2025-08-14,hotel-demo-1,Hotel Demo Centro,120,79,0,151,32,28,65.83,137591.61,10869737.12,2374298.69,344178.59,13588214.39,demo,
2025-08-14,hotel-demo-2,Hotel Demo Costa,64,34,0,61,11,14,53.12,186793.75,6350987.65,1289235.18,265849.96,7906072.79,demo,
2025-08-15,hotel-demo-1,Hotel Demo Centro,120,90,0,181,34,34,75.00,139531.35,12557821.74,2725865.52,310323.72,15594010.98,demo,
2025-08-15,hotel-demo-2,Hotel Demo Costa,64,28,0,49,11,10,43.75,172105.21,4818945.98,1198652.03,111038.61,6128636.62,demo,
2025-08-16,hotel-demo-1,Hotel Demo Centro,120,91,0,168,29,33,75.83,137393.69,12502825.67,3015367.25,489596.37,16007789.29,demo,
2025-08-16,hotel-demo-2,Hotel Demo Costa,62,34,2,66,10,11,54.84,177924.64,6049437.82,1214706.53,274778.54,7538922.89,demo,
2025-08-17,hotel-demo-1,Hotel Demo Centro,118,78,2,147,30,25,66.10,144497.22,11270783.11,2413862.73,238073.17,13922719.01,demo,
2025-08-17,hotel-demo-2,Hotel Demo Costa,64,23,0,45,8,10,35.94,182058.28,4187340.36,858726.67,99101.01,5145168.04,demo,
2025-08-18,hotel-demo-1,Hotel Demo Centro,120,76,0,152,28,27,63.33,135100.40,10267630.09,2562271.92,358308.67,13188210.68,demo,
2025-08-18,hotel-demo-2,Hotel Demo Costa,62,31,2,56,14,10,50.00,174531.79,5410485.48,1136665.35,237065.85,6784216.68,demo,
2025-08-19,hotel-demo-1,Hotel Demo Centro,120,95,0,177,36,41,79.17,133409.11,12673865.16,2995363.34,458908.96,16128137.46,demo,
2025-08-19,hotel-demo-2,Hotel Demo Costa,62,28,2,54,12,12,45.16,183007.57,5124212.00,1161285.38,169822.60,6455319.97,demo,
2025-08-20,hotel-demo-1,Hotel Demo Centro,119,84,1,165,34,33,70.59,141527.26,11888289.95,2580006.93,429932.80,14898229.69,demo,
2025-08-20,hotel-demo-2,Hotel Demo Costa,64,29,0,52,10,9,45.31,183598.35,5324352.18,1183761.48,252784.92,6760898.58,demo,
2025-08-21,hotel-demo-1,Hotel Demo Centro,120,83,0,169,26,26,69.17,134219.11,11140186.21,2453316.31,474121.48,14067624.00,demo,
2025-08-21,hotel-demo-2,Hotel Demo Costa,64,30,0,63,12,12,46.88,183488.17,5504645.05,1262631.32,261512.45,7028788.82,demo,
2025-08-22,hotel-demo-1,Hotel Demo Centro,120,94,0,179,39,39,78.33,132638.57,12468025.95,3071182.92,366465.57,15905674.44,demo,
2025-08-22,hotel-demo-2,Hotel Demo Costa,64,37,0,67,16,12,57.81,180696.64,6685775.73,1624517.71,149725.32,8460018.75,demo,
2025-08-23,hotel-demo-1,Hotel Demo Centro,118,88,2,151,31,38,74.58,142525.00,12542200.05,3116069.73,520694.02,16178963.80,demo,
2025-08-23,hotel-demo-2,Hotel Demo Costa,63,29,1,52,10,12,46.03,184075.75,5338196.76,1020603.82,177207.44,6536008.01,demo,
2025-08-24,hotel-demo-1,Hotel Demo Centro,119,82,1,161,26,29,68.91,132821.05,10891325.79,2511861.34,313201.46,13716388.58,demo,
2025-08-24,hotel-demo-2,Hotel Demo Costa,64,22,0,39,8,7,34.38,177645.65,3908204.33,915721.25,83157.29,4907082.86,demo,
2025-08-25,hotel-demo-1,Hotel Demo Centro,118,84,2,170,34,26,71.19,132793.03,11154614.13,2728184.76,308901.86,14191700.74,demo,
2025-08-25,hotel-demo-2,Hotel Demo Costa,64,27,0,56,8,11,42.19,178059.27,4807600.26,967520.31,236819.44,6011940.01,demo,
2025-08-26,hotel-demo-1,Hotel Demo Centro,120,79,0,153,31,33,65.83,141117.89,11148312.95,2410967.73,399846.02,13959126.69,demo,
2025-08-26,hotel-demo-2,Hotel Demo Costa,62,27,2,48,10,11,43.55,182076.23,4916058.32,1157065.28,98851.18,6171974.78,demo,
2025-08-27,hotel-demo-1,Hotel Demo Centro,118,85,2,149,29,28,72.03,142209.36,12087795.19,2614517.09,548492.76,15250805.04,demo,
2025-08-27,hotel-demo-2,Hotel Demo Costa,64,24,0,44,8,9,37.50,184872.20,4436932.68,1070424.78,93412.71,5600770.17,demo,
2025-08-28,hotel-demo-1,Hotel Demo Centro,119,82,1,163,32,32,68.91,138146.70,11328029.17,2790682.73,258605.23,14377317.12,demo,
2025-08-28,hotel-demo-2,Hotel Demo Costa,64,32,0,66,10,14,50.00,177302.95,5673694.47,1378718.79,278559.41,7330972.67,demo,
2025-08-29,hotel-demo-1,Hotel Demo Centro,119,90,1,173,29,32,75.63,141568.31,12741147.68,3148455.48,358833.30,16248436.46,demo,
2025-08-29,hotel-demo-2,Hotel Demo Costa,64,32,0,55,13,12,50.00,173731.94,5559422.12,1123914.06,269985.22,6953321.39,demo,
2025-08-30,hotel-demo-1,Hotel Demo Centro,120,97,0,190,32,35,80.83,136099.12,13201614.83,2656180.46,616544.68,16474339.97,demo,
2025-08-30,hotel-demo-2,Hotel Demo Costa,63,26,1,51,8,11,41.27,171459.12,4457937.10,997206.77,149160.45,5604304.32,demo,
2025-08-31,hotel-demo-1,Hotel Demo Centro,118,71,2,138,22,22,60.17,140272.11,9959320.16,1800626.28,338073.01,12098019.45,demo,
2025-08-31,hotel-demo-2,Hotel Demo Costa,64,29,0,52,12,11,45.31,183153.70,5311457.43,1029005.72,121131.64,6461594.79,demo,
2025-09-01,hotel-demo-1,Hotel Demo Centro,120,95,0,166,31,40,79.17,144209.14,13699868.01,3334380.38,684497.58,17718745.98,demo,
2025-09-01,hotel-demo-2,Hotel Demo Costa,64,31,0,55,10,12,48.44,180833.10,5605826.18,1361775.58,263876.02,7231477.78,demo,
2025-09-02,hotel-demo-1,Hotel Demo Centro,120,87,0,179,31,26,72.50,144278.14,12552197.94,2707335.98,568327.14,15827861.07,demo,
2025-09-02,hotel-demo-2,Hotel Demo Costa,62,30,2,63,10,13,48.39,190651.63,5719548.82,1359056.36,118527.32,7197132.49,demo,
2025-09-03,hotel-demo-1,Hotel Demo Centro,120,95,0,199,39,39,79.17,136317.93,12950203.55,2776385.90,601216.65,16327806.10,demo,
2025-09-03,hotel-demo-2,Hotel Demo Costa,64,34,0,65,12,13,53.12,184213.48,6263258.16,1628009.83,295849.00,8187116.98,demo,
2025-09-04,hotel-demo-1,Hotel Demo Centro,120,85,0,164,35,32,70.83,135205.31,11492451.00,2345173.03,247209.02,14084833.05,demo,
2025-09-04,hotel-demo-2,Hotel Demo Costa,64,41,0,77,18,15,64.06,180906.93,7417184.32,1494720.19,245593.27,9157497.78,demo,
2025-09-05,hotel-demo-1,Hotel Demo Centro,119,102,1,188,36,44,85.71,143766.62,14664194.91,3510659.45,674356.43,18849210.78,demo,
2025-09-05,hotel-demo-2,Hotel Demo Costa,63,38,1,72,15,16,60.32,180292.75,6851124.53,1294166.40,138015.06,8283306.00,demo,
2025-09-06,hotel-demo-1,Hotel Demo Centro,120,99,0,198,38,38,82.50,136125.52,13476426.11,2958854.06,647064.73,17082344.90,demo,
2025-09-06,hotel-demo-2,Hotel Demo Costa,64,34,0,64,12,11,53.12,193437.98,6576891.25,1639803.55,239585.59,8456280.39,demo,
2025-09-07,hotel-demo-1,Hotel Demo Centro,119,91,1,166,36,35,76.47,135414.21,12322693.47,2312842.68,572652.99,15208189.14,demo,
2025-09-07,hotel-demo-2,Hotel Demo Costa,64,36,0,64,15,12,56.25,191003.72,6876134.01,1603366.31,151635.31,8631135.64,demo,
2025-09-08,hotel-demo-1,Hotel Demo Centro,120,83,0,162,25,27,69.17,135683.05,11261692.77,2523102.49,315438.85,14100234.11,demo,
2025-09-08,hotel-demo-2,Hotel Demo Costa,64,37,0,65,14,14,57.81,194150.78,7183578.88,1378840.16,335620.31,8898039.35,demo,
2025-09-09,hotel-demo-1,Hotel Demo Centro,120,83,0,144,33,37,69.17,139290.41,11561104.27,2501299.29,234142.86,14296546.42,demo,
2025-09-09,hotel-demo-2,Hotel Demo Costa,64,42,0,86,13,13,65.62,182725.36,7674465.32,1392392.93,306723.50,9373581.76,demo,
2025-09-10,hotel-demo-1,Hotel Demo Centro,120,87,0,182,34,27,72.50,137339.62,11948547.21,3014933.44,442501.89,15405982.54,demo,
2025-09-10,hotel-demo-2,Hotel Demo Costa,64,35,0,72,14,12,54.69,180582.15,6320375.30,1549703.81,295390.10,8165469.21,demo,
2025-09-11,hotel-demo-1,Hotel Demo Centro,120,85,0,157,35,36,70.83,136101.70,11568644.67,2163903.50,313486.38,14046034.55,demo,
2025-09-11,hotel-demo-2,Hotel Demo Costa,63,40,1,70,16,17,63.49,186462.04,7458481.64,1439893.83,220290.06,9118665.53,demo,
2025-09-12,hotel-demo-1,Hotel Demo Centro,120,108,0,224,47,47,90.00,146802.04,15854620.65,3203980.31,353520.81,19412121.78,demo,
2025-09-12,hotel-demo-2,Hotel Demo Costa,64,37,0,63,17,12,57.81,187385.64,6933268.57,1602479.12,213878.64,8749626.34,demo,
2025-09-13,hotel-demo-1,Hotel Demo Centro,119,96,1,200,31,34,80.67,147216.53,14132786.79,3396278.29,514864.67,18043929.75,demo,
2025-09-13,hotel-demo-2,Hotel Demo Costa,63,41,1,83,17,13,65.08,189023.09,7749946.78,1566364.85,220808.75,9537120.38,demo,
2025-09-14,hotel-demo-1,Hotel Demo Centro,118,81,2,164,33,31,68.64,146034.18,11828768.43,2602748.07,543177.07,14974693.58,demo,
2025-09-14,hotel-demo-2,Hotel Demo Costa,64,35,0,72,12,14,54.69,195340.53,6836918.60,1330051.32,169760.25,8336730.18,demo,
2025-09-15,hotel-demo-1,Hotel Demo Centro,120,88,0,180,31,39,73.33,141973.77,12493691.58,2349293.89,523478.48,15366463.94,demo,
2025-09-15,hotel-demo-2,Hotel Demo Costa,64,35,0,60,12,15,54.69,178458.58,6246050.14,1527827.70,130998.48,7904876.33,demo,
2025-09-16,hotel-demo-1,Hotel Demo Centro,119,97,1,179,40,43,81.51,147567.56,14314052.91,2754697.21,710418.54,17779168.65,demo,
2025-09-16,hotel-demo-2,Hotel Demo Costa,64,36,0,75,13,13,56.25,194246.48,6992873.24,1610423.08,156019.67,8759315.99,demo,
2025-09-17,hotel-demo-1,Hotel Demo Centro,118,77,2,160,24,23,65.25,145900.57,11234343.60,2664839.21,382399.62,14281582.43,demo,
2025-09-17,hotel-demo-2,Hotel Demo Costa,62,35,2,70,13,13,56.45,189004.14,6615144.90,1394047.74,227783.61,8236976.24,demo,
2025-09-18,hotel-demo-1,Hotel Demo Centro,118,96,2,182,29,38,81.36,140383.05,13476772.61,2805215.00,620119.51,16902107.12,demo,
2025-09-18,hotel-demo-2,Hotel Demo Costa,63,35,1,69,13,12,55.56,188212.76,6587446.75,1601720.29,207725.60,8396892.64,demo,
2025-09-19,hotel-demo-1,Hotel Demo Centro,120,104,0,181,32,33,86.67,145177.16,15098424.40,3852638.43,729248.72,19680311.56,demo,
2025-09-19,hotel-demo-2,Hotel Demo Costa,62,41,2,84,17,17,66.13,191723.16,7860649.61,1976348.44,194128.35,10031126.41,demo,
2025-09-20,hotel-demo-1,Hotel Demo Centro,118,105,2,215,32,33,88.98,146867.69,15421107.52,2867825.44,315579.21,18604512.17,demo,
2025-09-20,hotel-demo-2,Hotel Demo Costa,64,36,0,66,12,11,56.25,181830.43,6545895.57,1632669.92,251584.52,8430150.01,demo,
2025-09-21,hotel-demo-1,Hotel Demo Centro,119,70,1,134,24,29,58.82,147615.97,10333118.05,1961043.51,353121.49,12647283.05,demo,
2025-09-21,hotel-demo-2,Hotel Demo Costa,64,32,0,59,10,14,50.00,191926.30,6141641.71,1350055.95,140974.45,7632672.11,demo,
2025-09-22,hotel-demo-1,Hotel Demo Centro,120,79,0,139,28,29,65.83,146511.08,11574375.70,2474927.00,392108.36,14441411.05,demo,
2025-09-22,hotel-demo-2,Hotel Demo Costa,64,37,0,70,13,12,57.81,186732.46,6909101.08,1643072.73,183059.33,8735233.14,demo,
2025-09-23,hotel-demo-1,Hotel Demo Centro,118,87,2,172,31,28,73.73,138052.66,12010581.50,2411302.15,511076.95,14932960.61,demo,
2025-09-23,hotel-demo-2,Hotel Demo Costa,63,35,1,72,14,15,55.56,190629.18,6672021.21,1277727.74,322711.40,8272460.34,demo,
2025-09-24,hotel-demo-1,Hotel Demo Centro,119,81,1,139,27,35,68.07,144344.12,11691873.34,2484697.97,469483.17,14646054.49,demo,
2025-09-24,hotel-demo-2,Hotel Demo Costa,64,36,0,70,12,12,56.25,192713.03,6937669.07,1630243.54,335142.89,8903055.50,demo,
2025-09-25,hotel-demo-1,Hotel Demo Centro,119,83,1,170,31,29,69.75,142186.78,11801502.81,2819846.72,413120.44,15034469.97,demo,
2025-09-25,hotel-demo-2,Hotel Demo Costa,64,30,0,53,12,10,46.88,186995.32,5609859.53,1395873.70,238348.21,7244081.44,demo,
2025-09-26,hotel-demo-1,Hotel Demo Centro,120,103,0,207,33,45,85.83,149687.14,15417775.16,2906692.13,384387.49,18708854.78,demo,
2025-09-26,hotel-demo-2,Hotel Demo Costa,63,36,1,73,12,16,57.14,196083.45,7059004.17,1275061.50,264962.72,8599028.39,demo,
2025-09-27,hotel-demo-1,Hotel Demo Centro,120,93,0,175,40,38,77.50,136785.14,12721018.39,2845811.07,585809.84,16152639.31,demo,
2025-09-27,hotel-demo-2,Hotel Demo Costa,64,41,0,83,13,18,64.06,183739.77,7533330.76,1475498.96,192420.02,9201249.75,demo,
2025-09-28,hotel-demo-1,Hotel Demo Centro,120,82,0,170,28,27,68.33,149714.92,12276623.61,2241722.58,392004.33,14910350.52,demo,
2025-09-28,hotel-demo-2,Hotel Demo Costa,63,32,1,61,10,14,50.79,191541.13,6129316.16,1589359.38,213286.04,7931961.57,demo,
2025-09-29,hotel-demo-1,Hotel Demo Centro,119,82,1,145,33,29,68.91,145336.38,11917583.04,2930831.90,400532.31,15248947.25,demo,
2025-09-29,hotel-demo-2,Hotel Demo Costa,63,36,1,76,15,15,57.14,184154.16,6629549.62,1194798.23,281394.62,8105742.48,demo,
2025-09-30,hotel-demo-1,Hotel Demo Centro,120,93,0,167,28,32,77.50,147298.70,13698778.87,3500856.07,636493.23,17836128.17,demo,
2025-09-30,hotel-demo-2,Hotel Demo Costa,64,40,0,74,16,14,62.50,183200.52,7328020.63,1358460.06,180408.01,8866888.69,demo,
2025-10-01,hotel-demo-1,Hotel Demo Centro,118,100,2,198,33,33,84.75,143907.51,14390750.59,3228575.25,529692.79,18149018.63,demo,
2025-10-01,hotel-demo-2,Hotel Demo Costa,62,40,2,84,13,13,64.52,182535.77,7301430.76,1643891.23,308212.14,9253534.12,demo,
2025-10-02,hotel-demo-1,Hotel Demo Centro,118,84,2,151,31,28,71.19,145585.02,12229141.85,3132009.28,287838.92,15648990.05,demo,
2025-10-02,hotel-demo-2,Hotel Demo Costa,64,46,0,96,14,15,71.88,192993.59,8877705.36,2238379.92,268612.15,11384697.43,demo,
2025-10-03,hotel-demo-1,Hotel Demo Centro,118,98,2,202,31,30,83.05,145885.72,14296800.98,3029368.40,450247.07,17776416.45,demo,
2025-10-03,hotel-demo-2,Hotel Demo Costa,64,48,0,85,15,17,75.00,188296.09,9038212.09,1726246.87,197327.06,10961786.02,demo,
2025-10-04,hotel-demo-1,Hotel Demo Centro,120,98,0,185,31,36,81.67,144357.92,14147076.43,3046280.46,672265.70,17865622.59,demo,
2025-10-04,hotel-demo-2,Hotel Demo Costa,64,49,0,94,16,16,76.56,194415.55,9526361.86,2229477.99,390698.58,12146538.43,demo,
2025-10-05,hotel-demo-1,Hotel Demo Centro,120,95,0,165,41,42,79.17,145475.75,13820195.86,3577968.37,454683.77,17852848.00,demo,
2025-10-05,hotel-demo-2,Hotel Demo Costa,64,36,0,69,16,13,56.25,196587.09,7077135.16,1574184.05,317666.20,8968985.40,demo,
2025-10-06,hotel-demo-1,Hotel Demo Centro,120,87,0,159,31,36,72.50,150397.67,13084596.94,3257817.12,511992.93,16854406.99,demo,
2025-10-06,hotel-demo-2,Hotel Demo Costa,63,38,1,67,14,15,60.32,185803.99,7060551.53,1769613.13,204729.67,9034894.33,demo,
2025-10-07,hotel-demo-1,Hotel Demo Centro,120,86,0,160,37,32,71.67,148525.87,12773225.08,2917899.73,506505.99,16197630.80,demo,
2025-10-07,hotel-demo-2,Hotel Demo Costa,64,39,0,67,16,15,60.94,186244.67,7263542.23,1584738.75,207382.92,9055663.90,demo,
2025-10-08,hotel-demo-1,Hotel Demo Centro,118,90,2,168,27,34,76.27,140440.83,12639674.71,3136841.64,516265.43,16292781.78,demo,
2025-10-08,hotel-demo-2,Hotel Demo Costa,63,38,1,68,14,17,60.32,201566.98,7659545.40,1912011.50,243019.53,9814576.43,demo,
2025-10-09,hotel-demo-1,Hotel Demo Centro,120,95,0,166,38,40,79.17,151522.30,14394618.13,3611389.80,627533.68,18633541.62,demo,
2025-10-09,hotel-demo-2,Hotel Demo Costa,64,36,0,68,14,13,56.25,185143.38,6665161.75,1599034.05,225235.82,8489431.62,demo,
2025-10-10,hotel-demo-1,Hotel Demo Centro,120,107,0,219,34,41,89.17,150122.74,16063133.37,3930779.80,549382.36,20543295.53,demo,
2025-10-10,hotel-demo-2,Hotel Demo Costa,64,53,0,106,17,20,82.81,188543.16,9992787.30,1973929.38,292084.91,12258801.59,demo,
2025-10-11,hotel-demo-1,Hotel Demo Centro,120,104,0,212,33,40,86.67,148659.83,15460622.55,3240204.03,413754.63,19114581.21,demo,
2025-10-11,hotel-demo-2,Hotel Demo Costa,64,45,0,88,16,19,70.31,194604.21,8757189.28,1735420.27,404861.57,10897471.12,demo,
2025-10-12,hotel-demo-1,Hotel Demo Centro,120,85,0,173,34,35,70.83,141351.28,12014858.83,2573429.98,350133.91,14938422.72,demo,
2025-10-12,hotel-demo-2,Hotel Demo Costa,62,33,2,61,12,14,53.23,197745.03,6525585.87,1614816.96,319039.59,8459442.42,demo,
2025-10-13,hotel-demo-1,Hotel Demo Centro,120,86,0,166,38,28,71.67,145168.00,12484447.63,3062661.15,529294.94,16076403.72,demo,
2025-10-13,hotel-demo-2,Hotel Demo Costa,62,41,2,76,18,13,66.13,190772.67,7821679.44,1589400.26,211855.17,9622934.87,demo,
2025-10-14,hotel-demo-1,Hotel Demo Centro,120,84,0,173,32,27,70.00,149573.88,12564206.07,2734979.60,549605.54,15848791.20,demo,
2025-10-14,hotel-demo-2,Hotel Demo Costa,62,35,2,63,14,14,56.45,192181.18,6726341.24,1558919.84,221479.83,8506740.91,demo,
2025-10-15,hotel-demo-1,Hotel Demo Centro,118,84,2,171,35,33,71.19,148770.84,12496750.46,3236569.81,258959.06,15992279.33,demo,
2025-10-15,hotel-demo-2,Hotel Demo Costa,62,33,2,68,13,12,53.23,191724.66,6326913.71,1493232.01,141295.71,7961441.43,demo,
2025-10-16,hotel-demo-1,Hotel Demo Centro,118,93,2,181,37,36,78.81,146325.07,13608231.94,3284197.30,479950.17,17372379.41,demo,
2025-10-16,hotel-demo-2,Hotel Demo Costa,64,38,0,65,14,16,59.38,192632.26,7320025.75,1585541.67,347207.88,9252775.31,demo,
2025-10-17,hotel-demo-1,Hotel Demo Centro,120,102,0,198,31,35,85.00,151876.55,15491407.92,3163329.26,769721.79,19424458.96,demo,
2025-10-17,hotel-demo-2,Hotel Demo Costa,63,51,1,98,23,17,80.95,187449.69,9559934.10,2002128.91,476916.67,12038979.68,demo,
2025-10-18,hotel-demo-1,Hotel Demo Centro,119,95,1,194,29,38,79.83,148581.04,14115198.49,2666808.21,481953.28,17263959.98,demo,
2025-10-18,hotel-demo-2,Hotel Demo Costa,64,40,0,80,18,16,62.50,185878.56,7435142.23,1725245.28,205045.85,9365433.35,demo,
2025-10-19,hotel-demo-1,Hotel Demo Centro,120,81,0,154,31,31,67.50,138750.20,11238766.18,2814039.15,293417.35,14346222.68,demo,
2025-10-19,hotel-demo-2,Hotel Demo Costa,64,36,0,75,14,11,56.25,200126.17,7204542.24,1782373.38,214605.08,9201520.70,demo,
2025-10-20,hotel-demo-1,Hotel Demo Centro,119,96,1,197,34,30,80.67,151846.27,14577241.52,3423229.56,606077.54,18606548.62,demo,
2025-10-20,hotel-demo-2,Hotel Demo Costa,64,42,0,78,17,18,65.62,196420.22,8249649.25,2015860.97,411063.21,10676573.42,demo,
2025-10-21,hotel-demo-1,Hotel Demo Centro,120,93,0,188,41,30,77.50,139476.96,12971357.33,2346209.33,549873.48,15867440.14,demo,
2025-10-21,hotel-demo-2,Hotel Demo Costa,64,37,0,71,13,16,57.81,189032.46,6994201.05,1361149.64,330715.07,8686065.76,demo,
2025-10-22,hotel-demo-1,Hotel Demo Centro,120,97,0,181,36,30,80.83,138988.03,13481839.38,2809464.12,552108.77,16843412.28,demo,
2025-10-22,hotel-demo-2,Hotel Demo Costa,64,44,0,77,19,17,68.75,200624.84,8827492.76,2223724.12,321351.90,11372568.78,demo,
2025-10-23,hotel-demo-1,Hotel Demo Centro,119,84,1,152,26,30,70.59,147264.66,12370231.30,2845083.35,443697.78,15659012.43,demo,
2025-10-23,hotel-demo-2,Hotel Demo Costa,64,41,0,76,16,12,64.06,196169.39,8042944.97,1696708.52,200861.02,9940514.51,demo,
2025-10-24,hotel-demo-1,Hotel Demo Centro,118,112,2,217,50,43,94.92,148123.63,16589846.62,3190983.91,787095.23,20567925.75,demo,
2025-10-24,hotel-demo-2,Hotel Demo Costa,64,44,0,77,15,14,68.75,191764.90,8437655.50,2045955.25,171881.11,10655491.86,demo,
2025-10-25,hotel-demo-1,Hotel Demo Centro,120,109,0,224,37,34,90.83,153080.03,16685722.93,3540644.91,348396.71,20574764.55,demo,
2025-10-25,hotel-demo-2,Hotel Demo Costa,64,44,0,85,15,14,68.75,201220.80,8853715.05,2210393.85,371259.96,11435368.86,demo,
2025-10-26,hotel-demo-1,Hotel Demo Centro,119,74,1,146,25,22,62.18,143038.21,10584827.71,2533823.85,423540.02,13542191.58,demo,
2025-10-26,hotel-demo-2,Hotel Demo Costa,63,36,1,75,14,14,57.14,193077.04,6950773.44,1775177.16,160348.41,8886299.01,demo,
2025-10-27,hotel-demo-1,Hotel Demo Centro,120,94,0,169,41,35,78.33,151627.09,14252946.13,2662649.95,566789.11,17482385.19,demo,
2025-10-27,hotel-demo-2,Hotel Demo Costa,64,37,0,77,14,12,57.81,201390.93,7451464.23,1345273.98,204447.79,9001186.01,demo,
2025-10-28,hotel-demo-1,Hotel Demo Centro,120,83,0,149,26,32,69.17,139933.00,11614438.88,3011000.86,354105.14,14979544.89,demo,
2025-10-28,hotel-demo-2,Hotel Demo Costa,64,40,0,71,16,17,62.50,195006.38,7800255.28,1524716.67,263560.14,9588532.08,demo,
2025-10-29,hotel-demo-1,Hotel Demo Centro,120,90,0,188,27,38,75.00,150269.69,13524272.11,2775411.35,297137.29,16596820.75,demo,
2025-10-29,hotel-demo-2,Hotel Demo Costa,64,36,0,64,14,13,56.25,186824.39,6725678.17,1584610.95,328417.61,8638706.72,demo,
2025-10-30,hotel-demo-1,Hotel Demo Centro,120,84,0,167,33,34,70.00,143720.32,12072506.52,2979656.68,335822.86,15387986.06,demo,
2025-10-30,hotel-demo-2,Hotel Demo Costa,64,44,0,80,15,17,68.75,202574.54,8913279.77,2175666.98,369943.31,11458890.06,demo,
2025-10-31,hotel-demo-1,Hotel Demo Centro,119,96,1,165,36,42,80.67,150363.26,14434872.62,3484208.92,608465.51,18527547.06,demo,
2025-10-31,hotel-demo-2,Hotel Demo Costa,64,41,0,71,18,14,64.06,192929.80,7910121.77,1523456.45,323796.37,9757374.59,demo,
2025-11-01,hotel-demo-1,Hotel Demo Centro,120,93,0,160,39,34,77.50,151102.23,14052507.36,3095078.85,494885.23,17642471.44,demo,
2025-11-01,hotel-demo-2,Hotel Demo Costa,64,49,0,97,20,21,76.56,200869.44,9842602.66,2256029.77,356553.61,12455186.04,demo,
2025-11-02,hotel-demo-1,Hotel Demo Centro,118,73,2,130,23,28,61.86,139460.32,10180603.41,1965271.32,325577.95,12471452.68,demo,
2025-11-02,hotel-demo-2,Hotel Demo Costa,63,41,1,76,14,15,65.08,202550.60,8304574.68,1811094.06,403263.41,10518932.15,demo,
2025-11-03,hotel-demo-1,Hotel Demo Centro,119,85,1,169,33,31,71.43,149755.44,12729212.34,3129221.52,473130.16,16331564.03,demo,
2025-11-03,hotel-demo-2,Hotel Demo Costa,64,46,0,85,19,16,71.88,196398.97,9034352.66,2331746.93,218053.47,11584153.07,demo,
2025-11-04,hotel-demo-1,Hotel Demo Centro,120,90,0,166,29,34,75.00,144728.07,13025525.86,2593336.35,584547.19,16203409.40,demo,
2025-11-04,hotel-demo-2,Hotel Demo Costa,64,43,0,86,17,14,67.19,201076.06,8646270.64,2240031.96,188152.08,11074454.68,demo,
2025-11-05,hotel-demo-1,Hotel Demo Centro,120,85,0,146,33,32,70.83,147419.81,12530683.49,3081926.44,614946.73,16227556.66,demo,
2025-11-05,hotel-demo-2,Hotel Demo Costa,64,44,0,80,18,20,68.75,208948.99,9193755.60,2089215.39,221678.60,11504649.59,demo,
2025-11-06,hotel-demo-1,Hotel Demo Centro,120,84,0,152,29,38,70.00,146844.50,12334937.68,2499940.11,557157.16,15392034.95,demo,
2025-11-06,hotel-demo-2,Hotel Demo Costa,63,43,1,87,18,15,68.25,189732.81,8158510.95,2101310.96,263125.55,10522947.47,demo,
2025-11-07,hotel-demo-1,Hotel Demo Centro,120,102,0,212,41,32,85.00,144534.77,14742546.21,3084336.36,326255.31,18153137.89,demo,
2025-11-07,hotel-demo-2,Hotel Demo Costa,62,55,2,95,19,19,88.71,190835.04,10495927.06,1997541.63,290420.22,12783888.91,demo,
2025-11-08,hotel-demo-1,Hotel Demo Centro,119,92,1,177,38,38,77.31,147806.59,13598205.91,2795049.11,459715.23,16852970.25,demo,
2025-11-08,hotel-demo-2,Hotel Demo Costa,63,42,1,75,15,16,66.67,196301.47,8244661.64,2067876.37,301852.47,10614390.49,demo,
2025-11-09,hotel-demo-1,Hotel Demo Centro,119,82,1,148,35,35,68.91,151763.80,12444631.63,3037773.27,282008.61,15764413.51,demo,
2025-11-09,hotel-demo-2,Hotel Demo Costa,62,46,2,82,21,17,74.19,203776.93,9373738.57,1846777.55,379433.66,11599949.78,demo,
2025-11-10,hotel-demo-1,Hotel Demo Centro,118,92,2,190,36,37,77.97,148991.52,13707219.94,2750531.66,454790.23,16912541.83,demo,
2025-11-10,hotel-demo-2,Hotel Demo Costa,64,45,0,91,17,15,70.31,191231.43,8605414.16,1973632.69,230957.23,10810004.08,demo,
2025-11-11,hotel-demo-1,Hotel Demo Centro,120,86,0,177,27,38,71.67,144312.03,12410834.65,2500762.34,375587.79,15287184.78,demo,
2025-11-11,hotel-demo-2,Hotel Demo Costa,63,47,1,83,20,17,74.60,205810.14,9673076.55,2503145.61,255401.36,12431623.52,demo,
2025-11-12,hotel-demo-1,Hotel Demo Centro,120,87,0,165,38,32,72.50,153601.39,13363321.24,2834958.14,387030.28,16585309.66,demo,
2025-11-12,hotel-demo-2,Hotel Demo Costa,64,41,0,80,17,14,64.06,202756.49,8313015.99,1552747.92,371780.92,10237544.83,demo,
2025-11-13,hotel-demo-1,Hotel Demo Centro,120,82,0,167,25,25,68.33,148017.98,12137474.63,2187095.60,579909.07,14904479.30,demo,
2025-11-13,hotel-demo-2,Hotel Demo Costa,64,47,0,88,16,18,73.44,209194.03,9832119.18,2343134.41,280035.81,12455289.41,demo,
2025-11-14,hotel-demo-1,Hotel Demo Centro,118,92,2,175,28,38,77.97,151344.10,13923657.51,2793294.51,660215.90,17377167.92,demo,
2025-11-14,hotel-demo-2,Hotel Demo Costa,63,50,1,105,17,18,79.37,196302.98,9815149.23,1866887.70,415760.37,12097797.29,demo,
2025-11-15,hotel-demo-1,Hotel Demo Centro,118,104,2,206,34,38,88.14,153537.29,15967877.94,3165444.57,327158.01,19460480.53,demo,
2025-11-15,hotel-demo-2,Hotel Demo Costa,63,53,1,94,19,20,84.13,196485.96,10413756.14,2563209.36,498551.48,13475516.97,demo,
2025-11-16,hotel-demo-1,Hotel Demo Centro,120,77,0,133,29,28,64.17,144745.61,11145411.89,2493590.24,506387.35,14145389.48,demo,
2025-11-16,hotel-demo-2,Hotel Demo Costa,62,38,2,65,15,14,61.29,201337.75,7650834.45,1909550.60,215222.25,9775607.30,demo,
2025-11-17,hotel-demo-1,Hotel Demo Centro,120,78,0,150,30,25,65.00,142934.25,11148871.70,2723878.92,239933.29,14112683.91,demo,
2025-11-17,hotel-demo-2,Hotel Demo Costa,64,41,0,76,14,17,64.06,197318.07,8090040.69,1886927.36,288670.09,10265638.15,demo,
2025-11-18,hotel-demo-1,Hotel Demo Centro,119,81,1,140,25,29,68.07,151963.60,12309051.78,3058391.79,353701.89,15721145.45,demo,
2025-11-18,hotel-demo-2,Hotel Demo Costa,64,47,0,84,17,18,73.44,190890.24,8971841.51,2190331.91,403693.75,11565867.16,demo,
2025-11-19,hotel-demo-1,Hotel Demo Centro,118,87,2,155,34,27,73.73,144525.87,12573750.44,3205410.90,309521.57,16088682.91,demo,
2025-11-19,hotel-demo-2,Hotel Demo Costa,64,48,0,82,20,19,75.00,205903.40,9883363.38,1947094.67,395721.99,12226180.04,demo,
2025-11-20,hotel-demo-1,Hotel Demo Centro,120,86,0,164,30,38,71.67,141821.07,12196612.24,2549168.60,466908.11,15212688.95,demo,
2025-11-20,hotel-demo-2,Hotel Demo Costa,64,47,0,85,14,16,73.44,201024.14,9448134.42,2183772.47,252106.09,11884012.97,demo,
2025-11-21,hotel-demo-1,Hotel Demo Centro,120,92,0,176,41,30,76.67,152118.06,13994861.66,3604457.13,428427.88,18027746.66,demo,
2025-11-21,hotel-demo-2,Hotel Demo Costa,63,46,1,87,18,20,73.02,204491.09,9406590.12,2047750.70,338427.59,11792768.41,demo,
2025-11-22,hotel-demo-1,Hotel Demo Centro,120,106,0,217,43,45,88.33,152759.95,16192555.21,3329189.36,635422.33,20157166.91,demo,
2025-11-22,hotel-demo-2,Hotel Demo Costa,64,51,0,92,19,22,79.69,205764.89,10494009.43,2205206.00,405922.11,13105137.54,demo,
2025-11-23,hotel-demo-1,Hotel Demo Centro,120,85,0,175,35,31,70.83,145933.34,12404333.83,3206992.66,445178.29,16056504.79,demo,
2025-11-23,hotel-demo-2,Hotel Demo Costa,62,49,2,88,18,16,79.03,208164.08,10200039.95,2597798.55,487924.33,13285762.84,demo,
2025-11-24,hotel-demo-1,Hotel Demo Centro,119,88,1,169,35,27,73.95,145198.88,12777501.11,2578737.61,562000.45,15918239.17,demo,
2025-11-24,hotel-demo-2,Hotel Demo Costa,63,44,1,92,19,17,69.84,197761.36,8701499.64,1707251.67,311034.58,10719785.89,demo,
2025-11-25,hotel-demo-1,Hotel Demo Centro,120,95,0,176,34,36,79.17,148144.74,14073749.94,3218412.72,582177.92,17874340.58,demo,
2025-11-25,hotel-demo-2,Hotel Demo Costa,64,47,0,83,21,20,73.44,194584.88,9145489.17,2080545.98,369823.12,11595858.27,demo,
2025-11-26,hotel-demo-1,Hotel Demo Centro,119,89,1,179,38,27,74.79,153223.66,13636905.31,3310100.19,312949.84,17259955.35,demo,
2025-11-26,hotel-demo-2,Hotel Demo Costa,62,41,2,79,15,16,66.13,194310.41,7966726.85,1740600.84,194404.36,9901732.05,demo,
2025-11-27,hotel-demo-1,Hotel Demo Centro,120,97,0,181,37,40,80.83,146988.15,14257850.37,2940429.14,503743.75,17702023.26,demo,
2025-11-27,hotel-demo-2,Hotel Demo Costa,64,47,0,82,16,19,73.44,208707.53,9809253.93,2282181.91,455105.96,12546541.81,demo,
2025-11-28,hotel-demo-1,Hotel Demo Centro,118,93,2,170,42,35,78.81,144892.49,13475001.22,3311797.41,375982.52,17162781.16,demo,
2025-11-28,hotel-demo-2,Hotel Demo Costa,64,46,0,82,17,17,71.88,211608.79,9734004.24,2369863.10,443140.09,12547007.43,demo,
2025-11-29,hotel-demo-1,Hotel Demo Centro,118,103,2,215,43,41,87.29,141703.57,14595467.58,3657600.99,393546.68,18646615.26,demo,
2025-11-29,hotel-demo-2,Hotel Demo Costa,63,47,1,80,17,21,74.60,206631.00,9711657.13,2080060.56,281102.89,12072820.58,demo,
2025-11-30,hotel-demo-1,Hotel Demo Centro,118,68,2,122,26,30,57.63,154494.45,10505622.70,2453575.54,418926.32,13378124.57,demo,
2025-11-30,hotel-demo-2,Hotel Demo Costa,64,45,0,78,19,18,70.31,212210.50,9549472.32,1892146.69,241138.60,11682757.61,demo,
2025-12-01,hotel-demo-1,Hotel Demo Centro,119,76,1,151,27,30,63.87,149994.09,11399550.74,2698518.97,360947.24,14459016.95,demo,
2025-12-01,hotel-demo-2,Hotel Demo Costa,64,59,0,121,18,24,92.19,208607.07,12307817.09,2546901.01,596303.12,15451021.23,demo,
2025-12-02,hotel-demo-1,Hotel Demo Centro,120,74,0,146,31,25,61.67,148026.98,10953996.45,2195308.43,403913.07,13553217.95,demo,
2025-12-02,hotel-demo-2,Hotel Demo Costa,64,60,0,125,24,27,93.75,215622.95,12937376.88,2358402.87,317572.23,15613351.98,demo,
2025-12-03,hotel-demo-1,Hotel Demo Centro,119,72,1,122,32,30,60.50,152240.64,10961326.08,2335957.62,532461.71,13829745.41,demo,
2025-12-03,hotel-demo-2,Hotel Demo Costa,64,57,0,117,19,21,89.06,205197.27,11696244.49,2655873.81,247826.28,14599944.59,demo,
2025-12-04,hotel-demo-1,Hotel Demo Centro,120,71,0,138,24,30,59.17,149773.16,10633894.41,2016439.58,306394.09,12956728.07,demo,
2025-12-04,hotel-demo-2,Hotel Demo Costa,64,61,0,107,20,23,95.31,201976.43,12320562.22,2595922.85,427381.67,15343866.74,demo,
2025-12-05,hotel-demo-1,Hotel Demo Centro,119,87,1,169,26,38,73.11,150386.57,13083631.67,2630027.88,298050.97,16011710.52,demo,
2025-12-05,hotel-demo-2,Hotel Demo Costa,64,63,0,114,25,27,98.44,217263.87,13687624.02,3319846.00,385068.25,17392538.27,demo,
2025-12-06,hotel-demo-1,Hotel Demo Centro,120,97,0,192,33,41,80.83,143595.46,13928760.06,3330575.03,313546.99,17572882.08,demo,
2025-12-06,hotel-demo-2,Hotel Demo Costa,64,63,0,122,22,23,98.44,202702.60,12770263.85,3001730.89,366320.09,16138314.82,demo,
2025-12-07,hotel-demo-1,Hotel Demo Centro,120,68,0,118,21,23,56.67,139424.14,9480841.79,1862894.72,213596.08,11557332.59,demo,
2025-12-07,hotel-demo-2,Hotel Demo Costa,64,49,0,92,16,20,76.56,212942.21,10434168.46,2216542.22,372866.73,13023577.41,demo,
2025-12-08,hotel-demo-1,Hotel Demo Centro,120,84,0,143,26,28,70.00,151961.87,12764797.17,2480665.60,539840.88,15785303.65,demo,
2025-12-08,hotel-demo-2,Hotel Demo Costa,64,54,0,94,19,17,84.38,219385.51,11846817.70,2263315.95,339401.84,14449535.48,demo,
2025-12-09,hotel-demo-1,Hotel Demo Centro,120,79,0,139,25,24,65.83,141324.31,11164620.53,2670745.65,270401.37,14105767.54,demo,
2025-12-09,hotel-demo-2,Hotel Demo Costa,64,54,0,110,17,18,84.38,220461.40,11904915.69,2846856.01,508640.50,15260412.20,demo,
2025-12-10,hotel-demo-1,Hotel Demo Centro,120,78,0,145,27,25,65.00,149080.97,11628315.37,2329535.75,522949.93,14480801.05,demo,
2025-12-10,hotel-demo-2,Hotel Demo Costa,62,56,2,96,24,25,90.32,209388.27,11725742.91,2291985.64,295676.68,14313405.22,demo,
2025-12-11,hotel-demo-1,Hotel Demo Centro,118,70,2,141,25,23,59.32,145357.00,10174990.03,2020389.44,327054.46,12522433.93,demo,
2025-12-11,hotel-demo-2,Hotel Demo Costa,64,54,0,93,24,20,84.38,208229.66,11244401.59,2245541.42,440639.17,13930582.19,demo,
2025-12-12,hotel-demo-1,Hotel Demo Centro,120,67,0,132,23,26,55.83,152026.83,10185797.66,2154342.40,423631.15,12763771.21,demo,
2025-12-12,hotel-demo-2,Hotel Demo Costa,64,63,0,132,24,24,98.44,206652.02,13019077.11,3257299.90,536545.10,16812922.11,demo,
2025-12-13,hotel-demo-1,Hotel Demo Centro,120,74,0,142,28,27,61.67,142589.87,10551650.04,2692938.24,301762.16,13546350.44,demo,
2025-12-13,hotel-demo-2,Hotel Demo Costa,62,56,2,110,20,20,90.32,213497.01,11955832.62,3002749.31,435089.13,15393671.06,demo,
2025-12-14,hotel-demo-1,Hotel Demo Centro,120,70,0,124,30,21,58.33,145624.10,10193686.86,2144376.25,348072.72,12686135.83,demo,
2025-12-14,hotel-demo-2,Hotel Demo Costa,64,56,0,117,20,18,87.50,212881.91,11921387.22,2258220.34,588634.77,14768242.33,demo,
2025-12-15,hotel-demo-1,Hotel Demo Centro,120,71,0,126,22,23,59.17,143810.89,10210572.85,2169101.00,485153.66,12864827.52,demo,
2025-12-15,hotel-demo-2,Hotel Demo Costa,64,54,0,107,19,19,84.38,221869.58,11980957.35,2261848.80,470383.57,14713189.72,demo,
2025-12-16,hotel-demo-1,Hotel Demo Centro,119,73,1,125,26,30,61.34,140423.93,10250947.18,2132118.57,442848.31,12825914.07,demo,
2025-12-16,hotel-demo-2,Hotel Demo Costa,63,55,1,111,24,19,87.30,220385.06,12121178.14,2588368.07,417707.14,15127253.35,demo,
2025-12-17,hotel-demo-1,Hotel Demo Centro,120,68,0,118,21,23,56.67,140009.36,9520636.34,1904923.50,345904.87,11771464.71,demo,
2025-12-17,hotel-demo-2,Hotel Demo Costa,64,58,0,118,25,21,90.62,204266.65,11847465.84,2665036.49,550326.71,15062829.05,demo,
2025-12-18,hotel-demo-1,Hotel Demo Centro,120,76,0,131,26,24,63.33,143427.33,10900477.27,2189803.97,269002.96,13359284.20,demo,
2025-12-18,hotel-demo-2,Hotel Demo Costa,63,53,1,108,23,22,84.13,202433.23,10728961.15,2209243.73,369254.07,13307458.95,demo,
2025-12-19,hotel-demo-1,Hotel Demo Centro,120,82,0,161,28,26,68.33,141443.20,11598342.66,2953265.03,425303.83,14976911.52,demo,
2025-12-19,hotel-demo-2,Hotel Demo Costa,64,63,0,119,22,23,98.44,221845.08,13976240.34,3048426.95,493393.32,17518060.61,demo,
2025-12-20,hotel-demo-1,Hotel Demo Centro,118,86,2,150,29,26,72.88,153781.79,13225233.81,2559685.04,518990.77,16303909.62,demo,
2025-12-20,hotel-demo-2,Hotel Demo Costa,64,63,0,111,22,26,98.44,210023.21,13231461.96,2649754.69,401334.32,16282550.97,demo,
2025-12-21,hotel-demo-1,Hotel Demo Centro,118,61,2,114,24,23,51.69,143270.57,8739504.66,1940667.72,413331.87,11093504.25,demo,
2025-12-21,hotel-demo-2,Hotel Demo Costa,63,53,1,98,22,18,84.13,208891.51,11071249.88,2580405.47,354907.88,14006563.22,demo,
2025-12-22,hotel-demo-1,Hotel Demo Centro,119,73,1,127,31,29,61.34,152116.47,11104502.47,2422034.96,443070.82,13969608.25,demo,
2025-12-22,hotel-demo-2,Hotel Demo Costa,64,57,0,99,17,25,89.06,218332.53,12444954.18,2749788.60,539375.27,15734118.05,demo,
2025-12-23,hotel-demo-1,Hotel Demo Centro,119,74,1,136,31,24,62.18,141847.68,10496728.06,2310541.63,244989.65,13052259.33,demo,
2025-12-23,hotel-demo-2,Hotel Demo Costa,62,55,2,100,17,17,88.71,205817.69,11319972.90,2943123.88,427121.35,14690218.13,demo,
2025-12-24,hotel-demo-1,Hotel Demo Centro,120,75,0,155,24,30,62.50,142301.05,10672578.69,2746850.32,515596.25,13935025.26,demo,
2025-12-24,hotel-demo-2,Hotel Demo Costa,63,60,1,115,18,26,95.24,213659.08,12819544.66,2349499.35,548357.64,15717401.64,demo,
2025-12-25,hotel-demo-1,Hotel Demo Centro,120,80,0,166,27,30,66.67,151077.18,12086174.46,2669148.09,570367.17,15325689.72,demo,
2025-12-25,hotel-demo-2,Hotel Demo Costa,62,56,2,106,24,22,90.32,206688.71,11574567.55,2440405.79,494005.58,14508978.92,demo,
2025-12-26,hotel-demo-1,Hotel Demo Centro,119,74,1,147,29,22,62.18,143280.19,10602734.11,2686912.91,288251.48,13577898.49,demo,
2025-12-26,hotel-demo-2,Hotel Demo Costa,62,57,2,97,21,25,91.94,218204.40,12437650.83,2424419.01,582626.62,15444696.45,demo,
2025-12-27,hotel-demo-1,Hotel Demo Centro,119,83,1,153,36,26,69.75,146430.62,12153741.26,2414732.75,518774.92,15087248.93,demo,
2025-12-27,hotel-demo-2,Hotel Demo Costa,64,60,0,107,25,24,93.75,209768.88,12586132.74,2904897.84,445056.33,15936086.91,demo,
2025-12-28,hotel-demo-1,Hotel Demo Centro,118,72,2,148,23,25,61.02,143893.90,10360360.85,2017523.38,438433.88,12816318.11,demo,
2025-12-28,hotel-demo-2,Hotel Demo Costa,63,46,1,87,20,18,73.02,215045.85,9892108.88,2039854.27,298159.01,12230122.17,demo,
2025-12-29,hotel-demo-1,Hotel Demo Centro,120,79,0,146,35,34,65.83,148953.34,11767313.98,2436245.49,447081.60,14650641.07,demo,
2025-12-29,hotel-demo-2,Hotel Demo Costa,63,56,1,109,21,18,88.89,210727.66,11800749.00,2978340.10,480346.62,15259435.72,demo,
2025-12-30,hotel-demo-1,Hotel Demo Centro,120,80,0,143,34,34,66.67,148586.54,11886923.22,2995359.27,374122.98,15256405.47,demo,
2025-12-30,hotel-demo-2,Hotel Demo Costa,64,55,0,94,18,20,85.94,208915.45,11490349.94,2785476.86,512925.87,14788752.68,demo,
2025-12-31,hotel-demo-1,Hotel Demo Centro,120,75,0,130,24,32,62.50,142675.15,10700635.91,2424136.82,323670.14,13448442.87,demo,
2025-12-31,hotel-demo-2,Hotel Demo Costa,63,56,1,100,19,23,88.89,214938.67,12036565.31,2765183.33,565183.48,15366932.12,demo,
2026-01-01,hotel-demo-1,Hotel Demo Centro,120,65,0,117,20,27,54.17,148363.00,9643595.17,2076144.26,276175.16,11995914.59,demo,
2026-01-01,hotel-demo-2,Hotel Demo Costa,63,62,1,107,20,23,98.41,224585.16,13924279.67,2975028.37,457277.98,17356586.02,demo,
2026-01-02,hotel-demo-1,Hotel Demo Centro,120,69,0,124,28,25,57.50,154757.87,10678292.90,2455962.58,263501.72,13397757.20,demo,
2026-01-02,hotel-demo-2,Hotel Demo Costa,64,63,0,122,20,20,98.44,219509.11,13829073.80,3027233.36,500260.28,17356567.44,demo,
2026-01-03,hotel-demo-1,Hotel Demo Centro,120,78,0,159,32,26,65.00,143454.32,11189436.58,2854613.00,305977.79,14350027.36,demo,
2026-01-03,hotel-demo-2,Hotel Demo Costa,62,61,2,119,19,23,98.39,230047.53,14032899.58,3089713.14,440674.65,17563287.37,demo,
2026-01-04,hotel-demo-1,Hotel Demo Centro,120,67,0,135,27,20,55.83,156758.58,10502824.64,2007687.22,239752.47,12750264.33,demo,
2026-01-04,hotel-demo-2,Hotel Demo Costa,64,58,0,105,26,19,90.62,216684.88,12567723.08,2407472.95,320380.93,15295576.96,demo,
2026-01-05,hotel-demo-1,Hotel Demo Centro,118,60,2,122,23,24,50.85,147419.81,8845188.40,1893479.21,220604.32,10959271.93,demo,
2026-01-05,hotel-demo-2,Hotel Demo Costa,64,63,0,111,25,27,98.44,224040.11,14114526.95,3589391.16,645915.31,18349833.42,demo,
2026-01-06,hotel-demo-1,Hotel Demo Centro,120,61,0,105,24,21,50.83,146952.99,8964132.30,2242708.09,412297.94,11619138.32,demo,
2026-01-06,hotel-demo-2,Hotel Demo Costa,64,62,0,119,27,20,96.88,221975.07,13762454.32,2856963.22,478691.17,17098108.71,demo,
2026-01-07,hotel-demo-1,Hotel Demo Centro,120,65,0,133,26,29,54.17,154816.52,10063073.90,1966781.80,396014.46,12425870.17,demo,
2026-01-07,hotel-demo-2,Hotel Demo Costa,63,62,1,125,26,23,98.41,229880.35,14252581.90,3330432.00,647937.64,18230951.54,demo,
2026-01-08,hotel-demo-1,Hotel Demo Centro,118,65,2,131,28,21,55.08,157067.06,10209358.64,1941003.42,454451.26,12604813.32,demo,
2026-01-08,hotel-demo-2,Hotel Demo Costa,62,59,2,102,20,18,95.16,229434.85,13536656.08,2976727.28,571273.75,17084657.11,demo,
2026-01-09,hotel-demo-1,Hotel Demo Centro,118,70,2,123,28,29,59.32,154087.83,10786147.90,1986375.76,496298.80,13268822.46,demo,
2026-01-09,hotel-demo-2,Hotel Demo Costa,64,63,0,130,26,27,98.44,222432.91,14013273.25,2645397.07,425294.69,17083965.01,demo,
2026-01-10,hotel-demo-1,Hotel Demo Centro,120,73,0,136,32,26,60.83,147627.63,10776816.95,2174278.22,236187.21,13187282.38,demo,
2026-01-10,hotel-demo-2,Hotel Demo Costa,64,63,0,123,20,23,98.44,223923.03,14107151.01,2595646.58,299944.60,17002742.19,demo,
2026-01-11,hotel-demo-1,Hotel Demo Centro,119,59,1,115,24,23,49.58,155381.74,9167522.48,2132041.53,294680.42,11594244.42,demo,
2026-01-11,hotel-demo-2,Hotel Demo Costa,63,58,1,118,21,22,92.06,218594.06,12678455.35,2858991.91,432344.00,15969791.25,demo,
2026-01-12,hotel-demo-1,Hotel Demo Centro,120,74,0,143,27,27,61.67,146386.58,10832607.05,2258847.35,391853.91,13483308.31,demo,
2026-01-12,hotel-demo-2,Hotel Demo Costa,64,63,0,119,26,23,98.44,219762.64,13845046.53,2935348.95,335891.74,17116287.21,demo,
2026-01-13,hotel-demo-1,Hotel Demo Centro,120,79,0,139,33,26,65.83,143693.97,11351823.57,2759576.65,343156.22,14454556.43,demo,
2026-01-13,hotel-demo-2,Hotel Demo Costa,64,63,0,131,23,28,98.44,219998.53,13859907.62,2634249.45,492522.48,16986679.54,demo,
2026-01-14,hotel-demo-1,Hotel Demo Centro,119,66,1,134,29,28,55.46,155247.43,10246330.52,2027757.24,470827.86,12744915.61,demo,
2026-01-14,hotel-demo-2,Hotel Demo Costa,63,62,1,125,19,23,98.41,231222.97,14335824.26,3637333.16,372051.71,18345209.13,demo,
2026-01-15,hotel-demo-1,Hotel Demo Centro,120,79,0,155,35,25,65.83,154923.73,12238974.50,2676348.91,546464.38,15461787.79,demo,
2026-01-15,hotel-demo-2,Hotel Demo Costa,64,60,0,112,22,21,93.75,232647.56,13958853.53,2997806.17,602414.17,17559073.87,demo,
2026-01-16,hotel-demo-1,Hotel Demo Centro,120,73,0,145,24,27,60.83,158123.55,11543019.51,2988638.77,362402.98,14894061.26,demo,
2026-01-16,hotel-demo-2,Hotel Demo Costa,63,62,1,111,19,20,98.41,217069.61,13458315.79,3168926.74,462255.77,17089498.30,demo,
2026-01-17,hotel-demo-1,Hotel Demo Centro,119,71,1,131,27,24,59.66,144026.48,10225880.27,2252899.97,245794.47,12724574.71,demo,
2026-01-17,hotel-demo-2,Hotel Demo Costa,62,61,2,118,19,24,98.39,232976.29,14211553.97,2965276.70,665568.67,17842399.34,demo,
2026-01-18,hotel-demo-1,Hotel Demo Centro,120,68,0,141,30,27,56.67,156275.01,10626700.43,1932313.08,278738.91,12837752.42,demo,
2026-01-18,hotel-demo-2,Hotel Demo Costa,62,55,2,96,17,23,88.71,237383.88,13056113.39,3382579.19,456204.09,16894896.67,demo,
2026-01-19,hotel-demo-1,Hotel Demo Centro,118,67,2,136,25,21,56.78,144403.73,9675049.91,2334156.22,274714.34,12283920.47,demo,
2026-01-19,hotel-demo-2,Hotel Demo Costa,64,62,0,110,19,27,96.88,225625.89,13988805.27,3315647.17,629191.00,17933643.43,demo,
2026-01-20,hotel-demo-1,Hotel Demo Centro,118,80,2,166,28,35,67.80,158783.65,12702691.76,2462787.89,499354.45,15664834.10,demo,
2026-01-20,hotel-demo-2,Hotel Demo Costa,64,63,0,109,26,23,98.44,233162.92,14689263.66,3388351.56,477618.06,18555233.28,demo,
2026-01-21,hotel-demo-1,Hotel Demo Centro,118,56,2,101,21,17,47.46,148785.45,8331985.23,1805617.14,340963.39,10478565.76,demo,
2026-01-21,hotel-demo-2,Hotel Demo Costa,64,63,0,123,24,21,98.44,232551.59,14650750.32,3506430.71,296692.49,18453873.52,demo,
2026-01-22,hotel-demo-1,Hotel Demo Centro,119,61,1,121,22,23,51.26,155395.84,9479146.33,1976195.94,197767.68,11653109.95,demo,
2026-01-22,hotel-demo-2,Hotel Demo Costa,64,63,0,130,25,19,98.44,226605.53,14276148.70,2839454.62,518829.63,17634432.95,demo,
2026-01-23,hotel-demo-1,Hotel Demo Centro,118,68,2,133,21,24,57.63,144501.55,9826105.44,2318361.09,253921.18,12398387.70,demo,
2026-01-23,hotel-demo-2,Hotel Demo Costa,64,63,0,121,20,22,98.44,230646.86,14530752.31,2896661.87,429234.55,17856648.73,demo,
2026-01-24,hotel-demo-1,Hotel Demo Centro,118,79,2,157,35,25,66.95,144779.00,11437541.39,2085591.07,253606.84,13776739.30,demo,
2026-01-24,hotel-demo-2,Hotel Demo Costa,62,61,2,112,19,23,98.39,239381.85,14602293.01,3636522.61,672027.85,18910843.48,demo,
2026-01-25,hotel-demo-1,Hotel Demo Centro,120,62,0,116,26,23,51.67,153516.65,9518032.14,2199500.68,339656.59,12057189.41,demo,
2026-01-25,hotel-demo-2,Hotel Demo Costa,64,58,0,108,23,22,90.62,225363.10,13071060.02,2366586.27,513854.48,15951500.77,demo,
2026-01-26,hotel-demo-1,Hotel Demo Centro,120,70,0,120,29,26,58.33,154196.92,10793784.52,1956418.60,270324.35,13020527.46,demo,
2026-01-26,hotel-demo-2,Hotel Demo Costa,62,61,2,122,21,19,98.39,228027.95,13909704.94,2769943.06,672613.81,17352261.81,demo,
2026-01-27,hotel-demo-1,Hotel Demo Centro,119,56,1,106,19,22,47.06,148515.85,8316887.46,1976332.72,301757.51,10594977.69,demo,
2026-01-27,hotel-demo-2,Hotel Demo Costa,63,60,1,120,20,20,95.24,225912.08,13554724.54,3387595.03,351864.38,17294183.95,demo,
2026-01-28,hotel-demo-1,Hotel Demo Centro,119,61,1,110,19,24,51.26,159601.42,9735686.47,2398772.20,345885.15,12480343.82,demo,
2026-01-28,hotel-demo-2,Hotel Demo Costa,63,62,1,126,21,21,98.41,235602.41,14607349.59,3342259.78,387873.22,18337482.59,demo,
2026-01-29,hotel-demo-1,Hotel Demo Centro,120,66,0,117,28,20,55.00,153848.71,10154015.09,2259887.08,325200.52,12739102.68,demo,
2026-01-29,hotel-demo-2,Hotel Demo Costa,63,62,1,112,26,22,98.41,238830.89,14807515.37,3665791.56,558372.37,19031679.30,demo,
2026-01-30,hotel-demo-1,Hotel Demo Centro,120,70,0,146,22,23,58.33,149413.05,10458913.38,2170012.57,415616.39,13044542.34,demo,
2026-01-30,hotel-demo-2,Hotel Demo Costa,63,62,1,107,25,27,98.41,232371.21,14407014.80,3552695.79,431034.14,18390744.74,demo,
2026-01-31,hotel-demo-1,Hotel Demo Centro,119,76,1,150,24,23,63.87,157733.95,11987780.45,2522520.72,305632.77,14815933.94,demo,
2026-01-31,hotel-demo-2,Hotel Demo Costa,63,62,1,121,24,22,98.41,240673.61,14921763.64,3638745.27,667210.47,19227719.38,demo,
2026-02-01,hotel-demo-1,Hotel Demo Centro,120,71,0,134,24,24,59.17,151671.50,10768676.37,2406856.26,250152.12,13425684.74,demo,
2026-02-01,hotel-demo-2,Hotel Demo Costa,64,59,0,118,18,20,92.19,234061.32,13809618.13,2770019.51,318244.16,16897881.80,demo,
2026-02-02,hotel-demo-1,Hotel Demo Centro,120,75,0,145,33,27,62.50,144843.93,10863295.05,2688954.36,518053.32,14070302.73,demo,
2026-02-02,hotel-demo-2,Hotel Demo Costa,64,63,0,113,26,28,98.44,237677.35,14973673.16,3538457.23,487590.57,18999720.96,demo,
2026-02-03,hotel-demo-1,Hotel Demo Centro,120,58,0,118,21,21,48.33,154506.44,8961373.69,1654043.26,278509.82,10893926.77,demo,
2026-02-03,hotel-demo-2,Hotel Demo Costa,63,62,1,108,22,24,98.41,225561.95,13984840.81,2724029.23,535465.80,17244335.84,demo,
2026-02-04,hotel-demo-1,Hotel Demo Centro,120,62,0,122,24,23,51.67,158183.28,9807363.63,2303299.35,447927.91,12558590.89,demo,
2026-02-04,hotel-demo-2,Hotel Demo Costa,63,60,1,124,20,19,95.24,237659.63,14259577.63,3661796.35,631227.80,18552601.78,demo,
2026-02-05,hotel-demo-1,Hotel Demo Centro,120,70,0,131,28,26,58.33,150802.76,10556193.45,2660070.04,460306.90,13676570.39,demo,
2026-02-05,hotel-demo-2,Hotel Demo Costa,62,61,2,125,19,21,98.39,234057.37,14277499.45,3529954.69,320233.67,18127687.81,demo,
2026-02-06,hotel-demo-1,Hotel Demo Centro,120,72,0,124,28,27,60.00,156178.10,11244823.44,2302650.70,341691.99,13889166.14,demo,
2026-02-06,hotel-demo-2,Hotel Demo Costa,63,62,1,121,24,25,98.41,232900.92,14439856.80,3129680.96,439543.04,18009080.80,demo,
2026-02-07,hotel-demo-1,Hotel Demo Centro,120,84,0,146,29,27,70.00,146423.02,12299533.85,2454561.08,384470.00,15138564.94,demo,
2026-02-07,hotel-demo-2,Hotel Demo Costa,64,63,0,125,25,21,98.44,237514.91,14963439.47,3497995.32,534032.53,18995467.32,demo,
2026-02-08,hotel-demo-1,Hotel Demo Centro,118,59,2,112,18,18,50.00,154008.89,9086524.56,1858199.03,314237.08,11258960.67,demo,
2026-02-08,hotel-demo-2,Hotel Demo Costa,64,59,0,116,22,23,92.19,230287.74,13586976.69,3392789.30,282983.25,17262749.24,demo,
2026-02-09,hotel-demo-1,Hotel Demo Centro,120,65,0,114,23,23,54.17,149001.23,9685079.95,2024854.73,369633.38,12079568.06,demo,
2026-02-09,hotel-demo-2,Hotel Demo Costa,62,61,2,110,22,19,98.39,229023.60,13970439.57,3352998.88,634170.23,17957608.68,demo,
2026-02-10,hotel-demo-1,Hotel Demo Centro,118,61,2,108,20,25,51.69,152408.75,9296933.61,1886530.44,462825.43,11646289.48,demo,
2026-02-10,hotel-demo-2,Hotel Demo Costa,63,62,1,129,20,26,98.41,227389.97,14098178.27,3358210.01,282322.42,17738710.71,demo,
2026-02-11,hotel-demo-1,Hotel Demo Centro,119,59,1,101,20,20,49.58,148347.89,8752525.65,2221798.40,243827.48,11218151.52,demo,
2026-02-11,hotel-demo-2,Hotel Demo Costa,64,63,0,124,28,21,98.44,217844.40,13724197.48,2775915.41,365018.08,16865130.98,demo,
2026-02-12,hotel-demo-1,Hotel Demo Centro,120,74,0,132,23,32,61.67,152630.52,11294658.64,2085130.51,337652.88,13717442.02,demo,
2026-02-12,hotel-demo-2,Hotel Demo Costa,63,61,1,106,25,25,96.83,220728.26,13464424.08,2631034.15,304634.66,16400092.89,demo,
2026-02-13,hotel-demo-1,Hotel Demo Centro,118,68,2,133,21,22,57.63,152621.18,10378240.16,2104590.43,398825.52,12881656.11,demo,
2026-02-13,hotel-demo-2,Hotel Demo Costa,64,63,0,131,28,23,98.44,230675.88,14532580.40,3237320.81,335123.69,18105024.90,demo,
2026-02-14,hotel-demo-1,Hotel Demo Centro,118,73,2,137,24,31,61.86,152449.79,11128834.82,2853508.09,500620.52,14482963.43,demo,
2026-02-14,hotel-demo-2,Hotel Demo Costa,64,63,0,122,24,23,98.44,230160.91,14500137.18,3410132.38,546645.36,18456914.92,demo,
2026-02-15,hotel-demo-1,Hotel Demo Centro,120,55,0,98,24,23,45.83,147224.86,8097367.48,1601208.03,400901.39,10099476.90,demo,
2026-02-15,hotel-demo-2,Hotel Demo Costa,64,63,0,126,22,26,98.44,223775.62,14097863.92,3296143.04,536301.04,17930308.00,demo,
2026-02-16,hotel-demo-1,Hotel Demo Centro,120,67,0,118,23,30,55.83,160843.12,10776489.26,2127561.12,419890.03,13323940.41,demo,
2026-02-16,hotel-demo-2,Hotel Demo Costa,64,61,0,126,19,25,95.31,237428.70,14483150.86,3612267.35,679852.27,18775270.47,demo,
2026-02-17,hotel-demo-1,Hotel Demo Centro,118,68,2,122,21,23,57.63,149464.24,10163568.52,2019504.46,298997.33,12482070.31,demo,
2026-02-17,hotel-demo-2,Hotel Demo Costa,63,62,1,120,23,24,98.41,234410.12,14533427.23,2971625.27,675192.20,18180244.70,demo,
2026-02-18,hotel-demo-1,Hotel Demo Centro,120,70,0,125,31,26,58.33,152095.19,10646663.06,2349269.06,234186.95,13230119.07,demo,
2026-02-18,hotel-demo-2,Hotel Demo Costa,64,61,0,122,27,19,95.31,225549.82,13758539.07,3192483.24,541951.33,17492973.64,demo,
2026-02-19,hotel-demo-1,Hotel Demo Centro,120,66,0,120,22,23,55.00,147191.97,9714669.92,2171639.18,383383.67,12269692.78,demo,
2026-02-19,hotel-demo-2,Hotel Demo Costa,64,63,0,116,27,20,98.44,218793.91,13784016.56,3143773.56,457306.08,17385096.20,demo,
2026-02-20,hotel-demo-1,Hotel Demo Centro,120,79,0,140,24,27,65.83,155349.83,12272636.46,2817837.82,269367.30,15359841.58,demo,
2026-02-20,hotel-demo-2,Hotel Demo Costa,64,63,0,123,22,22,98.44,234097.30,14748129.93,3624275.22,326198.75,18698603.89,demo,
2026-02-21,hotel-demo-1,Hotel Demo Centro,119,65,1,117,25,20,54.62,155101.45,10081594.36,2440042.42,373981.00,12895617.78,demo,
2026-02-21,hotel-demo-2,Hotel Demo Costa,64,63,0,123,20,19,98.44,236883.24,14923644.13,3051042.04,424029.69,18398715.87,demo,
2026-02-22,hotel-demo-1,Hotel Demo Centro,120,61,0,117,22,24,50.83,153220.08,9346425.00,1759017.84,455282.93,11560725.77,demo,
2026-02-22,hotel-demo-2,Hotel Demo Costa,62,59,2,111,20,25,95.16,240713.95,14202123.30,3186371.42,430406.17,17818900.89,demo,
2026-02-23,hotel-demo-1,Hotel Demo Centro,119,62,1,116,27,27,52.10,158994.72,9857672.86,2457027.96,270712.99,12585413.82,demo,
2026-02-23,hotel-demo-2,Hotel Demo Costa,62,61,2,123,21,20,98.39,231106.60,14097502.50,2542659.64,604228.31,17244390.45,demo,
2026-02-24,hotel-demo-1,Hotel Demo Centro,118,70,2,130,22,28,59.32,154386.01,10807021.05,2446182.82,364299.86,13617503.73,demo,
2026-02-24,hotel-demo-2,Hotel Demo Costa,64,62,0,118,26,27,96.88,221015.49,13702960.43,3522618.89,362399.24,17587978.56,demo,
2026-02-25,hotel-demo-1,Hotel Demo Centro,119,73,1,143,25,32,61.34,160688.00,11730224.25,2755406.19,369863.16,14855493.60,demo,
2026-02-25,hotel-demo-2,Hotel Demo Costa,64,63,0,115,27,25,98.44,219686.88,13840273.43,3572346.09,661434.29,18074053.81,demo,
2026-02-26,hotel-demo-1,Hotel Demo Centro,120,65,0,129,25,28,54.17,158482.21,10301343.49,2212426.55,351779.20,12865549.24,demo,
2026-02-26,hotel-demo-2,Hotel Demo Costa,64,60,0,106,21,25,93.75,239479.94,14368796.36,3734728.30,471799.10,18575323.76,demo,
2026-02-27,hotel-demo-1,Hotel Demo Centro,120,67,0,120,27,21,55.83,156644.46,10495179.11,2053581.07,371156.42,12919916.60,demo,
2026-02-27,hotel-demo-2,Hotel Demo Costa,64,63,0,129,20,27,98.44,219501.18,13828574.30,2814331.56,658514.22,17301420.08,demo,
2026-02-28,hotel-demo-1,Hotel Demo Centro,120,83,0,161,30,35,69.17,150286.94,12473815.91,2923865.27,328542.17,15726223.34,demo,
2026-02-28,hotel-demo-2,Hotel Demo Costa,63,62,1,107,27,26,98.41,221622.02,13740565.04,3258233.59,580999.71,17579798.35,demo,
2026-03-01,hotel-demo-1,Hotel Demo Centro,118,73,2,151,32,29,61.86,155410.66,11344978.27,2079434.82,435960.24,13860373.33,demo,
2026-03-01,hotel-demo-2,Hotel Demo Costa,64,47,0,87,15,19,73.44,227456.17,10690440.17,2533944.03,258175.41,13482559.61,demo,
2026-03-02,hotel-demo-1,Hotel Demo Centro,120,79,0,146,27,29,65.83,150879.09,11919448.49,2971829.73,389021.15,15280299.37,demo,
2026-03-02,hotel-demo-2,Hotel Demo Costa,64,49,0,98,21,17,76.56,223250.54,10939276.64,2009773.79,498099.99,13447150.42,demo,
2026-03-03,hotel-demo-1,Hotel Demo Centro,120,76,0,150,34,28,63.33,156013.75,11857045.11,2305287.87,308384.48,14470717.46,demo,
2026-03-03,hotel-demo-2,Hotel Demo Costa,62,43,2,87,17,18,69.35,225414.89,9692840.19,1799099.37,407761.97,11899701.54,demo,
2026-03-04,hotel-demo-1,Hotel Demo Centro,120,82,0,171,34,28,68.33,161493.44,13242462.08,2720829.70,350277.59,16313569.37,demo,
2026-03-04,hotel-demo-2,Hotel Demo Costa,63,46,1,89,17,18,73.02,224024.33,10305119.04,2086303.61,348794.77,12740217.42,demo,
2026-03-05,hotel-demo-1,Hotel Demo Centro,120,88,0,155,29,29,73.33,159092.55,14000144.52,3213116.24,396019.17,17609279.93,demo,
2026-03-05,hotel-demo-2,Hotel Demo Costa,64,46,0,79,14,14,71.88,223120.30,10263533.86,2194204.80,486889.45,12944628.12,demo,
2026-03-06,hotel-demo-1,Hotel Demo Centro,118,93,2,169,30,31,78.81,156195.92,14526220.15,2918201.60,420925.82,17865347.57,demo,
2026-03-06,hotel-demo-2,Hotel Demo Costa,63,54,1,103,22,22,85.71,223709.92,12080335.75,2984618.69,601158.17,15666112.60,demo,
2026-03-07,hotel-demo-1,Hotel Demo Centro,120,85,0,154,38,31,70.83,151013.38,12836137.20,2675401.67,400701.09,15912239.96,demo,
2026-03-07,hotel-demo-2,Hotel Demo Costa,64,55,0,107,22,23,85.94,220369.01,12120295.42,2765674.38,367388.16,15253357.96,demo,
2026-03-08,hotel-demo-1,Hotel Demo Centro,120,70,0,125,23,30,58.33,156933.07,10985314.76,2280693.57,424307.89,13690316.23,demo,
2026-03-08,hotel-demo-2,Hotel Demo Costa,64,47,0,87,16,19,73.44,230879.89,10851354.77,2009697.52,301081.99,13162134.28,demo,
2026-03-09,hotel-demo-1,Hotel Demo Centro,118,90,2,164,33,30,76.27,162708.50,14643764.83,2754907.87,320690.05,17719362.75,demo,
2026-03-09,hotel-demo-2,Hotel Demo Costa,64,46,0,79,16,14,71.88,230805.33,10617045.36,2183482.67,224760.13,13025288.16,demo,
2026-03-10,hotel-demo-1,Hotel Demo Centro,120,76,0,136,32,27,63.33,158348.77,12034506.82,2880023.40,496274.33,15410804.55,demo,
2026-03-10,hotel-demo-2,Hotel Demo Costa,62,51,2,101,22,22,82.26,215771.41,11004341.80,2115211.36,357743.24,13477296.41,demo,
2026-03-11,hotel-demo-1,Hotel Demo Centro,118,91,2,184,29,35,77.12,161283.58,14676805.86,2829731.96,403638.02,17910175.84,demo,
2026-03-11,hotel-demo-2,Hotel Demo Costa,63,47,1,83,18,19,74.60,228442.43,10736794.24,2420915.83,337605.14,13495315.21,demo,
2026-03-12,hotel-demo-1,Hotel Demo Centro,120,70,0,132,28,23,58.33,159063.28,11134429.38,2681227.04,406830.30,14222486.72,demo,
2026-03-12,hotel-demo-2,Hotel Demo Costa,64,41,0,75,14,13,64.06,222375.36,9117389.86,2326229.53,221939.53,11665558.92,demo,
2026-03-13,hotel-demo-1,Hotel Demo Centro,120,84,0,149,37,27,70.00,164133.39,13787204.45,2530137.12,504233.12,16821574.69,demo,
2026-03-13,hotel-demo-2,Hotel Demo Costa,64,50,0,87,19,20,78.12,211088.39,10554419.62,2389159.06,292518.59,13236097.27,demo,
2026-03-14,hotel-demo-1,Hotel Demo Centro,118,85,2,160,37,30,72.03,160271.21,13623052.62,3030685.78,651214.37,17304952.77,demo,
2026-03-14,hotel-demo-2,Hotel Demo Costa,64,53,0,109,24,22,82.81,229852.60,12182187.56,2327335.87,459845.24,14969368.67,demo,
2026-03-15,hotel-demo-1,Hotel Demo Centro,120,81,0,162,33,35,67.50,154852.74,12543072.22,2274486.78,374763.53,15192322.53,demo,
2026-03-15,hotel-demo-2,Hotel Demo Costa,62,44,2,85,14,16,70.97,226111.04,9948885.90,1887928.64,336153.39,12172967.93,demo,
2026-03-16,hotel-demo-1,Hotel Demo Centro,120,82,0,166,28,31,68.33,153516.92,12588387.40,3001226.36,438110.27,16027724.04,demo,
2026-03-16,hotel-demo-2,Hotel Demo Costa,64,44,0,86,19,14,68.75,218600.01,9618400.57,2241882.05,383512.88,12243795.51,demo,
2026-03-17,hotel-demo-1,Hotel Demo Centro,120,73,0,148,27,26,60.83,158389.89,11562461.77,2754171.99,467646.66,14784280.43,demo,
2026-03-17,hotel-demo-2,Hotel Demo Costa,62,47,2,81,17,16,75.81,217767.08,10235052.65,2312992.09,307478.26,12855523.01,demo,
2026-03-18,hotel-demo-1,Hotel Demo Centro,119,72,1,143,25,27,60.50,167054.67,12027936.57,2248729.16,488032.77,14764698.50,demo,
2026-03-18,hotel-demo-2,Hotel Demo Costa,62,46,2,89,16,16,74.19,221582.35,10192788.07,2044405.74,272357.34,12509551.14,demo,
2026-03-19,hotel-demo-1,Hotel Demo Centro,120,77,0,156,24,24,64.17,160748.75,12377653.48,2432500.92,520999.44,15331153.84,demo,
2026-03-19,hotel-demo-2,Hotel Demo Costa,64,40,0,80,14,16,62.50,213547.31,8541892.27,1729401.31,309588.12,10580881.71,demo,
2026-03-20,hotel-demo-1,Hotel Demo Centro,118,95,2,169,33,29,80.51,167294.49,15892976.29,3209865.39,696255.66,19799097.34,demo,
2026-03-20,hotel-demo-2,Hotel Demo Costa,63,54,1,101,16,18,85.71,213158.09,11510536.62,2390435.09,320412.37,14221384.09,demo,
2026-03-21,hotel-demo-1,Hotel Demo Centro,120,87,0,172,36,34,72.50,161908.72,14086058.51,3379963.03,448678.04,17914699.58,demo,
2026-03-21,hotel-demo-2,Hotel Demo Costa,64,49,0,103,21,22,76.56,228768.94,11209677.95,2344554.15,238510.70,13792742.79,demo,
2026-03-22,hotel-demo-1,Hotel Demo Centro,118,61,2,114,20,24,51.69,154140.47,9402568.39,2380117.90,297011.34,12079697.63,demo,
2026-03-22,hotel-demo-2,Hotel Demo Costa,63,45,1,87,17,14,71.43,229475.24,10326385.89,1926644.27,448560.63,12701590.79,demo,
2026-03-23,hotel-demo-1,Hotel Demo Centro,120,77,0,148,29,31,64.17,162744.61,12531334.92,2686160.85,354233.01,15571728.78,demo,
2026-03-23,hotel-demo-2,Hotel Demo Costa,62,44,2,80,17,17,70.97,231085.08,10167743.72,2221781.17,313668.21,12703193.10,demo,
2026-03-24,hotel-demo-1,Hotel Demo Centro,120,73,0,142,32,27,60.83,163678.43,11948525.24,2944182.03,334187.64,15226894.91,demo,
2026-03-24,hotel-demo-2,Hotel Demo Costa,64,49,0,92,21,20,76.56,213666.81,10469673.57,2680024.22,411494.50,13561192.30,demo,
2026-03-25,hotel-demo-1,Hotel Demo Centro,118,85,2,154,38,34,72.03,157520.60,13389250.91,2682737.12,357459.84,16429447.87,demo,
2026-03-25,hotel-demo-2,Hotel Demo Costa,64,46,0,79,19,19,71.88,223253.12,10269643.36,2642780.32,313075.66,13225499.34,demo,
2026-03-26,hotel-demo-1,Hotel Demo Centro,118,76,2,153,27,26,64.41,164586.97,12508609.39,2514221.90,490440.70,15513271.99,demo,
2026-03-26,hotel-demo-2,Hotel Demo Costa,62,47,2,85,21,19,75.81,233605.99,10979481.57,2366814.63,455533.40,13801829.61,demo,
2026-03-27,hotel-demo-1,Hotel Demo Centro,120,97,0,181,31,29,80.83,160267.79,15545975.53,3150735.36,643860.52,19340571.41,demo,
2026-03-27,hotel-demo-2,Hotel Demo Costa,63,52,1,105,18,16,82.54,228203.18,11866565.29,3028458.74,401094.15,15296118.18,demo,
2026-03-28,hotel-demo-1,Hotel Demo Centro,120,89,0,166,32,30,74.17,162989.84,14506096.15,3505427.66,691946.54,18703470.35,demo,
2026-03-28,hotel-demo-2,Hotel Demo Costa,64,50,0,96,17,16,78.12,222499.72,11124985.89,2406961.52,266834.82,13798782.22,demo,
2026-03-29,hotel-demo-1,Hotel Demo Centro,119,78,1,145,31,26,65.55,162592.37,12682204.67,3272597.94,339899.95,16294702.56,demo,
2026-03-29,hotel-demo-2,Hotel Demo Costa,64,42,0,83,17,18,65.62,216069.38,9074914.03,2190788.73,446501.79,11712204.55,demo,
2026-03-30,hotel-demo-1,Hotel Demo Centro,120,64,0,132,24,25,53.33,155382.20,9944460.66,2578926.90,322721.78,12846109.34,demo,
2026-03-30,hotel-demo-2,Hotel Demo Costa,64,46,0,93,15,16,71.88,229859.86,10573553.51,2471859.24,515010.53,13560423.28,demo,
2026-03-31,hotel-demo-1,Hotel Demo Centro,120,81,0,162,28,36,67.50,165543.72,13409041.15,3341690.58,426802.18,17177533.90,demo,
2026-03-31,hotel-demo-2,Hotel Demo Costa,64,45,0,86,19,20,70.31,214330.01,9644850.42,1811345.92,416406.40,11872602.74,demo,
2026-04-01,hotel-demo-1,Hotel Demo Centro,120,88,0,175,33,37,73.33,164853.40,14507099.46,2862410.61,654633.45,18024143.52,demo,
2026-04-01,hotel-demo-2,Hotel Demo Costa,64,34,0,61,11,11,53.12,219904.15,7476740.96,1491657.74,204025.47,9172424.17,demo,
2026-04-02,hotel-demo-1,Hotel Demo Centro,120,81,0,159,30,36,67.50,165611.43,13414525.87,2425954.87,438033.05,16278513.79,demo,
2026-04-02,hotel-demo-2,Hotel Demo Costa,63,44,1,80,17,17,69.84,209689.58,9226341.68,1729982.72,225292.99,11181617.38,demo,
2026-04-03,hotel-demo-1,Hotel Demo Centro,120,90,0,164,35,28,75.00,166713.76,15004238.60,3008893.12,493369.25,18506500.97,demo,
2026-04-03,hotel-demo-2,Hotel Demo Costa,62,43,2,81,13,15,69.35,206482.96,8878767.40,1999185.71,366601.23,11244554.35,demo,
2026-04-04,hotel-demo-1,Hotel Demo Centro,120,89,0,168,27,30,74.17,160328.34,14269222.47,3190403.14,533487.92,17993113.53,demo,
2026-04-04,hotel-demo-2,Hotel Demo Costa,64,46,0,86,19,19,71.88,214556.10,9869580.47,1779246.33,248979.58,11897806.38,demo,
2026-04-05,hotel-demo-1,Hotel Demo Centro,120,79,0,161,31,24,65.83,166215.90,13131056.07,3232924.92,338304.90,16702285.90,demo,
2026-04-05,hotel-demo-2,Hotel Demo Costa,64,32,0,58,14,13,50.00,208593.85,6675003.30,1669328.51,280564.67,8624896.48,demo,
2026-04-06,hotel-demo-1,Hotel Demo Centro,120,72,0,137,27,31,60.00,167132.80,12033561.88,2996186.38,404494.63,15434242.89,demo,
2026-04-06,hotel-demo-2,Hotel Demo Costa,63,34,1,65,11,13,53.97,206141.90,7008824.44,1313858.91,222633.99,8545317.34,demo,
2026-04-07,hotel-demo-1,Hotel Demo Centro,119,72,1,131,32,29,60.50,168012.41,12096893.32,2186527.93,343484.75,14626906.00,demo,
2026-04-07,hotel-demo-2,Hotel Demo Costa,64,40,0,81,16,16,62.50,207096.25,8283850.04,1640731.33,231333.97,10155915.34,demo,
2026-04-08,hotel-demo-1,Hotel Demo Centro,120,72,0,143,24,23,60.00,163687.55,11785503.57,2782236.37,583341.99,15151081.93,demo,
2026-04-08,hotel-demo-2,Hotel Demo Costa,62,35,2,72,15,13,56.45,225560.28,7894609.88,1648317.89,295192.43,9838120.20,demo,
2026-04-09,hotel-demo-1,Hotel Demo Centro,119,83,1,147,33,28,69.75,156668.03,13003446.47,2928661.58,437923.61,16370031.67,demo,
2026-04-09,hotel-demo-2,Hotel Demo Costa,63,34,1,69,12,13,53.97,217785.36,7404702.36,1539511.55,240696.30,9184910.21,demo,
2026-04-10,hotel-demo-1,Hotel Demo Centro,119,92,1,170,28,37,77.31,168647.14,15515536.98,3897962.95,514665.66,19928165.60,demo,
2026-04-10,hotel-demo-2,Hotel Demo Costa,63,42,1,79,14,15,66.67,207915.70,8732459.55,2120467.91,189103.37,11042030.83,demo,
2026-04-11,hotel-demo-1,Hotel Demo Centro,120,93,0,163,37,41,77.50,165491.47,15390706.87,3726171.16,331770.89,19448648.92,demo,
2026-04-11,hotel-demo-2,Hotel Demo Costa,64,44,0,86,18,14,68.75,221873.22,9762421.55,2288351.40,195923.83,12246696.78,demo,
2026-04-12,hotel-demo-1,Hotel Demo Centro,119,78,1,158,27,30,65.55,168442.35,13138503.27,2643362.89,472091.06,16253957.23,demo,
2026-04-12,hotel-demo-2,Hotel Demo Costa,64,35,0,67,11,12,54.69,214454.72,7505915.15,1929371.80,353794.52,9789081.47,demo,
2026-04-13,hotel-demo-1,Hotel Demo Centro,119,77,1,138,30,25,64.71,163358.04,12578569.46,2291727.83,319656.51,15189953.81,demo,
2026-04-13,hotel-demo-2,Hotel Demo Costa,63,39,1,78,16,15,61.90,227652.10,8878432.00,2253348.63,430982.31,11562762.94,demo,
2026-04-14,hotel-demo-1,Hotel Demo Centro,118,86,2,150,38,33,72.88,160466.76,13800141.49,2935225.88,514584.06,17249951.43,demo,
2026-04-14,hotel-demo-2,Hotel Demo Costa,64,33,0,60,13,11,51.56,208470.62,6879530.62,1261060.59,246370.65,8386961.86,demo,
2026-04-15,hotel-demo-1,Hotel Demo Centro,120,86,0,170,27,37,71.67,163263.47,14040658.53,3223189.28,558206.82,17822054.62,demo,
2026-04-15,hotel-demo-2,Hotel Demo Costa,62,36,2,65,15,11,58.06,216589.81,7797233.15,1575524.48,348981.54,9721739.18,demo,
2026-04-16,hotel-demo-1,Hotel Demo Centro,120,77,0,151,28,32,64.17,165922.92,12776064.62,2520633.11,460542.14,15757239.87,demo,
2026-04-16,hotel-demo-2,Hotel Demo Costa,64,38,0,65,13,16,59.38,217834.85,8277724.37,1556028.76,323063.31,10156816.45,demo,
2026-04-17,hotel-demo-1,Hotel Demo Centro,118,94,2,169,38,42,79.66,157293.82,14785618.88,3517584.59,452217.40,18755420.87,demo,
2026-04-17,hotel-demo-2,Hotel Demo Costa,64,44,0,81,15,14,68.75,214518.52,9438814.86,2427411.37,367632.25,12233858.48,demo,
2026-04-18,hotel-demo-1,Hotel Demo Centro,120,87,0,159,28,33,72.50,166183.49,14457963.35,2730472.45,632557.47,17820993.27,demo,
2026-04-18,hotel-demo-2,Hotel Demo Costa,64,49,0,102,21,20,76.56,210995.09,10338759.34,2401185.37,502195.83,13242140.54,demo,
2026-04-19,hotel-demo-1,Hotel Demo Centro,120,75,0,142,29,32,62.50,168928.14,12669610.34,2911614.20,429160.18,16010384.73,demo,
2026-04-19,hotel-demo-2,Hotel Demo Costa,64,40,0,80,13,18,62.50,225418.11,9016724.34,2065467.06,334886.83,11417078.22,demo,
2026-04-20,hotel-demo-1,Hotel Demo Centro,120,83,0,155,28,27,69.17,161807.05,13429984.75,2798096.13,360482.76,16588563.64,demo,
2026-04-20,hotel-demo-2,Hotel Demo Costa,62,37,2,77,16,15,59.68,212335.46,7856412.05,1788391.38,177050.98,9821854.41,demo,
2026-04-21,hotel-demo-1,Hotel Demo Centro,120,86,0,166,36,37,71.67,159259.89,13696350.26,3517224.51,408805.44,17622380.21,demo,
2026-04-21,hotel-demo-2,Hotel Demo Costa,64,41,0,79,14,17,64.06,217173.31,8904105.78,1820836.09,220264.77,10945206.64,demo,
2026-04-22,hotel-demo-1,Hotel Demo Centro,118,87,2,180,36,32,73.73,155430.02,13522411.82,2616652.38,445405.07,16584469.27,demo,
2026-04-22,hotel-demo-2,Hotel Demo Costa,64,38,0,78,15,13,59.38,216915.64,8242794.24,2039219.07,265396.35,10547409.67,demo,
2026-04-23,hotel-demo-1,Hotel Demo Centro,119,85,1,170,35,31,71.43,165286.28,14049333.81,3201776.87,586188.10,17837298.78,demo,
2026-04-23,hotel-demo-2,Hotel Demo Costa,64,40,0,79,17,17,62.50,213618.44,8544737.72,2121604.81,360419.19,11026761.72,demo,
2026-04-24,hotel-demo-1,Hotel Demo Centro,120,97,0,189,41,32,80.83,170504.20,16538907.33,3284552.18,499666.98,20323126.48,demo,
2026-04-24,hotel-demo-2,Hotel Demo Costa,62,43,2,76,14,15,69.35,219426.53,9435340.68,1842440.80,420513.83,11698295.32,demo,
2026-04-25,hotel-demo-1,Hotel Demo Centro,118,89,2,186,35,36,75.42,169349.69,15072122.45,2778261.20,567205.54,18417589.19,demo,
2026-04-25,hotel-demo-2,Hotel Demo Costa,62,43,2,75,14,18,69.35,211156.33,9079722.09,2224903.98,414721.10,11719347.16,demo,
2026-04-26,hotel-demo-1,Hotel Demo Centro,120,83,0,172,37,33,69.17,167295.83,13885554.22,2843828.58,678030.78,17407413.58,demo,
2026-04-26,hotel-demo-2,Hotel Demo Costa,63,33,1,65,15,12,52.38,225274.71,7434065.29,1441422.23,263522.25,9139009.77,demo,
2026-04-27,hotel-demo-1,Hotel Demo Centro,119,74,1,126,27,23,62.18,159320.33,11789704.33,2246102.13,544920.42,14580726.88,demo,
2026-04-27,hotel-demo-2,Hotel Demo Costa,63,43,1,77,19,13,68.25,217995.34,9373799.65,1745286.36,240863.76,11359949.76,demo,
2026-04-28,hotel-demo-1,Hotel Demo Centro,120,86,0,163,27,33,71.67,165320.37,14217551.74,3111473.87,503348.64,17832374.25,demo,
2026-04-28,hotel-demo-2,Hotel Demo Costa,62,37,2,71,15,16,59.68,218362.25,8079403.31,1800515.56,246982.76,10126901.63,demo,
2026-04-29,hotel-demo-1,Hotel Demo Centro,120,84,0,167,27,25,70.00,164147.30,13788373.45,2495178.83,668424.38,16951976.66,demo,
2026-04-29,hotel-demo-2,Hotel Demo Costa,63,34,1,68,14,15,53.97,214283.39,7285635.13,1583086.93,194513.95,9063236.01,demo,
2026-04-30,hotel-demo-1,Hotel Demo Centro,120,88,0,152,32,30,73.33,165585.23,14571500.16,2861165.99,493150.83,17925816.97,demo,
2026-04-30,hotel-demo-2,Hotel Demo Costa,64,40,0,74,16,14,62.50,210018.92,8400756.84,1716659.02,276663.97,10394079.83,demo,
2026-05-01,hotel-demo-1,Hotel Demo Centro,120,97,0,182,40,32,80.83,158378.61,15362724.86,3415755.59,750311.57,19528792.03,demo,
2026-05-01,hotel-demo-2,Hotel Demo Costa,64,32,0,59,12,13,50.00,214451.60,6862451.12,1323568.24,222827.24,8408846.59,demo,
2026-05-02,hotel-demo-1,Hotel Demo Centro,120,85,0,169,34,33,70.83,165930.00,14104049.76,2574102.71,702463.99,17380616.45,demo,
2026-05-02,hotel-demo-2,Hotel Demo Costa,64,24,0,48,8,8,37.50,210285.93,5046862.29,913760.50,221809.70,6182432.49,demo,
2026-05-03,hotel-demo-1,Hotel Demo Centro,120,89,0,174,31,30,74.17,158044.78,14065985.76,3647692.37,520326.23,18234004.35,demo,
2026-05-03,hotel-demo-2,Hotel Demo Costa,64,28,0,48,9,9,43.75,205343.47,5749617.20,1392782.26,223976.86,7366376.32,demo,
2026-05-04,hotel-demo-1,Hotel Demo Centro,120,87,0,151,33,34,72.50,164896.72,14346014.99,3427640.38,642442.86,18416098.23,demo,
2026-05-04,hotel-demo-2,Hotel Demo Costa,64,30,0,55,10,12,46.88,206754.77,6202643.12,1179539.14,222154.68,7604336.94,demo,
2026-05-05,hotel-demo-1,Hotel Demo Centro,120,90,0,182,31,34,75.00,161410.19,14526916.70,2795319.01,353620.43,17675856.15,demo,
2026-05-05,hotel-demo-2,Hotel Demo Costa,64,23,0,40,9,9,35.94,207029.26,4761672.90,885165.81,214595.32,5861434.03,demo,
2026-05-06,hotel-demo-1,Hotel Demo Centro,120,81,0,166,31,33,67.50,160833.92,13027547.15,3314916.04,568505.01,16910968.20,demo,
2026-05-06,hotel-demo-2,Hotel Demo Costa,62,30,2,58,12,10,48.39,205340.36,6160210.79,1258542.79,213057.42,7631811.00,demo,
2026-05-07,hotel-demo-1,Hotel Demo Centro,120,93,0,161,38,30,77.50,161697.43,15037861.43,3848221.62,454958.18,19341041.23,demo,
2026-05-07,hotel-demo-2,Hotel Demo Costa,64,29,0,55,10,12,45.31,219258.99,6358510.70,1554870.61,299371.71,8212753.01,demo,
2026-05-08,hotel-demo-1,Hotel Demo Centro,120,82,0,148,25,34,68.33,164165.91,13461604.60,3135361.02,460008.55,17056974.17,demo,
2026-05-08,hotel-demo-2,Hotel Demo Costa,63,33,1,58,11,14,52.38,202541.52,6683870.26,1707096.92,183191.29,8574158.48,demo,
2026-05-09,hotel-demo-1,Hotel Demo Centro,119,100,1,192,35,44,84.03,162466.70,16246669.97,4146544.22,667489.44,21060703.63,demo,
2026-05-09,hotel-demo-2,Hotel Demo Costa,64,37,0,77,11,13,57.81,206079.74,7624950.27,1510264.39,161066.06,9296280.71,demo,
2026-05-10,hotel-demo-1,Hotel Demo Centro,118,72,2,134,23,32,61.02,157892.88,11368287.32,2057311.73,448921.64,13874520.69,demo,
2026-05-10,hotel-demo-2,Hotel Demo Costa,63,25,1,51,11,11,39.68,209309.70,5232742.39,1321771.11,198140.67,6752654.17,demo,
2026-05-11,hotel-demo-1,Hotel Demo Centro,120,94,0,195,40,33,78.33,172030.93,16170907.68,3257531.71,465911.98,19894351.38,demo,
2026-05-11,hotel-demo-2,Hotel Demo Costa,64,30,0,52,12,9,46.88,210693.61,6320808.18,1219541.07,234036.82,7774386.07,demo,
2026-05-12,hotel-demo-1,Hotel Demo Centro,119,80,1,140,33,30,67.23,173059.77,13844781.32,2729573.22,437183.65,17011538.19,demo,
2026-05-12,hotel-demo-2,Hotel Demo Costa,64,28,0,58,12,12,43.75,213609.31,5981060.56,1419978.87,146937.28,7547976.72,demo,
2026-05-13,hotel-demo-1,Hotel Demo Centro,120,89,0,160,34,37,74.17,161249.69,14351222.66,2673048.27,685438.13,17709709.06,demo,
2026-05-13,hotel-demo-2,Hotel Demo Costa,63,25,1,44,11,8,39.68,221515.97,5537899.18,1362215.33,187597.59,7087712.10,demo,
2026-05-14,hotel-demo-1,Hotel Demo Centro,118,83,2,172,33,33,70.34,165849.49,13765508.05,3134097.97,281742.31,17181348.33,demo,
2026-05-14,hotel-demo-2,Hotel Demo Costa,64,31,0,62,14,11,48.44,218435.57,6771502.76,1752770.77,216186.88,8740460.41,demo,
2026-05-15,hotel-demo-1,Hotel Demo Centro,120,91,0,167,28,28,75.83,168101.25,15297213.50,3671142.68,344109.68,19312465.86,demo,
2026-05-15,hotel-demo-2,Hotel Demo Costa,64,28,0,54,9,12,43.75,221326.89,6197152.97,1116086.09,248986.60,7562225.67,demo,
2026-05-16,hotel-demo-1,Hotel Demo Centro,119,93,1,161,32,32,78.15,165040.92,15348805.64,3004242.79,736205.96,19089254.39,demo,
2026-05-16,hotel-demo-2,Hotel Demo Costa,64,29,0,51,13,12,45.31,223854.58,6491782.83,1544857.00,143508.77,8180148.60,demo,
2026-05-17,hotel-demo-1,Hotel Demo Centro,120,84,0,168,34,31,70.00,170905.90,14356095.75,2762733.77,465192.05,17584021.57,demo,
2026-05-17,hotel-demo-2,Hotel Demo Costa,64,29,0,58,12,12,45.31,206360.60,5984457.28,1451375.65,239334.93,7675167.86,demo,
2026-05-18,hotel-demo-1,Hotel Demo Centro,120,91,0,175,39,30,75.83,164893.61,15005318.13,3013111.97,680812.80,18699242.90,demo,
2026-05-18,hotel-demo-2,Hotel Demo Costa,63,35,1,61,16,11,55.56,219698.70,7689454.36,1832948.16,254137.91,9776540.44,demo,
2026-05-19,hotel-demo-1,Hotel Demo Centro,120,74,0,146,31,32,61.67,168957.61,12502863.00,2844483.52,497586.22,15844932.74,demo,
2026-05-19,hotel-demo-2,Hotel Demo Costa,64,30,0,62,11,10,46.88,203711.64,6111349.08,1456816.30,297230.91,7865396.29,demo,
2026-05-20,hotel-demo-1,Hotel Demo Centro,120,87,0,165,36,36,72.50,163098.27,14189549.82,3257044.84,525484.68,17972079.35,demo,
2026-05-20,hotel-demo-2,Hotel Demo Costa,62,26,2,49,10,8,41.94,224050.50,5825313.09,1428890.46,161044.72,7415248.26,demo,
2026-05-21,hotel-demo-1,Hotel Demo Centro,119,78,1,142,33,26,65.55,159175.71,12415705.35,2394058.56,601444.58,15411208.49,demo,
2026-05-21,hotel-demo-2,Hotel Demo Costa,64,32,0,61,11,14,50.00,216997.64,6943924.58,1802213.01,255248.84,9001386.43,demo,
2026-05-22,hotel-demo-1,Hotel Demo Centro,120,97,0,172,36,29,80.83,170156.47,16505178.02,3354655.02,502880.94,20362713.98,demo,
2026-05-22,hotel-demo-2,Hotel Demo Costa,64,36,0,64,13,11,56.25,214122.07,7708394.56,1818063.13,330389.29,9856846.99,demo,
2026-05-23,hotel-demo-1,Hotel Demo Centro,118,86,2,176,28,26,72.88,170325.51,14647994.10,3468651.20,349569.10,18466214.40,demo,
2026-05-23,hotel-demo-2,Hotel Demo Costa,64,32,0,63,11,12,50.00,218058.93,6977885.64,1637181.03,323178.40,8938245.07,demo,
2026-05-24,hotel-demo-1,Hotel Demo Centro,120,86,0,167,37,32,71.67,159696.96,13733938.99,3395286.62,597931.60,17727157.20,demo,
2026-05-24,hotel-demo-2,Hotel Demo Costa,64,23,0,39,9,8,35.94,213131.42,4902022.73,985856.85,166321.87,6054201.45,demo,
2026-05-25,hotel-demo-1,Hotel Demo Centro,120,87,0,148,37,35,72.50,167436.22,14566951.27,2966668.19,343349.72,17876969.18,demo,
2026-05-25,hotel-demo-2,Hotel Demo Costa,64,27,0,53,9,11,42.19,219062.96,5914699.97,1240893.58,242171.04,7397764.59,demo,
2026-05-26,hotel-demo-1,Hotel Demo Centro,120,94,0,188,38,37,78.33,166018.03,15605695.06,3314140.12,751454.57,19671289.75,demo,
2026-05-26,hotel-demo-2,Hotel Demo Costa,64,27,0,48,8,8,42.19,213883.10,5774843.63,1364768.49,211156.57,7350768.68,demo,
2026-05-27,hotel-demo-1,Hotel Demo Centro,118,84,2,170,36,29,71.19,165650.98,13914682.28,3436113.95,458530.43,17809326.66,demo,
2026-05-27,hotel-demo-2,Hotel Demo Costa,64,29,0,59,11,11,45.31,216829.62,6288059.12,1222925.22,187255.57,7698239.90,demo,
2026-05-28,hotel-demo-1,Hotel Demo Centro,120,87,0,157,36,35,72.50,165664.13,14412779.40,3714537.46,479434.73,18606751.59,demo,
2026-05-28,hotel-demo-2,Hotel Demo Costa,64,34,0,70,11,11,53.12,221249.63,7522487.43,1419661.72,229126.82,9171275.96,demo,
2026-05-29,hotel-demo-1,Hotel Demo Centro,118,93,2,185,28,42,78.81,168520.86,15672440.40,3934562.61,589304.86,20196307.87,demo,
2026-05-29,hotel-demo-2,Hotel Demo Costa,62,31,2,54,14,11,50.00,223182.48,6918656.76,1713414.09,164659.70,8796730.55,demo,
2026-05-30,hotel-demo-1,Hotel Demo Centro,120,90,0,173,35,32,75.00,166553.74,14989836.48,3578230.30,732959.04,19301025.83,demo,
2026-05-30,hotel-demo-2,Hotel Demo Costa,62,26,2,50,10,12,41.94,204449.87,5315696.66,958557.39,144142.33,6418396.38,demo,
2026-05-31,hotel-demo-1,Hotel Demo Centro,120,83,0,171,27,30,69.17,172220.69,14294317.10,2622395.25,458701.20,17375413.55,demo,
2026-05-31,hotel-demo-2,Hotel Demo Costa,63,25,1,46,10,9,39.68,205012.89,5125322.33,1250714.85,142347.97,6518385.15,demo,
2026-06-01,hotel-demo-1,Hotel Demo Centro,120,85,0,152,34,30,70.83,165505.32,14067952.11,2885872.40,495494.30,17449318.80,demo,
2026-06-01,hotel-demo-2,Hotel Demo Costa,63,18,1,34,7,8,28.57,220675.73,3972163.07,935340.70,86210.54,4993714.31,demo,
2026-06-02,hotel-demo-1,Hotel Demo Centro,118,76,2,135,31,26,64.41,160798.67,12220698.63,2770547.95,298898.33,15290144.92,demo,
2026-06-02,hotel-demo-2,Hotel Demo Costa,64,24,0,50,10,9,37.50,207594.66,4982271.82,1201715.71,243434.59,6427422.13,demo,
2026-06-03,hotel-demo-1,Hotel Demo Centro,120,81,0,140,29,32,67.50,173287.43,14036282.06,2802390.97,483720.35,17322393.38,demo,
2026-06-03,hotel-demo-2,Hotel Demo Costa,64,26,0,45,9,9,40.62,203672.35,5295481.16,1127333.07,180617.77,6603432.00,demo,
2026-06-04,hotel-demo-1,Hotel Demo Centro,120,82,0,164,25,30,68.33,173155.90,14198784.17,2723298.33,572353.33,17494435.83,demo,
2026-06-04,hotel-demo-2,Hotel Demo Costa,64,32,0,63,11,10,50.00,210758.04,6744257.32,1373691.70,219710.30,8337659.32,demo,
2026-06-05,hotel-demo-1,Hotel Demo Centro,119,85,1,176,28,34,71.43,170102.44,14458707.14,3303195.91,580732.91,18342635.96,demo,
2026-06-05,hotel-demo-2,Hotel Demo Costa,64,32,0,59,13,14,50.00,217884.80,6972313.59,1715083.07,223178.33,8910574.98,demo,
2026-06-06,hotel-demo-1,Hotel Demo Centro,120,88,0,165,39,33,73.33,164074.02,14438513.80,3127857.47,551042.49,18117413.76,demo,
2026-06-06,hotel-demo-2,Hotel Demo Costa,62,31,2,55,10,10,50.00,203833.77,6318846.73,1358007.94,216538.66,7893393.33,demo,
2026-06-07,hotel-demo-1,Hotel Demo Centro,119,76,1,155,25,28,63.87,170483.77,12956766.70,2963886.57,302854.67,16223507.94,demo,
2026-06-07,hotel-demo-2,Hotel Demo Costa,63,23,1,42,9,8,36.51,219215.77,5041962.71,980896.13,218731.00,6241589.83,demo,
2026-06-08,hotel-demo-1,Hotel Demo Centro,120,80,0,167,31,35,66.67,173481.80,13878544.19,3587160.37,347273.53,17812978.09,demo,
2026-06-08,hotel-demo-2,Hotel Demo Costa,62,23,2,43,10,8,37.10,212204.05,4880693.07,1148958.25,100462.11,6130113.43,demo,
2026-06-09,hotel-demo-1,Hotel Demo Centro,118,81,2,160,28,28,68.64,161949.26,13117889.76,2824563.79,581304.92,16523758.47,demo,
2026-06-09,hotel-demo-2,Hotel Demo Costa,64,31,0,63,10,13,48.44,215043.06,6666334.95,1282636.55,237812.03,8186783.54,demo,
2026-06-10,hotel-demo-1,Hotel Demo Centro,118,83,2,165,32,25,70.34,173308.82,14384632.46,2627526.18,454781.33,17466939.97,demo,
2026-06-10,hotel-demo-2,Hotel Demo Costa,64,30,0,52,10,12,46.88,206529.80,6195893.94,1404055.64,159403.28,7759352.87,demo,
2026-06-11,hotel-demo-1,Hotel Demo Centro,118,88,2,165,39,28,74.58,166980.37,14694272.21,2952597.98,302578.82,17949449.01,demo,
2026-06-11,hotel-demo-2,Hotel Demo Costa,64,29,0,50,10,11,45.31,219038.34,6352111.92,1171234.96,284640.08,7807986.96,demo,
2026-06-12,hotel-demo-1,Hotel Demo Centro,120,107,0,184,40,45,89.17,158383.82,16947069.06,4173964.52,809300.79,21930334.37,demo,
2026-06-12,hotel-demo-2,Hotel Demo Costa,64,33,0,65,11,10,51.56,218298.17,7203839.74,1832824.09,193706.25,9230370.08,demo,
2026-06-13,hotel-demo-1,Hotel Demo Centro,120,88,0,171,36,32,73.33,168498.02,14827825.45,3698837.97,484392.86,19011056.27,demo,
2026-06-13,hotel-demo-2,Hotel Demo Costa,64,26,0,48,11,10,40.62,204876.60,5326791.71,994354.60,151954.21,6473100.52,demo,
2026-06-14,hotel-demo-1,Hotel Demo Centro,119,86,1,166,36,34,72.27,171046.02,14709957.35,3584782.90,468719.41,18763459.66,demo,
2026-06-14,hotel-demo-2,Hotel Demo Costa,64,24,0,41,9,8,37.50,221087.01,5306088.35,1149428.24,201426.28,6656942.86,demo,
2026-06-15,hotel-demo-1,Hotel Demo Centro,120,79,0,143,24,31,65.83,170197.40,13445594.92,3145021.95,448091.41,17038708.28,demo,
2026-06-15,hotel-demo-2,Hotel Demo Costa,64,30,0,57,13,13,46.88,205770.22,6173106.68,1586635.56,292181.30,8051923.54,demo,
2026-06-16,hotel-demo-1,Hotel Demo Centro,120,83,0,148,35,31,69.17,171797.22,14259169.35,3036689.61,499105.19,17794964.15,demo,
2026-06-16,hotel-demo-2,Hotel Demo Costa,63,25,1,47,11,8,39.68,209586.63,5239665.79,1088243.12,256922.66,6584831.56,demo,
2026-06-17,hotel-demo-1,Hotel Demo Centro,120,89,0,168,36,35,74.17,174219.40,15505526.70,3850165.14,684273.82,20039965.65,demo,
2026-06-17,hotel-demo-2,Hotel Demo Costa,62,22,2,45,7,8,35.48,223711.89,4921661.64,1154500.92,244114.41,6320276.97,demo,
2026-06-18,hotel-demo-1,Hotel Demo Centro,119,68,1,128,31,26,57.14,168479.62,11456614.16,2523614.40,452210.77,14432439.33,demo,
2026-06-18,hotel-demo-2,Hotel Demo Costa,64,29,0,58,11,12,45.31,206541.49,5989703.08,1370624.55,298607.43,7658935.06,demo,
2026-06-19,hotel-demo-1,Hotel Demo Centro,118,108,2,210,34,46,91.53,161699.95,17463594.33,3669977.00,479827.48,21613398.81,demo,
2026-06-19,hotel-demo-2,Hotel Demo Costa,64,30,0,53,10,13,46.88,225220.30,6756608.85,1437584.48,297963.23,8492156.56,demo,
2026-06-20,hotel-demo-1,Hotel Demo Centro,119,90,1,186,30,28,75.63,158867.17,14298045.27,3381834.31,478774.63,18158654.21,demo,
2026-06-20,hotel-demo-2,Hotel Demo Costa,64,32,0,60,14,13,50.00,210323.92,6730365.44,1457295.48,311145.69,8498806.60,demo,
2026-06-21,hotel-demo-1,Hotel Demo Centro,119,76,1,140,33,27,63.87,165278.32,12561151.99,2581517.66,583592.81,15726262.46,demo,
2026-06-21,hotel-demo-2,Hotel Demo Costa,62,23,2,48,10,9,37.10,218926.95,5035319.76,977263.15,121780.69,6134363.60,demo,
2026-06-22,hotel-demo-1,Hotel Demo Centro,120,74,0,151,33,27,61.67,167352.04,12384050.98,3111429.71,616800.91,16112281.60,demo,
2026-06-22,hotel-demo-2,Hotel Demo Costa,63,23,1,41,7,7,36.51,206327.61,4745535.05,1132697.18,218039.38,6096271.61,demo,
2026-06-23,hotel-demo-1,Hotel Demo Centro,118,76,2,134,28,27,64.41,170176.18,12933389.40,3132773.15,330895.31,16397057.85,demo,
2026-06-23,hotel-demo-2,Hotel Demo Costa,64,29,0,56,12,10,45.31,225028.67,6525831.47,1178436.30,166147.02,7870414.79,demo,
2026-06-24,hotel-demo-1,Hotel Demo Centro,120,89,0,174,37,27,74.17,172848.54,15383519.85,3816798.30,516693.72,19717011.88,demo,
2026-06-24,hotel-demo-2,Hotel Demo Costa,64,34,0,64,15,12,53.12,208183.23,7078229.98,1469095.65,337872.47,8885198.09,demo,
2026-06-25,hotel-demo-1,Hotel Demo Centro,120,81,0,170,32,28,67.50,174954.68,14171329.00,3453001.66,662809.95,18287140.61,demo,
2026-06-25,hotel-demo-2,Hotel Demo Costa,64,22,0,41,9,9,34.38,213203.52,4690477.37,1086285.84,126574.41,5903337.62,demo,
2026-06-26,hotel-demo-1,Hotel Demo Centro,120,92,0,167,36,32,76.67,169049.73,15552574.88,2887246.08,632888.85,19072709.81,demo,
2026-06-26,hotel-demo-2,Hotel Demo Costa,64,28,0,58,10,9,43.75,217224.15,6082276.08,1383267.54,275259.73,7740803.35,demo,
2026-06-27,hotel-demo-1,Hotel Demo Centro,120,92,0,188,33,35,76.67,162726.43,14970831.19,3826930.64,523439.71,19321201.54,demo,
2026-06-27,hotel-demo-2,Hotel Demo Costa,64,34,0,64,14,11,53.12,225148.68,7655055.27,1602034.85,203270.73,9460360.85,demo,
2026-06-28,hotel-demo-1,Hotel Demo Centro,118,69,2,142,24,26,58.47,164904.86,11378435.21,2682432.04,426019.78,14486887.03,demo,
2026-06-28,hotel-demo-2,Hotel Demo Costa,63,28,1,49,11,12,44.44,207711.03,5815908.88,1377241.46,130796.10,7323946.44,demo,
2026-06-29,hotel-demo-1,Hotel Demo Centro,120,79,0,155,30,33,65.83,174566.39,13790744.78,3468890.93,595887.10,17855522.81,demo,
2026-06-29,hotel-demo-2,Hotel Demo Costa,63,24,1,49,7,10,38.10,211268.42,5070442.02,1032687.41,124064.25,6227193.68,demo,
2026-06-30,hotel-demo-1,Hotel Demo Centro,120,82,0,142,27,37,68.33,170295.79,13964255.14,2783883.06,582377.35,17330515.54,demo,
2026-06-30,hotel-demo-2,Hotel Demo Costa,64,28,0,49,11,9,43.75,217397.61,6087132.96,1139635.07,267325.62,7494093.65,demo,
2026-07-01,hotel-demo-1,Hotel Demo Centro,120,81,0,143,28,24,67.50,164604.36,13332953.33,3371527.29,361323.10,17065803.72,demo,
2026-07-01,hotel-demo-2,Hotel Demo Costa,64,37,0,66,14,15,57.81,229433.17,8489027.28,2010237.21,290237.68,10789502.18,demo,
2026-07-02,hotel-demo-1,Hotel Demo Centro,120,94,0,179,42,29,78.33,172917.14,16254211.03,4073761.89,670201.48,20998174.40,demo,
2026-07-02,hotel-demo-2,Hotel Demo Costa,64,34,0,63,11,14,53.12,224556.18,7634909.96,1788051.38,221874.74,9644836.07,demo,
2026-07-03,hotel-demo-1,Hotel Demo Centro,120,104,0,213,41,39,86.67,169954.89,17675308.57,3395928.00,756702.23,21827938.80,demo,
2026-07-03,hotel-demo-2,Hotel Demo Costa,62,34,2,65,14,12,54.84,231848.93,7882863.56,1477085.75,184888.98,9544838.29,demo,
2026-07-04,hotel-demo-1,Hotel Demo Centro,120,110,0,226,41,39,91.67,169804.45,18678489.58,4793871.15,416500.34,23888861.07,demo,
2026-07-04,hotel-demo-2,Hotel Demo Costa,64,39,0,72,17,16,60.94,230229.65,8978956.45,2159189.51,235868.45,11374014.40,demo,
2026-07-05,hotel-demo-1,Hotel Demo Centro,120,95,0,176,39,29,79.17,178834.16,16989245.19,4090591.84,631998.79,21711835.81,demo,
2026-07-05,hotel-demo-2,Hotel Demo Costa,63,29,1,61,10,12,46.03,227210.71,6589110.58,1315483.99,273259.66,8177854.23,demo,
2026-07-06,hotel-demo-1,Hotel Demo Centro,118,100,2,179,30,41,84.75,169773.47,16977347.47,3394990.29,449663.37,20822001.13,demo,
2026-07-06,hotel-demo-2,Hotel Demo Costa,64,38,0,77,14,12,59.38,217407.83,8261497.48,1708513.22,346704.09,10316714.79,demo,
2026-07-07,hotel-demo-1,Hotel Demo Centro,120,89,0,166,27,30,74.17,173247.42,15419020.29,2916449.72,574871.18,18910341.19,demo,
2026-07-07,hotel-demo-2,Hotel Demo Costa,64,42,0,74,14,13,65.62,220900.88,9277837.02,2087581.83,362273.34,11727692.19,demo,
2026-07-08,hotel-demo-1,Hotel Demo Centro,120,93,0,163,33,29,77.50,164371.49,15286548.63,3033937.55,657347.85,18977834.03,demo,
2026-07-08,hotel-demo-2,Hotel Demo Costa,64,28,0,48,10,11,43.75,214606.02,6008968.42,1454772.62,165798.49,7629539.53,demo,
2026-07-09,hotel-demo-1,Hotel Demo Centro,119,103,1,206,31,36,86.55,164051.30,16897283.41,3739567.57,422289.77,21059140.75,demo,
2026-07-09,hotel-demo-2,Hotel Demo Costa,62,32,2,67,14,12,51.61,229027.12,7328867.73,1861473.39,353929.78,9544270.91,demo,
2026-07-10,hotel-demo-1,Hotel Demo Centro,119,100,1,170,31,39,84.03,176308.51,17630850.58,3213980.24,474728.65,21319559.47,demo,
2026-07-10,hotel-demo-2,Hotel Demo Costa,64,44,0,88,18,18,68.75,227632.80,10015843.10,2356099.32,396116.49,12768058.91,demo,
2026-07-11,hotel-demo-1,Hotel Demo Centro,118,101,2,195,36,44,85.59,166183.96,16784579.95,3060670.38,696292.84,20541543.17,demo,
2026-07-11,hotel-demo-2,Hotel Demo Costa,64,37,0,71,12,15,57.81,217734.67,8056182.66,1976179.35,312990.27,10345352.27,demo,
2026-07-12,hotel-demo-1,Hotel Demo Centro,120,83,0,151,34,30,69.17,176835.21,14677322.72,3339287.93,450035.83,18466646.49,demo,
2026-07-12,hotel-demo-2,Hotel Demo Costa,63,37,1,77,12,16,58.73,215349.91,7967946.66,1652740.15,278995.20,9899682.02,demo,
2026-07-13,hotel-demo-1,Hotel Demo Centro,120,91,0,184,37,35,75.83,173017.03,15744549.95,3129052.83,633320.38,19506923.15,demo,
2026-07-13,hotel-demo-2,Hotel Demo Costa,64,34,0,71,11,14,53.12,214533.21,7294129.24,1320388.65,267589.29,8882107.19,demo,
2026-07-14,hotel-demo-1,Hotel Demo Centro,120,97,0,176,38,42,80.83,172638.41,16745925.31,3134652.59,797609.27,20678187.17,demo,
2026-07-14,hotel-demo-2,Hotel Demo Costa,64,28,0,56,12,11,43.75,223401.26,6255235.19,1463476.29,277046.47,7995757.94,demo,
2026-07-15,hotel-demo-1,Hotel Demo Centro,120,100,0,199,31,38,83.33,168960.56,16896056.37,3798730.39,785767.05,21480553.81,demo,
2026-07-15,hotel-demo-2,Hotel Demo Costa,63,34,1,59,12,12,53.97,228949.64,7784287.75,1476412.37,386609.49,9647309.61,demo,
2026-07-16,hotel-demo-1,Hotel Demo Centro,120,91,0,184,36,40,75.83,178148.36,16211500.65,3552877.12,790936.09,20555313.86,demo,
2026-07-16,hotel-demo-2,Hotel Demo Costa,63,37,1,76,15,13,58.73,223001.55,8251057.29,1522489.12,303717.50,10077263.90,demo,
2026-07-17,hotel-demo-1,Hotel Demo Centro,118,104,2,194,43,34,88.14,179902.04,18709812.62,3458176.30,603821.53,22771810.45,demo,
2026-07-17,hotel-demo-2,Hotel Demo Costa,63,36,1,63,11,15,57.14,219696.34,7909068.13,1903225.91,316830.11,10129124.14,demo,
2026-07-18,hotel-demo-1,Hotel Demo Centro,118,108,2,215,47,44,91.53,176616.05,19074533.85,4238712.03,674541.84,23987787.72,demo,
2026-07-18,hotel-demo-2,Hotel Demo Costa,62,40,2,79,16,15,64.52,218140.77,8725630.73,1922854.71,329968.75,10978454.19,demo,
2026-07-19,hotel-demo-1,Hotel Demo Centro,120,85,0,158,34,27,70.83,170114.94,14459770.17,3113641.72,474455.64,18047867.53,demo,
2026-07-19,hotel-demo-2,Hotel Demo Costa,64,31,0,55,10,14,48.44,217303.76,6736416.47,1392468.11,161480.71,8290365.29,demo,
2026-07-20,hotel-demo-1,Hotel Demo Centro,119,100,1,200,45,37,84.03,167211.38,16721137.54,3023327.61,791170.90,20535636.05,demo,
2026-07-20,hotel-demo-2,Hotel Demo Costa,64,42,0,73,15,16,65.62,219127.27,9203345.34,1950897.22,316218.40,11470460.96,demo,
2026-07-21,hotel-demo-1,Hotel Demo Centro,118,91,2,163,41,29,77.12,179450.53,16329997.79,3193001.25,567908.47,20090907.51,demo,
2026-07-21,hotel-demo-2,Hotel Demo Costa,64,30,0,58,9,10,46.88,224262.79,6727883.84,1306131.93,202580.33,8236596.10,demo,
2026-07-22,hotel-demo-1,Hotel Demo Centro,120,91,0,162,39,30,75.83,167013.43,15198221.77,3277673.89,425746.79,18901642.45,demo,
2026-07-22,hotel-demo-2,Hotel Demo Costa,64,34,0,70,12,11,53.12,221260.95,7522872.35,1647127.33,274003.74,9444003.42,demo,
2026-07-23,hotel-demo-1,Hotel Demo Centro,120,89,0,164,36,31,74.17,178937.15,15925406.63,3697940.77,503002.02,20126349.41,demo,
2026-07-23,hotel-demo-2,Hotel Demo Costa,63,34,1,66,12,14,53.97,219751.01,7471534.35,1538065.45,309311.46,9318911.27,demo,
2026-07-24,hotel-demo-1,Hotel Demo Centro,120,108,0,204,47,43,90.00,167413.87,18080697.90,3915287.19,855313.79,22851298.88,demo,
2026-07-24,hotel-demo-2,Hotel Demo Costa,63,45,1,89,18,14,71.43,234975.31,10573889.10,2578225.30,458709.29,13610823.70,demo,
2026-07-25,hotel-demo-1,Hotel Demo Centro,119,87,1,168,35,32,73.11,170858.67,14864704.47,2786977.86,430114.51,18081796.85,demo,
2026-07-25,hotel-demo-2,Hotel Demo Costa,63,42,1,81,15,18,66.67,221964.26,9322499.02,1791936.42,277415.48,11391850.92,demo,
2026-07-26,hotel-demo-1,Hotel Demo Centro,120,95,0,178,38,34,79.17,169242.91,16078076.84,3851148.18,521616.93,20450841.95,demo,
2026-07-26,hotel-demo-2,Hotel Demo Costa,63,33,1,65,15,12,52.38,234599.34,7741778.24,1628975.07,242172.84,9612926.15,demo,
2026-07-27,hotel-demo-1,Hotel Demo Centro,118,85,2,172,33,26,72.03,180667.22,15356713.72,3287669.11,487469.84,19131852.67,demo,
2026-07-27,hotel-demo-2,Hotel Demo Costa,64,37,0,74,14,14,57.81,222841.02,8245117.89,1684778.89,351766.78,10281663.55,demo,
2026-07-28,hotel-demo-1,Hotel Demo Centro,120,104,0,189,46,42,86.67,174171.94,18113882.27,3978748.79,861382.39,22954013.45,demo,
2026-07-28,hotel-demo-2,Hotel Demo Costa,63,37,1,70,12,16,58.73,235240.30,8703890.93,2148392.96,240647.33,11092931.22,demo,
2026-07-29,hotel-demo-1,Hotel Demo Centro,120,95,0,183,35,40,79.17,170600.32,16207030.23,3364281.94,804208.78,20375520.95,demo,
2026-07-29,hotel-demo-2,Hotel Demo Costa,64,36,0,66,12,11,56.25,221675.46,7980316.51,1823489.67,256154.60,10059960.77,demo,
2026-07-30,hotel-demo-1,Hotel Demo Centro,120,88,0,158,30,32,73.33,168522.40,14829971.20,2933120.76,641186.47,18404278.43,demo,
2026-07-30,hotel-demo-2,Hotel Demo Costa,64,39,0,71,15,14,60.94,225494.20,8794273.64,1614633.47,262979.78,10671886.89,demo,
2026-07-31,hotel-demo-1,Hotel Demo Centro,120,98,0,180,44,33,81.67,171355.77,16792865.06,3272946.45,394191.86,20460003.38,demo,
2026-07-31,hotel-demo-2,Hotel Demo Costa,64,38,0,77,13,13,59.38,228212.51,8672075.45,2187403.26,184996.48,11044475.18,demo,
2026-08-01,hotel-demo-1,Hotel Demo Centro,120,95,0,191,35,40,79.17,174098.26,16539334.54,3011365.72,621608.21,20172308.47,demo,
2026-08-01,hotel-demo-2,Hotel Demo Costa,62,34,2,68,14,11,54.84,210917.50,7171195.13,1505826.18,155213.14,8832234.45,demo,
2026-08-02,hotel-demo-1,Hotel Demo Centro,118,73,2,137,27,31,61.86,164932.18,12040049.02,3061738.15,389538.05,15491325.22,demo,
2026-08-02,hotel-demo-2,Hotel Demo Costa,62,30,2,63,9,13,48.39,228904.42,6867132.69,1760305.04,311933.86,8939371.59,demo,
2026-08-03,hotel-demo-1,Hotel Demo Centro,120,81,0,164,25,25,67.50,161924.56,13115889.67,3275335.17,600552.28,16991777.12,demo,
2026-08-03,hotel-demo-2,Hotel Demo Costa,64,28,0,52,9,12,43.75,224783.18,6293929.10,1261246.30,127182.38,7682357.78,demo,
2026-08-04,hotel-demo-1,Hotel Demo Centro,120,68,0,118,22,26,56.67,177275.52,12054735.24,2583885.47,418439.14,15057059.84,demo,
2026-08-04,hotel-demo-2,Hotel Demo Costa,64,36,0,64,11,13,56.25,228346.44,8220471.84,1883856.70,314523.61,10418852.14,demo,
2026-08-05,hotel-demo-1,Hotel Demo Centro,120,87,0,172,39,37,72.50,171507.92,14921189.41,3348280.89,606184.05,18875654.35,demo,
2026-08-05,hotel-demo-2,Hotel Demo Costa,64,23,0,46,10,10,35.94,209841.61,4826357.11,931787.05,105953.33,5864097.49,demo,
2026-08-06,hotel-demo-1,Hotel Demo Centro,120,84,0,160,26,26,70.00,176260.68,14805896.90,3495931.94,603395.94,18905224.78,demo,
2026-08-06,hotel-demo-2,Hotel Demo Costa,64,23,0,47,10,7,35.94,222240.84,5111539.28,1251940.71,215738.00,6579217.99,demo,
2026-08-07,hotel-demo-1,Hotel Demo Centro,120,99,0,171,32,39,82.50,169703.97,16800692.62,3214523.00,831366.49,20846582.12,demo,
2026-08-07,hotel-demo-2,Hotel Demo Costa,62,30,2,52,12,11,48.39,215640.19,6469205.59,1374699.14,205177.53,8049082.26,demo,
2026-08-08,hotel-demo-1,Hotel Demo Centro,118,90,2,181,36,29,76.27,166922.86,15023057.05,3793786.54,361192.16,19178035.75,demo,
2026-08-08,hotel-demo-2,Hotel Demo Costa,64,37,0,77,16,14,57.81,216170.20,7998297.46,1773762.20,224768.55,9996828.21,demo,
2026-08-09,hotel-demo-1,Hotel Demo Centro,120,69,0,131,22,22,57.50,164223.23,11331403.11,2852654.40,506012.82,14690070.32,demo,
2026-08-09,hotel-demo-2,Hotel Demo Costa,64,27,0,53,11,12,42.19,220928.23,5965062.21,1429288.48,212800.10,7607150.80,demo,
2026-08-10,hotel-demo-1,Hotel Demo Centro,120,85,0,176,26,33,70.83,164792.74,14007383.26,2654709.56,394529.90,17056622.71,demo,
2026-08-10,hotel-demo-2,Hotel Demo Costa,64,31,0,64,10,10,48.44,229830.92,7124758.55,1612277.13,338372.71,9075408.39,demo,
2026-08-11,hotel-demo-1,Hotel Demo Centro,120,79,0,150,33,25,65.83,173227.01,13684933.46,3158674.38,633318.54,17476926.38,demo,
2026-08-11,hotel-demo-2,Hotel Demo Costa,62,28,2,53,11,11,45.16,230325.33,6449109.34,1607372.85,303340.56,8359822.75,demo,
2026-08-12,hotel-demo-1,Hotel Demo Centro,119,85,1,161,38,35,71.43,175494.33,14917017.86,3495692.98,460169.96,18872880.80,demo,
2026-08-12,hotel-demo-2,Hotel Demo Costa,63,23,1,46,7,8,36.51,227833.48,5240170.03,1005732.74,153665.32,6399568.10,demo,
2026-08-13,hotel-demo-1,Hotel Demo Centro,120,84,0,159,25,29,70.00,171180.62,14379171.81,3194784.36,507923.14,18081879.32,demo,
2026-08-13,hotel-demo-2,Hotel Demo Costa,62,31,2,60,11,10,50.00,219581.06,6807013.01,1618957.61,162561.39,8588532.01,demo,
2026-08-14,hotel-demo-1,Hotel Demo Centro,120,92,0,159,39,31,76.67,169989.13,15639000.04,3184768.83,734318.88,19558087.76,demo,
2026-08-14,hotel-demo-2,Hotel Demo Costa,62,32,2,58,14,11,51.61,218222.24,6983111.66,1427845.84,287947.34,8698904.85,demo,
2026-08-15,hotel-demo-1,Hotel Demo Centro,119,92,1,157,28,28,77.31,164658.64,15148594.97,3250447.41,582583.51,18981625.88,demo,
2026-08-15,hotel-demo-2,Hotel Demo Costa,62,36,2,69,11,16,58.06,225693.61,8124969.85,1869977.34,341328.78,10336275.97,demo,
2026-08-16,hotel-demo-1,Hotel Demo Centro,119,74,1,153,29,23,62.18,178568.22,13214048.01,2610663.02,314849.90,16139560.92,demo,
2026-08-16,hotel-demo-2,Hotel Demo Costa,63,25,1,52,10,11,39.68,210229.25,5255731.35,1135435.15,213240.10,6604406.61,demo,
2026-08-17,hotel-demo-1,Hotel Demo Centro,119,79,1,147,24,35,66.39,168968.42,13348505.21,3468493.87,572245.15,17389244.23,demo,
2026-08-17,hotel-demo-2,Hotel Demo Costa,62,29,2,59,11,12,46.77,212801.64,6171247.55,1397678.20,295219.76,7864145.51,demo,
2026-08-18,hotel-demo-1,Hotel Demo Centro,120,84,0,171,32,34,70.00,174323.47,14643171.29,3057673.62,550391.20,18251236.11,demo,
2026-08-18,hotel-demo-2,Hotel Demo Costa,64,30,0,55,13,10,46.88,215641.63,6469248.93,1637571.77,169284.20,8276104.90,demo,
2026-08-19,hotel-demo-1,Hotel Demo Centro,120,88,0,174,33,36,73.33,176955.78,15572108.24,3736510.53,529926.26,19838545.02,demo,
2026-08-19,hotel-demo-2,Hotel Demo Costa,64,29,0,59,12,12,45.31,222944.50,6465390.38,1642579.66,272473.48,8380443.53,demo,
2026-08-20,hotel-demo-1,Hotel Demo Centro,119,72,1,136,27,27,60.50,167858.17,12085788.19,2655532.63,418963.93,15160284.75,demo,
2026-08-20,hotel-demo-2,Hotel Demo Costa,62,32,2,67,10,12,51.61,211811.61,6777971.43,1407674.05,293031.31,8478676.79,demo,
2026-08-21,hotel-demo-1,Hotel Demo Centro,120,88,0,157,28,30,73.33,176949.82,15571583.93,2844190.76,346465.82,18762240.50,demo,
2026-08-21,hotel-demo-2,Hotel Demo Costa,62,32,2,61,11,13,51.61,223626.60,7156051.15,1337913.01,328607.32,8822571.49,demo,
2026-08-22,hotel-demo-1,Hotel Demo Centro,120,90,0,177,27,33,75.00,168071.49,15126434.36,3818802.91,404256.26,19349493.54,demo,
2026-08-22,hotel-demo-2,Hotel Demo Costa,64,29,0,52,9,10,45.31,227195.78,6588677.75,1427407.64,217231.68,8233317.07,demo,
2026-08-23,hotel-demo-1,Hotel Demo Centro,120,83,0,167,31,25,69.17,177902.28,14765888.88,3182263.34,381906.10,18330058.32,demo,
2026-08-23,hotel-demo-2,Hotel Demo Costa,63,23,1,42,9,9,36.51,210501.37,4841531.44,1245788.71,158416.44,6245736.58,demo,
2026-08-24,hotel-demo-1,Hotel Demo Centro,119,90,1,164,30,36,75.63,177053.23,15934790.98,3910854.30,715755.27,20561400.55,demo,
2026-08-24,hotel-demo-2,Hotel Demo Costa,63,27,1,50,10,12,42.86,225040.91,6076104.58,1523897.15,261007.90,7861009.63,demo,
2026-08-25,hotel-demo-1,Hotel Demo Centro,120,82,0,167,36,35,68.33,176767.17,14494908.21,3547366.16,393658.55,18435932.91,demo,
2026-08-25,hotel-demo-2,Hotel Demo Costa,62,29,2,56,10,10,46.77,226600.06,6571401.66,1539929.68,278897.61,8390228.96,demo,
2026-08-26,hotel-demo-1,Hotel Demo Centro,120,91,0,168,33,30,75.83,166352.89,15138112.93,2986340.57,634013.15,18758466.65,demo,
2026-08-26,hotel-demo-2,Hotel Demo Costa,64,28,0,57,10,10,43.75,221124.18,6191476.91,1341617.79,134112.82,7667207.51,demo,
2026-08-27,hotel-demo-1,Hotel Demo Centro,118,87,2,163,29,30,73.73,166420.74,14478604.57,3223473.69,563929.95,18266008.21,demo,
2026-08-27,hotel-demo-2,Hotel Demo Costa,64,27,0,56,9,11,42.19,216158.58,5836281.78,1447754.85,283347.40,7567384.03,demo,
2026-08-28,hotel-demo-1,Hotel Demo Centro,120,105,0,212,33,45,87.50,165593.52,17387319.48,3810233.59,371177.87,21568730.94,demo,
2026-08-28,hotel-demo-2,Hotel Demo Costa,64,35,0,61,12,15,54.69,232823.84,8148834.55,2029413.19,168288.41,10346536.15,demo,
2026-08-29,hotel-demo-1,Hotel Demo Centro,120,102,0,203,44,38,85.00,169596.45,17298838.28,3370823.24,588511.07,21258172.58,demo,
2026-08-29,hotel-demo-2,Hotel Demo Costa,62,29,2,50,10,9,46.77,214845.74,6230526.37,1561642.16,199213.63,7991382.16,demo,
2026-08-30,hotel-demo-1,Hotel Demo Centro,120,91,0,167,37,38,75.83,171161.90,15575733.30,3968913.77,519868.57,20064515.64,demo,
2026-08-30,hotel-demo-2,Hotel Demo Costa,63,25,1,48,10,10,39.68,216799.74,5419993.49,1190645.95,265409.16,6876048.60,demo,
2026-08-31,hotel-demo-1,Hotel Demo Centro,120,78,0,142,26,25,65.00,173984.59,13570798.27,3191960.24,274363.08,17037121.59,demo,
2026-08-31,hotel-demo-2,Hotel Demo Costa,63,29,1,50,11,11,46.03,228774.37,6634456.85,1330250.44,279846.13,8244553.41,demo,
2026-09-01,hotel-demo-1,Hotel Demo Centro,120,87,0,149,34,31,72.50,165050.84,14359423.29,3728680.63,705787.66,18793891.59,demo,
2026-09-01,hotel-demo-2,Hotel Demo Costa,64,41,0,80,15,14,64.06,236374.25,9691344.09,2215093.69,367723.50,12274161.29,demo,
2026-09-02,hotel-demo-1,Hotel Demo Centro,118,89,2,181,37,36,75.42,166721.21,14838187.78,3090164.88,655147.94,18583500.61,demo,
2026-09-02,hotel-demo-2,Hotel Demo Costa,64,39,0,77,15,16,60.94,216107.90,8428207.91,1714099.40,219254.24,10361561.55,demo,
2026-09-03,hotel-demo-1,Hotel Demo Centro,120,88,0,175,29,33,73.33,180510.60,15884932.69,3299732.78,570596.32,19755261.79,demo,
2026-09-03,hotel-demo-2,Hotel Demo Costa,64,32,0,56,14,12,50.00,230588.64,7378836.54,1521467.30,264073.81,9164377.66,demo,
2026-09-04,hotel-demo-1,Hotel Demo Centro,120,103,0,203,43,43,85.83,167992.69,17303247.54,3616152.41,681672.48,21601072.43,demo,
2026-09-04,hotel-demo-2,Hotel Demo Costa,62,38,2,71,12,16,61.29,223613.03,8497295.12,1735712.83,359029.73,10592037.69,demo,
2026-09-05,hotel-demo-1,Hotel Demo Centro,120,109,0,225,33,48,90.83,169839.54,18512509.48,4386495.26,393060.04,23292064.78,demo,
2026-09-05,hotel-demo-2,Hotel Demo Costa,62,40,2,79,16,15,64.52,227834.23,9113369.03,2266533.44,321097.60,11701000.07,demo,
2026-09-06,hotel-demo-1,Hotel Demo Centro,120,76,0,138,29,32,63.33,167081.56,12698198.70,2808145.08,310490.55,15816834.33,demo,
2026-09-06,hotel-demo-2,Hotel Demo Costa,64,38,0,71,17,17,59.38,228738.64,8692068.44,1780510.83,353242.78,10825822.05,demo,
2026-09-07,hotel-demo-1,Hotel Demo Centro,120,94,0,177,34,37,78.33,170906.05,16065168.59,2930122.51,402636.18,19397927.28,demo,
2026-09-07,hotel-demo-2,Hotel Demo Costa,64,38,0,70,12,15,59.38,220836.78,8391797.70,1552652.90,239089.06,10183539.66,demo,
2026-09-08,hotel-demo-1,Hotel Demo Centro,118,91,2,171,30,29,77.12,181725.01,16536976.15,4151085.52,511090.39,21199152.07,demo,
2026-09-08,hotel-demo-2,Hotel Demo Costa,63,32,1,62,13,11,50.79,225857.25,7227431.95,1332142.05,322424.16,8881998.16,demo,
2026-09-09,hotel-demo-1,Hotel Demo Centro,118,97,2,187,38,32,82.20,170620.80,16550217.29,3189128.33,641691.93,20381037.54,demo,
2026-09-09,hotel-demo-2,Hotel Demo Costa,62,32,2,61,11,13,51.61,229594.84,7347034.72,1888786.10,261037.20,9496858.02,demo,
2026-09-10,hotel-demo-1,Hotel Demo Centro,120,92,0,181,31,31,76.67,165935.99,15266111.45,3494216.51,392274.67,19152602.63,demo,
2026-09-10,hotel-demo-2,Hotel Demo Costa,63,37,1,64,14,12,58.73,228365.74,8449532.44,2158779.14,421027.43,11029339.01,demo,
2026-09-11,hotel-demo-1,Hotel Demo Centro,120,111,0,220,36,36,92.50,177992.57,19757175.05,4415614.20,572352.11,24745141.37,demo,
2026-09-11,hotel-demo-2,Hotel Demo Costa,62,35,2,66,15,13,56.45,221033.24,7736163.50,1815970.93,193354.68,9745489.11,demo,
2026-09-12,hotel-demo-1,Hotel Demo Centro,119,98,1,204,35,38,82.35,174348.39,17086141.88,3982781.60,498550.75,21567474.23,demo,
2026-09-12,hotel-demo-2,Hotel Demo Costa,64,39,0,76,16,15,60.94,221142.67,8624564.08,1745024.43,416104.61,10785693.12,demo,
2026-09-13,hotel-demo-1,Hotel Demo Centro,120,85,0,164,36,29,70.83,176746.04,15023413.70,3350551.15,678960.13,19052924.97,demo,
2026-09-13,hotel-demo-2,Hotel Demo Costa,63,32,1,58,14,13,50.79,221478.83,7087322.50,1551256.36,260387.62,8898966.48,demo,
2026-09-14,hotel-demo-1,Hotel Demo Centro,120,95,0,195,38,35,79.17,170997.86,16244796.56,3424457.91,714811.47,20384065.95,demo,
2026-09-14,hotel-demo-2,Hotel Demo Costa,64,37,0,65,13,15,57.81,237039.13,8770447.66,1815359.28,398984.21,10984791.16,demo,
2026-09-15,hotel-demo-1,Hotel Demo Centro,119,88,1,156,27,28,73.95,171523.93,15094105.57,3782957.59,663975.87,19541039.04,demo,
2026-09-15,hotel-demo-2,Hotel Demo Costa,62,36,2,75,11,13,58.06,218984.60,7883445.72,2031413.45,239877.83,10154737.00,demo,
2026-09-16,hotel-demo-1,Hotel Demo Centro,120,92,0,189,33,41,76.67,177746.04,16352635.56,3598501.16,782863.66,20734000.38,demo,
2026-09-16,hotel-demo-2,Hotel Demo Costa,63,37,1,72,12,16,58.73,217859.79,8060812.35,2084012.46,354772.57,10499597.39,demo,
2026-09-17,hotel-demo-1,Hotel Demo Centro,119,97,1,170,29,32,81.51,171743.56,16659125.10,3796412.00,499983.17,20955520.27,demo,
2026-09-17,hotel-demo-2,Hotel Demo Costa,64,34,0,68,14,12,53.12,238519.60,8109666.46,1463787.71,279940.82,9853394.99,demo,
2026-09-18,hotel-demo-1,Hotel Demo Centro,120,96,0,172,41,29,80.00,179829.86,17263666.25,3259699.34,862324.89,21385690.48,demo,
2026-09-18,hotel-demo-2,Hotel Demo Costa,64,41,0,76,14,15,64.06,221073.82,9064026.54,1777452.93,204787.52,11046266.99,demo,
2026-09-19,hotel-demo-1,Hotel Demo Centro,119,101,1,176,30,45,84.87,178563.87,18034951.26,3454015.48,752430.74,22241397.48,demo,
2026-09-19,hotel-demo-2,Hotel Demo Costa,64,45,0,86,19,17,70.31,234785.76,10565359.15,2722880.06,237687.54,13525926.75,demo,
2026-09-20,hotel-demo-1,Hotel Demo Centro,120,85,0,155,27,37,70.83,170341.69,14479043.46,2932731.52,542715.80,17954490.78,demo,
2026-09-20,hotel-demo-2,Hotel Demo Costa,64,33,0,66,14,13,51.56,223396.87,7372096.73,1560492.89,206064.86,9138654.49,demo,
2026-09-21,hotel-demo-1,Hotel Demo Centro,118,87,2,156,30,36,73.73,166209.75,14460248.45,2968472.56,310853.52,17739574.53,demo,
2026-09-21,hotel-demo-2,Hotel Demo Costa,64,38,0,77,17,12,59.38,227900.61,8660223.00,2161945.20,173957.42,10996125.63,demo,
2026-09-22,hotel-demo-1,Hotel Demo Centro,120,95,0,195,31,41,79.17,167628.49,15924706.75,3100777.58,654711.04,19680195.36,demo,
2026-09-22,hotel-demo-2,Hotel Demo Costa,62,34,2,66,12,12,54.84,225877.96,7679850.69,1707498.75,258199.65,9645549.09,demo,
2026-09-23,hotel-demo-1,Hotel Demo Centro,118,85,2,151,35,26,72.03,167200.41,14212034.48,2988420.17,612145.61,17812600.27,demo,
2026-09-23,hotel-demo-2,Hotel Demo Costa,64,31,0,56,14,11,48.44,226209.55,7012496.13,1657309.41,308851.37,8978656.92,demo,
2026-09-24,hotel-demo-1,Hotel Demo Centro,118,85,2,163,34,31,72.03,170338.09,14478737.27,2814581.51,294939.10,17588257.89,demo,
2026-09-24,hotel-demo-2,Hotel Demo Costa,63,37,1,71,14,16,58.73,235475.54,8712594.84,2139173.71,191203.52,11042972.08,demo,
