grupo,fecha,estado,concepto,moneda,tipo_moneda,importe
demo,2025-08-21,Real,DISPONIBILIDADES,Local,ARS,1573407181.69
demo,2025-08-21,Real,Moneda extranjera,Local,ARS,987513014.7
demo,2025-08-21,Real,Moneda extranjera,Extranjera,USD,738398.0
demo,2025-08-21,Real,Tipo de cambio USD,Local,USD,1337.37
demo,2025-08-21,Real,Bancos pesos,Local,ARS,155472868.74
demo,2025-08-21,Real,Inversiones,Local,ARS,486297402.05
demo,2025-08-21,Proyectado,Cobranzas Proyectadas,Local,ARS,12911901.82
demo,2025-08-21,Proyectado,Pagos programados,Local,ARS,-68788005.61
demo,2025-08-22,Real,DISPONIBILIDADES,Local,ARS,1124743836.93
demo,2025-08-22,Real,Moneda extranjera,Local,ARS,673496635.32
demo,2025-08-22,Real,Moneda extranjera,Extranjera,USD,503596.97
demo,2025-08-22,Real,Tipo de cambio USD,Local,USD,1337.37
demo,2025-08-22,Real,Bancos pesos,Local,ARS,108464867.28
demo,2025-08-22,Real,Inversiones,Local,ARS,360806488.23
demo,2025-08-22,Proyectado,Cobranzas Proyectadas,Local,ARS,14606504.11
demo,2025-08-22,Proyectado,Pagos programados,Local,ARS,-32630658.01
demo,2025-08-23,Real,DISPONIBILIDADES,Local,ARS,1531454238.9
demo,2025-08-23,Real,Moneda extranjera,Local,ARS,1043456252.74
demo,2025-08-23,Real,Moneda extranjera,Extranjera,USD,780228.71
demo,2025-08-23,Real,Tipo de cambio USD,Local,USD,1337.37
demo,2025-08-23,Real,Bancos pesos,Local,ARS,144138569.0
demo,2025-08-23,Real,Inversiones,Local,ARS,365499519.46
demo,2025-08-23,Proyectado,Cobranzas Proyectadas,Local,ARS,35255768.38
demo,2025-08-23,Proyectado,Pagos programados,Local,ARS,-56895870.68
demo,2025-08-24,Real,DISPONIBILIDADES,Local,ARS,1566927919.28
demo,2025-08-24,Real,Moneda extranjera,Local,ARS,1060504513.75
demo,2025-08-24,Real,Moneda extranjera,Extranjera,USD,792976.29
demo,2025-08-24,Real,Tipo de cambio USD,Local,USD,1337.37
demo,2025-08-24,Real,Bancos pesos,Local,ARS,130746957.79
demo,2025-08-24,Real,Inversiones,Local,ARS,417307968.43
demo,2025-08-24,Proyectado,Cobranzas Proyectadas,Local,ARS,28610177.13
demo,2025-08-24,Proyectado,Pagos programados,Local,ARS,-70241697.82
demo,2025-08-25,Real,DISPONIBILIDADES,Local,ARS,1366224865.64
demo,2025-08-25,Real,Moneda extranjera,Local,ARS,811680075.32
demo,2025-08-25,Real,Moneda extranjera,Extranjera,USD,606921.56
demo,2025-08-25,Real,Tipo de cambio USD,Local,USD,1337.37
demo,2025-08-25,Real,Bancos pesos,Local,ARS,151953223.86
demo,2025-08-25,Real,Inversiones,Local,ARS,466824932.75
demo,2025-08-25,Proyectado,Cobranzas Proyectadas,Local,ARS,14499460.65
demo,2025-08-25,Proyectado,Pagos programados,Local,ARS,-78732826.94
demo,2025-08-26,Real,DISPONIBILIDADES,Local,ARS,1122116137.6
demo,2025-08-26,Real,Moneda extranjera,Local,ARS,687425122.78
demo,2025-08-26,Real,Moneda extranjera,Extranjera,USD,514011.79
demo,2025-08-26,Real,Tipo de cambio USD,Local,USD,1337.37
demo,2025-08-26,Real,Bancos pesos,Local,ARS,106367419.51
demo,2025-08-26,Real,Inversiones,Local,ARS,373414515.37
demo,2025-08-26,Proyectado,Cobranzas Proyectadas,Local,ARS,34408389.76
demo,2025-08-26,Proyectado,Pagos programados,Local,ARS,-79499309.82
demo,2025-08-27,Real,DISPONIBILIDADES,Local,ARS,1576046336.65
demo,2025-08-27,Real,Moneda extranjera,Local,ARS,1069589009.59
demo,2025-08-27,Real,Moneda extranjera,Extranjera,USD,799769.09
demo,2025-08-27,Real,Tipo de cambio USD,Local,USD,1337.37
demo,2025-08-27,Real,Bancos pesos,Local,ARS,127102153.96
demo,2025-08-27,Real,Inversiones,Local,ARS,392675196.78
demo,2025-08-27,Proyectado,Cobranzas Proyectadas,Local,ARS,33451561.33
demo,2025-08-27,Proyectado,Pagos programados,Local,ARS,-46771585.02
demo,2025-08-28,Real,DISPONIBILIDADES,Local,ARS,1441531636.68
demo,2025-08-28,Real,Moneda extranjera,Local,ARS,962846647.24
demo,2025-08-28,Real,Moneda extranjera,Extranjera,USD,719954.09
demo,2025-08-28,Real,Tipo de cambio USD,Local,USD,1337.37
demo,2025-08-28,Real,Bancos pesos,Local,ARS,119374203.82
demo,2025-08-28,Real,Inversiones,Local,ARS,414291294.97
demo,2025-08-28,Proyectado,Cobranzas Proyectadas,Local,ARS,15670783.81
demo,2025-08-28,Proyectado,Pagos programados,Local,ARS,-70651293.15
demo,2025-08-29,Real,DISPONIBILIDADES,Local,ARS,1282765673.53
demo,2025-08-29,Real,Moneda extranjera,Local,ARS,792297049.51
demo,2025-08-29,Real,Moneda extranjera,Extranjera,USD,592428.2
demo,2025-08-29,Real,Tipo de cambio USD,Local,USD,1337.37
demo,2025-08-29,Real,Bancos pesos,Local,ARS,127628343.87
demo,2025-08-29,Real,Inversiones,Local,ARS,356369240.55
demo,2025-08-29,Proyectado,Cobranzas Proyectadas,Local,ARS,36661379.15
demo,2025-08-29,Proyectado,Pagos programados,Local,ARS,-30190339.55
demo,2025-08-30,Real,DISPONIBILIDADES,Local,ARS,1356504774.39
demo,2025-08-30,Real,Moneda extranjera,Local,ARS,929595189.04
demo,2025-08-30,Real,Moneda extranjera,Extranjera,USD,695090.81
demo,2025-08-30,Real,Tipo de cambio USD,Local,USD,1337.37
demo,2025-08-30,Real,Bancos pesos,Local,ARS,138811081.16
demo,2025-08-30,Real,Inversiones,Local,ARS,304476580.7
demo,2025-08-30,Proyectado,Cobranzas Proyectadas,Local,ARS,35389105.04
demo,2025-08-30,Proyectado,Pagos programados,Local,ARS,-51767181.56
demo,2025-08-31,Real,DISPONIBILIDADES,Local,ARS,1351431479.13
demo,2025-08-31,Real,Moneda extranjera,Local,ARS,825900502.78
demo,2025-08-31,Real,Moneda extranjera,Extranjera,USD,617554.67
demo,2025-08-31,Real,Tipo de cambio USD,Local,USD,1337.37
demo,2025-08-31,Real,Bancos pesos,Local,ARS,159832650.97
demo,2025-08-31,Real,Inversiones,Local,ARS,377946217.71
demo,2025-08-31,Proyectado,Cobranzas Proyectadas,Local,ARS,13615812.48
demo,2025-08-31,Proyectado,Pagos programados,Local,ARS,-25863704.82
demo,2025-09-01,Real,DISPONIBILIDADES,Local,ARS,1549040856.9
demo,2025-09-01,Real,Moneda extranjera,Local,ARS,1030313696.47
demo,2025-09-01,Real,Moneda extranjera,Extranjera,USD,756658.39
demo,2025-09-01,Real,Tipo de cambio USD,Local,USD,1361.66
demo,2025-09-01,Real,Bancos pesos,Local,ARS,120809277.86
demo,2025-09-01,Real,Inversiones,Local,ARS,435856542.06
demo,2025-09-01,Proyectado,Cobranzas Proyectadas,Local,ARS,20078909.98
demo,2025-09-01,Proyectado,Pagos programados,Local,ARS,-58017569.47
demo,2025-09-02,Real,DISPONIBILIDADES,Local,ARS,1405004863.29
demo,2025-09-02,Real,Moneda extranjera,Local,ARS,804577550.27
demo,2025-09-02,Real,Moneda extranjera,Extranjera,USD,590878.64
demo,2025-09-02,Real,Tipo de cambio USD,Local,USD,1361.66
demo,2025-09-02,Real,Bancos pesos,Local,ARS,124948492.01
demo,2025-09-02,Real,Inversiones,Local,ARS,472833566.83
demo,2025-09-02,Proyectado,Cobranzas Proyectadas,Local,ARS,39148706.41
demo,2025-09-02,Proyectado,Pagos programados,Local,ARS,-36503452.23
demo,2025-09-03,Real,DISPONIBILIDADES,Local,ARS,1137489850.77
demo,2025-09-03,Real,Moneda extranjera,Local,ARS,684506508.97
demo,2025-09-03,Real,Moneda extranjera,Extranjera,USD,502698.93
demo,2025-09-03,Real,Tipo de cambio USD,Local,USD,1361.66
demo,2025-09-03,Real,Bancos pesos,Local,ARS,106394812.83
demo,2025-09-03,Real,Inversiones,Local,ARS,380934568.26
demo,2025-09-03,Proyectado,Cobranzas Proyectadas,Local,ARS,16806382.51
demo,2025-09-03,Proyectado,Pagos programados,Local,ARS,-51152421.8
demo,2025-09-04,Real,DISPONIBILIDADES,Local,ARS,1225110878.77
demo,2025-09-04,Real,Moneda extranjera,Local,ARS,760385213.57
demo,2025-09-04,Real,Moneda extranjera,Extranjera,USD,558423.96
demo,2025-09-04,Real,Tipo de cambio USD,Local,USD,1361.66
demo,2025-09-04,Real,Bancos pesos,Local,ARS,112220127.8
demo,2025-09-04,Real,Inversiones,Local,ARS,363588747.26
demo,2025-09-04,Proyectado,Cobranzas Proyectadas,Local,ARS,33594292.12
demo,2025-09-04,Proyectado,Pagos programados,Local,ARS,-44677501.98
demo,2025-09-05,Real,DISPONIBILIDADES,Local,ARS,1215764003.76
demo,2025-09-05,Real,Moneda extranjera,Local,ARS,718341172.6
demo,2025-09-05,Real,Moneda extranjera,Extranjera,USD,527546.98
demo,2025-09-05,Real,Tipo de cambio USD,Local,USD,1361.66
demo,2025-09-05,Real,Bancos pesos,Local,ARS,115178193.3
demo,2025-09-05,Real,Inversiones,Local,ARS,436788100.89
demo,2025-09-05,Proyectado,Cobranzas Proyectadas,Local,ARS,10545934.29
demo,2025-09-05,Proyectado,Pagos programados,Local,ARS,-65089397.32
demo,2025-09-06,Real,DISPONIBILIDADES,Local,ARS,1610046927.58
demo,2025-09-06,Real,Moneda extranjera,Local,ARS,1088491814.56
demo,2025-09-06,Real,Moneda extranjera,Extranjera,USD,799384.18
demo,2025-09-06,Real,Tipo de cambio USD,Local,USD,1361.66
demo,2025-09-06,Real,Bancos pesos,Local,ARS,137098145.66
demo,2025-09-06,Real,Inversiones,Local,ARS,406886361.9
demo,2025-09-06,Proyectado,Cobranzas Proyectadas,Local,ARS,31164398.48
demo,2025-09-06,Proyectado,Pagos programados,Local,ARS,-53593793.03
demo,2025-09-07,Real,DISPONIBILIDADES,Local,ARS,1308383160.54
demo,2025-09-07,Real,Moneda extranjera,Local,ARS,884364419.29
demo,2025-09-07,Real,Moneda extranjera,Extranjera,USD,649473.81
demo,2025-09-07,Real,Tipo de cambio USD,Local,USD,1361.66
demo,2025-09-07,Real,Bancos pesos,Local,ARS,108105580.98
demo,2025-09-07,Real,Inversiones,Local,ARS,335056933.32
demo,2025-09-07,Proyectado,Cobranzas Proyectadas,Local,ARS,30864054.48
demo,2025-09-07,Proyectado,Pagos programados,Local,ARS,-50007827.54
demo,2025-09-08,Real,DISPONIBILIDADES,Local,ARS,1308919098.18
demo,2025-09-08,Real,Moneda extranjera,Local,ARS,703232330.11
demo,2025-09-08,Real,Moneda extranjera,Extranjera,USD,516451.1
demo,2025-09-08,Real,Tipo de cambio USD,Local,USD,1361.66
demo,2025-09-08,Real,Bancos pesos,Local,ARS,148940223.79
demo,2025-09-08,Real,Inversiones,Local,ARS,479071497.88
demo,2025-09-08,Proyectado,Cobranzas Proyectadas,Local,ARS,31125053.4
demo,2025-09-08,Proyectado,Pagos programados,Local,ARS,-53450007.0
demo,2025-09-09,Real,DISPONIBILIDADES,Local,ARS,1338869693.25
demo,2025-09-09,Real,Moneda extranjera,Local,ARS,975160816.29
demo,2025-09-09,Real,Moneda extranjera,Extranjera,USD,716154.33
demo,2025-09-09,Real,Tipo de cambio USD,Local,USD,1361.66
demo,2025-09-09,Real,Bancos pesos,Local,ARS,93319644.47
demo,2025-09-09,Real,Inversiones,Local,ARS,304359404.35
demo,2025-09-09,Proyectado,Cobranzas Proyectadas,Local,ARS,15368896.41
demo,2025-09-09,Proyectado,Pagos programados,Local,ARS,-49339068.28
demo,2025-09-10,Real,DISPONIBILIDADES,Local,ARS,1274410388.38
demo,2025-09-10,Real,Moneda extranjera,Local,ARS,818809854.27
demo,2025-09-10,Real,Moneda extranjera,Extranjera,USD,601330.79
demo,2025-09-10,Real,Tipo de cambio USD,Local,USD,1361.66
demo,2025-09-10,Real,Bancos pesos,Local,ARS,156269402.13
demo,2025-09-10,Real,Inversiones,Local,ARS,338214237.66
demo,2025-09-10,Proyectado,Cobranzas Proyectadas,Local,ARS,36566274.18
demo,2025-09-10,Proyectado,Pagos programados,Local,ARS,-75449379.85
demo,2025-09-11,Real,DISPONIBILIDADES,Local,ARS,1424614989.15
demo,2025-09-11,Real,Moneda extranjera,Local,ARS,1005336226.68
demo,2025-09-11,Real,Moneda extranjera,Extranjera,USD,738315.04
demo,2025-09-11,Real,Tipo de cambio USD,Local,USD,1361.66
demo,2025-09-11,Real,Bancos pesos,Local,ARS,111092404.17
demo,2025-09-11,Real,Inversiones,Local,ARS,334363589.21
demo,2025-09-11,Proyectado,Cobranzas Proyectadas,Local,ARS,30444146.04
demo,2025-09-11,Proyectado,Pagos programados,Local,ARS,-56621376.95
demo,2025-09-12,Real,DISPONIBILIDADES,Local,ARS,1259775553.36
demo,2025-09-12,Real,Moneda extranjera,Local,ARS,761687447.05
demo,2025-09-12,Real,Moneda extranjera,Extranjera,USD,559380.32
demo,2025-09-12,Real,Tipo de cambio USD,Local,USD,1361.66
demo,2025-09-12,Real,Bancos pesos,Local,ARS,115505959.37
demo,2025-09-12,Real,Inversiones,Local,ARS,440561682.2
demo,2025-09-12,Proyectado,Cobranzas Proyectadas,Local,ARS,18873610.42
demo,2025-09-12,Proyectado,Pagos programados,Local,ARS,-76853145.67
demo,2025-09-13,Real,DISPONIBILIDADES,Local,ARS,1296569518.94
demo,2025-09-13,Real,Moneda extranjera,Local,ARS,815599908.09
demo,2025-09-13,Real,Moneda extranjera,Extranjera,USD,598973.42
demo,2025-09-13,Real,Tipo de cambio USD,Local,USD,1361.66
demo,2025-09-13,Real,Bancos pesos,Local,ARS,106042499.37
demo,2025-09-13,Real,Inversiones,Local,ARS,404763678.22
demo,2025-09-13,Proyectado,Cobranzas Proyectadas,Local,ARS,34609403.12
demo,2025-09-13,Proyectado,Pagos programados,Local,ARS,-64445969.87
demo,2025-09-14,Real,DISPONIBILIDADES,Local,ARS,1410349438.02
demo,2025-09-14,Real,Moneda extranjera,Local,ARS,879890775.94
demo,2025-09-14,Real,Moneda extranjera,Extranjera,USD,646188.38
demo,2025-09-14,Real,Tipo de cambio USD,Local,USD,1361.66
demo,2025-09-14,Real,Bancos pesos,Local,ARS,152836571.29
demo,2025-09-14,Real,Inversiones,Local,ARS,409702953.65
demo,2025-09-14,Proyectado,Cobranzas Proyectadas,Local,ARS,20600462.14
demo,2025-09-14,Proyectado,Pagos programados,Local,ARS,-52681325.0
demo,2025-09-15,Real,DISPONIBILIDADES,Local,ARS,1354420330.48
demo,2025-09-15,Real,Moneda extranjera,Local,ARS,856750702.03
demo,2025-09-15,Real,Moneda extranjera,Extranjera,USD,629194.4
demo,2025-09-15,Real,Tipo de cambio USD,Local,USD,1361.66
demo,2025-09-15,Real,Bancos pesos,Local,ARS,115773518.55
demo,2025-09-15,Real,Inversiones,Local,ARS,399790881.57
demo,2025-09-15,Proyectado,Cobranzas Proyectadas,Local,ARS,29138744.39
demo,2025-09-15,Proyectado,Pagos programados,Local,ARS,-47033516.05
demo,2025-09-16,Real,DISPONIBILIDADES,Local,ARS,1442039208.42
demo,2025-09-16,Real,Moneda extranjera,Local,ARS,923710426.52
demo,2025-09-16,Real,Moneda extranjera,Extranjera,USD,678369.36
demo,2025-09-16,Real,Tipo de cambio USD,Local,USD,1361.66
demo,2025-09-16,Real,Bancos pesos,Local,ARS,152264286.07
demo,2025-09-16,Real,Inversiones,Local,ARS,377117046.55
demo,2025-09-16,Proyectado,Cobranzas Proyectadas,Local,ARS,19891455.71
demo,2025-09-16,Proyectado,Pagos programados,Local,ARS,-30944006.43
demo,2025-09-17,Real,DISPONIBILIDADES,Local,ARS,1317794459.71
demo,2025-09-17,Real,Moneda extranjera,Local,ARS,825202755.39
demo,2025-09-17,Real,Moneda extranjera,Extranjera,USD,606025.71
demo,2025-09-17,Real,Tipo de cambio USD,Local,USD,1361.66
demo,2025-09-17,Real,Bancos pesos,Local,ARS,126076600.58
demo,2025-09-17,Real,Inversiones,Local,ARS,390983417.51
demo,2025-09-17,Proyectado,Cobranzas Proyectadas,Local,ARS,35190924.35
demo,2025-09-17,Proyectado,Pagos programados,Local,ARS,-59659238.12
demo,2025-09-18,Real,DISPONIBILIDADES,Local,ARS,1499123239.21
demo,2025-09-18,Real,Moneda extranjera,Local,ARS,893233721.29
demo,2025-09-18,Real,Moneda extranjera,Extranjera,USD,655987.39
demo,2025-09-18,Real,Tipo de cambio USD,Local,USD,1361.66
demo,2025-09-18,Real,Bancos pesos,Local,ARS,132505053.77
demo,2025-09-18,Real,Inversiones,Local,ARS,487762228.2
demo,2025-09-18,Proyectado,Cobranzas Proyectadas,Local,ARS,26269600.25
demo,2025-09-18,Proyectado,Pagos programados,Local,ARS,-40647364.31
demo,2025-09-19,Real,DISPONIBILIDADES,Local,ARS,1273879734.6
demo,2025-09-19,Real,Moneda extranjera,Local,ARS,787470845.2
demo,2025-09-19,Real,Moneda extranjera,Extranjera,USD,578315.54
demo,2025-09-19,Real,Tipo de cambio USD,Local,USD,1361.66
demo,2025-09-19,Real,Bancos pesos,Local,ARS,106798319.69
demo,2025-09-19,Real,Inversiones,Local,ARS,431266387.45
demo,2025-09-19,Proyectado,Cobranzas Proyectadas,Local,ARS,23530605.68
demo,2025-09-19,Proyectado,Pagos programados,Local,ARS,-75186423.42
demo,2025-09-20,Real,DISPONIBILIDADES,Local,ARS,1355197083.26
demo,2025-09-20,Real,Moneda extranjera,Local,ARS,939704702.76
demo,2025-09-20,Real,Moneda extranjera,Extranjera,USD,690115.5
demo,2025-09-20,Real,Tipo de cambio USD,Local,USD,1361.66
demo,2025-09-20,Real,Bancos pesos,Local,ARS,98178826.74
demo,2025-09-20,Real,Inversiones,Local,ARS,345751470.88
demo,2025-09-20,Proyectado,Cobranzas Proyectadas,Local,ARS,31797143.06
demo,2025-09-20,Proyectado,Pagos programados,Local,ARS,-60235060.17
demo,2025-09-21,Real,DISPONIBILIDADES,Local,ARS,1445193892.81
demo,2025-09-21,Real,Moneda extranjera,Local,ARS,836639747.89
demo,2025-09-21,Real,Moneda extranjera,Extranjera,USD,614425.0
demo,2025-09-21,Real,Tipo de cambio USD,Local,USD,1361.66
demo,2025-09-21,Real,Bancos pesos,Local,ARS,148454133.74
demo,2025-09-21,Real,Inversiones,Local,ARS,494856376.26
demo,2025-09-21,Proyectado,Cobranzas Proyectadas,Local,ARS,10793829.21
demo,2025-09-21,Proyectado,Pagos programados,Local,ARS,-45550194.28
demo,2025-09-22,Real,DISPONIBILIDADES,Local,ARS,1262701881.8
demo,2025-09-22,Real,Moneda extranjera,Local,ARS,754148376.78
demo,2025-09-22,Real,Moneda extranjera,Extranjera,USD,553843.65
demo,2025-09-22,Real,Tipo de cambio USD,Local,USD,1361.66
demo,2025-09-22,Real,Bancos pesos,Local,ARS,90398383.67
demo,2025-09-22,Real,Inversiones,Local,ARS,438203272.96
demo,2025-09-22,Proyectado,Cobranzas Proyectadas,Local,ARS,27300953.92
demo,2025-09-22,Proyectado,Pagos programados,Local,ARS,-47349105.53
demo,2025-09-23,Real,DISPONIBILIDADES,Local,ARS,1571108556.97
demo,2025-09-23,Real,Moneda extranjera,Local,ARS,1039318088.85
demo,2025-09-23,Real,Moneda extranjera,Extranjera,USD,763271.19
demo,2025-09-23,Real,Tipo de cambio USD,Local,USD,1361.66
demo,2025-09-23,Real,Bancos pesos,Local,ARS,146253462.61
demo,2025-09-23,Real,Inversiones,Local,ARS,393877978.52
demo,2025-09-23,Proyectado,Cobranzas Proyectadas,Local,ARS,22408822.52
demo,2025-09-23,Proyectado,Pagos programados,Local,ARS,-30749795.53
demo,2025-09-24,Real,DISPONIBILIDADES,Local,ARS,1390344726.24
demo,2025-09-24,Real,Moneda extranjera,Local,ARS,933562135.26
demo,2025-09-24,Real,Moneda extranjera,Extranjera,USD,685604.42
demo,2025-09-24,Real,Tipo de cambio USD,Local,USD,1361.66
demo,2025-09-24,Real,Bancos pesos,Local,ARS,122613886.96
demo,2025-09-24,Real,Inversiones,Local,ARS,361465636.26
demo,2025-09-24,Proyectado,Cobranzas Proyectadas,Local,ARS,17209840.29
demo,2025-09-24,Proyectado,Pagos programados,Local,ARS,-44506772.54
demo,2025-09-25,Real,DISPONIBILIDADES,Local,ARS,1468733602.34
demo,2025-09-25,Real,Moneda extranjera,Local,ARS,882283104.83
demo,2025-09-25,Real,Moneda extranjera,Extranjera,USD,647945.3
demo,2025-09-25,Real,Tipo de cambio USD,Local,USD,1361.66
demo,2025-09-25,Real,Bancos pesos,Local,ARS,136072381.88
demo,2025-09-25,Real,Inversiones,Local,ARS,476976741.81
demo,2025-09-25,Proyectado,Cobranzas Proyectadas,Local,ARS,36495721.78
demo,2025-09-25,Proyectado,Pagos programados,Local,ARS,-63094347.97
demo,2025-09-26,Real,DISPONIBILIDADES,Local,ARS,1112737003.27
demo,2025-09-26,Real,Moneda extranjera,Local,ARS,697974498.97
demo,2025-09-26,Real,Moneda extranjera,Extranjera,USD,512589.77
demo,2025-09-26,Real,Tipo de cambio USD,Local,USD,1361.66
demo,2025-09-26,Real,Bancos pesos,Local,ARS,133181922.54
demo,2025-09-26,Real,Inversiones,Local,ARS,301799806.91
demo,2025-09-26,Proyectado,Cobranzas Proyectadas,Local,ARS,25381041.31
demo,2025-09-26,Proyectado,Pagos programados,Local,ARS,-45600266.45
demo,2025-09-27,Real,DISPONIBILIDADES,Local,ARS,1419401625.39
demo,2025-09-27,Real,Moneda extranjera,Local,ARS,843747766.75
demo,2025-09-27,Real,Moneda extranjera,Extranjera,USD,619645.1
demo,2025-09-27,Real,Tipo de cambio USD,Local,USD,1361.66
demo,2025-09-27,Real,Bancos pesos,Local,ARS,101048244.8
demo,2025-09-27,Real,Inversiones,Local,ARS,470428416.02
demo,2025-09-27,Proyectado,Cobranzas Proyectadas,Local,ARS,34590926.88
demo,2025-09-27,Proyectado,Pagos programados,Local,ARS,-30413729.06
demo,2025-09-28,Real,DISPONIBILIDADES,Local,ARS,1316704658.47
demo,2025-09-28,Real,Moneda extranjera,Local,ARS,757385621.56
demo,2025-09-28,Real,Moneda extranjera,Extranjera,USD,556221.07
demo,2025-09-28,Real,Tipo de cambio USD,Local,USD,1361.66
demo,2025-09-28,Real,Bancos pesos,Local,ARS,126913256.37
demo,2025-09-28,Real,Inversiones,Local,ARS,492152822.9
demo,2025-09-28,Proyectado,Cobranzas Proyectadas,Local,ARS,11632260.29
demo,2025-09-28,Proyectado,Pagos programados,Local,ARS,-71379302.65
demo,2025-09-29,Real,DISPONIBILIDADES,Local,ARS,1553939623.43
demo,2025-09-29,Real,Moneda extranjera,Local,ARS,1058862010.08
demo,2025-09-29,Real,Moneda extranjera,Extranjera,USD,777624.17
demo,2025-09-29,Real,Tipo de cambio USD,Local,USD,1361.66
demo,2025-09-29,Real,Bancos pesos,Local,ARS,90074674.92
demo,2025-09-29,Real,Inversiones,Local,ARS,416236092.97
demo,2025-09-29,Proyectado,Cobranzas Proyectadas,Local,ARS,25557670.6
demo,2025-09-29,Proyectado,Pagos programados,Local,ARS,-36790825.14
demo,2025-09-30,Real,DISPONIBILIDADES,Local,ARS,1273688192.4
demo,2025-09-30,Real,Moneda extranjera,Local,ARS,839933757.1
demo,2025-09-30,Real,Moneda extranjera,Extranjera,USD,616844.1
demo,2025-09-30,Real,Tipo de cambio USD,Local,USD,1361.66
demo,2025-09-30,Real,Bancos pesos,Local,ARS,127590817.75
demo,2025-09-30,Real,Inversiones,Local,ARS,367355531.26
demo,2025-09-30,Proyectado,Cobranzas Proyectadas,Local,ARS,11798098.89
demo,2025-09-30,Proyectado,Pagos programados,Local,ARS,-72990012.59
demo,2025-10-01,Real,DISPONIBILIDADES,Local,ARS,1547847200.0
demo,2025-10-01,Real,Moneda extranjera,Local,ARS,963956150.89
demo,2025-10-01,Real,Moneda extranjera,Extranjera,USD,695297.01
demo,2025-10-01,Real,Tipo de cambio USD,Local,USD,1386.39
demo,2025-10-01,Real,Bancos pesos,Local,ARS,156514785.96
demo,2025-10-01,Real,Inversiones,Local,ARS,477947128.62
demo,2025-10-01,Proyectado,Cobranzas Proyectadas,Local,ARS,24517820.33
demo,2025-10-01,Proyectado,Pagos programados,Local,ARS,-75088685.81
demo,2025-10-02,Real,DISPONIBILIDADES,Local,ARS,1604718348.7
demo,2025-10-02,Real,Moneda extranjera,Local,ARS,1076718194.94
demo,2025-10-02,Real,Moneda extranjera,Extranjera,USD,776631.73
demo,2025-10-02,Real,Tipo de cambio USD,Local,USD,1386.39
demo,2025-10-02,Real,Bancos pesos,Local,ARS,135773491.08
demo,2025-10-02,Real,Inversiones,Local,ARS,388962019.37
demo,2025-10-02,Proyectado,Cobranzas Proyectadas,Local,ARS,35168010.99
demo,2025-10-02,Proyectado,Pagos programados,Local,ARS,-31903367.67
demo,2025-10-03,Real,DISPONIBILIDADES,Local,ARS,1475165756.82
demo,2025-10-03,Real,Moneda extranjera,Local,ARS,936274508.92
demo,2025-10-03,Real,Moneda extranjera,Extranjera,USD,675330.37
demo,2025-10-03,Real,Tipo de cambio USD,Local,USD,1386.39
demo,2025-10-03,Real,Bancos pesos,Local,ARS,151220193.86
demo,2025-10-03,Real,Inversiones,Local,ARS,427378632.12
demo,2025-10-03,Proyectado,Cobranzas Proyectadas,Local,ARS,16100185.81
demo,2025-10-03,Proyectado,Pagos programados,Local,ARS,-55807763.89
demo,2025-10-04,Real,DISPONIBILIDADES,Local,ARS,1613271888.27
demo,2025-10-04,Real,Moneda extranjera,Local,ARS,1098148895.04
demo,2025-10-04,Real,Moneda extranjera,Extranjera,USD,792089.6
demo,2025-10-04,Real,Tipo de cambio USD,Local,USD,1386.39
demo,2025-10-04,Real,Bancos pesos,Local,ARS,93484839.49
demo,2025-10-04,Real,Inversiones,Local,ARS,455456721.95
demo,2025-10-04,Proyectado,Cobranzas Proyectadas,Local,ARS,29534752.06
demo,2025-10-04,Proyectado,Pagos programados,Local,ARS,-63353320.27
demo,2025-10-05,Real,DISPONIBILIDADES,Local,ARS,1313375942.81
demo,2025-10-05,Real,Moneda extranjera,Local,ARS,810084500.85
demo,2025-10-05,Real,Moneda extranjera,Extranjera,USD,584310.11
demo,2025-10-05,Real,Tipo de cambio USD,Local,USD,1386.39
demo,2025-10-05,Real,Bancos pesos,Local,ARS,98330050.31
demo,2025-10-05,Real,Inversiones,Local,ARS,429503564.12
demo,2025-10-05,Proyectado,Cobranzas Proyectadas,Local,ARS,38083162.49
demo,2025-10-05,Proyectado,Pagos programados,Local,ARS,-62625334.97
demo,2025-10-06,Real,DISPONIBILIDADES,Local,ARS,1150334639.75
demo,2025-10-06,Real,Moneda extranjera,Local,ARS,695162482.96
demo,2025-10-06,Real,Moneda extranjera,Extranjera,USD,501417.41
demo,2025-10-06,Real,Tipo de cambio USD,Local,USD,1386.39
demo,2025-10-06,Real,Bancos pesos,Local,ARS,101477292.37
demo,2025-10-06,Real,Inversiones,Local,ARS,406838644.96
demo,2025-10-06,Proyectado,Cobranzas Proyectadas,Local,ARS,19824049.85
demo,2025-10-06,Proyectado,Pagos programados,Local,ARS,-72967830.4
demo,2025-10-07,Real,DISPONIBILIDADES,Local,ARS,1465063663.82
demo,2025-10-07,Real,Moneda extranjera,Local,ARS,935216067.52
demo,2025-10-07,Real,Moneda extranjera,Extranjera,USD,674566.92
demo,2025-10-07,Real,Tipo de cambio USD,Local,USD,1386.39
demo,2025-10-07,Real,Bancos pesos,Local,ARS,141082947.28
demo,2025-10-07,Real,Inversiones,Local,ARS,395408067.69
demo,2025-10-07,Proyectado,Cobranzas Proyectadas,Local,ARS,17963993.93
demo,2025-10-07,Proyectado,Pagos programados,Local,ARS,-24607412.61
demo,2025-10-08,Real,DISPONIBILIDADES,Local,ARS,1263525486.19
demo,2025-10-08,Real,Moneda extranjera,Local,ARS,711867125.24
demo,2025-10-08,Real,Moneda extranjera,Extranjera,USD,513466.39
demo,2025-10-08,Real,Tipo de cambio USD,Local,USD,1386.39
demo,2025-10-08,Real,Bancos pesos,Local,ARS,150094037.62
demo,2025-10-08,Real,Inversiones,Local,ARS,440041456.42
demo,2025-10-08,Proyectado,Cobranzas Proyectadas,Local,ARS,23063980.4
demo,2025-10-08,Proyectado,Pagos programados,Local,ARS,-61541113.49
demo,2025-10-09,Real,DISPONIBILIDADES,Local,ARS,1353575025.86
demo,2025-10-09,Real,Moneda extranjera,Local,ARS,742700615.31
demo,2025-10-09,Real,Moneda extranjera,Extranjera,USD,535706.44
demo,2025-10-09,Real,Tipo de cambio USD,Local,USD,1386.39
demo,2025-10-09,Real,Bancos pesos,Local,ARS,145285880.13
demo,2025-10-09,Real,Inversiones,Local,ARS,475430870.05
demo,2025-10-09,Proyectado,Cobranzas Proyectadas,Local,ARS,32806850.18
demo,2025-10-09,Proyectado,Pagos programados,Local,ARS,-42649189.81
demo,2025-10-10,Real,DISPONIBILIDADES,Local,ARS,1220647872.87
demo,2025-10-10,Real,Moneda extranjera,Local,ARS,797601538.83
demo,2025-10-10,Real,Moneda extranjera,Extranjera,USD,575306.21
demo,2025-10-10,Real,Tipo de cambio USD,Local,USD,1386.39
demo,2025-10-10,Real,Bancos pesos,Local,ARS,110434550.07
demo,2025-10-10,Real,Inversiones,Local,ARS,304004479.41
demo,2025-10-10,Proyectado,Cobranzas Proyectadas,Local,ARS,28770002.24
demo,2025-10-10,Proyectado,Pagos programados,Local,ARS,-20162697.68
demo,2025-10-11,Real,DISPONIBILIDADES,Local,ARS,1322310869.89
demo,2025-10-11,Real,Moneda extranjera,Local,ARS,769641260.26
demo,2025-10-11,Real,Moneda extranjera,Extranjera,USD,555138.6
demo,2025-10-11,Real,Tipo de cambio USD,Local,USD,1386.39
demo,2025-10-11,Real,Bancos pesos,Local,ARS,127974935.38
demo,2025-10-11,Real,Inversiones,Local,ARS,465738670.96
demo,2025-10-11,Proyectado,Cobranzas Proyectadas,Local,ARS,17612996.17
demo,2025-10-11,Proyectado,Pagos programados,Local,ARS,-58656992.87
demo,2025-10-12,Real,DISPONIBILIDADES,Local,ARS,1476945354.94
demo,2025-10-12,Real,Moneda extranjera,Local,ARS,992793900.8
demo,2025-10-12,Real,Moneda extranjera,Extranjera,USD,716097.54
demo,2025-10-12,Real,Tipo de cambio USD,Local,USD,1386.39
demo,2025-10-12,Real,Bancos pesos,Local,ARS,108928106.56
demo,2025-10-12,Real,Inversiones,Local,ARS,380285288.64
demo,2025-10-12,Proyectado,Cobranzas Proyectadas,Local,ARS,17628839.01
demo,2025-10-12,Proyectado,Pagos programados,Local,ARS,-22690780.07
demo,2025-10-13,Real,DISPONIBILIDADES,Local,ARS,1357135433.04
demo,2025-10-13,Real,Moneda extranjera,Local,ARS,846244319.4
demo,2025-10-13,Real,Moneda extranjera,Extranjera,USD,610392.02
demo,2025-10-13,Real,Tipo de cambio USD,Local,USD,1386.39
demo,2025-10-13,Real,Bancos pesos,Local,ARS,158308627.55
demo,2025-10-13,Real,Inversiones,Local,ARS,403318398.29
demo,2025-10-13,Proyectado,Cobranzas Proyectadas,Local,ARS,16639337.17
demo,2025-10-13,Proyectado,Pagos programados,Local,ARS,-67375249.36
demo,2025-10-14,Real,DISPONIBILIDADES,Local,ARS,1317671245.18
demo,2025-10-14,Real,Moneda extranjera,Local,ARS,786958214.96
demo,2025-10-14,Real,Moneda extranjera,Extranjera,USD,567629.23
demo,2025-10-14,Real,Tipo de cambio USD,Local,USD,1386.39
demo,2025-10-14,Real,Bancos pesos,Local,ARS,157858465.42
demo,2025-10-14,Real,Inversiones,Local,ARS,407456928.51
demo,2025-10-14,Proyectado,Cobranzas Proyectadas,Local,ARS,13585645.23
demo,2025-10-14,Proyectado,Pagos programados,Local,ARS,-48188008.94
demo,2025-10-15,Real,DISPONIBILIDADES,Local,ARS,1482442744.21
demo,2025-10-15,Real,Moneda extranjera,Local,ARS,994765528.68
demo,2025-10-15,Real,Moneda extranjera,Extranjera,USD,717519.66
demo,2025-10-15,Real,Tipo de cambio USD,Local,USD,1386.39
demo,2025-10-15,Real,Bancos pesos,Local,ARS,121895473.95
demo,2025-10-15,Real,Inversiones,Local,ARS,393697130.86
demo,2025-10-15,Proyectado,Cobranzas Proyectadas,Local,ARS,22453062.82
demo,2025-10-15,Proyectado,Pagos programados,Local,ARS,-50368452.11
demo,2025-10-16,Real,DISPONIBILIDADES,Local,ARS,1190127620.5
demo,2025-10-16,Real,Moneda extranjera,Local,ARS,724403523.53
demo,2025-10-16,Real,Moneda extranjera,Extranjera,USD,522508.83
demo,2025-10-16,Real,Tipo de cambio USD,Local,USD,1386.39
demo,2025-10-16,Real,Bancos pesos,Local,ARS,150633966.96
demo,2025-10-16,Real,Inversiones,Local,ARS,313002444.46
demo,2025-10-16,Proyectado,Cobranzas Proyectadas,Local,ARS,30169193.25
demo,2025-10-16,Proyectado,Pagos programados,Local,ARS,-28081507.69
demo,2025-10-17,Real,DISPONIBILIDADES,Local,ARS,1335471979.6
demo,2025-10-17,Real,Moneda extranjera,Local,ARS,905675793.77
demo,2025-10-17,Real,Moneda extranjera,Extranjera,USD,653259.66
demo,2025-10-17,Real,Tipo de cambio USD,Local,USD,1386.39
demo,2025-10-17,Real,Bancos pesos,Local,ARS,148569041.73
demo,2025-10-17,Real,Inversiones,Local,ARS,316604401.06
demo,2025-10-17,Proyectado,Cobranzas Proyectadas,Local,ARS,17096850.7
demo,2025-10-17,Proyectado,Pagos programados,Local,ARS,-52474107.66
demo,2025-10-18,Real,DISPONIBILIDADES,Local,ARS,1489425935.8
demo,2025-10-18,Real,Moneda extranjera,Local,ARS,1077874368.77
demo,2025-10-18,Real,Moneda extranjera,Extranjera,USD,777465.68
demo,2025-10-18,Real,Tipo de cambio USD,Local,USD,1386.39
demo,2025-10-18,Real,Bancos pesos,Local,ARS,116391710.17
demo,2025-10-18,Real,Inversiones,Local,ARS,337452117.26
demo,2025-10-18,Proyectado,Cobranzas Proyectadas,Local,ARS,30518340.41
demo,2025-10-18,Proyectado,Pagos programados,Local,ARS,-72810600.83
demo,2025-10-19,Real,DISPONIBILIDADES,Local,ARS,1471673189.93
demo,2025-10-19,Real,Moneda extranjera,Local,ARS,1052612396.36
demo,2025-10-19,Real,Moneda extranjera,Extranjera,USD,759244.34
demo,2025-10-19,Real,Tipo de cambio USD,Local,USD,1386.39
demo,2025-10-19,Real,Bancos pesos,Local,ARS,123023136.99
demo,2025-10-19,Real,Inversiones,Local,ARS,357861235.4
demo,2025-10-19,Proyectado,Cobranzas Proyectadas,Local,ARS,15822792.58
demo,2025-10-19,Proyectado,Pagos programados,Local,ARS,-77646371.4
demo,2025-10-20,Real,DISPONIBILIDADES,Local,ARS,1250541927.95
demo,2025-10-20,Real,Moneda extranjera,Local,ARS,845042388.44
demo,2025-10-20,Real,Moneda extranjera,Extranjera,USD,609525.07
demo,2025-10-20,Real,Tipo de cambio USD,Local,USD,1386.39
demo,2025-10-20,Real,Bancos pesos,Local,ARS,146786919.29
demo,2025-10-20,Real,Inversiones,Local,ARS,322098716.55
demo,2025-10-20,Proyectado,Cobranzas Proyectadas,Local,ARS,10951408.78
demo,2025-10-20,Proyectado,Pagos programados,Local,ARS,-74337505.11
demo,2025-10-21,Real,DISPONIBILIDADES,Local,ARS,1554940184.13
demo,2025-10-21,Real,Moneda extranjera,Local,ARS,945236916.72
demo,2025-10-21,Real,Moneda extranjera,Extranjera,USD,681794.91
demo,2025-10-21,Real,Tipo de cambio USD,Local,USD,1386.39
demo,2025-10-21,Real,Bancos pesos,Local,ARS,128660032.58
demo,2025-10-21,Real,Inversiones,Local,ARS,480146143.6
demo,2025-10-21,Proyectado,Cobranzas Proyectadas,Local,ARS,37970219.58
demo,2025-10-21,Proyectado,Pagos programados,Local,ARS,-37073128.35
demo,2025-10-22,Real,DISPONIBILIDADES,Local,ARS,1293764625.78
demo,2025-10-22,Real,Moneda extranjera,Local,ARS,864599639.03
demo,2025-10-22,Real,Moneda extranjera,Extranjera,USD,623631.62
demo,2025-10-22,Real,Tipo de cambio USD,Local,USD,1386.39
demo,2025-10-22,Real,Bancos pesos,Local,ARS,104428043.13
demo,2025-10-22,Real,Inversiones,Local,ARS,366836962.37
demo,2025-10-22,Proyectado,Cobranzas Proyectadas,Local,ARS,28139225.14
demo,2025-10-22,Proyectado,Pagos programados,Local,ARS,-70239243.9
demo,2025-10-23,Real,DISPONIBILIDADES,Local,ARS,1504946007.54
demo,2025-10-23,Real,Moneda extranjera,Local,ARS,1062153135.97
demo,2025-10-23,Real,Moneda extranjera,Extranjera,USD,766126.03
demo,2025-10-23,Real,Tipo de cambio USD,Local,USD,1386.39
demo,2025-10-23,Real,Bancos pesos,Local,ARS,100650095.57
demo,2025-10-23,Real,Inversiones,Local,ARS,383901010.66
demo,2025-10-23,Proyectado,Cobranzas Proyectadas,Local,ARS,27767474.0
demo,2025-10-23,Proyectado,Pagos programados,Local,ARS,-69525708.66
demo,2025-10-24,Real,DISPONIBILIDADES,Local,ARS,1411896231.08
demo,2025-10-24,Real,Moneda extranjera,Local,ARS,850494447.83
demo,2025-10-24,Real,Moneda extranjera,Extranjera,USD,613457.62
demo,2025-10-24,Real,Tipo de cambio USD,Local,USD,1386.39
demo,2025-10-24,Real,Bancos pesos,Local,ARS,113951336.88
demo,2025-10-24,Real,Inversiones,Local,ARS,487565062.49
demo,2025-10-24,Proyectado,Cobranzas Proyectadas,Local,ARS,12733326.48
demo,2025-10-24,Proyectado,Pagos programados,Local,ARS,-52847942.61
demo,2025-10-25,Real,DISPONIBILIDADES,Local,ARS,1314654501.57
demo,2025-10-25,Real,Moneda extranjera,Local,ARS,883294317.89
demo,2025-10-25,Real,Moneda extranjera,Extranjera,USD,637116.01
demo,2025-10-25,Real,Tipo de cambio USD,Local,USD,1386.39
demo,2025-10-25,Real,Bancos pesos,Local,ARS,106744220.99
demo,2025-10-25,Real,Inversiones,Local,ARS,376269134.05
demo,2025-10-25,Proyectado,Cobranzas Proyectadas,Local,ARS,28108279.42
demo,2025-10-25,Proyectado,Pagos programados,Local,ARS,-79761450.77
demo,2025-10-26,Real,DISPONIBILIDADES,Local,ARS,1516651617.63
demo,2025-10-26,Real,Moneda extranjera,Local,ARS,1040523642.33
demo,2025-10-26,Real,Moneda extranjera,Extranjera,USD,750524.78
demo,2025-10-26,Real,Tipo de cambio USD,Local,USD,1386.39
demo,2025-10-26,Real,Bancos pesos,Local,ARS,101327959.41
demo,2025-10-26,Real,Inversiones,Local,ARS,367652786.71
demo,2025-10-26,Proyectado,Cobranzas Proyectadas,Local,ARS,35932897.52
demo,2025-10-26,Proyectado,Pagos programados,Local,ARS,-28785668.34
demo,2025-10-27,Real,DISPONIBILIDADES,Local,ARS,1585907895.34
demo,2025-10-27,Real,Moneda extranjera,Local,ARS,1017140734.45
demo,2025-10-27,Real,Moneda extranjera,Extranjera,USD,733658.79
demo,2025-10-27,Real,Tipo de cambio USD,Local,USD,1386.39
demo,2025-10-27,Real,Bancos pesos,Local,ARS,125258022.68
demo,2025-10-27,Real,Inversiones,Local,ARS,435242341.95
demo,2025-10-27,Proyectado,Cobranzas Proyectadas,Local,ARS,30151134.96
demo,2025-10-27,Proyectado,Pagos programados,Local,ARS,-21884338.7
demo,2025-10-28,Real,DISPONIBILIDADES,Local,ARS,1409560936.88
demo,2025-10-28,Real,Moneda extranjera,Local,ARS,906411337.52
demo,2025-10-28,Real,Moneda extranjera,Extranjera,USD,653790.2
demo,2025-10-28,Real,Tipo de cambio USD,Local,USD,1386.39
demo,2025-10-28,Real,Bancos pesos,Local,ARS,128834559.28
demo,2025-10-28,Real,Inversiones,Local,ARS,364262749.32
demo,2025-10-28,Proyectado,Cobranzas Proyectadas,Local,ARS,35037336.76
demo,2025-10-28,Proyectado,Pagos programados,Local,ARS,-24985046.0
demo,2025-10-29,Real,DISPONIBILIDADES,Local,ARS,1389077339.78
demo,2025-10-29,Real,Moneda extranjera,Local,ARS,828992007.8
demo,2025-10-29,Real,Moneda extranjera,Extranjera,USD,597948.01
demo,2025-10-29,Real,Tipo de cambio USD,Local,USD,1386.39
demo,2025-10-29,Real,Bancos pesos,Local,ARS,115338943.11
demo,2025-10-29,Real,Inversiones,Local,ARS,497329945.2
demo,2025-10-29,Proyectado,Cobranzas Proyectadas,Local,ARS,14787374.07
demo,2025-10-29,Proyectado,Pagos programados,Local,ARS,-67370930.41
demo,2025-10-30,Real,DISPONIBILIDADES,Local,ARS,1501674636.85
demo,2025-10-30,Real,Moneda extranjera,Local,ARS,984545938.96
demo,2025-10-30,Real,Moneda extranjera,Extranjera,USD,710148.32
demo,2025-10-30,Real,Tipo de cambio USD,Local,USD,1386.39
demo,2025-10-30,Real,Bancos pesos,Local,ARS,107613695.08
demo,2025-10-30,Real,Inversiones,Local,ARS,425097587.08
demo,2025-10-30,Proyectado,Cobranzas Proyectadas,Local,ARS,30915949.94
demo,2025-10-30,Proyectado,Pagos programados,Local,ARS,-46498534.21
demo,2025-10-31,Real,DISPONIBILIDADES,Local,ARS,1312624810.95
demo,2025-10-31,Real,Moneda extranjera,Local,ARS,734602765.04
demo,2025-10-31,Real,Moneda extranjera,Extranjera,USD,529865.5
demo,2025-10-31,Real,Tipo de cambio USD,Local,USD,1386.39
demo,2025-10-31,Real,Bancos pesos,Local,ARS,133083167.0
demo,2025-10-31,Real,Inversiones,Local,ARS,477305496.5
demo,2025-10-31,Proyectado,Cobranzas Proyectadas,Local,ARS,35628904.97
demo,2025-10-31,Proyectado,Pagos programados,Local,ARS,-67995522.56
demo,2025-11-01,Real,DISPONIBILIDADES,Local,ARS,1249928181.21
demo,2025-11-01,Real,Moneda extranjera,Local,ARS,808730884.45
demo,2025-11-01,Real,Moneda extranjera,Extranjera,USD,572927.68
demo,2025-11-01,Real,Tipo de cambio USD,Local,USD,1411.58
demo,2025-11-01,Real,Bancos pesos,Local,ARS,147496577.95
demo,2025-11-01,Real,Inversiones,Local,ARS,339880573.97
demo,2025-11-01,Proyectado,Cobranzas Proyectadas,Local,ARS,19439172.13
demo,2025-11-01,Proyectado,Pagos programados,Local,ARS,-65619027.28
demo,2025-11-02,Real,DISPONIBILIDADES,Local,ARS,1196582442.38
demo,2025-11-02,Real,Moneda extranjera,Local,ARS,768560493.05
demo,2025-11-02,Real,Moneda extranjera,Extranjera,USD,544469.85
demo,2025-11-02,Real,Tipo de cambio USD,Local,USD,1411.58
demo,2025-11-02,Real,Bancos pesos,Local,ARS,120106306.11
demo,2025-11-02,Real,Inversiones,Local,ARS,308307919.36
demo,2025-11-02,Proyectado,Cobranzas Proyectadas,Local,ARS,22370697.03
demo,2025-11-02,Proyectado,Pagos programados,Local,ARS,-22762973.17
demo,2025-11-03,Real,DISPONIBILIDADES,Local,ARS,1293447197.38
demo,2025-11-03,Real,Moneda extranjera,Local,ARS,886077012.72
demo,2025-11-03,Real,Moneda extranjera,Extranjera,USD,627721.86
demo,2025-11-03,Real,Tipo de cambio USD,Local,USD,1411.58
demo,2025-11-03,Real,Bancos pesos,Local,ARS,133972065.4
demo,2025-11-03,Real,Inversiones,Local,ARS,300938125.49
demo,2025-11-03,Proyectado,Cobranzas Proyectadas,Local,ARS,34845791.16
demo,2025-11-03,Proyectado,Pagos programados,Local,ARS,-62385797.39
demo,2025-11-04,Real,DISPONIBILIDADES,Local,ARS,1570128252.8
demo,2025-11-04,Real,Moneda extranjera,Local,ARS,946865813.8
demo,2025-11-04,Real,Moneda extranjera,Extranjera,USD,670786.35
demo,2025-11-04,Real,Tipo de cambio USD,Local,USD,1411.58
demo,2025-11-04,Real,Bancos pesos,Local,ARS,145761637.34
demo,2025-11-04,Real,Inversiones,Local,ARS,486548525.66
demo,2025-11-04,Proyectado,Cobranzas Proyectadas,Local,ARS,31048808.4
demo,2025-11-04,Proyectado,Pagos programados,Local,ARS,-40096532.4
demo,2025-11-05,Real,DISPONIBILIDADES,Local,ARS,1495572429.01
demo,2025-11-05,Real,Moneda extranjera,Local,ARS,951033591.34
demo,2025-11-05,Real,Moneda extranjera,Extranjera,USD,673738.92
demo,2025-11-05,Real,Tipo de cambio USD,Local,USD,1411.58
demo,2025-11-05,Real,Bancos pesos,Local,ARS,117960077.13
demo,2025-11-05,Real,Inversiones,Local,ARS,459572875.5
demo,2025-11-05,Proyectado,Cobranzas Proyectadas,Local,ARS,28843703.8
demo,2025-11-05,Proyectado,Pagos programados,Local,ARS,-61837818.76
demo,2025-11-06,Real,DISPONIBILIDADES,Local,ARS,1516507597.48
demo,2025-11-06,Real,Moneda extranjera,Local,ARS,977774828.18
demo,2025-11-06,Real,Moneda extranjera,Extranjera,USD,692683.16
demo,2025-11-06,Real,Tipo de cambio USD,Local,USD,1411.58
demo,2025-11-06,Real,Bancos pesos,Local,ARS,111558116.59
demo,2025-11-06,Real,Inversiones,Local,ARS,431319208.74
demo,2025-11-06,Proyectado,Cobranzas Proyectadas,Local,ARS,30970694.46
demo,2025-11-06,Proyectado,Pagos programados,Local,ARS,-35115250.49
demo,2025-11-07,Real,DISPONIBILIDADES,Local,ARS,1389976347.66
demo,2025-11-07,Real,Moneda extranjera,Local,ARS,883767293.82
demo,2025-11-07,Real,Moneda extranjera,Extranjera,USD,626085.59
demo,2025-11-07,Real,Tipo de cambio USD,Local,USD,1411.58
demo,2025-11-07,Real,Bancos pesos,Local,ARS,135079398.95
demo,2025-11-07,Real,Inversiones,Local,ARS,409425712.72
demo,2025-11-07,Proyectado,Cobranzas Proyectadas,Local,ARS,37453755.4
demo,2025-11-07,Proyectado,Pagos programados,Local,ARS,-75749813.23
demo,2025-11-08,Real,DISPONIBILIDADES,Local,ARS,1352308860.63
demo,2025-11-08,Real,Moneda extranjera,Local,ARS,774517234.77
demo,2025-11-08,Real,Moneda extranjera,Extranjera,USD,548689.77
demo,2025-11-08,Real,Tipo de cambio USD,Local,USD,1411.58
demo,2025-11-08,Real,Bancos pesos,Local,ARS,124767917.43
demo,2025-11-08,Real,Inversiones,Local,ARS,487290275.89
demo,2025-11-08,Proyectado,Cobranzas Proyectadas,Local,ARS,28025170.56
demo,2025-11-08,Proyectado,Pagos programados,Local,ARS,-62291738.02
demo,2025-11-09,Real,DISPONIBILIDADES,Local,ARS,1197342744.11
demo,2025-11-09,Real,Moneda extranjera,Local,ARS,749767182.29
demo,2025-11-09,Real,Moneda extranjera,Extranjera,USD,531156.14
demo,2025-11-09,Real,Tipo de cambio USD,Local,USD,1411.58
demo,2025-11-09,Real,Bancos pesos,Local,ARS,118591713.23
demo,2025-11-09,Real,Inversiones,Local,ARS,341676330.44
demo,2025-11-09,Proyectado,Cobranzas Proyectadas,Local,ARS,16185265.95
demo,2025-11-09,Proyectado,Pagos programados,Local,ARS,-28877747.81
demo,2025-11-10,Real,DISPONIBILIDADES,Local,ARS,1327955079.98
demo,2025-11-10,Real,Moneda extranjera,Local,ARS,888419448.45
demo,2025-11-10,Real,Moneda extranjera,Extranjera,USD,629381.3
demo,2025-11-10,Real,Tipo de cambio USD,Local,USD,1411.58
demo,2025-11-10,Real,Bancos pesos,Local,ARS,142279443.85
demo,2025-11-10,Real,Inversiones,Local,ARS,314153422.69
demo,2025-11-10,Proyectado,Cobranzas Proyectadas,Local,ARS,23080181.8
demo,2025-11-10,Proyectado,Pagos programados,Local,ARS,-39977416.81
demo,2025-11-11,Real,DISPONIBILIDADES,Local,ARS,1601474350.12
demo,2025-11-11,Real,Moneda extranjera,Local,ARS,1043271290.17
demo,2025-11-11,Real,Moneda extranjera,Extranjera,USD,739082.7
demo,2025-11-11,Real,Tipo de cambio USD,Local,USD,1411.58
demo,2025-11-11,Real,Bancos pesos,Local,ARS,97883455.38
demo,2025-11-11,Real,Inversiones,Local,ARS,486150341.53
demo,2025-11-11,Proyectado,Cobranzas Proyectadas,Local,ARS,23362457.83
demo,2025-11-11,Proyectado,Pagos programados,Local,ARS,-49193194.78
demo,2025-11-12,Real,DISPONIBILIDADES,Local,ARS,1489264518.66
demo,2025-11-12,Real,Moneda extranjera,Local,ARS,877256548.44
demo,2025-11-12,Real,Moneda extranjera,Extranjera,USD,621473.19
demo,2025-11-12,Real,Tipo de cambio USD,Local,USD,1411.58
demo,2025-11-12,Real,Bancos pesos,Local,ARS,152185165.03
demo,2025-11-12,Real,Inversiones,Local,ARS,483461233.8
demo,2025-11-12,Proyectado,Cobranzas Proyectadas,Local,ARS,39460712.04
demo,2025-11-12,Proyectado,Pagos programados,Local,ARS,-63099140.65
demo,2025-11-13,Real,DISPONIBILIDADES,Local,ARS,1486565923.96
demo,2025-11-13,Real,Moneda extranjera,Local,ARS,958545007.51
demo,2025-11-13,Real,Moneda extranjera,Extranjera,USD,679060.22
demo,2025-11-13,Real,Tipo de cambio USD,Local,USD,1411.58
demo,2025-11-13,Real,Bancos pesos,Local,ARS,151845308.6
demo,2025-11-13,Real,Inversiones,Local,ARS,397352192.44
demo,2025-11-13,Proyectado,Cobranzas Proyectadas,Local,ARS,39688767.33
demo,2025-11-13,Proyectado,Pagos programados,Local,ARS,-60865351.92
demo,2025-11-14,Real,DISPONIBILIDADES,Local,ARS,1238085946.41
demo,2025-11-14,Real,Moneda extranjera,Local,ARS,737316630.04
demo,2025-11-14,Real,Moneda extranjera,Extranjera,USD,522335.82
demo,2025-11-14,Real,Tipo de cambio USD,Local,USD,1411.58
demo,2025-11-14,Real,Bancos pesos,Local,ARS,154959366.73
demo,2025-11-14,Real,Inversiones,Local,ARS,374615059.35
demo,2025-11-14,Proyectado,Cobranzas Proyectadas,Local,ARS,20320324.83
demo,2025-11-14,Proyectado,Pagos programados,Local,ARS,-49125434.54
demo,2025-11-15,Real,DISPONIBILIDADES,Local,ARS,1571348589.94
demo,2025-11-15,Real,Moneda extranjera,Local,ARS,1029338687.23
demo,2025-11-15,Real,Moneda extranjera,Extranjera,USD,729212.45
demo,2025-11-15,Real,Tipo de cambio USD,Local,USD,1411.58
demo,2025-11-15,Real,Bancos pesos,Local,ARS,104081260.65
demo,2025-11-15,Real,Inversiones,Local,ARS,468893809.02
demo,2025-11-15,Proyectado,Cobranzas Proyectadas,Local,ARS,30285413.34
demo,2025-11-15,Proyectado,Pagos programados,Local,ARS,-61250580.3
demo,2025-11-16,Real,DISPONIBILIDADES,Local,ARS,1445645401.79
demo,2025-11-16,Real,Moneda extranjera,Local,ARS,969288736.37
demo,2025-11-16,Real,Moneda extranjera,Extranjera,USD,686671.38
demo,2025-11-16,Real,Tipo de cambio USD,Local,USD,1411.58
demo,2025-11-16,Real,Bancos pesos,Local,ARS,139875265.98
demo,2025-11-16,Real,Inversiones,Local,ARS,333437600.42
demo,2025-11-16,Proyectado,Cobranzas Proyectadas,Local,ARS,39506200.75
demo,2025-11-16,Proyectado,Pagos programados,Local,ARS,-36462401.73
demo,2025-11-17,Real,DISPONIBILIDADES,Local,ARS,1391321345.22
demo,2025-11-17,Real,Moneda extranjera,Local,ARS,768564998.26
demo,2025-11-17,Real,Moneda extranjera,Extranjera,USD,544473.04
demo,2025-11-17,Real,Tipo de cambio USD,Local,USD,1411.58
demo,2025-11-17,Real,Bancos pesos,Local,ARS,148799606.33
demo,2025-11-17,Real,Inversiones,Local,ARS,493951914.35
demo,2025-11-17,Proyectado,Cobranzas Proyectadas,Local,ARS,29087412.4
demo,2025-11-17,Proyectado,Pagos programados,Local,ARS,-49082586.12
demo,2025-11-18,Real,DISPONIBILIDADES,Local,ARS,1559938806.8
demo,2025-11-18,Real,Moneda extranjera,Local,ARS,1096398133.53
demo,2025-11-18,Real,Moneda extranjera,Extranjera,USD,776719.25
demo,2025-11-18,Real,Tipo de cambio USD,Local,USD,1411.58
demo,2025-11-18,Real,Bancos pesos,Local,ARS,131876816.31
demo,2025-11-18,Real,Inversiones,Local,ARS,372163280.15
demo,2025-11-18,Proyectado,Cobranzas Proyectadas,Local,ARS,36303004.01
demo,2025-11-18,Proyectado,Pagos programados,Local,ARS,-76802427.19
demo,2025-11-19,Real,DISPONIBILIDADES,Local,ARS,1347236373.58
demo,2025-11-19,Real,Moneda extranjera,Local,ARS,852255083.63
demo,2025-11-19,Real,Moneda extranjera,Extranjera,USD,603761.45
demo,2025-11-19,Real,Tipo de cambio USD,Local,USD,1411.58
demo,2025-11-19,Real,Bancos pesos,Local,ARS,138689299.47
demo,2025-11-19,Real,Inversiones,Local,ARS,342101801.59
demo,2025-11-19,Proyectado,Cobranzas Proyectadas,Local,ARS,35680402.87
demo,2025-11-19,Proyectado,Pagos programados,Local,ARS,-21490213.99
demo,2025-11-20,Real,DISPONIBILIDADES,Local,ARS,1607909494.9
demo,2025-11-20,Real,Moneda extranjera,Local,ARS,1030197811.33
demo,2025-11-20,Real,Moneda extranjera,Extranjera,USD,729821.08
demo,2025-11-20,Real,Tipo de cambio USD,Local,USD,1411.58
demo,2025-11-20,Real,Bancos pesos,Local,ARS,149484531.47
demo,2025-11-20,Real,Inversiones,Local,ARS,447829973.82
demo,2025-11-20,Proyectado,Cobranzas Proyectadas,Local,ARS,30650106.04
demo,2025-11-20,Proyectado,Pagos programados,Local,ARS,-50252927.76
demo,2025-11-21,Real,DISPONIBILIDADES,Local,ARS,1493636689.84
demo,2025-11-21,Real,Moneda extranjera,Local,ARS,970633127.26
demo,2025-11-21,Real,Moneda extranjera,Extranjera,USD,687623.78
demo,2025-11-21,Real,Tipo de cambio USD,Local,USD,1411.58
demo,2025-11-21,Real,Bancos pesos,Local,ARS,140803070.5
demo,2025-11-21,Real,Inversiones,Local,ARS,405964015.39
demo,2025-11-21,Proyectado,Cobranzas Proyectadas,Local,ARS,29065496.13
demo,2025-11-21,Proyectado,Pagos programados,Local,ARS,-52829019.45
demo,2025-11-22,Real,DISPONIBILIDADES,Local,ARS,1197654091.39
demo,2025-11-22,Real,Moneda extranjera,Local,ARS,815750904.57
demo,2025-11-22,Real,Moneda extranjera,Extranjera,USD,577900.86
demo,2025-11-22,Real,Tipo de cambio USD,Local,USD,1411.58
demo,2025-11-22,Real,Bancos pesos,Local,ARS,126027259.89
demo,2025-11-22,Real,Inversiones,Local,ARS,317070396.7
demo,2025-11-22,Proyectado,Cobranzas Proyectadas,Local,ARS,10810141.02
demo,2025-11-22,Proyectado,Pagos programados,Local,ARS,-72004610.8
demo,2025-11-23,Real,DISPONIBILIDADES,Local,ARS,1522932013.71
demo,2025-11-23,Real,Moneda extranjera,Local,ARS,1048759952.51
demo,2025-11-23,Real,Moneda extranjera,Extranjera,USD,742971.02
demo,2025-11-23,Real,Tipo de cambio USD,Local,USD,1411.58
demo,2025-11-23,Real,Bancos pesos,Local,ARS,141010082.1
demo,2025-11-23,Real,Inversiones,Local,ARS,375699813.2
demo,2025-11-23,Proyectado,Cobranzas Proyectadas,Local,ARS,29598566.32
demo,2025-11-23,Proyectado,Pagos programados,Local,ARS,-72136400.42
demo,2025-11-24,Real,DISPONIBILIDADES,Local,ARS,1471565688.13
demo,2025-11-24,Real,Moneda extranjera,Local,ARS,976112617.52
demo,2025-11-24,Real,Moneda extranjera,Extranjera,USD,691505.61
demo,2025-11-24,Real,Tipo de cambio USD,Local,USD,1411.58
demo,2025-11-24,Real,Bancos pesos,Local,ARS,104987446.09
demo,2025-11-24,Real,Inversiones,Local,ARS,429206020.74
demo,2025-11-24,Proyectado,Cobranzas Proyectadas,Local,ARS,19355375.07
demo,2025-11-24,Proyectado,Pagos programados,Local,ARS,-58095771.29
demo,2025-11-25,Real,DISPONIBILIDADES,Local,ARS,1440413349.87
demo,2025-11-25,Real,Moneda extranjera,Local,ARS,981900063.33
demo,2025-11-25,Real,Moneda extranjera,Extranjera,USD,695605.6
demo,2025-11-25,Real,Tipo de cambio USD,Local,USD,1411.58
demo,2025-11-25,Real,Bancos pesos,Local,ARS,134818144.09
demo,2025-11-25,Real,Inversiones,Local,ARS,322711333.71
demo,2025-11-25,Proyectado,Cobranzas Proyectadas,Local,ARS,36046935.92
demo,2025-11-25,Proyectado,Pagos programados,Local,ARS,-35063127.17
demo,2025-11-26,Real,DISPONIBILIDADES,Local,ARS,1366986210.71
demo,2025-11-26,Real,Moneda extranjera,Local,ARS,876458259.12
demo,2025-11-26,Real,Moneda extranjera,Extranjera,USD,620907.66
demo,2025-11-26,Real,Tipo de cambio USD,Local,USD,1411.58
demo,2025-11-26,Real,Bancos pesos,Local,ARS,117401161.16
demo,2025-11-26,Real,Inversiones,Local,ARS,392157725.19
demo,2025-11-26,Proyectado,Cobranzas Proyectadas,Local,ARS,32175348.57
demo,2025-11-26,Proyectado,Pagos programados,Local,ARS,-51206283.34
demo,2025-11-27,Real,DISPONIBILIDADES,Local,ARS,1217011382.31
demo,2025-11-27,Real,Moneda extranjera,Local,ARS,706568989.69
demo,2025-11-27,Real,Moneda extranjera,Extranjera,USD,500553.33
demo,2025-11-27,Real,Tipo de cambio USD,Local,USD,1411.58
demo,2025-11-27,Real,Bancos pesos,Local,ARS,134647559.35
demo,2025-11-27,Real,Inversiones,Local,ARS,368864027.72
demo,2025-11-27,Proyectado,Cobranzas Proyectadas,Local,ARS,30993079.66
demo,2025-11-27,Proyectado,Pagos programados,Local,ARS,-24062274.11
demo,2025-11-28,Real,DISPONIBILIDADES,Local,ARS,1580686633.87
demo,2025-11-28,Real,Moneda extranjera,Local,ARS,1054103571.07
demo,2025-11-28,Real,Moneda extranjera,Extranjera,USD,746756.59
demo,2025-11-28,Real,Tipo de cambio USD,Local,USD,1411.58
demo,2025-11-28,Real,Bancos pesos,Local,ARS,150310647.82
demo,2025-11-28,Real,Inversiones,Local,ARS,384011702.21
demo,2025-11-28,Proyectado,Cobranzas Proyectadas,Local,ARS,27642846.54
demo,2025-11-28,Proyectado,Pagos programados,Local,ARS,-35382133.77
demo,2025-11-29,Real,DISPONIBILIDADES,Local,ARS,1337127439.25
demo,2025-11-29,Real,Moneda extranjera,Local,ARS,809670369.13
demo,2025-11-29,Real,Moneda extranjera,Extranjera,USD,573593.24
demo,2025-11-29,Real,Tipo de cambio USD,Local,USD,1411.58
demo,2025-11-29,Real,Bancos pesos,Local,ARS,148424023.0
demo,2025-11-29,Real,Inversiones,Local,ARS,411002692.26
demo,2025-11-29,Proyectado,Cobranzas Proyectadas,Local,ARS,21165900.32
demo,2025-11-29,Proyectado,Pagos programados,Local,ARS,-53135545.46
demo,2025-11-30,Real,DISPONIBILIDADES,Local,ARS,1115235315.83
demo,2025-11-30,Real,Moneda extranjera,Local,ARS,730543442.01
demo,2025-11-30,Real,Moneda extranjera,Extranjera,USD,517537.5
demo,2025-11-30,Real,Tipo de cambio USD,Local,USD,1411.58
demo,2025-11-30,Real,Bancos pesos,Local,ARS,116949820.46
demo,2025-11-30,Real,Inversiones,Local,ARS,310901885.58
demo,2025-11-30,Proyectado,Cobranzas Proyectadas,Local,ARS,30181164.93
demo,2025-11-30,Proyectado,Pagos programados,Local,ARS,-73340997.14
demo,2025-12-01,Real,DISPONIBILIDADES,Local,ARS,1272439613.42
demo,2025-12-01,Real,Moneda extranjera,Local,ARS,786212528.44
demo,2025-12-01,Real,Moneda extranjera,Extranjera,USD,547039.19
demo,2025-12-01,Real,Tipo de cambio USD,Local,USD,1437.21
demo,2025-12-01,Real,Bancos pesos,Local,ARS,156640112.67
demo,2025-12-01,Real,Inversiones,Local,ARS,384005743.17
demo,2025-12-01,Proyectado,Cobranzas Proyectadas,Local,ARS,12912614.65
demo,2025-12-01,Proyectado,Pagos programados,Local,ARS,-67331385.51
demo,2025-12-02,Real,DISPONIBILIDADES,Local,ARS,1439273482.09
demo,2025-12-02,Real,Moneda extranjera,Local,ARS,937664312.53
demo,2025-12-02,Real,Moneda extranjera,Extranjera,USD,652417.9
demo,2025-12-02,Real,Tipo de cambio USD,Local,USD,1437.21
demo,2025-12-02,Real,Bancos pesos,Local,ARS,122220050.53
demo,2025-12-02,Real,Inversiones,Local,ARS,418136642.03
demo,2025-12-02,Proyectado,Cobranzas Proyectadas,Local,ARS,29687121.47
demo,2025-12-02,Proyectado,Pagos programados,Local,ARS,-68434644.47
demo,2025-12-03,Real,DISPONIBILIDADES,Local,ARS,1166584796.21
demo,2025-12-03,Real,Moneda extranjera,Local,ARS,748087254.96
demo,2025-12-03,Real,Moneda extranjera,Extranjera,USD,520511.99
demo,2025-12-03,Real,Tipo de cambio USD,Local,USD,1437.21
demo,2025-12-03,Real,Bancos pesos,Local,ARS,146682529.78
demo,2025-12-03,Real,Inversiones,Local,ARS,323245237.99
demo,2025-12-03,Proyectado,Cobranzas Proyectadas,Local,ARS,25062679.92
demo,2025-12-03,Proyectado,Pagos programados,Local,ARS,-76492906.44
demo,2025-12-04,Real,DISPONIBILIDADES,Local,ARS,1590216500.87
demo,2025-12-04,Real,Moneda extranjera,Local,ARS,1133110405.8
demo,2025-12-04,Real,Moneda extranjera,Extranjera,USD,788407.43
demo,2025-12-04,Real,Tipo de cambio USD,Local,USD,1437.21
demo,2025-12-04,Real,Bancos pesos,Local,ARS,129032696.84
demo,2025-12-04,Real,Inversiones,Local,ARS,349791164.29
demo,2025-12-04,Proyectado,Cobranzas Proyectadas,Local,ARS,25519354.49
demo,2025-12-04,Proyectado,Pagos programados,Local,ARS,-47237120.55
demo,2025-12-05,Real,DISPONIBILIDADES,Local,ARS,1444096649.32
demo,2025-12-05,Real,Moneda extranjera,Local,ARS,864860680.98
demo,2025-12-05,Real,Moneda extranjera,Extranjera,USD,601761.82
demo,2025-12-05,Real,Tipo de cambio USD,Local,USD,1437.21
demo,2025-12-05,Real,Bancos pesos,Local,ARS,146893234.65
demo,2025-12-05,Real,Inversiones,Local,ARS,442710795.63
demo,2025-12-05,Proyectado,Cobranzas Proyectadas,Local,ARS,13630977.64
demo,2025-12-05,Proyectado,Pagos programados,Local,ARS,-23999039.58
demo,2025-12-06,Real,DISPONIBILIDADES,Local,ARS,1334972577.72
demo,2025-12-06,Real,Moneda extranjera,Local,ARS,916871023.95
demo,2025-12-06,Real,Moneda extranjera,Extranjera,USD,637950.13
demo,2025-12-06,Real,Tipo de cambio USD,Local,USD,1437.21
demo,2025-12-06,Real,Bancos pesos,Local,ARS,128858074.27
demo,2025-12-06,Real,Inversiones,Local,ARS,329133198.94
demo,2025-12-06,Proyectado,Cobranzas Proyectadas,Local,ARS,14712557.96
demo,2025-12-06,Proyectado,Pagos programados,Local,ARS,-54602277.39
demo,2025-12-07,Real,DISPONIBILIDADES,Local,ARS,1209255856.94
demo,2025-12-07,Real,Moneda extranjera,Local,ARS,790087086.79
demo,2025-12-07,Real,Moneda extranjera,Extranjera,USD,549735.07
demo,2025-12-07,Real,Tipo de cambio USD,Local,USD,1437.21
demo,2025-12-07,Real,Bancos pesos,Local,ARS,144609275.69
demo,2025-12-07,Real,Inversiones,Local,ARS,308815160.34
demo,2025-12-07,Proyectado,Cobranzas Proyectadas,Local,ARS,20681576.84
demo,2025-12-07,Proyectado,Pagos programados,Local,ARS,-54937242.72
demo,2025-12-08,Real,DISPONIBILIDADES,Local,ARS,1587816531.98
demo,2025-12-08,Real,Moneda extranjera,Local,ARS,1078960131.76
demo,2025-12-08,Real,Moneda extranjera,Extranjera,USD,750730.18
demo,2025-12-08,Real,Tipo de cambio USD,Local,USD,1437.21
demo,2025-12-08,Real,Bancos pesos,Local,ARS,130061547.7
demo,2025-12-08,Real,Inversiones,Local,ARS,438107629.85
demo,2025-12-08,Proyectado,Cobranzas Proyectadas,Local,ARS,11173946.85
demo,2025-12-08,Proyectado,Pagos programados,Local,ARS,-70486724.18
demo,2025-12-09,Real,DISPONIBILIDADES,Local,ARS,1502075159.14
demo,2025-12-09,Real,Moneda extranjera,Local,ARS,973821536.06
demo,2025-12-09,Real,Moneda extranjera,Extranjera,USD,677575.75
demo,2025-12-09,Real,Tipo de cambio USD,Local,USD,1437.21
demo,2025-12-09,Real,Bancos pesos,Local,ARS,150622787.64
demo,2025-12-09,Real,Inversiones,Local,ARS,439810170.85
demo,2025-12-09,Proyectado,Cobranzas Proyectadas,Local,ARS,14635259.77
demo,2025-12-09,Proyectado,Pagos programados,Local,ARS,-76814595.18
demo,2025-12-10,Real,DISPONIBILIDADES,Local,ARS,1294952049.45
demo,2025-12-10,Real,Moneda extranjera,Local,ARS,802817942.65
demo,2025-12-10,Real,Moneda extranjera,Extranjera,USD,558593.08
demo,2025-12-10,Real,Tipo de cambio USD,Local,USD,1437.21
demo,2025-12-10,Real,Bancos pesos,Local,ARS,148974996.44
demo,2025-12-10,Real,Inversiones,Local,ARS,334311491.47
demo,2025-12-10,Proyectado,Cobranzas Proyectadas,Local,ARS,36255010.55
demo,2025-12-10,Proyectado,Pagos programados,Local,ARS,-27407391.67
demo,2025-12-11,Real,DISPONIBILIDADES,Local,ARS,1268288904.17
demo,2025-12-11,Real,Moneda extranjera,Local,ARS,732174447.0
demo,2025-12-11,Real,Moneda extranjera,Extranjera,USD,509440.01
demo,2025-12-11,Real,Tipo de cambio USD,Local,USD,1437.21
demo,2025-12-11,Real,Bancos pesos,Local,ARS,143950828.31
demo,2025-12-11,Real,Inversiones,Local,ARS,416184695.17
demo,2025-12-11,Proyectado,Cobranzas Proyectadas,Local,ARS,28397477.48
demo,2025-12-11,Proyectado,Pagos programados,Local,ARS,-52418543.8
demo,2025-12-12,Real,DISPONIBILIDADES,Local,ARS,1526594769.47
demo,2025-12-12,Real,Moneda extranjera,Local,ARS,1021061041.66
demo,2025-12-12,Real,Moneda extranjera,Extranjera,USD,710444.55
demo,2025-12-12,Real,Tipo de cambio USD,Local,USD,1437.21
demo,2025-12-12,Real,Bancos pesos,Local,ARS,159668910.82
demo,2025-12-12,Real,Inversiones,Local,ARS,374171676.28
demo,2025-12-12,Proyectado,Cobranzas Proyectadas,Local,ARS,13923516.4
demo,2025-12-12,Proyectado,Pagos programados,Local,ARS,-42230375.7
demo,2025-12-13,Real,DISPONIBILIDADES,Local,ARS,1224417021.65
demo,2025-12-13,Real,Moneda extranjera,Local,ARS,754846014.5
demo,2025-12-13,Real,Moneda extranjera,Extranjera,USD,525214.67
demo,2025-12-13,Real,Tipo de cambio USD,Local,USD,1437.21
demo,2025-12-13,Real,Bancos pesos,Local,ARS,121128205.12
demo,2025-12-13,Real,Inversiones,Local,ARS,381606846.43
demo,2025-12-13,Proyectado,Cobranzas Proyectadas,Local,ARS,26197206.28
demo,2025-12-13,Proyectado,Pagos programados,Local,ARS,-59361250.68
demo,2025-12-14,Real,DISPONIBILIDADES,Local,ARS,1703508765.46
demo,2025-12-14,Real,Moneda extranjera,Local,ARS,1110579520.82
demo,2025-12-14,Real,Moneda extranjera,Extranjera,USD,772730.65
demo,2025-12-14,Real,Tipo de cambio USD,Local,USD,1437.21
demo,2025-12-14,Real,Bancos pesos,Local,ARS,144176273.62
demo,2025-12-14,Real,Inversiones,Local,ARS,480891310.14
demo,2025-12-14,Proyectado,Cobranzas Proyectadas,Local,ARS,37687903.75
demo,2025-12-14,Proyectado,Pagos programados,Local,ARS,-69826242.88
demo,2025-12-15,Real,DISPONIBILIDADES,Local,ARS,1400197406.34
demo,2025-12-15,Real,Moneda extranjera,Local,ARS,919431278.72
demo,2025-12-15,Real,Moneda extranjera,Extranjera,USD,639731.53
demo,2025-12-15,Real,Tipo de cambio USD,Local,USD,1437.21
demo,2025-12-15,Real,Bancos pesos,Local,ARS,148357123.25
demo,2025-12-15,Real,Inversiones,Local,ARS,320626418.81
demo,2025-12-15,Proyectado,Cobranzas Proyectadas,Local,ARS,35643864.49
demo,2025-12-15,Proyectado,Pagos programados,Local,ARS,-23861278.92
demo,2025-12-16,Real,DISPONIBILIDADES,Local,ARS,1296512664.87
demo,2025-12-16,Real,Moneda extranjera,Local,ARS,757432473.13
demo,2025-12-16,Real,Moneda extranjera,Extranjera,USD,527014.3
demo,2025-12-16,Real,Tipo de cambio USD,Local,USD,1437.21
demo,2025-12-16,Real,Bancos pesos,Local,ARS,119526898.07
demo,2025-12-16,Real,Inversiones,Local,ARS,441699992.3
demo,2025-12-16,Proyectado,Cobranzas Proyectadas,Local,ARS,12456632.47
demo,2025-12-16,Proyectado,Pagos programados,Local,ARS,-34603331.11
demo,2025-12-17,Real,DISPONIBILIDADES,Local,ARS,1728024988.71
demo,2025-12-17,Real,Moneda extranjera,Local,ARS,1149524803.76
demo,2025-12-17,Real,Moneda extranjera,Extranjera,USD,799828.41
demo,2025-12-17,Real,Tipo de cambio USD,Local,USD,1437.21
demo,2025-12-17,Real,Bancos pesos,Local,ARS,140983583.51
demo,2025-12-17,Real,Inversiones,Local,ARS,477091975.11
demo,2025-12-17,Proyectado,Cobranzas Proyectadas,Local,ARS,39098161.45
demo,2025-12-17,Proyectado,Pagos programados,Local,ARS,-78673535.11
demo,2025-12-18,Real,DISPONIBILIDADES,Local,ARS,1462114982.86
demo,2025-12-18,Real,Moneda extranjera,Local,ARS,902704117.54
demo,2025-12-18,Real,Moneda extranjera,Extranjera,USD,628092.93
demo,2025-12-18,Real,Tipo de cambio USD,Local,USD,1437.21
demo,2025-12-18,Real,Bancos pesos,Local,ARS,114145132.16
demo,2025-12-18,Real,Inversiones,Local,ARS,494845209.07
demo,2025-12-18,Proyectado,Cobranzas Proyectadas,Local,ARS,30207657.71
demo,2025-12-18,Proyectado,Pagos programados,Local,ARS,-79787133.61
demo,2025-12-19,Real,DISPONIBILIDADES,Local,ARS,1558218615.63
demo,2025-12-19,Real,Moneda extranjera,Local,ARS,1080854632.23
demo,2025-12-19,Real,Moneda extranjera,Extranjera,USD,752048.36
demo,2025-12-19,Real,Tipo de cambio USD,Local,USD,1437.21
demo,2025-12-19,Real,Bancos pesos,Local,ARS,152787629.05
demo,2025-12-19,Real,Inversiones,Local,ARS,392125809.65
demo,2025-12-19,Proyectado,Cobranzas Proyectadas,Local,ARS,11199269.09
demo,2025-12-19,Proyectado,Pagos programados,Local,ARS,-78748724.38
demo,2025-12-20,Real,DISPONIBILIDADES,Local,ARS,1603053842.97
demo,2025-12-20,Real,Moneda extranjera,Local,ARS,1147526790.37
demo,2025-12-20,Real,Moneda extranjera,Extranjera,USD,798438.21
demo,2025-12-20,Real,Tipo de cambio USD,Local,USD,1437.21
demo,2025-12-20,Real,Bancos pesos,Local,ARS,146502573.18
demo,2025-12-20,Real,Inversiones,Local,ARS,370255516.25
demo,2025-12-20,Proyectado,Cobranzas Proyectadas,Local,ARS,11260337.94
demo,2025-12-20,Proyectado,Pagos programados,Local,ARS,-72491374.77
demo,2025-12-21,Real,DISPONIBILIDADES,Local,ARS,1559611941.25
demo,2025-12-21,Real,Moneda extranjera,Local,ARS,1064171367.08
demo,2025-12-21,Real,Moneda extranjera,Extranjera,USD,740440.3
demo,2025-12-21,Real,Tipo de cambio USD,Local,USD,1437.21
demo,2025-12-21,Real,Bancos pesos,Local,ARS,136909900.32
demo,2025-12-21,Real,Inversiones,Local,ARS,398555804.65
demo,2025-12-21,Proyectado,Cobranzas Proyectadas,Local,ARS,19205985.4
demo,2025-12-21,Proyectado,Pagos programados,Local,ARS,-59231116.2
demo,2025-12-22,Real,DISPONIBILIDADES,Local,ARS,1559626848.97
demo,2025-12-22,Real,Moneda extranjera,Local,ARS,978706459.15
demo,2025-12-22,Real,Moneda extranjera,Extranjera,USD,680974.63
demo,2025-12-22,Real,Tipo de cambio USD,Local,USD,1437.21
demo,2025-12-22,Real,Bancos pesos,Local,ARS,139180766.92
demo,2025-12-22,Real,Inversiones,Local,ARS,497331174.4
demo,2025-12-22,Proyectado,Cobranzas Proyectadas,Local,ARS,15513808.58
demo,2025-12-22,Proyectado,Pagos programados,Local,ARS,-71105360.08
demo,2025-12-23,Real,DISPONIBILIDADES,Local,ARS,1364714878.7
demo,2025-12-23,Real,Moneda extranjera,Local,ARS,767448896.83
demo,2025-12-23,Real,Moneda extranjera,Extranjera,USD,533983.63
demo,2025-12-23,Real,Tipo de cambio USD,Local,USD,1437.21
demo,2025-12-23,Real,Bancos pesos,Local,ARS,129517329.33
demo,2025-12-23,Real,Inversiones,Local,ARS,455917227.43
demo,2025-12-23,Proyectado,Cobranzas Proyectadas,Local,ARS,33649749.09
demo,2025-12-23,Proyectado,Pagos programados,Local,ARS,-21818323.98
demo,2025-12-24,Real,DISPONIBILIDADES,Local,ARS,1513763771.49
demo,2025-12-24,Real,Moneda extranjera,Local,ARS,1102026478.21
demo,2025-12-24,Real,Moneda extranjera,Extranjera,USD,766779.53
demo,2025-12-24,Real,Tipo de cambio USD,Local,USD,1437.21
demo,2025-12-24,Real,Bancos pesos,Local,ARS,126131551.91
demo,2025-12-24,Real,Inversiones,Local,ARS,311554433.07
demo,2025-12-24,Proyectado,Cobranzas Proyectadas,Local,ARS,24123495.29
demo,2025-12-24,Proyectado,Pagos programados,Local,ARS,-50072186.99
demo,2025-12-25,Real,DISPONIBILIDADES,Local,ARS,1573518331.13
demo,2025-12-25,Real,Moneda extranjera,Local,ARS,975257516.16
demo,2025-12-25,Real,Moneda extranjera,Extranjera,USD,678574.89
demo,2025-12-25,Real,Tipo de cambio USD,Local,USD,1437.21
demo,2025-12-25,Real,Bancos pesos,Local,ARS,159815661.86
demo,2025-12-25,Real,Inversiones,Local,ARS,475084483.54
demo,2025-12-25,Proyectado,Cobranzas Proyectadas,Local,ARS,37083450.61
demo,2025-12-25,Proyectado,Pagos programados,Local,ARS,-73722781.04
demo,2025-12-26,Real,DISPONIBILIDADES,Local,ARS,1241521321.63
demo,2025-12-26,Real,Moneda extranjera,Local,ARS,733248707.82
demo,2025-12-26,Real,Moneda extranjera,Extranjera,USD,510187.47
demo,2025-12-26,Real,Tipo de cambio USD,Local,USD,1437.21
demo,2025-12-26,Real,Bancos pesos,Local,ARS,122531497.02
demo,2025-12-26,Real,Inversiones,Local,ARS,394944508.68
demo,2025-12-26,Proyectado,Cobranzas Proyectadas,Local,ARS,22940208.68
demo,2025-12-26,Proyectado,Pagos programados,Local,ARS,-32143600.56
demo,2025-12-27,Real,DISPONIBILIDADES,Local,ARS,1273332736.61
demo,2025-12-27,Real,Moneda extranjera,Local,ARS,739606768.25
demo,2025-12-27,Real,Moneda extranjera,Extranjera,USD,514611.34
demo,2025-12-27,Real,Tipo de cambio USD,Local,USD,1437.21
demo,2025-12-27,Real,Bancos pesos,Local,ARS,105168058.85
demo,2025-12-27,Real,Inversiones,Local,ARS,420430968.07
demo,2025-12-27,Proyectado,Cobranzas Proyectadas,Local,ARS,39333174.57
demo,2025-12-27,Proyectado,Pagos programados,Local,ARS,-31206233.14
demo,2025-12-28,Real,DISPONIBILIDADES,Local,ARS,1234793828.54
demo,2025-12-28,Real,Moneda extranjera,Local,ARS,762445239.69
demo,2025-12-28,Real,Moneda extranjera,Extranjera,USD,530502.14
demo,2025-12-28,Real,Tipo de cambio USD,Local,USD,1437.21
demo,2025-12-28,Real,Bancos pesos,Local,ARS,92372619.97
demo,2025-12-28,Real,Inversiones,Local,ARS,419443748.76
demo,2025-12-28,Proyectado,Cobranzas Proyectadas,Local,ARS,24811351.09
demo,2025-12-28,Proyectado,Pagos programados,Local,ARS,-64279130.97
demo,2025-12-29,Real,DISPONIBILIDADES,Local,ARS,1345589611.6
demo,2025-12-29,Real,Moneda extranjera,Local,ARS,915583687.29
demo,2025-12-29,Real,Moneda extranjera,Extranjera,USD,637054.41
demo,2025-12-29,Real,Tipo de cambio USD,Local,USD,1437.21
demo,2025-12-29,Real,Bancos pesos,Local,ARS,125900632.14
demo,2025-12-29,Real,Inversiones,Local,ARS,338086310.27
demo,2025-12-29,Proyectado,Cobranzas Proyectadas,Local,ARS,24098597.72
demo,2025-12-29,Proyectado,Pagos programados,Local,ARS,-58079615.83
demo,2025-12-30,Real,DISPONIBILIDADES,Local,ARS,1455132153.6
demo,2025-12-30,Real,Moneda extranjera,Local,ARS,913400555.82
demo,2025-12-30,Real,Moneda extranjera,Extranjera,USD,635535.41
demo,2025-12-30,Real,Tipo de cambio USD,Local,USD,1437.21
demo,2025-12-30,Real,Bancos pesos,Local,ARS,153516377.95
demo,2025-12-30,Real,Inversiones,Local,ARS,446305498.76
demo,2025-12-30,Proyectado,Cobranzas Proyectadas,Local,ARS,14842148.84
demo,2025-12-30,Proyectado,Pagos programados,Local,ARS,-72932427.78
demo,2025-12-31,Real,DISPONIBILIDADES,Local,ARS,1384900579.0
demo,2025-12-31,Real,Moneda extranjera,Local,ARS,810486718.8
demo,2025-12-31,Real,Moneda extranjera,Extranjera,USD,563928.94
demo,2025-12-31,Real,Tipo de cambio USD,Local,USD,1437.21
demo,2025-12-31,Real,Bancos pesos,Local,ARS,122659449.93
demo,2025-12-31,Real,Inversiones,Local,ARS,462020684.56
demo,2025-12-31,Proyectado,Cobranzas Proyectadas,Local,ARS,32551965.91
demo,2025-12-31,Proyectado,Pagos programados,Local,ARS,-42818240.2
demo,2026-01-01,Real,DISPONIBILIDADES,Local,ARS,1595495456.47
demo,2026-01-01,Real,Moneda extranjera,Local,ARS,1062739138.65
demo,2026-01-01,Real,Moneda extranjera,Extranjera,USD,726252.86
demo,2026-01-01,Real,Tipo de cambio USD,Local,USD,1463.32
demo,2026-01-01,Real,Bancos pesos,Local,ARS,98521350.4
demo,2026-01-01,Real,Inversiones,Local,ARS,484050765.84
demo,2026-01-01,Proyectado,Cobranzas Proyectadas,Local,ARS,15375564.07
demo,2026-01-01,Proyectado,Pagos programados,Local,ARS,-65191362.48
demo,2026-01-02,Real,DISPONIBILIDADES,Local,ARS,1630337653.08
demo,2026-01-02,Real,Moneda extranjera,Local,ARS,1029475159.23
demo,2026-01-02,Real,Moneda extranjera,Extranjera,USD,703520.98
demo,2026-01-02,Real,Tipo de cambio USD,Local,USD,1463.32
demo,2026-01-02,Real,Bancos pesos,Local,ARS,157810979.54
demo,2026-01-02,Real,Inversiones,Local,ARS,457316789.14
demo,2026-01-02,Proyectado,Cobranzas Proyectadas,Local,ARS,32551277.56
demo,2026-01-02,Proyectado,Pagos programados,Local,ARS,-46816552.4
demo,2026-01-03,Real,DISPONIBILIDADES,Local,ARS,1393418563.14
demo,2026-01-03,Real,Moneda extranjera,Local,ARS,972657196.04
demo,2026-01-03,Real,Moneda extranjera,Extranjera,USD,664692.81
demo,2026-01-03,Real,Tipo de cambio USD,Local,USD,1463.32
demo,2026-01-03,Real,Bancos pesos,Local,ARS,107541642.5
demo,2026-01-03,Real,Inversiones,Local,ARS,333496844.46
demo,2026-01-03,Proyectado,Cobranzas Proyectadas,Local,ARS,24298035.65
demo,2026-01-03,Proyectado,Pagos programados,Local,ARS,-44575155.52
demo,2026-01-04,Real,DISPONIBILIDADES,Local,ARS,1299122258.24
demo,2026-01-04,Real,Moneda extranjera,Local,ARS,824726198.43
demo,2026-01-04,Real,Moneda extranjera,Extranjera,USD,563599.98
demo,2026-01-04,Real,Tipo de cambio USD,Local,USD,1463.32
demo,2026-01-04,Real,Bancos pesos,Local,ARS,111160311.98
demo,2026-01-04,Real,Inversiones,Local,ARS,357651822.47
demo,2026-01-04,Proyectado,Cobranzas Proyectadas,Local,ARS,32626262.34
demo,2026-01-04,Proyectado,Pagos programados,Local,ARS,-27042336.97
demo,2026-01-05,Real,DISPONIBILIDADES,Local,ARS,1584969422.22
demo,2026-01-05,Real,Moneda extranjera,Local,ARS,1007950595.85
demo,2026-01-05,Real,Moneda extranjera,Extranjera,USD,688811.56
demo,2026-01-05,Real,Tipo de cambio USD,Local,USD,1463.32
demo,2026-01-05,Real,Bancos pesos,Local,ARS,156128578.11
demo,2026-01-05,Real,Inversiones,Local,ARS,440342729.97
demo,2026-01-05,Proyectado,Cobranzas Proyectadas,Local,ARS,37689919.99
demo,2026-01-05,Proyectado,Pagos programados,Local,ARS,-57142401.7
demo,2026-01-06,Real,DISPONIBILIDADES,Local,ARS,1456098359.41
demo,2026-01-06,Real,Moneda extranjera,Local,ARS,1015914430.67
demo,2026-01-06,Real,Moneda extranjera,Extranjera,USD,694253.87
demo,2026-01-06,Real,Tipo de cambio USD,Local,USD,1463.32
demo,2026-01-06,Real,Bancos pesos,Local,ARS,117916773.64
demo,2026-01-06,Real,Inversiones,Local,ARS,358914265.41
demo,2026-01-06,Proyectado,Cobranzas Proyectadas,Local,ARS,34038924.71
demo,2026-01-06,Proyectado,Pagos programados,Local,ARS,-70686035.01
demo,2026-01-07,Real,DISPONIBILIDADES,Local,ARS,1643395933.3
demo,2026-01-07,Real,Moneda extranjera,Local,ARS,1152091901.76
demo,2026-01-07,Real,Moneda extranjera,Extranjera,USD,787314.6
demo,2026-01-07,Real,Tipo de cambio USD,Local,USD,1463.32
demo,2026-01-07,Real,Bancos pesos,Local,ARS,101284063.66
demo,2026-01-07,Real,Inversiones,Local,ARS,447300828.72
demo,2026-01-07,Proyectado,Cobranzas Proyectadas,Local,ARS,10543674.3
demo,2026-01-07,Proyectado,Pagos programados,Local,ARS,-67824535.13
demo,2026-01-08,Real,DISPONIBILIDADES,Local,ARS,1663366113.7
demo,2026-01-08,Real,Moneda extranjera,Local,ARS,1144524847.73
demo,2026-01-08,Real,Moneda extranjera,Extranjera,USD,782143.43
demo,2026-01-08,Real,Tipo de cambio USD,Local,USD,1463.32
demo,2026-01-08,Real,Bancos pesos,Local,ARS,139103729.06
demo,2026-01-08,Real,Inversiones,Local,ARS,444022885.16
demo,2026-01-08,Proyectado,Cobranzas Proyectadas,Local,ARS,10439064.79
demo,2026-01-08,Proyectado,Pagos programados,Local,ARS,-74724413.03
demo,2026-01-09,Real,DISPONIBILIDADES,Local,ARS,1414551679.47
demo,2026-01-09,Real,Moneda extranjera,Local,ARS,909184834.58
demo,2026-01-09,Real,Moneda extranjera,Extranjera,USD,621317.18
demo,2026-01-09,Real,Tipo de cambio USD,Local,USD,1463.32
demo,2026-01-09,Real,Bancos pesos,Local,ARS,155783930.52
demo,2026-01-09,Real,Inversiones,Local,ARS,373069829.87
demo,2026-01-09,Proyectado,Cobranzas Proyectadas,Local,ARS,22784874.48
demo,2026-01-09,Proyectado,Pagos programados,Local,ARS,-46271789.98
demo,2026-01-10,Real,DISPONIBILIDADES,Local,ARS,1737599955.12
demo,2026-01-10,Real,Moneda extranjera,Local,ARS,1165359176.14
demo,2026-01-10,Real,Moneda extranjera,Extranjera,USD,796381.16
demo,2026-01-10,Real,Tipo de cambio USD,Local,USD,1463.32
demo,2026-01-10,Real,Bancos pesos,Local,ARS,131652957.3
demo,2026-01-10,Real,Inversiones,Local,ARS,492956812.1
demo,2026-01-10,Proyectado,Cobranzas Proyectadas,Local,ARS,10187721.61
demo,2026-01-10,Proyectado,Pagos programados,Local,ARS,-62556712.02
demo,2026-01-11,Real,DISPONIBILIDADES,Local,ARS,1435627090.67
demo,2026-01-11,Real,Moneda extranjera,Local,ARS,928733426.97
demo,2026-01-11,Real,Moneda extranjera,Extranjera,USD,634676.26
demo,2026-01-11,Real,Tipo de cambio USD,Local,USD,1463.32
demo,2026-01-11,Real,Bancos pesos,Local,ARS,147696094.64
demo,2026-01-11,Real,Inversiones,Local,ARS,390806996.94
demo,2026-01-11,Proyectado,Cobranzas Proyectadas,Local,ARS,21350768.15
demo,2026-01-11,Proyectado,Pagos programados,Local,ARS,-52960196.03
demo,2026-01-12,Real,DISPONIBILIDADES,Local,ARS,1529838778.77
demo,2026-01-12,Real,Moneda extranjera,Local,ARS,1027140929.21
demo,2026-01-12,Real,Moneda extranjera,Extranjera,USD,701925.81
demo,2026-01-12,Real,Tipo de cambio USD,Local,USD,1463.32
demo,2026-01-12,Real,Bancos pesos,Local,ARS,106719842.41
demo,2026-01-12,Real,Inversiones,Local,ARS,396754397.73
demo,2026-01-12,Proyectado,Cobranzas Proyectadas,Local,ARS,24205630.32
demo,2026-01-12,Proyectado,Pagos programados,Local,ARS,-24982020.91
demo,2026-01-13,Real,DISPONIBILIDADES,Local,ARS,1613625759.18
demo,2026-01-13,Real,Moneda extranjera,Local,ARS,1071832870.46
demo,2026-01-13,Real,Moneda extranjera,Extranjera,USD,732467.32
demo,2026-01-13,Real,Tipo de cambio USD,Local,USD,1463.32
demo,2026-01-13,Real,Bancos pesos,Local,ARS,99620103.26
demo,2026-01-13,Real,Inversiones,Local,ARS,472583390.62
demo,2026-01-13,Proyectado,Cobranzas Proyectadas,Local,ARS,15562156.94
demo,2026-01-13,Proyectado,Pagos programados,Local,ARS,-45972762.1
demo,2026-01-14,Real,DISPONIBILIDADES,Local,ARS,1437705986.16
demo,2026-01-14,Real,Moneda extranjera,Local,ARS,920187520.59
demo,2026-01-14,Real,Moneda extranjera,Extranjera,USD,628836.18
demo,2026-01-14,Real,Tipo de cambio USD,Local,USD,1463.32
demo,2026-01-14,Real,Bancos pesos,Local,ARS,130253003.07
demo,2026-01-14,Real,Inversiones,Local,ARS,433675160.81
demo,2026-01-14,Proyectado,Cobranzas Proyectadas,Local,ARS,10778215.17
demo,2026-01-14,Proyectado,Pagos programados,Local,ARS,-57187913.48
demo,2026-01-15,Real,DISPONIBILIDADES,Local,ARS,1282894044.3
demo,2026-01-15,Real,Moneda extranjera,Local,ARS,835575001.83
demo,2026-01-15,Real,Moneda extranjera,Extranjera,USD,571013.82
demo,2026-01-15,Real,Tipo de cambio USD,Local,USD,1463.32
demo,2026-01-15,Real,Bancos pesos,Local,ARS,130970592.78
demo,2026-01-15,Real,Inversiones,Local,ARS,360745534.51
demo,2026-01-15,Proyectado,Cobranzas Proyectadas,Local,ARS,29649793.12
demo,2026-01-15,Proyectado,Pagos programados,Local,ARS,-74046877.95
demo,2026-01-16,Real,DISPONIBILIDADES,Local,ARS,1476841047.6
demo,2026-01-16,Real,Moneda extranjera,Local,ARS,863176308.08
demo,2026-01-16,Real,Moneda extranjera,Extranjera,USD,589875.95
demo,2026-01-16,Real,Tipo de cambio USD,Local,USD,1463.32
demo,2026-01-16,Real,Bancos pesos,Local,ARS,142454722.37
demo,2026-01-16,Real,Inversiones,Local,ARS,467209266.73
demo,2026-01-16,Proyectado,Cobranzas Proyectadas,Local,ARS,34967951.16
demo,2026-01-16,Proyectado,Pagos programados,Local,ARS,-30967200.75
demo,2026-01-17,Real,DISPONIBILIDADES,Local,ARS,1353368757.19
demo,2026-01-17,Real,Moneda extranjera,Local,ARS,856443685.65
demo,2026-01-17,Real,Moneda extranjera,Extranjera,USD,585275.02
demo,2026-01-17,Real,Tipo de cambio USD,Local,USD,1463.32
demo,2026-01-17,Real,Bancos pesos,Local,ARS,122760196.49
demo,2026-01-17,Real,Inversiones,Local,ARS,401426805.38
demo,2026-01-17,Proyectado,Cobranzas Proyectadas,Local,ARS,38460027.35
demo,2026-01-17,Proyectado,Pagos programados,Local,ARS,-65721957.69
demo,2026-01-18,Real,DISPONIBILIDADES,Local,ARS,1207046793.25
demo,2026-01-18,Real,Moneda extranjera,Local,ARS,763305403.81
demo,2026-01-18,Real,Moneda extranjera,Extranjera,USD,521626.34
demo,2026-01-18,Real,Tipo de cambio USD,Local,USD,1463.32
demo,2026-01-18,Real,Bancos pesos,Local,ARS,108201924.24
demo,2026-01-18,Real,Inversiones,Local,ARS,344162581.14
demo,2026-01-18,Proyectado,Cobranzas Proyectadas,Local,ARS,21177883.26
demo,2026-01-18,Proyectado,Pagos programados,Local,ARS,-29800999.2
demo,2026-01-19,Real,DISPONIBILIDADES,Local,ARS,1514163727.43
demo,2026-01-19,Real,Moneda extranjera,Local,ARS,1054175290.02
demo,2026-01-19,Real,Moneda extranjera,Extranjera,USD,720400.51
demo,2026-01-19,Real,Tipo de cambio USD,Local,USD,1463.32
demo,2026-01-19,Real,Bancos pesos,Local,ARS,109653831.3
demo,2026-01-19,Real,Inversiones,Local,ARS,389037748.3
demo,2026-01-19,Proyectado,Cobranzas Proyectadas,Local,ARS,38672974.15
demo,2026-01-19,Proyectado,Pagos programados,Local,ARS,-77376116.33
demo,2026-01-20,Real,DISPONIBILIDADES,Local,ARS,1201495571.74
demo,2026-01-20,Real,Moneda extranjera,Local,ARS,759219875.79
demo,2026-01-20,Real,Moneda extranjera,Extranjera,USD,518834.38
demo,2026-01-20,Real,Tipo de cambio USD,Local,USD,1463.32
demo,2026-01-20,Real,Bancos pesos,Local,ARS,114148010.35
demo,2026-01-20,Real,Inversiones,Local,ARS,350090924.77
demo,2026-01-20,Proyectado,Cobranzas Proyectadas,Local,ARS,21158266.45
demo,2026-01-20,Proyectado,Pagos programados,Local,ARS,-43121505.61
demo,2026-01-21,Real,DISPONIBILIDADES,Local,ARS,1537589610.39
demo,2026-01-21,Real,Moneda extranjera,Local,ARS,1136217902.65
demo,2026-01-21,Real,Moneda extranjera,Extranjera,USD,776466.65
demo,2026-01-21,Real,Tipo de cambio USD,Local,USD,1463.32
demo,2026-01-21,Real,Bancos pesos,Local,ARS,98506491.42
demo,2026-01-21,Real,Inversiones,Local,ARS,350713420.19
demo,2026-01-21,Proyectado,Cobranzas Proyectadas,Local,ARS,22333441.09
demo,2026-01-21,Proyectado,Pagos programados,Local,ARS,-70181644.96
demo,2026-01-22,Real,DISPONIBILIDADES,Local,ARS,1362330353.53
demo,2026-01-22,Real,Moneda extranjera,Local,ARS,869444670.86
demo,2026-01-22,Real,Moneda extranjera,Extranjera,USD,594159.61
demo,2026-01-22,Real,Tipo de cambio USD,Local,USD,1463.32
demo,2026-01-22,Real,Bancos pesos,Local,ARS,147343298.81
demo,2026-01-22,Real,Inversiones,Local,ARS,351183193.08
demo,2026-01-22,Proyectado,Cobranzas Proyectadas,Local,ARS,24365258.9
demo,2026-01-22,Proyectado,Pagos programados,Local,ARS,-30006068.11
demo,2026-01-23,Real,DISPONIBILIDADES,Local,ARS,1357407336.84
demo,2026-01-23,Real,Moneda extranjera,Local,ARS,923355832.17
demo,2026-01-23,Real,Moneda extranjera,Extranjera,USD,631001.33
demo,2026-01-23,Real,Tipo de cambio USD,Local,USD,1463.32
demo,2026-01-23,Real,Bancos pesos,Local,ARS,99819041.62
demo,2026-01-23,Real,Inversiones,Local,ARS,380030005.29
demo,2026-01-23,Proyectado,Cobranzas Proyectadas,Local,ARS,14958190.54
demo,2026-01-23,Proyectado,Pagos programados,Local,ARS,-60755732.78
demo,2026-01-24,Real,DISPONIBILIDADES,Local,ARS,1742372292.23
demo,2026-01-24,Real,Moneda extranjera,Local,ARS,1147189512.36
demo,2026-01-24,Real,Moneda extranjera,Extranjera,USD,783964.41
demo,2026-01-24,Real,Tipo de cambio USD,Local,USD,1463.32
demo,2026-01-24,Real,Bancos pesos,Local,ARS,159333381.43
demo,2026-01-24,Real,Inversiones,Local,ARS,495104099.47
demo,2026-01-24,Proyectado,Cobranzas Proyectadas,Local,ARS,18791284.64
demo,2026-01-24,Proyectado,Pagos programados,Local,ARS,-78045985.67
demo,2026-01-25,Real,DISPONIBILIDADES,Local,ARS,1294065617.15
demo,2026-01-25,Real,Moneda extranjera,Local,ARS,933287416.72
demo,2026-01-25,Real,Moneda extranjera,Extranjera,USD,637788.36
demo,2026-01-25,Real,Tipo de cambio USD,Local,USD,1463.32
demo,2026-01-25,Real,Bancos pesos,Local,ARS,103285262.8
demo,2026-01-25,Real,Inversiones,Local,ARS,300008311.74
demo,2026-01-25,Proyectado,Cobranzas Proyectadas,Local,ARS,37423428.82
demo,2026-01-25,Proyectado,Pagos programados,Local,ARS,-79938802.93
demo,2026-01-26,Real,DISPONIBILIDADES,Local,ARS,1631122941.94
demo,2026-01-26,Real,Moneda extranjera,Local,ARS,1164634228.23
demo,2026-01-26,Real,Moneda extranjera,Extranjera,USD,795885.75
demo,2026-01-26,Real,Tipo de cambio USD,Local,USD,1463.32
demo,2026-01-26,Real,Bancos pesos,Local,ARS,144906431.14
demo,2026-01-26,Real,Inversiones,Local,ARS,375169506.59
demo,2026-01-26,Proyectado,Cobranzas Proyectadas,Local,ARS,12106087.51
demo,2026-01-26,Proyectado,Pagos programados,Local,ARS,-65693311.53
demo,2026-01-27,Real,DISPONIBILIDADES,Local,ARS,1653901990.62
demo,2026-01-27,Real,Moneda extranjera,Local,ARS,1034122499.82
demo,2026-01-27,Real,Moneda extranjera,Extranjera,USD,706696.87
demo,2026-01-27,Real,Tipo de cambio USD,Local,USD,1463.32
demo,2026-01-27,Real,Bancos pesos,Local,ARS,151114887.11
demo,2026-01-27,Real,Inversiones,Local,ARS,469062991.29
demo,2026-01-27,Proyectado,Cobranzas Proyectadas,Local,ARS,37980922.24
demo,2026-01-27,Proyectado,Pagos programados,Local,ARS,-38379309.83
demo,2026-01-28,Real,DISPONIBILIDADES,Local,ARS,1323318066.53
demo,2026-01-28,Real,Moneda extranjera,Local,ARS,771275471.84
demo,2026-01-28,Real,Moneda extranjera,Extranjera,USD,527072.91
demo,2026-01-28,Real,Tipo de cambio USD,Local,USD,1463.32
demo,2026-01-28,Real,Bancos pesos,Local,ARS,96871090.08
demo,2026-01-28,Real,Inversiones,Local,ARS,472152277.92
demo,2026-01-28,Proyectado,Cobranzas Proyectadas,Local,ARS,15213979.43
demo,2026-01-28,Proyectado,Pagos programados,Local,ARS,-32194752.74
demo,2026-01-29,Real,DISPONIBILIDADES,Local,ARS,1555830812.42
demo,2026-01-29,Real,Moneda extranjera,Local,ARS,982171745.1
demo,2026-01-29,Real,Moneda extranjera,Extranjera,USD,671194.85
demo,2026-01-29,Real,Tipo de cambio USD,Local,USD,1463.32
demo,2026-01-29,Real,Bancos pesos,Local,ARS,107092345.69
demo,2026-01-29,Real,Inversiones,Local,ARS,481677411.74
demo,2026-01-29,Proyectado,Cobranzas Proyectadas,Local,ARS,21024753.66
demo,2026-01-29,Proyectado,Pagos programados,Local,ARS,-36135443.76
demo,2026-01-30,Real,DISPONIBILIDADES,Local,ARS,1351689561.83
demo,2026-01-30,Real,Moneda extranjera,Local,ARS,859293767.09
demo,2026-01-30,Real,Moneda extranjera,Extranjera,USD,587222.71
demo,2026-01-30,Real,Tipo de cambio USD,Local,USD,1463.32
demo,2026-01-30,Real,Bancos pesos,Local,ARS,98722720.14
demo,2026-01-30,Real,Inversiones,Local,ARS,421793580.7
demo,2026-01-30,Proyectado,Cobranzas Proyectadas,Local,ARS,14425182.24
demo,2026-01-30,Proyectado,Pagos programados,Local,ARS,-42545688.34
demo,2026-01-31,Real,DISPONIBILIDADES,Local,ARS,1589976142.27
demo,2026-01-31,Real,Moneda extranjera,Local,ARS,1099996152.36
demo,2026-01-31,Real,Moneda extranjera,Extranjera,USD,751713.49
demo,2026-01-31,Real,Tipo de cambio USD,Local,USD,1463.32
demo,2026-01-31,Real,Bancos pesos,Local,ARS,156692598.96
demo,2026-01-31,Real,Inversiones,Local,ARS,371825708.87
demo,2026-01-31,Proyectado,Cobranzas Proyectadas,Local,ARS,31649373.19
demo,2026-01-31,Proyectado,Pagos programados,Local,ARS,-70187691.11
demo,2026-02-01,Real,DISPONIBILIDADES,Local,ARS,1479430915.28
demo,2026-02-01,Real,Moneda extranjera,Local,ARS,877095193.75
demo,2026-02-01,Real,Moneda extranjera,Extranjera,USD,588695.35
demo,2026-02-01,Real,Tipo de cambio USD,Local,USD,1489.9
demo,2026-02-01,Real,Bancos pesos,Local,ARS,119860912.45
demo,2026-02-01,Real,Inversiones,Local,ARS,484660889.66
demo,2026-02-01,Proyectado,Cobranzas Proyectadas,Local,ARS,27313695.71
demo,2026-02-01,Proyectado,Pagos programados,Local,ARS,-29499776.3
demo,2026-02-02,Real,DISPONIBILIDADES,Local,ARS,1509752288.61
demo,2026-02-02,Real,Moneda extranjera,Local,ARS,1090942444.48
demo,2026-02-02,Real,Moneda extranjera,Extranjera,USD,732226.96
demo,2026-02-02,Real,Tipo de cambio USD,Local,USD,1489.9
demo,2026-02-02,Real,Bancos pesos,Local,ARS,117164959.99
demo,2026-02-02,Real,Inversiones,Local,ARS,342299128.64
demo,2026-02-02,Proyectado,Cobranzas Proyectadas,Local,ARS,24727530.29
demo,2026-02-02,Proyectado,Pagos programados,Local,ARS,-65381774.8
demo,2026-02-03,Real,DISPONIBILIDADES,Local,ARS,1669852271.67
demo,2026-02-03,Real,Moneda extranjera,Local,ARS,1185149364.01
demo,2026-02-03,Real,Moneda extranjera,Extranjera,USD,795457.47
demo,2026-02-03,Real,Tipo de cambio USD,Local,USD,1489.9
demo,2026-02-03,Real,Bancos pesos,Local,ARS,155951300.38
demo,2026-02-03,Real,Inversiones,Local,ARS,327857316.23
demo,2026-02-03,Proyectado,Cobranzas Proyectadas,Local,ARS,22943433.94
demo,2026-02-03,Proyectado,Pagos programados,Local,ARS,-22049142.89
demo,2026-02-04,Real,DISPONIBILIDADES,Local,ARS,1470331640.5
demo,2026-02-04,Real,Moneda extranjera,Local,ARS,892776032.63
demo,2026-02-04,Real,Moneda extranjera,Extranjera,USD,599220.14
demo,2026-02-04,Real,Tipo de cambio USD,Local,USD,1489.9
demo,2026-02-04,Real,Bancos pesos,Local,ARS,153343931.59
demo,2026-02-04,Real,Inversiones,Local,ARS,467403576.63
demo,2026-02-04,Proyectado,Cobranzas Proyectadas,Local,ARS,31468044.85
demo,2026-02-04,Proyectado,Pagos programados,Local,ARS,-74659945.21
demo,2026-02-05,Real,DISPONIBILIDADES,Local,ARS,1678606876.01
demo,2026-02-05,Real,Moneda extranjera,Local,ARS,1090979985.59
demo,2026-02-05,Real,Moneda extranjera,Extranjera,USD,732252.16
demo,2026-02-05,Real,Tipo de cambio USD,Local,USD,1489.9
demo,2026-02-05,Real,Bancos pesos,Local,ARS,130638631.41
demo,2026-02-05,Real,Inversiones,Local,ARS,457834877.41
demo,2026-02-05,Proyectado,Cobranzas Proyectadas,Local,ARS,35968613.11
demo,2026-02-05,Proyectado,Pagos programados,Local,ARS,-36815231.51
demo,2026-02-06,Real,DISPONIBILIDADES,Local,ARS,1475115167.05
demo,2026-02-06,Real,Moneda extranjera,Local,ARS,1002254280.35
demo,2026-02-06,Real,Moneda extranjera,Extranjera,USD,672700.57
demo,2026-02-06,Real,Tipo de cambio USD,Local,USD,1489.9
demo,2026-02-06,Real,Bancos pesos,Local,ARS,97814765.12
demo,2026-02-06,Real,Inversiones,Local,ARS,417821275.44
demo,2026-02-06,Proyectado,Cobranzas Proyectadas,Local,ARS,35074838.69
demo,2026-02-06,Proyectado,Pagos programados,Local,ARS,-77849992.56
demo,2026-02-07,Real,DISPONIBILIDADES,Local,ARS,1481863205.5
demo,2026-02-07,Real,Moneda extranjera,Local,ARS,957974737.52
demo,2026-02-07,Real,Moneda extranjera,Extranjera,USD,642980.7
demo,2026-02-07,Real,Tipo de cambio USD,Local,USD,1489.9
demo,2026-02-07,Real,Bancos pesos,Local,ARS,123535542.94
demo,2026-02-07,Real,Inversiones,Local,ARS,464316002.91
demo,2026-02-07,Proyectado,Cobranzas Proyectadas,Local,ARS,14416032.64
demo,2026-02-07,Proyectado,Pagos programados,Local,ARS,-78379110.51
demo,2026-02-08,Real,DISPONIBILIDADES,Local,ARS,1730691448.86
demo,2026-02-08,Real,Moneda extranjera,Local,ARS,1184805894.38
demo,2026-02-08,Real,Moneda extranjera,Extranjera,USD,795226.94
demo,2026-02-08,Real,Tipo de cambio USD,Local,USD,1489.9
demo,2026-02-08,Real,Bancos pesos,Local,ARS,98217876.22
demo,2026-02-08,Real,Inversiones,Local,ARS,478162262.33
demo,2026-02-08,Proyectado,Cobranzas Proyectadas,Local,ARS,26969494.78
demo,2026-02-08,Proyectado,Pagos programados,Local,ARS,-57464078.86
demo,2026-02-09,Real,DISPONIBILIDADES,Local,ARS,1678454858.76
demo,2026-02-09,Real,Moneda extranjera,Local,ARS,1073437829.14
demo,2026-02-09,Real,Moneda extranjera,Extranjera,USD,720478.08
demo,2026-02-09,Real,Tipo de cambio USD,Local,USD,1489.9
demo,2026-02-09,Real,Bancos pesos,Local,ARS,100287811.49
demo,2026-02-09,Real,Inversiones,Local,ARS,493257582.62
demo,2026-02-09,Proyectado,Cobranzas Proyectadas,Local,ARS,39786089.69
demo,2026-02-09,Proyectado,Pagos programados,Local,ARS,-28314454.18
demo,2026-02-10,Real,DISPONIBILIDADES,Local,ARS,1649863798.92
demo,2026-02-10,Real,Moneda extranjera,Local,ARS,1123744421.68
demo,2026-02-10,Real,Moneda extranjera,Extranjera,USD,754243.24
demo,2026-02-10,Real,Tipo de cambio USD,Local,USD,1489.9
demo,2026-02-10,Real,Bancos pesos,Local,ARS,128808195.57
demo,2026-02-10,Real,Inversiones,Local,ARS,449683462.01
demo,2026-02-10,Proyectado,Cobranzas Proyectadas,Local,ARS,14056652.52
demo,2026-02-10,Proyectado,Pagos programados,Local,ARS,-66428932.85
demo,2026-02-11,Real,DISPONIBILIDADES,Local,ARS,1259899269.23
demo,2026-02-11,Real,Moneda extranjera,Local,ARS,831884802.44
demo,2026-02-11,Real,Moneda extranjera,Extranjera,USD,558350.7
demo,2026-02-11,Real,Tipo de cambio USD,Local,USD,1489.9
demo,2026-02-11,Real,Bancos pesos,Local,ARS,135896174.93
demo,2026-02-11,Real,Inversiones,Local,ARS,313191177.86
demo,2026-02-11,Proyectado,Cobranzas Proyectadas,Local,ARS,32849643.27
demo,2026-02-11,Proyectado,Pagos programados,Local,ARS,-53922529.27
demo,2026-02-12,Real,DISPONIBILIDADES,Local,ARS,1393222317.19
demo,2026-02-12,Real,Moneda extranjera,Local,ARS,902074959.76
demo,2026-02-12,Real,Moneda extranjera,Extranjera,USD,605461.46
demo,2026-02-12,Real,Tipo de cambio USD,Local,USD,1489.9
demo,2026-02-12,Real,Bancos pesos,Local,ARS,115714937.15
demo,2026-02-12,Real,Inversiones,Local,ARS,378137396.98
demo,2026-02-12,Proyectado,Cobranzas Proyectadas,Local,ARS,39574277.55
demo,2026-02-12,Proyectado,Pagos programados,Local,ARS,-42279254.25
demo,2026-02-13,Real,DISPONIBILIDADES,Local,ARS,1547623026.08
demo,2026-02-13,Real,Moneda extranjera,Local,ARS,1052254406.52
demo,2026-02-13,Real,Moneda extranjera,Extranjera,USD,706260.03
demo,2026-02-13,Real,Tipo de cambio USD,Local,USD,1489.9
demo,2026-02-13,Real,Bancos pesos,Local,ARS,128405145.66
demo,2026-02-13,Real,Inversiones,Local,ARS,381222029.55
demo,2026-02-13,Proyectado,Cobranzas Proyectadas,Local,ARS,19338191.16
demo,2026-02-13,Proyectado,Pagos programados,Local,ARS,-33596746.81
demo,2026-02-14,Real,DISPONIBILIDADES,Local,ARS,1597245475.63
demo,2026-02-14,Real,Moneda extranjera,Local,ARS,1071667598.22
demo,2026-02-14,Real,Moneda extranjera,Extranjera,USD,719289.93
demo,2026-02-14,Real,Tipo de cambio USD,Local,USD,1489.9
demo,2026-02-14,Real,Bancos pesos,Local,ARS,104611831.45
demo,2026-02-14,Real,Inversiones,Local,ARS,441260626.92
demo,2026-02-14,Proyectado,Cobranzas Proyectadas,Local,ARS,39924106.27
demo,2026-02-14,Proyectado,Pagos programados,Local,ARS,-60218687.23
demo,2026-02-15,Real,DISPONIBILIDADES,Local,ARS,1134486316.8
demo,2026-02-15,Real,Moneda extranjera,Local,ARS,755604294.01
demo,2026-02-15,Real,Moneda extranjera,Extranjera,USD,507152.18
demo,2026-02-15,Real,Tipo de cambio USD,Local,USD,1489.9
demo,2026-02-15,Real,Bancos pesos,Local,ARS,104921349.21
demo,2026-02-15,Real,Inversiones,Local,ARS,308089347.3
demo,2026-02-15,Proyectado,Cobranzas Proyectadas,Local,ARS,39680512.59
demo,2026-02-15,Proyectado,Pagos programados,Local,ARS,-73809186.31
demo,2026-02-16,Real,DISPONIBILIDADES,Local,ARS,1550670896.14
demo,2026-02-16,Real,Moneda extranjera,Local,ARS,1090949122.75
demo,2026-02-16,Real,Moneda extranjera,Extranjera,USD,732231.44
demo,2026-02-16,Real,Tipo de cambio USD,Local,USD,1489.9
demo,2026-02-16,Real,Bancos pesos,Local,ARS,127329578.8
demo,2026-02-16,Real,Inversiones,Local,ARS,351933571.26
demo,2026-02-16,Proyectado,Cobranzas Proyectadas,Local,ARS,11351641.3
demo,2026-02-16,Proyectado,Pagos programados,Local,ARS,-30893017.96
demo,2026-02-17,Real,DISPONIBILIDADES,Local,ARS,1371124231.42
demo,2026-02-17,Real,Moneda extranjera,Local,ARS,959388529.69
demo,2026-02-17,Real,Moneda extranjera,Extranjera,USD,643929.62
demo,2026-02-17,Real,Tipo de cambio USD,Local,USD,1489.9
demo,2026-02-17,Real,Bancos pesos,Local,ARS,114191246.65
demo,2026-02-17,Real,Inversiones,Local,ARS,305540743.67
demo,2026-02-17,Proyectado,Cobranzas Proyectadas,Local,ARS,14819763.9
demo,2026-02-17,Proyectado,Pagos programados,Local,ARS,-22816052.49
demo,2026-02-18,Real,DISPONIBILIDADES,Local,ARS,1605245864.32
demo,2026-02-18,Real,Moneda extranjera,Local,ARS,1119718992.23
demo,2026-02-18,Real,Moneda extranjera,Extranjera,USD,751541.42
demo,2026-02-18,Real,Tipo de cambio USD,Local,USD,1489.9
demo,2026-02-18,Real,Bancos pesos,Local,ARS,133693587.92
demo,2026-02-18,Real,Inversiones,Local,ARS,341088964.94
demo,2026-02-18,Proyectado,Cobranzas Proyectadas,Local,ARS,37910647.25
demo,2026-02-18,Proyectado,Pagos programados,Local,ARS,-27166328.03
demo,2026-02-19,Real,DISPONIBILIDADES,Local,ARS,1538811787.39
demo,2026-02-19,Real,Moneda extranjera,Local,ARS,1084445537.79
demo,2026-02-19,Real,Moneda extranjera,Extranjera,USD,727866.32
demo,2026-02-19,Real,Tipo de cambio USD,Local,USD,1489.9
demo,2026-02-19,Real,Bancos pesos,Local,ARS,97417411.04
demo,2026-02-19,Real,Inversiones,Local,ARS,376761971.85
demo,2026-02-19,Proyectado,Cobranzas Proyectadas,Local,ARS,31106329.24
demo,2026-02-19,Proyectado,Pagos programados,Local,ARS,-50919462.54
demo,2026-02-20,Real,DISPONIBILIDADES,Local,ARS,1309325257.24
demo,2026-02-20,Real,Moneda extranjera,Local,ARS,828528021.98
demo,2026-02-20,Real,Moneda extranjera,Extranjera,USD,556097.67
demo,2026-02-20,Real,Tipo de cambio USD,Local,USD,1489.9
demo,2026-02-20,Real,Bancos pesos,Local,ARS,94325507.28
demo,2026-02-20,Real,Inversiones,Local,ARS,402315812.89
demo,2026-02-20,Proyectado,Cobranzas Proyectadas,Local,ARS,16379289.51
demo,2026-02-20,Proyectado,Pagos programados,Local,ARS,-32223374.43
demo,2026-02-21,Real,DISPONIBILIDADES,Local,ARS,1368485446.69
demo,2026-02-21,Real,Moneda extranjera,Local,ARS,850052677.03
demo,2026-02-21,Real,Moneda extranjera,Extranjera,USD,570544.75
demo,2026-02-21,Real,Tipo de cambio USD,Local,USD,1489.9
demo,2026-02-21,Real,Bancos pesos,Local,ARS,151967726.83
demo,2026-02-21,Real,Inversiones,Local,ARS,375341216.55
demo,2026-02-21,Proyectado,Cobranzas Proyectadas,Local,ARS,32803259.83
demo,2026-02-21,Proyectado,Pagos programados,Local,ARS,-41679433.54
demo,2026-02-22,Real,DISPONIBILIDADES,Local,ARS,1338630790.24
demo,2026-02-22,Real,Moneda extranjera,Local,ARS,949457011.25
demo,2026-02-22,Real,Moneda extranjera,Extranjera,USD,637263.7
demo,2026-02-22,Real,Tipo de cambio USD,Local,USD,1489.9
demo,2026-02-22,Real,Bancos pesos,Local,ARS,129026372.88
demo,2026-02-22,Real,Inversiones,Local,ARS,314798051.01
demo,2026-02-22,Proyectado,Cobranzas Proyectadas,Local,ARS,18102246.46
demo,2026-02-22,Proyectado,Pagos programados,Local,ARS,-72752891.36
demo,2026-02-23,Real,DISPONIBILIDADES,Local,ARS,1493469895.15
demo,2026-02-23,Real,Moneda extranjera,Local,ARS,994483369.44
demo,2026-02-23,Real,Moneda extranjera,Extranjera,USD,667484.83
demo,2026-02-23,Real,Tipo de cambio USD,Local,USD,1489.9
demo,2026-02-23,Real,Bancos pesos,Local,ARS,105494706.92
demo,2026-02-23,Real,Inversiones,Local,ARS,397282805.62
demo,2026-02-23,Proyectado,Cobranzas Proyectadas,Local,ARS,30991709.26
demo,2026-02-23,Proyectado,Pagos programados,Local,ARS,-34782696.09
demo,2026-02-24,Real,DISPONIBILIDADES,Local,ARS,1510252554.37
demo,2026-02-24,Real,Moneda extranjera,Local,ARS,1146789885.75
demo,2026-02-24,Real,Moneda extranjera,Extranjera,USD,769711.07
demo,2026-02-24,Real,Tipo de cambio USD,Local,USD,1489.9
demo,2026-02-24,Real,Bancos pesos,Local,ARS,110353017.86
demo,2026-02-24,Real,Inversiones,Local,ARS,308247915.44
demo,2026-02-24,Proyectado,Cobranzas Proyectadas,Local,ARS,23828125.58
demo,2026-02-24,Proyectado,Pagos programados,Local,ARS,-78966390.26
demo,2026-02-25,Real,DISPONIBILIDADES,Local,ARS,1632370972.61
demo,2026-02-25,Real,Moneda extranjera,Local,ARS,1144823725.48
demo,2026-02-25,Real,Moneda extranjera,Extranjera,USD,768391.41
demo,2026-02-25,Real,Tipo de cambio USD,Local,USD,1489.9
demo,2026-02-25,Real,Bancos pesos,Local,ARS,121656004.58
demo,2026-02-25,Real,Inversiones,Local,ARS,415488960.79
demo,2026-02-25,Proyectado,Cobranzas Proyectadas,Local,ARS,11821488.25
demo,2026-02-25,Proyectado,Pagos programados,Local,ARS,-61419206.49
demo,2026-02-26,Real,DISPONIBILIDADES,Local,ARS,1490352864.69
demo,2026-02-26,Real,Moneda extranjera,Local,ARS,959722913.83
demo,2026-02-26,Real,Moneda extranjera,Extranjera,USD,644154.05
demo,2026-02-26,Real,Tipo de cambio USD,Local,USD,1489.9
demo,2026-02-26,Real,Bancos pesos,Local,ARS,143805034.12
demo,2026-02-26,Real,Inversiones,Local,ARS,417360946.53
demo,2026-02-26,Proyectado,Cobranzas Proyectadas,Local,ARS,18456215.23
demo,2026-02-26,Proyectado,Pagos programados,Local,ARS,-48992245.03
demo,2026-02-27,Real,DISPONIBILIDADES,Local,ARS,1564475876.33
demo,2026-02-27,Real,Moneda extranjera,Local,ARS,1104480375.85
demo,2026-02-27,Real,Moneda extranjera,Extranjera,USD,741313.45
demo,2026-02-27,Real,Tipo de cambio USD,Local,USD,1489.9
demo,2026-02-27,Real,Bancos pesos,Local,ARS,144613329.93
demo,2026-02-27,Real,Inversiones,Local,ARS,335598482.65
demo,2026-02-27,Proyectado,Cobranzas Proyectadas,Local,ARS,39457468.25
demo,2026-02-27,Proyectado,Pagos programados,Local,ARS,-59673780.35
demo,2026-02-28,Real,DISPONIBILIDADES,Local,ARS,1486518220.25
demo,2026-02-28,Real,Moneda extranjera,Local,ARS,898450161.25
demo,2026-02-28,Real,Moneda extranjera,Extranjera,USD,603028.54
demo,2026-02-28,Real,Tipo de cambio USD,Local,USD,1489.9
demo,2026-02-28,Real,Bancos pesos,Local,ARS,110326623.26
demo,2026-02-28,Real,Inversiones,Local,ARS,488520976.33
demo,2026-02-28,Proyectado,Cobranzas Proyectadas,Local,ARS,26400692.7
demo,2026-02-28,Proyectado,Pagos programados,Local,ARS,-37180233.29
demo,2026-03-01,Real,DISPONIBILIDADES,Local,ARS,1648242842.5
demo,2026-03-01,Real,Moneda extranjera,Local,ARS,1143664300.58
demo,2026-03-01,Real,Moneda extranjera,Extranjera,USD,753919.79
demo,2026-03-01,Real,Tipo de cambio USD,Local,USD,1516.96
demo,2026-03-01,Real,Bancos pesos,Local,ARS,97648113.57
demo,2026-03-01,Real,Inversiones,Local,ARS,452453487.31
demo,2026-03-01,Proyectado,Cobranzas Proyectadas,Local,ARS,33589018.42
demo,2026-03-01,Proyectado,Pagos programados,Local,ARS,-79112077.38
demo,2026-03-02,Real,DISPONIBILIDADES,Local,ARS,1475850326.44
demo,2026-03-02,Real,Moneda extranjera,Local,ARS,1070821698.73
demo,2026-03-02,Real,Moneda extranjera,Extranjera,USD,705900.91
demo,2026-03-02,Real,Tipo de cambio USD,Local,USD,1516.96
demo,2026-03-02,Real,Bancos pesos,Local,ARS,115142616.89
demo,2026-03-02,Real,Inversiones,Local,ARS,300188452.75
demo,2026-03-02,Proyectado,Cobranzas Proyectadas,Local,ARS,29907057.84
demo,2026-03-02,Proyectado,Pagos programados,Local,ARS,-40209499.77
demo,2026-03-03,Real,DISPONIBILIDADES,Local,ARS,1406244222.03
demo,2026-03-03,Real,Moneda extranjera,Local,ARS,808192812.59
demo,2026-03-03,Real,Moneda extranjera,Extranjera,USD,532772.21
demo,2026-03-03,Real,Tipo de cambio USD,Local,USD,1516.96
demo,2026-03-03,Real,Bancos pesos,Local,ARS,134582688.8
demo,2026-03-03,Real,Inversiones,Local,ARS,494211431.67
demo,2026-03-03,Proyectado,Cobranzas Proyectadas,Local,ARS,28891034.69
demo,2026-03-03,Proyectado,Pagos programados,Local,ARS,-59633745.73
demo,2026-03-04,Real,DISPONIBILIDADES,Local,ARS,1289353563.7
demo,2026-03-04,Real,Moneda extranjera,Local,ARS,833509158.6
demo,2026-03-04,Real,Moneda extranjera,Extranjera,USD,549461.1
demo,2026-03-04,Real,Tipo de cambio USD,Local,USD,1516.96
demo,2026-03-04,Real,Bancos pesos,Local,ARS,104816260.8
demo,2026-03-04,Real,Inversiones,Local,ARS,382107058.95
demo,2026-03-04,Proyectado,Cobranzas Proyectadas,Local,ARS,28758878.39
demo,2026-03-04,Proyectado,Pagos programados,Local,ARS,-59837793.04
demo,2026-03-05,Real,DISPONIBILIDADES,Local,ARS,1464896456.98
demo,2026-03-05,Real,Moneda extranjera,Local,ARS,1050032640.03
demo,2026-03-05,Real,Moneda extranjera,Extranjera,USD,692196.46
demo,2026-03-05,Real,Tipo de cambio USD,Local,USD,1516.96
demo,2026-03-05,Real,Bancos pesos,Local,ARS,120257767.34
demo,2026-03-05,Real,Inversiones,Local,ARS,325798191.59
demo,2026-03-05,Proyectado,Cobranzas Proyectadas,Local,ARS,38314262.93
demo,2026-03-05,Proyectado,Pagos programados,Local,ARS,-69506404.91
demo,2026-03-06,Real,DISPONIBILIDADES,Local,ARS,1557470825.9
demo,2026-03-06,Real,Moneda extranjera,Local,ARS,1163609960.25
demo,2026-03-06,Real,Moneda extranjera,Extranjera,USD,767068.25
demo,2026-03-06,Real,Tipo de cambio USD,Local,USD,1516.96
demo,2026-03-06,Real,Bancos pesos,Local,ARS,100443744.61
demo,2026-03-06,Real,Inversiones,Local,ARS,357484904.95
demo,2026-03-06,Proyectado,Cobranzas Proyectadas,Local,ARS,14385972.26
demo,2026-03-06,Proyectado,Pagos programados,Local,ARS,-78453756.16
demo,2026-03-07,Real,DISPONIBILIDADES,Local,ARS,1488894635.21
demo,2026-03-07,Real,Moneda extranjera,Local,ARS,1059553509.18
demo,2026-03-07,Real,Moneda extranjera,Extranjera,USD,698472.76
demo,2026-03-07,Real,Tipo de cambio USD,Local,USD,1516.96
demo,2026-03-07,Real,Bancos pesos,Local,ARS,104921485.45
demo,2026-03-07,Real,Inversiones,Local,ARS,346032023.32
demo,2026-03-07,Proyectado,Cobranzas Proyectadas,Local,ARS,23677579.8
demo,2026-03-07,Proyectado,Pagos programados,Local,ARS,-45289962.54
demo,2026-03-08,Real,DISPONIBILIDADES,Local,ARS,1622776514.61
demo,2026-03-08,Real,Moneda extranjera,Local,ARS,1164487007.37
demo,2026-03-08,Real,Moneda extranjera,Extranjera,USD,767646.41
demo,2026-03-08,Real,Tipo de cambio USD,Local,USD,1516.96
demo,2026-03-08,Real,Bancos pesos,Local,ARS,107097451.18
demo,2026-03-08,Real,Inversiones,Local,ARS,377529436.16
demo,2026-03-08,Proyectado,Cobranzas Proyectadas,Local,ARS,16702968.09
demo,2026-03-08,Proyectado,Pagos programados,Local,ARS,-43040348.19
demo,2026-03-09,Real,DISPONIBILIDADES,Local,ARS,1710674692.82
demo,2026-03-09,Real,Moneda extranjera,Local,ARS,1110977819.27
demo,2026-03-09,Real,Moneda extranjera,Extranjera,USD,732372.39
demo,2026-03-09,Real,Tipo de cambio USD,Local,USD,1516.96
demo,2026-03-09,Real,Bancos pesos,Local,ARS,112969614.95
demo,2026-03-09,Real,Inversiones,Local,ARS,496625803.39
demo,2026-03-09,Proyectado,Cobranzas Proyectadas,Local,ARS,31521218.68
demo,2026-03-09,Proyectado,Pagos programados,Local,ARS,-41419763.46
demo,2026-03-10,Real,DISPONIBILIDADES,Local,ARS,1452681072.76
demo,2026-03-10,Real,Moneda extranjera,Local,ARS,911368579.76
demo,2026-03-10,Real,Moneda extranjera,Extranjera,USD,600787.14
demo,2026-03-10,Real,Tipo de cambio USD,Local,USD,1516.96
demo,2026-03-10,Real,Bancos pesos,Local,ARS,119165557.0
demo,2026-03-10,Real,Inversiones,Local,ARS,451017336.69
demo,2026-03-10,Proyectado,Cobranzas Proyectadas,Local,ARS,31781849.25
demo,2026-03-10,Proyectado,Pagos programados,Local,ARS,-60652249.94
demo,2026-03-11,Real,DISPONIBILIDADES,Local,ARS,1250401480.17
demo,2026-03-11,Real,Moneda extranjera,Local,ARS,767497109.89
demo,2026-03-11,Real,Moneda extranjera,Extranjera,USD,505945.02
demo,2026-03-11,Real,Tipo de cambio USD,Local,USD,1516.96
demo,2026-03-11,Real,Bancos pesos,Local,ARS,125825324.07
demo,2026-03-11,Real,Inversiones,Local,ARS,364254933.44
demo,2026-03-11,Proyectado,Cobranzas Proyectadas,Local,ARS,31712516.4
demo,2026-03-11,Proyectado,Pagos programados,Local,ARS,-38888403.64
demo,2026-03-12,Real,DISPONIBILIDADES,Local,ARS,1226844289.38
demo,2026-03-12,Real,Moneda extranjera,Local,ARS,785326105.7
demo,2026-03-12,Real,Moneda extranjera,Extranjera,USD,517698.15
demo,2026-03-12,Real,Tipo de cambio USD,Local,USD,1516.96
demo,2026-03-12,Real,Bancos pesos,Local,ARS,103407442.78
demo,2026-03-12,Real,Inversiones,Local,ARS,344239480.47
demo,2026-03-12,Proyectado,Cobranzas Proyectadas,Local,ARS,23031680.15
demo,2026-03-12,Proyectado,Pagos programados,Local,ARS,-29160419.72
demo,2026-03-13,Real,DISPONIBILIDADES,Local,ARS,1585493888.93
demo,2026-03-13,Real,Moneda extranjera,Local,ARS,1009128214.88
demo,2026-03-13,Real,Moneda extranjera,Extranjera,USD,665231.68
demo,2026-03-13,Real,Tipo de cambio USD,Local,USD,1516.96
demo,2026-03-13,Real,Bancos pesos,Local,ARS,153772237.64
demo,2026-03-13,Real,Inversiones,Local,ARS,432355197.91
demo,2026-03-13,Proyectado,Cobranzas Proyectadas,Local,ARS,10383237.1
demo,2026-03-13,Proyectado,Pagos programados,Local,ARS,-20144998.6
demo,2026-03-14,Real,DISPONIBILIDADES,Local,ARS,1715288710.67
demo,2026-03-14,Real,Moneda extranjera,Local,ARS,1173966646.42
demo,2026-03-14,Real,Moneda extranjera,Extranjera,USD,773895.53
demo,2026-03-14,Real,Tipo de cambio USD,Local,USD,1516.96
demo,2026-03-14,Real,Bancos pesos,Local,ARS,139383548.21
demo,2026-03-14,Real,Inversiones,Local,ARS,436418924.76
demo,2026-03-14,Proyectado,Cobranzas Proyectadas,Local,ARS,29009154.51
demo,2026-03-14,Proyectado,Pagos programados,Local,ARS,-63489563.23
demo,2026-03-15,Real,DISPONIBILIDADES,Local,ARS,1568136725.09
demo,2026-03-15,Real,Moneda extranjera,Local,ARS,1153147723.65
demo,2026-03-15,Real,Moneda extranjera,Extranjera,USD,760171.39
demo,2026-03-15,Real,Tipo de cambio USD,Local,USD,1516.96
demo,2026-03-15,Real,Bancos pesos,Local,ARS,132153991.6
demo,2026-03-15,Real,Inversiones,Local,ARS,322563637.47
demo,2026-03-15,Proyectado,Cobranzas Proyectadas,Local,ARS,35608048.73
demo,2026-03-15,Proyectado,Pagos programados,Local,ARS,-75336676.36
demo,2026-03-16,Real,DISPONIBILIDADES,Local,ARS,1550506712.94
demo,2026-03-16,Real,Moneda extranjera,Local,ARS,1037975456.6
demo,2026-03-16,Real,Moneda extranjera,Extranjera,USD,684248.2
demo,2026-03-16,Real,Tipo de cambio USD,Local,USD,1516.96
demo,2026-03-16,Real,Bancos pesos,Local,ARS,142083235.44
demo,2026-03-16,Real,Inversiones,Local,ARS,371558542.54
demo,2026-03-16,Proyectado,Cobranzas Proyectadas,Local,ARS,29074857.14
demo,2026-03-16,Proyectado,Pagos programados,Local,ARS,-30185378.79
demo,2026-03-17,Real,DISPONIBILIDADES,Local,ARS,1452471658.49
demo,2026-03-17,Real,Moneda extranjera,Local,ARS,1051110294.45
demo,2026-03-17,Real,Moneda extranjera,Extranjera,USD,692906.87
demo,2026-03-17,Real,Tipo de cambio USD,Local,USD,1516.96
demo,2026-03-17,Real,Bancos pesos,Local,ARS,151482135.0
demo,2026-03-17,Real,Inversiones,Local,ARS,316030450.87
demo,2026-03-17,Proyectado,Cobranzas Proyectadas,Local,ARS,11906252.28
demo,2026-03-17,Proyectado,Pagos programados,Local,ARS,-78057474.12
demo,2026-03-18,Real,DISPONIBILIDADES,Local,ARS,1676973038.12
demo,2026-03-18,Real,Moneda extranjera,Local,ARS,1116924972.88
demo,2026-03-18,Real,Moneda extranjera,Extranjera,USD,736292.84
demo,2026-03-18,Real,Tipo de cambio USD,Local,USD,1516.96
demo,2026-03-18,Real,Bancos pesos,Local,ARS,154864902.39
demo,2026-03-18,Real,Inversiones,Local,ARS,431459321.85
demo,2026-03-18,Proyectado,Cobranzas Proyectadas,Local,ARS,26045230.3
demo,2026-03-18,Proyectado,Pagos programados,Local,ARS,-52321389.31
demo,2026-03-19,Real,DISPONIBILIDADES,Local,ARS,1178401888.61
demo,2026-03-19,Real,Moneda extranjera,Local,ARS,780379959.15
demo,2026-03-19,Real,Moneda extranjera,Extranjera,USD,514437.58
demo,2026-03-19,Real,Tipo de cambio USD,Local,USD,1516.96
demo,2026-03-19,Real,Bancos pesos,Local,ARS,92015737.19
demo,2026-03-19,Real,Inversiones,Local,ARS,304093457.09
demo,2026-03-19,Proyectado,Cobranzas Proyectadas,Local,ARS,31457972.54
demo,2026-03-19,Proyectado,Pagos programados,Local,ARS,-29545237.35
demo,2026-03-20,Real,DISPONIBILIDADES,Local,ARS,1498203207.1
demo,2026-03-20,Real,Moneda extranjera,Local,ARS,912316004.0
demo,2026-03-20,Real,Moneda extranjera,Extranjera,USD,601411.7
demo,2026-03-20,Real,Tipo de cambio USD,Local,USD,1516.96
demo,2026-03-20,Real,Bancos pesos,Local,ARS,133069281.05
demo,2026-03-20,Real,Inversiones,Local,ARS,490116850.49
demo,2026-03-20,Proyectado,Cobranzas Proyectadas,Local,ARS,11279895.36
demo,2026-03-20,Proyectado,Pagos programados,Local,ARS,-48578823.8
demo,2026-03-21,Real,DISPONIBILIDADES,Local,ARS,1556946176.46
demo,2026-03-21,Real,Moneda extranjera,Local,ARS,1105831701.48
demo,2026-03-21,Real,Moneda extranjera,Extranjera,USD,728980.0
demo,2026-03-21,Real,Tipo de cambio USD,Local,USD,1516.96
demo,2026-03-21,Real,Bancos pesos,Local,ARS,153763354.97
demo,2026-03-21,Real,Inversiones,Local,ARS,318121237.85
demo,2026-03-21,Proyectado,Cobranzas Proyectadas,Local,ARS,13766532.51
demo,2026-03-21,Proyectado,Pagos programados,Local,ARS,-34536650.35
demo,2026-03-22,Real,DISPONIBILIDADES,Local,ARS,1439800835.5
demo,2026-03-22,Real,Moneda extranjera,Local,ARS,1009300274.32
demo,2026-03-22,Real,Moneda extranjera,Extranjera,USD,665345.11
demo,2026-03-22,Real,Tipo de cambio USD,Local,USD,1516.96
demo,2026-03-22,Real,Bancos pesos,Local,ARS,149461945.72
demo,2026-03-22,Real,Inversiones,Local,ARS,305420283.81
demo,2026-03-22,Proyectado,Cobranzas Proyectadas,Local,ARS,38777700.99
demo,2026-03-22,Proyectado,Pagos programados,Local,ARS,-63159369.35
demo,2026-03-23,Real,DISPONIBILIDADES,Local,ARS,1239554863.07
demo,2026-03-23,Real,Moneda extranjera,Local,ARS,814336230.4
demo,2026-03-23,Real,Moneda extranjera,Extranjera,USD,536822.04
demo,2026-03-23,Real,Tipo de cambio USD,Local,USD,1516.96
demo,2026-03-23,Real,Bancos pesos,Local,ARS,120114677.67
demo,2026-03-23,Real,Inversiones,Local,ARS,352857574.25
demo,2026-03-23,Proyectado,Cobranzas Proyectadas,Local,ARS,14999609.46
demo,2026-03-23,Proyectado,Pagos programados,Local,ARS,-62753228.71
demo,2026-03-24,Real,DISPONIBILIDADES,Local,ARS,1273770990.35
demo,2026-03-24,Real,Moneda extranjera,Local,ARS,770905506.37
demo,2026-03-24,Real,Moneda extranjera,Extranjera,USD,508191.88
demo,2026-03-24,Real,Tipo de cambio USD,Local,USD,1516.96
demo,2026-03-24,Real,Bancos pesos,Local,ARS,98278951.72
demo,2026-03-24,Real,Inversiones,Local,ARS,456239751.5
demo,2026-03-24,Proyectado,Cobranzas Proyectadas,Local,ARS,22443262.79
demo,2026-03-24,Proyectado,Pagos programados,Local,ARS,-74096482.02
demo,2026-03-25,Real,DISPONIBILIDADES,Local,ARS,1709883659.32
demo,2026-03-25,Real,Moneda extranjera,Local,ARS,1165510604.05
demo,2026-03-25,Real,Moneda extranjera,Extranjera,USD,768321.18
demo,2026-03-25,Real,Tipo de cambio USD,Local,USD,1516.96
demo,2026-03-25,Real,Bancos pesos,Local,ARS,158153361.92
demo,2026-03-25,Real,Inversiones,Local,ARS,426942425.3
demo,2026-03-25,Proyectado,Cobranzas Proyectadas,Local,ARS,28340413.3
demo,2026-03-25,Proyectado,Pagos programados,Local,ARS,-69063145.26
demo,2026-03-26,Real,DISPONIBILIDADES,Local,ARS,1603809620.57
demo,2026-03-26,Real,Moneda extranjera,Local,ARS,1165927001.42
demo,2026-03-26,Real,Moneda extranjera,Extranjera,USD,768595.68
demo,2026-03-26,Real,Tipo de cambio USD,Local,USD,1516.96
demo,2026-03-26,Real,Bancos pesos,Local,ARS,133724515.62
demo,2026-03-26,Real,Inversiones,Local,ARS,339232265.1
demo,2026-03-26,Proyectado,Cobranzas Proyectadas,Local,ARS,26425156.88
demo,2026-03-26,Proyectado,Pagos programados,Local,ARS,-61499318.45
demo,2026-03-27,Real,DISPONIBILIDADES,Local,ARS,1456126202.04
demo,2026-03-27,Real,Moneda extranjera,Local,ARS,886972232.33
demo,2026-03-27,Real,Moneda extranjera,Extranjera,USD,584704.72
demo,2026-03-27,Real,Tipo de cambio USD,Local,USD,1516.96
demo,2026-03-27,Real,Bancos pesos,Local,ARS,105795481.64
demo,2026-03-27,Real,Inversiones,Local,ARS,461274934.87
demo,2026-03-27,Proyectado,Cobranzas Proyectadas,Local,ARS,33201660.53
demo,2026-03-27,Proyectado,Pagos programados,Local,ARS,-31118107.33
demo,2026-03-28,Real,DISPONIBILIDADES,Local,ARS,1630314428.36
demo,2026-03-28,Real,Moneda extranjera,Local,ARS,1057160874.65
demo,2026-03-28,Real,Moneda extranjera,Extranjera,USD,696895.5
demo,2026-03-28,Real,Tipo de cambio USD,Local,USD,1516.96
demo,2026-03-28,Real,Bancos pesos,Local,ARS,128487537.0
demo,2026-03-28,Real,Inversiones,Local,ARS,482124043.57
demo,2026-03-28,Proyectado,Cobranzas Proyectadas,Local,ARS,25540480.0
demo,2026-03-28,Proyectado,Pagos programados,Local,ARS,-62998506.86
demo,2026-03-29,Real,DISPONIBILIDADES,Local,ARS,1534670773.41
demo,2026-03-29,Real,Moneda extranjera,Local,ARS,1028857353.13
demo,2026-03-29,Real,Moneda extranjera,Extranjera,USD,678237.41
demo,2026-03-29,Real,Tipo de cambio USD,Local,USD,1516.96
demo,2026-03-29,Real,Bancos pesos,Local,ARS,130102201.9
demo,2026-03-29,Real,Inversiones,Local,ARS,385203566.37
demo,2026-03-29,Proyectado,Cobranzas Proyectadas,Local,ARS,34220037.17
demo,2026-03-29,Proyectado,Pagos programados,Local,ARS,-43712385.17
demo,2026-03-30,Real,DISPONIBILIDADES,Local,ARS,1663807880.68
demo,2026-03-30,Real,Moneda extranjera,Local,ARS,1207321657.19
demo,2026-03-30,Real,Moneda extranjera,Extranjera,USD,795883.62
demo,2026-03-30,Real,Tipo de cambio USD,Local,USD,1516.96
demo,2026-03-30,Real,Bancos pesos,Local,ARS,114111043.48
demo,2026-03-30,Real,Inversiones,Local,ARS,394575931.93
demo,2026-03-30,Proyectado,Cobranzas Proyectadas,Local,ARS,21146039.83
demo,2026-03-30,Proyectado,Pagos programados,Local,ARS,-73346791.74
demo,2026-03-31,Real,DISPONIBILIDADES,Local,ARS,1511751553.55
demo,2026-03-31,Real,Moneda extranjera,Local,ARS,880378299.04
demo,2026-03-31,Real,Moneda extranjera,Extranjera,USD,580357.91
demo,2026-03-31,Real,Tipo de cambio USD,Local,USD,1516.96
demo,2026-03-31,Real,Bancos pesos,Local,ARS,158725562.99
demo,2026-03-31,Real,Inversiones,Local,ARS,466237075.59
demo,2026-03-31,Proyectado,Cobranzas Proyectadas,Local,ARS,33219389.79
demo,2026-03-31,Proyectado,Pagos programados,Local,ARS,-26808773.86
demo,2026-04-01,Real,DISPONIBILIDADES,Local,ARS,1732597704.83
demo,2026-04-01,Real,Moneda extranjera,Local,ARS,1222289391.54
demo,2026-04-01,Real,Moneda extranjera,Extranjera,USD,791376.81
demo,2026-04-01,Real,Tipo de cambio USD,Local,USD,1544.51
demo,2026-04-01,Real,Bancos pesos,Local,ARS,142486722.29
demo,2026-04-01,Real,Inversiones,Local,ARS,403960422.01
demo,2026-04-01,Proyectado,Cobranzas Proyectadas,Local,ARS,32463474.57
demo,2026-04-01,Proyectado,Pagos programados,Local,ARS,-68602305.56
demo,2026-04-02,Real,DISPONIBILIDADES,Local,ARS,1666492272.71
demo,2026-04-02,Real,Moneda extranjera,Local,ARS,1097577060.37
demo,2026-04-02,Real,Moneda extranjera,Extranjera,USD,710631.24
demo,2026-04-02,Real,Tipo de cambio USD,Local,USD,1544.51
demo,2026-04-02,Real,Bancos pesos,Local,ARS,92811582.22
demo,2026-04-02,Real,Inversiones,Local,ARS,496519134.63
demo,2026-04-02,Proyectado,Cobranzas Proyectadas,Local,ARS,31682546.89
demo,2026-04-02,Proyectado,Pagos programados,Local,ARS,-52098051.41
demo,2026-04-03,Real,DISPONIBILIDADES,Local,ARS,1746806918.24
demo,2026-04-03,Real,Moneda extranjera,Local,ARS,1193657276.15
demo,2026-04-03,Real,Moneda extranjera,Extranjera,USD,772838.82
demo,2026-04-03,Real,Tipo de cambio USD,Local,USD,1544.51
demo,2026-04-03,Real,Bancos pesos,Local,ARS,154244659.76
demo,2026-04-03,Real,Inversiones,Local,ARS,435125638.62
demo,2026-04-03,Proyectado,Cobranzas Proyectadas,Local,ARS,23579673.95
demo,2026-04-03,Proyectado,Pagos programados,Local,ARS,-59800330.25
demo,2026-04-04,Real,DISPONIBILIDADES,Local,ARS,1401256135.42
demo,2026-04-04,Real,Moneda extranjera,Local,ARS,925213300.48
demo,2026-04-04,Real,Moneda extranjera,Extranjera,USD,599033.55
demo,2026-04-04,Real,Tipo de cambio USD,Local,USD,1544.51
demo,2026-04-04,Real,Bancos pesos,Local,ARS,128705878.47
demo,2026-04-04,Real,Inversiones,Local,ARS,371567349.22
demo,2026-04-04,Proyectado,Cobranzas Proyectadas,Local,ARS,36822087.19
demo,2026-04-04,Proyectado,Pagos programados,Local,ARS,-61052479.93
demo,2026-04-05,Real,DISPONIBILIDADES,Local,ARS,1733961892.27
demo,2026-04-05,Real,Moneda extranjera,Local,ARS,1227778395.68
demo,2026-04-05,Real,Moneda extranjera,Extranjera,USD,794930.69
demo,2026-04-05,Real,Tipo de cambio USD,Local,USD,1544.51
demo,2026-04-05,Real,Bancos pesos,Local,ARS,146526848.43
demo,2026-04-05,Real,Inversiones,Local,ARS,365276893.7
demo,2026-04-05,Proyectado,Cobranzas Proyectadas,Local,ARS,14494009.33
demo,2026-04-05,Proyectado,Pagos programados,Local,ARS,-20114254.87
demo,2026-04-06,Real,DISPONIBILIDADES,Local,ARS,1625123052.06
demo,2026-04-06,Real,Moneda extranjera,Local,ARS,1176554036.06
demo,2026-04-06,Real,Moneda extranjera,Extranjera,USD,761765.25
demo,2026-04-06,Real,Tipo de cambio USD,Local,USD,1544.51
demo,2026-04-06,Real,Bancos pesos,Local,ARS,128593934.95
demo,2026-04-06,Real,Inversiones,Local,ARS,310774775.19
demo,2026-04-06,Proyectado,Cobranzas Proyectadas,Local,ARS,33634763.92
demo,2026-04-06,Proyectado,Pagos programados,Local,ARS,-24434458.06
demo,2026-04-07,Real,DISPONIBILIDADES,Local,ARS,1597142291.98
demo,2026-04-07,Real,Moneda extranjera,Local,ARS,1125991448.9
demo,2026-04-07,Real,Moneda extranjera,Extranjera,USD,729028.27
demo,2026-04-07,Real,Tipo de cambio USD,Local,USD,1544.51
demo,2026-04-07,Real,Bancos pesos,Local,ARS,90617816.75
demo,2026-04-07,Real,Inversiones,Local,ARS,374215933.67
demo,2026-04-07,Proyectado,Cobranzas Proyectadas,Local,ARS,37490001.23
demo,2026-04-07,Proyectado,Pagos programados,Local,ARS,-31172908.57
demo,2026-04-08,Real,DISPONIBILIDADES,Local,ARS,1453168111.57
demo,2026-04-08,Real,Moneda extranjera,Local,ARS,931489584.82
demo,2026-04-08,Real,Moneda extranjera,Extranjera,USD,603097.16
demo,2026-04-08,Real,Tipo de cambio USD,Local,USD,1544.51
demo,2026-04-08,Real,Bancos pesos,Local,ARS,93003726.8
demo,2026-04-08,Real,Inversiones,Local,ARS,460992066.58
demo,2026-04-08,Proyectado,Cobranzas Proyectadas,Local,ARS,32341344.53
demo,2026-04-08,Proyectado,Pagos programados,Local,ARS,-64658611.16
demo,2026-04-09,Real,DISPONIBILIDADES,Local,ARS,1319212410.53
demo,2026-04-09,Real,Moneda extranjera,Local,ARS,797185112.14
demo,2026-04-09,Real,Moneda extranjera,Extranjera,USD,516141.12
demo,2026-04-09,Real,Tipo de cambio USD,Local,USD,1544.51
demo,2026-04-09,Real,Bancos pesos,Local,ARS,138436201.33
demo,2026-04-09,Real,Inversiones,Local,ARS,418443453.11
demo,2026-04-09,Proyectado,Cobranzas Proyectadas,Local,ARS,29230549.34
demo,2026-04-09,Proyectado,Pagos programados,Local,ARS,-64082905.4
demo,2026-04-10,Real,DISPONIBILIDADES,Local,ARS,1359129627.72
demo,2026-04-10,Real,Moneda extranjera,Local,ARS,823493685.83
demo,2026-04-10,Real,Moneda extranjera,Extranjera,USD,533174.72
demo,2026-04-10,Real,Tipo de cambio USD,Local,USD,1544.51
demo,2026-04-10,Real,Bancos pesos,Local,ARS,134796386.25
demo,2026-04-10,Real,Inversiones,Local,ARS,392629243.29
demo,2026-04-10,Proyectado,Cobranzas Proyectadas,Local,ARS,35782737.21
demo,2026-04-10,Proyectado,Pagos programados,Local,ARS,-27572424.87
demo,2026-04-11,Real,DISPONIBILIDADES,Local,ARS,1423368540.0
demo,2026-04-11,Real,Moneda extranjera,Local,ARS,838617457.28
demo,2026-04-11,Real,Moneda extranjera,Extranjera,USD,542966.68
demo,2026-04-11,Real,Tipo de cambio USD,Local,USD,1544.51
demo,2026-04-11,Real,Bancos pesos,Local,ARS,122925183.69
demo,2026-04-11,Real,Inversiones,Local,ARS,485135076.28
demo,2026-04-11,Proyectado,Cobranzas Proyectadas,Local,ARS,14655857.38
demo,2026-04-11,Proyectado,Pagos programados,Local,ARS,-37965034.63
demo,2026-04-12,Real,DISPONIBILIDADES,Local,ARS,1485245429.08
demo,2026-04-12,Real,Moneda extranjera,Local,ARS,1071154969.84
demo,2026-04-12,Real,Moneda extranjera,Extranjera,USD,693524.14
demo,2026-04-12,Real,Tipo de cambio USD,Local,USD,1544.51
demo,2026-04-12,Real,Bancos pesos,Local,ARS,133730284.78
demo,2026-04-12,Real,Inversiones,Local,ARS,302907935.86
demo,2026-04-12,Proyectado,Cobranzas Proyectadas,Local,ARS,28490672.7
demo,2026-04-12,Proyectado,Pagos programados,Local,ARS,-51038434.11
demo,2026-04-13,Real,DISPONIBILIDADES,Local,ARS,1589535380.92
demo,2026-04-13,Real,Moneda extranjera,Local,ARS,1149948888.9
demo,2026-04-13,Real,Moneda extranjera,Extranjera,USD,744539.62
demo,2026-04-13,Real,Tipo de cambio USD,Local,USD,1544.51
demo,2026-04-13,Real,Bancos pesos,Local,ARS,141786291.78
demo,2026-04-13,Real,Inversiones,Local,ARS,324728053.32
demo,2026-04-13,Proyectado,Cobranzas Proyectadas,Local,ARS,30996620.55
demo,2026-04-13,Proyectado,Pagos programados,Local,ARS,-57924473.64
demo,2026-04-14,Real,DISPONIBILIDADES,Local,ARS,1387612526.78
demo,2026-04-14,Real,Moneda extranjera,Local,ARS,840887144.33
demo,2026-04-14,Real,Moneda extranjera,Extranjera,USD,544436.19
demo,2026-04-14,Real,Tipo de cambio USD,Local,USD,1544.51
demo,2026-04-14,Real,Bancos pesos,Local,ARS,106509915.11
demo,2026-04-14,Real,Inversiones,Local,ARS,471662087.34
demo,2026-04-14,Proyectado,Cobranzas Proyectadas,Local,ARS,26795696.7
demo,2026-04-14,Proyectado,Pagos programados,Local,ARS,-58242316.7
demo,2026-04-15,Real,DISPONIBILIDADES,Local,ARS,1337538938.47
demo,2026-04-15,Real,Moneda extranjera,Local,ARS,790028088.83
demo,2026-04-15,Real,Moneda extranjera,Extranjera,USD,511507.27
demo,2026-04-15,Real,Tipo de cambio USD,Local,USD,1544.51
demo,2026-04-15,Real,Bancos pesos,Local,ARS,109465264.27
demo,2026-04-15,Real,Inversiones,Local,ARS,446019425.72
demo,2026-04-15,Proyectado,Cobranzas Proyectadas,Local,ARS,29202693.46
demo,2026-04-15,Proyectado,Pagos programados,Local,ARS,-37176533.8
demo,2026-04-16,Real,DISPONIBILIDADES,Local,ARS,1646823381.18
demo,2026-04-16,Real,Moneda extranjera,Local,ARS,1210963360.45
demo,2026-04-16,Real,Moneda extranjera,Extranjera,USD,784043.72
demo,2026-04-16,Real,Tipo de cambio USD,Local,USD,1544.51
demo,2026-04-16,Real,Bancos pesos,Local,ARS,133822318.35
demo,2026-04-16,Real,Inversiones,Local,ARS,341080774.18
demo,2026-04-16,Proyectado,Cobranzas Proyectadas,Local,ARS,38405447.53
demo,2026-04-16,Proyectado,Pagos programados,Local,ARS,-77448519.34
demo,2026-04-17,Real,DISPONIBILIDADES,Local,ARS,1555446090.03
demo,2026-04-17,Real,Moneda extranjera,Local,ARS,986666135.95
demo,2026-04-17,Real,Moneda extranjera,Extranjera,USD,638821.46
demo,2026-04-17,Real,Tipo de cambio USD,Local,USD,1544.51
demo,2026-04-17,Real,Bancos pesos,Local,ARS,148561008.04
demo,2026-04-17,Real,Inversiones,Local,ARS,445619481.36
demo,2026-04-17,Proyectado,Cobranzas Proyectadas,Local,ARS,23697601.97
demo,2026-04-17,Proyectado,Pagos programados,Local,ARS,-49098137.29
demo,2026-04-18,Real,DISPONIBILIDADES,Local,ARS,1652007732.09
demo,2026-04-18,Real,Moneda extranjera,Local,ARS,1071879586.86
demo,2026-04-18,Real,Moneda extranjera,Extranjera,USD,693993.3
demo,2026-04-18,Real,Tipo de cambio USD,Local,USD,1544.51
demo,2026-04-18,Real,Bancos pesos,Local,ARS,143766210.92
demo,2026-04-18,Real,Inversiones,Local,ARS,459213286.53
demo,2026-04-18,Proyectado,Cobranzas Proyectadas,Local,ARS,10073427.49
demo,2026-04-18,Proyectado,Pagos programados,Local,ARS,-32924779.71
demo,2026-04-19,Real,DISPONIBILIDADES,Local,ARS,1633798311.87
demo,2026-04-19,Real,Moneda extranjera,Local,ARS,1213435762.15
demo,2026-04-19,Real,Moneda extranjera,Extranjera,USD,785644.49
demo,2026-04-19,Real,Tipo de cambio USD,Local,USD,1544.51
demo,2026-04-19,Real,Bancos pesos,Local,ARS,126724324.37
demo,2026-04-19,Real,Inversiones,Local,ARS,344603610.24
demo,2026-04-19,Proyectado,Cobranzas Proyectadas,Local,ARS,15694220.46
demo,2026-04-19,Proyectado,Pagos programados,Local,ARS,-66659605.35
demo,2026-04-20,Real,DISPONIBILIDADES,Local,ARS,1540199695.5
demo,2026-04-20,Real,Moneda extranjera,Local,ARS,1054777822.98
demo,2026-04-20,Real,Moneda extranjera,Extranjera,USD,682920.68
demo,2026-04-20,Real,Tipo de cambio USD,Local,USD,1544.51
demo,2026-04-20,Real,Bancos pesos,Local,ARS,118257587.4
demo,2026-04-20,Real,Inversiones,Local,ARS,415385651.82
demo,2026-04-20,Proyectado,Cobranzas Proyectadas,Local,ARS,25389788.67
demo,2026-04-20,Proyectado,Pagos programados,Local,ARS,-73611155.38
demo,2026-04-21,Real,DISPONIBILIDADES,Local,ARS,1313282835.27
demo,2026-04-21,Real,Moneda extranjera,Local,ARS,870555081.91
demo,2026-04-21,Real,Moneda extranjera,Extranjera,USD,563644.83
demo,2026-04-21,Real,Tipo de cambio USD,Local,USD,1544.51
demo,2026-04-21,Real,Bancos pesos,Local,ARS,155778905.05
demo,2026-04-21,Real,Inversiones,Local,ARS,311003955.1
demo,2026-04-21,Proyectado,Cobranzas Proyectadas,Local,ARS,35103131.74
demo,2026-04-21,Proyectado,Pagos programados,Local,ARS,-59158238.54
demo,2026-04-22,Real,DISPONIBILIDADES,Local,ARS,1550208130.32
demo,2026-04-22,Real,Moneda extranjera,Local,ARS,945993360.82
demo,2026-04-22,Real,Moneda extranjera,Extranjera,USD,612487.69
demo,2026-04-22,Real,Tipo de cambio USD,Local,USD,1544.51
demo,2026-04-22,Real,Bancos pesos,Local,ARS,110678598.45
demo,2026-04-22,Real,Inversiones,Local,ARS,491215728.74
demo,2026-04-22,Proyectado,Cobranzas Proyectadas,Local,ARS,33462222.06
demo,2026-04-22,Proyectado,Pagos programados,Local,ARS,-31141779.75
demo,2026-04-23,Real,DISPONIBILIDADES,Local,ARS,1408159578.36
demo,2026-04-23,Real,Moneda extranjera,Local,ARS,985301934.49
demo,2026-04-23,Real,Moneda extranjera,Extranjera,USD,637938.2
demo,2026-04-23,Real,Tipo de cambio USD,Local,USD,1544.51
demo,2026-04-23,Real,Bancos pesos,Local,ARS,124824487.43
demo,2026-04-23,Real,Inversiones,Local,ARS,305710163.92
demo,2026-04-23,Proyectado,Cobranzas Proyectadas,Local,ARS,38842130.96
demo,2026-04-23,Proyectado,Pagos programados,Local,ARS,-46519138.44
demo,2026-04-24,Real,DISPONIBILIDADES,Local,ARS,1701804770.35
demo,2026-04-24,Real,Moneda extranjera,Local,ARS,1093751006.23
demo,2026-04-24,Real,Moneda extranjera,Extranjera,USD,708154.05
demo,2026-04-24,Real,Tipo de cambio USD,Local,USD,1544.51
demo,2026-04-24,Real,Bancos pesos,Local,ARS,154027540.15
demo,2026-04-24,Real,Inversiones,Local,ARS,484902676.66
demo,2026-04-24,Proyectado,Cobranzas Proyectadas,Local,ARS,18752196.69
demo,2026-04-24,Proyectado,Pagos programados,Local,ARS,-49628649.38
demo,2026-04-25,Real,DISPONIBILIDADES,Local,ARS,1557147898.37
demo,2026-04-25,Real,Moneda extranjera,Local,ARS,956348807.38
demo,2026-04-25,Real,Moneda extranjera,Extranjera,USD,619192.37
demo,2026-04-25,Real,Tipo de cambio USD,Local,USD,1544.51
demo,2026-04-25,Real,Bancos pesos,Local,ARS,156115275.45
demo,2026-04-25,Real,Inversiones,Local,ARS,480876629.2
demo,2026-04-25,Proyectado,Cobranzas Proyectadas,Local,ARS,33621516.61
demo,2026-04-25,Proyectado,Pagos programados,Local,ARS,-69814330.27
demo,2026-04-26,Real,DISPONIBILIDADES,Local,ARS,1590773175.81
demo,2026-04-26,Real,Moneda extranjera,Local,ARS,1064403876.03
demo,2026-04-26,Real,Moneda extranjera,Extranjera,USD,689153.12
demo,2026-04-26,Real,Tipo de cambio USD,Local,USD,1544.51
demo,2026-04-26,Real,Bancos pesos,Local,ARS,108243922.5
demo,2026-04-26,Real,Inversiones,Local,ARS,431736283.95
demo,2026-04-26,Proyectado,Cobranzas Proyectadas,Local,ARS,10525948.55
demo,2026-04-26,Proyectado,Pagos programados,Local,ARS,-24136855.22
demo,2026-04-27,Real,DISPONIBILIDADES,Local,ARS,1405754767.05
demo,2026-04-27,Real,Moneda extranjera,Local,ARS,804872068.49
demo,2026-04-27,Real,Moneda extranjera,Extranjera,USD,521118.07
demo,2026-04-27,Real,Tipo de cambio USD,Local,USD,1544.51
demo,2026-04-27,Real,Bancos pesos,Local,ARS,131462578.46
demo,2026-04-27,Real,Inversiones,Local,ARS,497375741.31
demo,2026-04-27,Proyectado,Cobranzas Proyectadas,Local,ARS,18299943.06
demo,2026-04-27,Proyectado,Pagos programados,Local,ARS,-46255564.28
demo,2026-04-28,Real,DISPONIBILIDADES,Local,ARS,1541848822.32
demo,2026-04-28,Real,Moneda extranjera,Local,ARS,1014725063.93
demo,2026-04-28,Real,Moneda extranjera,Extranjera,USD,656988.34
demo,2026-04-28,Real,Tipo de cambio USD,Local,USD,1544.51
demo,2026-04-28,Real,Bancos pesos,Local,ARS,119718746.94
demo,2026-04-28,Real,Inversiones,Local,ARS,425881481.12
demo,2026-04-28,Proyectado,Cobranzas Proyectadas,Local,ARS,11817430.65
demo,2026-04-28,Proyectado,Pagos programados,Local,ARS,-30293900.32
demo,2026-04-29,Real,DISPONIBILIDADES,Local,ARS,1832031099.01
demo,2026-04-29,Real,Moneda extranjera,Local,ARS,1186739941.23
demo,2026-04-29,Real,Moneda extranjera,Extranjera,USD,768360.16
demo,2026-04-29,Real,Tipo de cambio USD,Local,USD,1544.51
demo,2026-04-29,Real,Bancos pesos,Local,ARS,156171841.26
demo,2026-04-29,Real,Inversiones,Local,ARS,474875776.73
demo,2026-04-29,Proyectado,Cobranzas Proyectadas,Local,ARS,36042705.05
demo,2026-04-29,Proyectado,Pagos programados,Local,ARS,-21799165.27
demo,2026-04-30,Real,DISPONIBILIDADES,Local,ARS,1352366299.01
demo,2026-04-30,Real,Moneda extranjera,Local,ARS,863808181.79
demo,2026-04-30,Real,Moneda extranjera,Extranjera,USD,559276.52
demo,2026-04-30,Real,Tipo de cambio USD,Local,USD,1544.51
demo,2026-04-30,Real,Bancos pesos,Local,ARS,154090292.01
demo,2026-04-30,Real,Inversiones,Local,ARS,385295372.21
demo,2026-04-30,Proyectado,Cobranzas Proyectadas,Local,ARS,28923540.68
demo,2026-04-30,Proyectado,Pagos programados,Local,ARS,-79751087.68
demo,2026-05-01,Real,DISPONIBILIDADES,Local,ARS,1381937042.98
demo,2026-05-01,Real,Moneda extranjera,Local,ARS,816699127.01
demo,2026-05-01,Real,Moneda extranjera,Extranjera,USD,519342.74
demo,2026-05-01,Real,Tipo de cambio USD,Local,USD,1572.56
demo,2026-05-01,Real,Bancos pesos,Local,ARS,144956782.84
demo,2026-05-01,Real,Inversiones,Local,ARS,408141662.56
demo,2026-05-01,Proyectado,Cobranzas Proyectadas,Local,ARS,33796837.03
demo,2026-05-01,Proyectado,Pagos programados,Local,ARS,-21657366.46
demo,2026-05-02,Real,DISPONIBILIDADES,Local,ARS,1373759074.5
demo,2026-05-02,Real,Moneda extranjera,Local,ARS,856254494.66
demo,2026-05-02,Real,Moneda extranjera,Extranjera,USD,544496.18
demo,2026-05-02,Real,Tipo de cambio USD,Local,USD,1572.56
demo,2026-05-02,Real,Bancos pesos,Local,ARS,95583954.15
demo,2026-05-02,Real,Inversiones,Local,ARS,463978793.12
demo,2026-05-02,Proyectado,Cobranzas Proyectadas,Local,ARS,28228294.21
demo,2026-05-02,Proyectado,Pagos programados,Local,ARS,-70286461.63
demo,2026-05-03,Real,DISPONIBILIDADES,Local,ARS,1331904844.68
demo,2026-05-03,Real,Moneda extranjera,Local,ARS,804619918.12
demo,2026-05-03,Real,Moneda extranjera,Extranjera,USD,511661.52
demo,2026-05-03,Real,Tipo de cambio USD,Local,USD,1572.56
demo,2026-05-03,Real,Bancos pesos,Local,ARS,154417992.3
demo,2026-05-03,Real,Inversiones,Local,ARS,399381345.5
demo,2026-05-03,Proyectado,Cobranzas Proyectadas,Local,ARS,27610111.12
demo,2026-05-03,Proyectado,Pagos programados,Local,ARS,-54124522.35
demo,2026-05-04,Real,DISPONIBILIDADES,Local,ARS,1572558746.11
demo,2026-05-04,Real,Moneda extranjera,Local,ARS,1009673531.45
demo,2026-05-04,Real,Moneda extranjera,Extranjera,USD,642056.06
demo,2026-05-04,Real,Tipo de cambio USD,Local,USD,1572.56
demo,2026-05-04,Real,Bancos pesos,Local,ARS,132784561.52
demo,2026-05-04,Real,Inversiones,Local,ARS,450077496.94
demo,2026-05-04,Proyectado,Cobranzas Proyectadas,Local,ARS,30096311.29
demo,2026-05-04,Proyectado,Pagos programados,Local,ARS,-50073155.08
demo,2026-05-05,Real,DISPONIBILIDADES,Local,ARS,1760764646.24
demo,2026-05-05,Real,Moneda extranjera,Local,ARS,1231300014.72
demo,2026-05-05,Real,Moneda extranjera,Extranjera,USD,782989.36
demo,2026-05-05,Real,Tipo de cambio USD,Local,USD,1572.56
demo,2026-05-05,Real,Bancos pesos,Local,ARS,132621911.06
demo,2026-05-05,Real,Inversiones,Local,ARS,419049644.6
demo,2026-05-05,Proyectado,Cobranzas Proyectadas,Local,ARS,27014817.29
demo,2026-05-05,Proyectado,Pagos programados,Local,ARS,-49221741.42
demo,2026-05-06,Real,DISPONIBILIDADES,Local,ARS,1532340278.3
demo,2026-05-06,Real,Moneda extranjera,Local,ARS,1077618657.3
demo,2026-05-06,Real,Moneda extranjera,Extranjera,USD,685262.68
demo,2026-05-06,Real,Tipo de cambio USD,Local,USD,1572.56
demo,2026-05-06,Real,Bancos pesos,Local,ARS,111924317.67
demo,2026-05-06,Real,Inversiones,Local,ARS,363193412.08
demo,2026-05-06,Proyectado,Cobranzas Proyectadas,Local,ARS,26707345.05
demo,2026-05-06,Proyectado,Pagos programados,Local,ARS,-47103453.79
demo,2026-05-07,Real,DISPONIBILIDADES,Local,ARS,1647133255.15
demo,2026-05-07,Real,Moneda extranjera,Local,ARS,1191214652.05
demo,2026-05-07,Real,Moneda extranjera,Extranjera,USD,757498.89
demo,2026-05-07,Real,Tipo de cambio USD,Local,USD,1572.56
demo,2026-05-07,Real,Bancos pesos,Local,ARS,110083799.35
demo,2026-05-07,Real,Inversiones,Local,ARS,345253566.7
demo,2026-05-07,Proyectado,Cobranzas Proyectadas,Local,ARS,22535825.64
demo,2026-05-07,Proyectado,Pagos programados,Local,ARS,-21954588.59
demo,2026-05-08,Real,DISPONIBILIDADES,Local,ARS,1265345813.13
demo,2026-05-08,Real,Moneda extranjera,Local,ARS,803233035.31
demo,2026-05-08,Real,Moneda extranjera,Extranjera,USD,510779.59
demo,2026-05-08,Real,Tipo de cambio USD,Local,USD,1572.56
demo,2026-05-08,Real,Bancos pesos,Local,ARS,91181759.97
demo,2026-05-08,Real,Inversiones,Local,ARS,400374194.47
demo,2026-05-08,Proyectado,Cobranzas Proyectadas,Local,ARS,22364497.46
demo,2026-05-08,Proyectado,Pagos programados,Local,ARS,-51807674.09
demo,2026-05-09,Real,DISPONIBILIDADES,Local,ARS,1449033973.89
demo,2026-05-09,Real,Moneda extranjera,Local,ARS,831891377.45
demo,2026-05-09,Real,Moneda extranjera,Extranjera,USD,529003.56
demo,2026-05-09,Real,Tipo de cambio USD,Local,USD,1572.56
demo,2026-05-09,Real,Bancos pesos,Local,ARS,111722376.17
demo,2026-05-09,Real,Inversiones,Local,ARS,491318288.14
demo,2026-05-09,Proyectado,Cobranzas Proyectadas,Local,ARS,38975736.17
demo,2026-05-09,Proyectado,Pagos programados,Local,ARS,-24873804.04
demo,2026-05-10,Real,DISPONIBILIDADES,Local,ARS,1355928071.09
demo,2026-05-10,Real,Moneda extranjera,Local,ARS,873906697.7
demo,2026-05-10,Real,Moneda extranjera,Extranjera,USD,555721.3
demo,2026-05-10,Real,Tipo de cambio USD,Local,USD,1572.56
demo,2026-05-10,Real,Bancos pesos,Local,ARS,91407931.69
demo,2026-05-10,Real,Inversiones,Local,ARS,425591141.03
demo,2026-05-10,Proyectado,Cobranzas Proyectadas,Local,ARS,36234233.18
demo,2026-05-10,Proyectado,Pagos programados,Local,ARS,-71211932.51
demo,2026-05-11,Real,DISPONIBILIDADES,Local,ARS,1394259379.77
demo,2026-05-11,Real,Moneda extranjera,Local,ARS,844829662.88
demo,2026-05-11,Real,Moneda extranjera,Extranjera,USD,537231.08
demo,2026-05-11,Real,Tipo de cambio USD,Local,USD,1572.56
demo,2026-05-11,Real,Bancos pesos,Local,ARS,113018863.79
demo,2026-05-11,Real,Inversiones,Local,ARS,457647648.85
demo,2026-05-11,Proyectado,Cobranzas Proyectadas,Local,ARS,34668438.38
demo,2026-05-11,Proyectado,Pagos programados,Local,ARS,-55905234.13
demo,2026-05-12,Real,DISPONIBILIDADES,Local,ARS,1681788348.48
demo,2026-05-12,Real,Moneda extranjera,Local,ARS,1202670735.14
demo,2026-05-12,Real,Moneda extranjera,Extranjera,USD,764783.87
demo,2026-05-12,Real,Tipo de cambio USD,Local,USD,1572.56
demo,2026-05-12,Real,Bancos pesos,Local,ARS,111667098.36
demo,2026-05-12,Real,Inversiones,Local,ARS,407257516.37
demo,2026-05-12,Proyectado,Cobranzas Proyectadas,Local,ARS,31978597.05
demo,2026-05-12,Proyectado,Pagos programados,Local,ARS,-71785598.45
demo,2026-05-13,Real,DISPONIBILIDADES,Local,ARS,1617795259.63
demo,2026-05-13,Real,Moneda extranjera,Local,ARS,1149208416.86
demo,2026-05-13,Real,Moneda extranjera,Extranjera,USD,730786.93
demo,2026-05-13,Real,Tipo de cambio USD,Local,USD,1572.56
demo,2026-05-13,Real,Bancos pesos,Local,ARS,106323029.43
demo,2026-05-13,Real,Inversiones,Local,ARS,404165747.72
demo,2026-05-13,Proyectado,Cobranzas Proyectadas,Local,ARS,29945948.56
demo,2026-05-13,Proyectado,Pagos programados,Local,ARS,-71847882.93
demo,2026-05-14,Real,DISPONIBILIDADES,Local,ARS,1362845472.87
demo,2026-05-14,Real,Moneda extranjera,Local,ARS,848114446.69
demo,2026-05-14,Real,Moneda extranjera,Extranjera,USD,539319.89
demo,2026-05-14,Real,Tipo de cambio USD,Local,USD,1572.56
demo,2026-05-14,Real,Bancos pesos,Local,ARS,134061064.7
demo,2026-05-14,Real,Inversiones,Local,ARS,396981348.12
demo,2026-05-14,Proyectado,Cobranzas Proyectadas,Local,ARS,21304638.41
demo,2026-05-14,Proyectado,Pagos programados,Local,ARS,-37616025.06
demo,2026-05-15,Real,DISPONIBILIDADES,Local,ARS,1811769565.37
demo,2026-05-15,Real,Moneda extranjera,Local,ARS,1255982589.14
demo,2026-05-15,Real,Moneda extranjera,Extranjera,USD,798685.12
demo,2026-05-15,Real,Tipo de cambio USD,Local,USD,1572.56
demo,2026-05-15,Real,Bancos pesos,Local,ARS,128999084.9
demo,2026-05-15,Real,Inversiones,Local,ARS,432175100.35
demo,2026-05-15,Proyectado,Cobranzas Proyectadas,Local,ARS,19626324.01
demo,2026-05-15,Proyectado,Pagos programados,Local,ARS,-25013533.03
demo,2026-05-16,Real,DISPONIBILIDADES,Local,ARS,1358565045.21
demo,2026-05-16,Real,Moneda extranjera,Local,ARS,934943331.24
demo,2026-05-16,Real,Moneda extranjera,Extranjera,USD,594534.78
demo,2026-05-16,Real,Tipo de cambio USD,Local,USD,1572.56
demo,2026-05-16,Real,Bancos pesos,Local,ARS,145443848.3
demo,2026-05-16,Real,Inversiones,Local,ARS,323436711.58
demo,2026-05-16,Proyectado,Cobranzas Proyectadas,Local,ARS,11215259.35
demo,2026-05-16,Proyectado,Pagos programados,Local,ARS,-56474105.26
demo,2026-05-17,Real,DISPONIBILIDADES,Local,ARS,1713821420.24
demo,2026-05-17,Real,Moneda extranjera,Local,ARS,1145592031.83
demo,2026-05-17,Real,Moneda extranjera,Extranjera,USD,728487.26
demo,2026-05-17,Real,Tipo de cambio USD,Local,USD,1572.56
demo,2026-05-17,Real,Bancos pesos,Local,ARS,145591537.14
demo,2026-05-17,Real,Inversiones,Local,ARS,422103162.6
demo,2026-05-17,Proyectado,Cobranzas Proyectadas,Local,ARS,37419055.68
demo,2026-05-17,Proyectado,Pagos programados,Local,ARS,-36884367.0
demo,2026-05-18,Real,DISPONIBILIDADES,Local,ARS,1751308880.21
demo,2026-05-18,Real,Moneda extranjera,Local,ARS,1201294065.16
demo,2026-05-18,Real,Moneda extranjera,Extranjera,USD,763908.44
demo,2026-05-18,Real,Tipo de cambio USD,Local,USD,1572.56
demo,2026-05-18,Real,Bancos pesos,Local,ARS,102320249.1
demo,2026-05-18,Real,Inversiones,Local,ARS,480336327.94
demo,2026-05-18,Proyectado,Cobranzas Proyectadas,Local,ARS,19555931.94
demo,2026-05-18,Proyectado,Pagos programados,Local,ARS,-52197693.92
demo,2026-05-19,Real,DISPONIBILIDADES,Local,ARS,1428261455.13
demo,2026-05-19,Real,Moneda extranjera,Local,ARS,959163330.71
demo,2026-05-19,Real,Moneda extranjera,Extranjera,USD,609936.39
demo,2026-05-19,Real,Tipo de cambio USD,Local,USD,1572.56
demo,2026-05-19,Real,Bancos pesos,Local,ARS,117921796.41
demo,2026-05-19,Real,Inversiones,Local,ARS,358373228.45
demo,2026-05-19,Proyectado,Cobranzas Proyectadas,Local,ARS,19771355.38
demo,2026-05-19,Proyectado,Pagos programados,Local,ARS,-26968255.82
demo,2026-05-20,Real,DISPONIBILIDADES,Local,ARS,1520816489.97
demo,2026-05-20,Real,Moneda extranjera,Local,ARS,1057800155.7
demo,2026-05-20,Real,Moneda extranjera,Extranjera,USD,672660.0
demo,2026-05-20,Real,Tipo de cambio USD,Local,USD,1572.56
demo,2026-05-20,Real,Bancos pesos,Local,ARS,136018278.73
demo,2026-05-20,Real,Inversiones,Local,ARS,335442601.11
demo,2026-05-20,Proyectado,Cobranzas Proyectadas,Local,ARS,38238181.68
demo,2026-05-20,Proyectado,Pagos programados,Local,ARS,-46682727.26
demo,2026-05-21,Real,DISPONIBILIDADES,Local,ARS,1398417980.17
demo,2026-05-21,Real,Moneda extranjera,Local,ARS,854546824.99
demo,2026-05-21,Real,Moneda extranjera,Extranjera,USD,543410.27
demo,2026-05-21,Real,Tipo de cambio USD,Local,USD,1572.56
demo,2026-05-21,Real,Bancos pesos,Local,ARS,114024203.43
demo,2026-05-21,Real,Inversiones,Local,ARS,478967126.77
demo,2026-05-21,Proyectado,Cobranzas Proyectadas,Local,ARS,30609805.84
demo,2026-05-21,Proyectado,Pagos programados,Local,ARS,-79729980.86
demo,2026-05-22,Real,DISPONIBILIDADES,Local,ARS,1416501458.84
demo,2026-05-22,Real,Moneda extranjera,Local,ARS,987762619.27
demo,2026-05-22,Real,Moneda extranjera,Extranjera,USD,628122.81
demo,2026-05-22,Real,Tipo de cambio USD,Local,USD,1572.56
demo,2026-05-22,Real,Bancos pesos,Local,ARS,132191993.7
demo,2026-05-22,Real,Inversiones,Local,ARS,328899095.27
demo,2026-05-22,Proyectado,Cobranzas Proyectadas,Local,ARS,10499097.38
demo,2026-05-22,Proyectado,Pagos programados,Local,ARS,-42851346.78
demo,2026-05-23,Real,DISPONIBILIDADES,Local,ARS,1686146592.04
demo,2026-05-23,Real,Moneda extranjera,Local,ARS,1080681772.72
demo,2026-05-23,Real,Moneda extranjera,Extranjera,USD,687210.53
demo,2026-05-23,Real,Tipo de cambio USD,Local,USD,1572.56
demo,2026-05-23,Real,Bancos pesos,Local,ARS,99959572.18
demo,2026-05-23,Real,Inversiones,Local,ARS,498151070.07
demo,2026-05-23,Proyectado,Cobranzas Proyectadas,Local,ARS,28175706.8
demo,2026-05-23,Proyectado,Pagos programados,Local,ARS,-20821529.73
demo,2026-05-24,Real,DISPONIBILIDADES,Local,ARS,1589460064.02
demo,2026-05-24,Real,Moneda extranjera,Local,ARS,1065151195.14
demo,2026-05-24,Real,Moneda extranjera,Extranjera,USD,677334.56
demo,2026-05-24,Real,Tipo de cambio USD,Local,USD,1572.56
demo,2026-05-24,Real,Bancos pesos,Local,ARS,90287148.83
demo,2026-05-24,Real,Inversiones,Local,ARS,467876698.59
demo,2026-05-24,Proyectado,Cobranzas Proyectadas,Local,ARS,39727226.43
demo,2026-05-24,Proyectado,Pagos programados,Local,ARS,-73582204.98
demo,2026-05-25,Real,DISPONIBILIDADES,Local,ARS,1377695036.97
demo,2026-05-25,Real,Moneda extranjera,Local,ARS,936530672.89
demo,2026-05-25,Real,Moneda extranjera,Extranjera,USD,595544.18
demo,2026-05-25,Real,Tipo de cambio USD,Local,USD,1572.56
demo,2026-05-25,Real,Bancos pesos,Local,ARS,137998820.38
demo,2026-05-25,Real,Inversiones,Local,ARS,368685506.09
demo,2026-05-25,Proyectado,Cobranzas Proyectadas,Local,ARS,14257778.68
demo,2026-05-25,Proyectado,Pagos programados,Local,ARS,-79777741.08
demo,2026-05-26,Real,DISPONIBILIDADES,Local,ARS,1413096601.33
demo,2026-05-26,Real,Moneda extranjera,Local,ARS,818299450.37
demo,2026-05-26,Real,Moneda extranjera,Extranjera,USD,520360.4
demo,2026-05-26,Real,Tipo de cambio USD,Local,USD,1572.56
demo,2026-05-26,Real,Bancos pesos,Local,ARS,154112808.73
demo,2026-05-26,Real,Inversiones,Local,ARS,481565881.99
demo,2026-05-26,Proyectado,Cobranzas Proyectadas,Local,ARS,32621129.98
demo,2026-05-26,Proyectado,Pagos programados,Local,ARS,-73502669.74
demo,2026-05-27,Real,DISPONIBILIDADES,Local,ARS,1641590771.93
demo,2026-05-27,Real,Moneda extranjera,Local,ARS,1070506430.67
demo,2026-05-27,Real,Moneda extranjera,Extranjera,USD,680739.98
demo,2026-05-27,Real,Tipo de cambio USD,Local,USD,1572.56
demo,2026-05-27,Real,Bancos pesos,Local,ARS,121613421.73
demo,2026-05-27,Real,Inversiones,Local,ARS,476869613.01
demo,2026-05-27,Proyectado,Cobranzas Proyectadas,Local,ARS,37549277.78
demo,2026-05-27,Proyectado,Pagos programados,Local,ARS,-64947971.27
demo,2026-05-28,Real,DISPONIBILIDADES,Local,ARS,1510340300.53
demo,2026-05-28,Real,Moneda extranjera,Local,ARS,1065550986.87
demo,2026-05-28,Real,Moneda extranjera,Extranjera,USD,677588.79
demo,2026-05-28,Real,Tipo de cambio USD,Local,USD,1572.56
demo,2026-05-28,Real,Bancos pesos,Local,ARS,100775035.42
demo,2026-05-28,Real,Inversiones,Local,ARS,400076740.5
demo,2026-05-28,Proyectado,Cobranzas Proyectadas,Local,ARS,20824058.77
demo,2026-05-28,Proyectado,Pagos programados,Local,ARS,-76886521.03
demo,2026-05-29,Real,DISPONIBILIDADES,Local,ARS,1721244473.13
demo,2026-05-29,Real,Moneda extranjera,Local,ARS,1131021739.41
demo,2026-05-29,Real,Moneda extranjera,Extranjera,USD,719221.94
demo,2026-05-29,Real,Tipo de cambio USD,Local,USD,1572.56
demo,2026-05-29,Real,Bancos pesos,Local,ARS,147200749.99
demo,2026-05-29,Real,Inversiones,Local,ARS,447160344.11
demo,2026-05-29,Proyectado,Cobranzas Proyectadas,Local,ARS,23577735.88
demo,2026-05-29,Proyectado,Pagos programados,Local,ARS,-27716096.26
demo,2026-05-30,Real,DISPONIBILIDADES,Local,ARS,1628040828.31
demo,2026-05-30,Real,Moneda extranjera,Local,ARS,1115577410.03
demo,2026-05-30,Real,Moneda extranjera,Extranjera,USD,709400.82
demo,2026-05-30,Real,Tipo de cambio USD,Local,USD,1572.56
demo,2026-05-30,Real,Bancos pesos,Local,ARS,136110105.6
demo,2026-05-30,Real,Inversiones,Local,ARS,394770608.96
demo,2026-05-30,Proyectado,Cobranzas Proyectadas,Local,ARS,36237757.41
demo,2026-05-30,Proyectado,Pagos programados,Local,ARS,-54655053.69
demo,2026-05-31,Real,DISPONIBILIDADES,Local,ARS,1596393336.07
demo,2026-05-31,Real,Moneda extranjera,Local,ARS,1130117937.61
demo,2026-05-31,Real,Moneda extranjera,Extranjera,USD,718647.21
demo,2026-05-31,Real,Tipo de cambio USD,Local,USD,1572.56
demo,2026-05-31,Real,Bancos pesos,Local,ARS,105366738.38
demo,2026-05-31,Real,Inversiones,Local,ARS,421237216.23
demo,2026-05-31,Proyectado,Cobranzas Proyectadas,Local,ARS,12241162.64
demo,2026-05-31,Proyectado,Pagos programados,Local,ARS,-72569718.8
demo,2026-06-01,Real,DISPONIBILIDADES,Local,ARS,1376410633.55
demo,2026-06-01,Real,Moneda extranjera,Local,ARS,964145607.06
demo,2026-06-01,Real,Moneda extranjera,Extranjera,USD,602167.49
demo,2026-06-01,Real,Tipo de cambio USD,Local,USD,1601.13
demo,2026-06-01,Real,Bancos pesos,Local,ARS,110619950.33
demo,2026-06-01,Real,Inversiones,Local,ARS,331500707.34
demo,2026-06-01,Proyectado,Cobranzas Proyectadas,Local,ARS,25435069.35
demo,2026-06-01,Proyectado,Pagos programados,Local,ARS,-55290700.54
demo,2026-06-02,Real,DISPONIBILIDADES,Local,ARS,1398469697.82
demo,2026-06-02,Real,Moneda extranjera,Local,ARS,825437754.91
demo,2026-06-02,Real,Moneda extranjera,Extranjera,USD,515536.01
demo,2026-06-02,Real,Tipo de cambio USD,Local,USD,1601.13
demo,2026-06-02,Real,Bancos pesos,Local,ARS,159881103.76
demo,2026-06-02,Real,Inversiones,Local,ARS,425786952.54
demo,2026-06-02,Proyectado,Cobranzas Proyectadas,Local,ARS,34311147.63
demo,2026-06-02,Proyectado,Pagos programados,Local,ARS,-46947261.02
demo,2026-06-03,Real,DISPONIBILIDADES,Local,ARS,1639255445.47
demo,2026-06-03,Real,Moneda extranjera,Local,ARS,1186755400.77
demo,2026-06-03,Real,Moneda extranjera,Extranjera,USD,741200.82
demo,2026-06-03,Real,Tipo de cambio USD,Local,USD,1601.13
demo,2026-06-03,Real,Bancos pesos,Local,ARS,157723099.38
demo,2026-06-03,Real,Inversiones,Local,ARS,345583982.28
demo,2026-06-03,Proyectado,Cobranzas Proyectadas,Local,ARS,21606667.56
demo,2026-06-03,Proyectado,Pagos programados,Local,ARS,-72413704.51
demo,2026-06-04,Real,DISPONIBILIDADES,Local,ARS,1441314750.58
demo,2026-06-04,Real,Moneda extranjera,Local,ARS,1028498229.15
demo,2026-06-04,Real,Moneda extranjera,Extranjera,USD,642359.61
demo,2026-06-04,Real,Tipo de cambio USD,Local,USD,1601.13
demo,2026-06-04,Real,Bancos pesos,Local,ARS,148674869.49
demo,2026-06-04,Real,Inversiones,Local,ARS,305023051.46
demo,2026-06-04,Proyectado,Cobranzas Proyectadas,Local,ARS,38117965.48
demo,2026-06-04,Proyectado,Pagos programados,Local,ARS,-78999365.0
demo,2026-06-05,Real,DISPONIBILIDADES,Local,ARS,1173511355.92
demo,2026-06-05,Real,Moneda extranjera,Local,ARS,810062979.59
demo,2026-06-05,Real,Moneda extranjera,Extranjera,USD,505933.53
demo,2026-06-05,Real,Tipo de cambio USD,Local,USD,1601.13
demo,2026-06-05,Real,Bancos pesos,Local,ARS,95700852.72
demo,2026-06-05,Real,Inversiones,Local,ARS,323399191.19
demo,2026-06-05,Proyectado,Cobranzas Proyectadas,Local,ARS,15072882.93
demo,2026-06-05,Proyectado,Pagos programados,Local,ARS,-70724550.5
demo,2026-06-06,Real,DISPONIBILIDADES,Local,ARS,1333409110.79
demo,2026-06-06,Real,Moneda extranjera,Local,ARS,842282698.12
demo,2026-06-06,Real,Moneda extranjera,Extranjera,USD,526056.7
demo,2026-06-06,Real,Tipo de cambio USD,Local,USD,1601.13
demo,2026-06-06,Real,Bancos pesos,Local,ARS,145382332.97
demo,2026-06-06,Real,Inversiones,Local,ARS,355136368.19
demo,2026-06-06,Proyectado,Cobranzas Proyectadas,Local,ARS,33542305.12
demo,2026-06-06,Proyectado,Pagos programados,Local,ARS,-42934593.61
demo,2026-06-07,Real,DISPONIBILIDADES,Local,ARS,1685708806.74
demo,2026-06-07,Real,Moneda extranjera,Local,ARS,1064888782.21
demo,2026-06-07,Real,Moneda extranjera,Extranjera,USD,665087.72
demo,2026-06-07,Real,Tipo de cambio USD,Local,USD,1601.13
demo,2026-06-07,Real,Bancos pesos,Local,ARS,143603514.67
demo,2026-06-07,Real,Inversiones,Local,ARS,472243507.31
demo,2026-06-07,Proyectado,Cobranzas Proyectadas,Local,ARS,36288310.59
demo,2026-06-07,Proyectado,Pagos programados,Local,ARS,-31315308.04
demo,2026-06-08,Real,DISPONIBILIDADES,Local,ARS,1530510837.78
demo,2026-06-08,Real,Moneda extranjera,Local,ARS,1088817160.66
demo,2026-06-08,Real,Moneda extranjera,Extranjera,USD,680032.44
demo,2026-06-08,Real,Tipo de cambio USD,Local,USD,1601.13
demo,2026-06-08,Real,Bancos pesos,Local,ARS,116063139.06
demo,2026-06-08,Real,Inversiones,Local,ARS,338267434.07
demo,2026-06-08,Proyectado,Cobranzas Proyectadas,Local,ARS,35820576.09
demo,2026-06-08,Proyectado,Pagos programados,Local,ARS,-48457472.09
demo,2026-06-09,Real,DISPONIBILIDADES,Local,ARS,1351109774.39
demo,2026-06-09,Real,Moneda extranjera,Local,ARS,885093568.8
demo,2026-06-09,Real,Moneda extranjera,Extranjera,USD,552794.69
demo,2026-06-09,Real,Tipo de cambio USD,Local,USD,1601.13
demo,2026-06-09,Real,Bancos pesos,Local,ARS,103498165.09
demo,2026-06-09,Real,Inversiones,Local,ARS,388400284.16
demo,2026-06-09,Proyectado,Cobranzas Proyectadas,Local,ARS,20657464.39
demo,2026-06-09,Proyectado,Pagos programados,Local,ARS,-46539708.05
demo,2026-06-10,Real,DISPONIBILIDADES,Local,ARS,1704384828.78
demo,2026-06-10,Real,Moneda extranjera,Local,ARS,1180782844.62
demo,2026-06-10,Real,Moneda extranjera,Extranjera,USD,737470.6
demo,2026-06-10,Real,Tipo de cambio USD,Local,USD,1601.13
demo,2026-06-10,Real,Bancos pesos,Local,ARS,153075056.71
demo,2026-06-10,Real,Inversiones,Local,ARS,391726377.61
demo,2026-06-10,Proyectado,Cobranzas Proyectadas,Local,ARS,22854653.04
demo,2026-06-10,Proyectado,Pagos programados,Local,ARS,-44054103.21
demo,2026-06-11,Real,DISPONIBILIDADES,Local,ARS,1748787695.47
demo,2026-06-11,Real,Moneda extranjera,Local,ARS,1174860760.72
demo,2026-06-11,Real,Moneda extranjera,Extranjera,USD,733771.9
demo,2026-06-11,Real,Tipo de cambio USD,Local,USD,1601.13
demo,2026-06-11,Real,Bancos pesos,Local,ARS,135457431.37
demo,2026-06-11,Real,Inversiones,Local,ARS,454142174.92
demo,2026-06-11,Proyectado,Cobranzas Proyectadas,Local,ARS,14545991.57
demo,2026-06-11,Proyectado,Pagos programados,Local,ARS,-30218663.1
demo,2026-06-12,Real,DISPONIBILIDADES,Local,ARS,1326112060.35
demo,2026-06-12,Real,Moneda extranjera,Local,ARS,801322332.96
demo,2026-06-12,Real,Moneda extranjera,Extranjera,USD,500474.46
demo,2026-06-12,Real,Tipo de cambio USD,Local,USD,1601.13
demo,2026-06-12,Real,Bancos pesos,Local,ARS,107576510.54
demo,2026-06-12,Real,Inversiones,Local,ARS,435579226.44
demo,2026-06-12,Proyectado,Cobranzas Proyectadas,Local,ARS,28971976.72
demo,2026-06-12,Proyectado,Pagos programados,Local,ARS,-47337986.3
demo,2026-06-13,Real,DISPONIBILIDADES,Local,ARS,1732415786.21
demo,2026-06-13,Real,Moneda extranjera,Local,ARS,1114120815.93
demo,2026-06-13,Real,Moneda extranjera,Extranjera,USD,695836.11
demo,2026-06-13,Real,Tipo de cambio USD,Local,USD,1601.13
demo,2026-06-13,Real,Bancos pesos,Local,ARS,156142360.03
demo,2026-06-13,Real,Inversiones,Local,ARS,498063724.29
demo,2026-06-13,Proyectado,Cobranzas Proyectadas,Local,ARS,24316034.03
demo,2026-06-13,Proyectado,Pagos programados,Local,ARS,-60227148.07
demo,2026-06-14,Real,DISPONIBILIDADES,Local,ARS,1387620618.78
demo,2026-06-14,Real,Moneda extranjera,Local,ARS,965513476.59
demo,2026-06-14,Real,Moneda extranjera,Extranjera,USD,603021.8
demo,2026-06-14,Real,Tipo de cambio USD,Local,USD,1601.13
demo,2026-06-14,Real,Bancos pesos,Local,ARS,140938848.81
demo,2026-06-14,Real,Inversiones,Local,ARS,318766189.04
demo,2026-06-14,Proyectado,Cobranzas Proyectadas,Local,ARS,18604161.85
demo,2026-06-14,Proyectado,Pagos programados,Local,ARS,-56202057.51
demo,2026-06-15,Real,DISPONIBILIDADES,Local,ARS,1278889029.95
demo,2026-06-15,Real,Moneda extranjera,Local,ARS,858908684.34
demo,2026-06-15,Real,Moneda extranjera,Extranjera,USD,536440.64
demo,2026-06-15,Real,Tipo de cambio USD,Local,USD,1601.13
demo,2026-06-15,Real,Bancos pesos,Local,ARS,117439305.24
demo,2026-06-15,Real,Inversiones,Local,ARS,336153764.96
demo,2026-06-15,Proyectado,Cobranzas Proyectadas,Local,ARS,34566265.56
demo,2026-06-15,Proyectado,Pagos programados,Local,ARS,-68178990.14
demo,2026-06-16,Real,DISPONIBILIDADES,Local,ARS,1367469413.97
demo,2026-06-16,Real,Moneda extranjera,Local,ARS,899110265.29
demo,2026-06-16,Real,Moneda extranjera,Extranjera,USD,561548.97
demo,2026-06-16,Real,Tipo de cambio USD,Local,USD,1601.13
demo,2026-06-16,Real,Bancos pesos,Local,ARS,93628541.12
demo,2026-06-16,Real,Inversiones,Local,ARS,419660300.05
demo,2026-06-16,Proyectado,Cobranzas Proyectadas,Local,ARS,23630101.42
demo,2026-06-16,Proyectado,Pagos programados,Local,ARS,-68559793.92
demo,2026-06-17,Real,DISPONIBILIDADES,Local,ARS,1766650533.38
demo,2026-06-17,Real,Moneda extranjera,Local,ARS,1170301999.13
demo,2026-06-17,Real,Moneda extranjera,Extranjera,USD,730924.67
demo,2026-06-17,Real,Tipo de cambio USD,Local,USD,1601.13
demo,2026-06-17,Real,Bancos pesos,Local,ARS,156498268.88
demo,2026-06-17,Real,Inversiones,Local,ARS,483340805.35
demo,2026-06-17,Proyectado,Cobranzas Proyectadas,Local,ARS,28054228.99
demo,2026-06-17,Proyectado,Pagos programados,Local,ARS,-71544768.98
demo,2026-06-18,Real,DISPONIBILIDADES,Local,ARS,1436880438.71
demo,2026-06-18,Real,Moneda extranjera,Local,ARS,1045381639.03
demo,2026-06-18,Real,Moneda extranjera,Extranjera,USD,652904.32
demo,2026-06-18,Real,Tipo de cambio USD,Local,USD,1601.13
demo,2026-06-18,Real,Bancos pesos,Local,ARS,111577729.13
demo,2026-06-18,Real,Inversiones,Local,ARS,316861000.75
demo,2026-06-18,Proyectado,Cobranzas Proyectadas,Local,ARS,11663769.32
demo,2026-06-18,Proyectado,Pagos programados,Local,ARS,-48603699.53
demo,2026-06-19,Real,DISPONIBILIDADES,Local,ARS,1454744227.14
demo,2026-06-19,Real,Moneda extranjera,Local,ARS,864099436.32
demo,2026-06-19,Real,Moneda extranjera,Extranjera,USD,539682.58
demo,2026-06-19,Real,Tipo de cambio USD,Local,USD,1601.13
demo,2026-06-19,Real,Bancos pesos,Local,ARS,123881794.71
demo,2026-06-19,Real,Inversiones,Local,ARS,472098364.61
demo,2026-06-19,Proyectado,Cobranzas Proyectadas,Local,ARS,20704992.28
demo,2026-06-19,Proyectado,Pagos programados,Local,ARS,-26040360.78
demo,2026-06-20,Real,DISPONIBILIDADES,Local,ARS,1778870345.68
demo,2026-06-20,Real,Moneda extranjera,Local,ARS,1258571160.45
demo,2026-06-20,Real,Moneda extranjera,Extranjera,USD,786054.12
demo,2026-06-20,Real,Tipo de cambio USD,Local,USD,1601.13
demo,2026-06-20,Real,Bancos pesos,Local,ARS,134530497.6
demo,2026-06-20,Real,Inversiones,Local,ARS,405118584.59
demo,2026-06-20,Proyectado,Cobranzas Proyectadas,Local,ARS,30833071.13
demo,2026-06-20,Proyectado,Pagos programados,Local,ARS,-50182968.09
demo,2026-06-21,Real,DISPONIBILIDADES,Local,ARS,1708888066.3
demo,2026-06-21,Real,Moneda extranjera,Local,ARS,1107503333.71
demo,2026-06-21,Real,Moneda extranjera,Extranjera,USD,691703.09
demo,2026-06-21,Real,Tipo de cambio USD,Local,USD,1601.13
demo,2026-06-21,Real,Bancos pesos,Local,ARS,156047111.81
demo,2026-06-21,Real,Inversiones,Local,ARS,440725580.45
demo,2026-06-21,Proyectado,Cobranzas Proyectadas,Local,ARS,39459115.84
demo,2026-06-21,Proyectado,Pagos programados,Local,ARS,-34847075.51
demo,2026-06-22,Real,DISPONIBILIDADES,Local,ARS,1742163674.34
demo,2026-06-22,Real,Moneda extranjera,Local,ARS,1262814875.61
demo,2026-06-22,Real,Moneda extranjera,Extranjera,USD,788704.58
demo,2026-06-22,Real,Tipo de cambio USD,Local,USD,1601.13
demo,2026-06-22,Real,Bancos pesos,Local,ARS,94701588.45
demo,2026-06-22,Real,Inversiones,Local,ARS,430261200.62
demo,2026-06-22,Proyectado,Cobranzas Proyectadas,Local,ARS,33634956.23
demo,2026-06-22,Proyectado,Pagos programados,Local,ARS,-79248946.56
demo,2026-06-23,Real,DISPONIBILIDADES,Local,ARS,1272651206.86
demo,2026-06-23,Real,Moneda extranjera,Local,ARS,863494158.75
demo,2026-06-23,Real,Moneda extranjera,Extranjera,USD,539304.54
demo,2026-06-23,Real,Tipo de cambio USD,Local,USD,1601.13
demo,2026-06-23,Real,Bancos pesos,Local,ARS,127264434.26
demo,2026-06-23,Real,Inversiones,Local,ARS,325592029.6
demo,2026-06-23,Proyectado,Cobranzas Proyectadas,Local,ARS,24350701.61
demo,2026-06-23,Proyectado,Pagos programados,Local,ARS,-68050117.36
demo,2026-06-24,Real,DISPONIBILIDADES,Local,ARS,1339961917.43
demo,2026-06-24,Real,Moneda extranjera,Local,ARS,939580505.01
demo,2026-06-24,Real,Moneda extranjera,Extranjera,USD,586825.09
demo,2026-06-24,Real,Tipo de cambio USD,Local,USD,1601.13
demo,2026-06-24,Real,Bancos pesos,Local,ARS,126520914.85
demo,2026-06-24,Real,Inversiones,Local,ARS,301843798.74
demo,2026-06-24,Proyectado,Cobranzas Proyectadas,Local,ARS,27599232.62
demo,2026-06-24,Proyectado,Pagos programados,Local,ARS,-55582533.79
demo,2026-06-25,Real,DISPONIBILIDADES,Local,ARS,1433395813.52
demo,2026-06-25,Real,Moneda extranjera,Local,ARS,933022286.98
demo,2026-06-25,Real,Moneda extranjera,Extranjera,USD,582729.08
demo,2026-06-25,Real,Tipo de cambio USD,Local,USD,1601.13
demo,2026-06-25,Real,Bancos pesos,Local,ARS,122357556.43
demo,2026-06-25,Real,Inversiones,Local,ARS,396934534.53
demo,2026-06-25,Proyectado,Cobranzas Proyectadas,Local,ARS,12609248.52
demo,2026-06-25,Proyectado,Pagos programados,Local,ARS,-31527812.95
demo,2026-06-26,Real,DISPONIBILIDADES,Local,ARS,1289780151.86
demo,2026-06-26,Real,Moneda extranjera,Local,ARS,860868690.48
demo,2026-06-26,Real,Moneda extranjera,Extranjera,USD,537664.78
demo,2026-06-26,Real,Tipo de cambio USD,Local,USD,1601.13
demo,2026-06-26,Real,Bancos pesos,Local,ARS,137354758.84
demo,2026-06-26,Real,Inversiones,Local,ARS,347614227.78
demo,2026-06-26,Proyectado,Cobranzas Proyectadas,Local,ARS,21713095.91
demo,2026-06-26,Proyectado,Pagos programados,Local,ARS,-77770621.16
demo,2026-06-27,Real,DISPONIBILIDADES,Local,ARS,1560318850.47
demo,2026-06-27,Real,Moneda extranjera,Local,ARS,1027880267.67
demo,2026-06-27,Real,Moneda extranjera,Extranjera,USD,641973.65
demo,2026-06-27,Real,Tipo de cambio USD,Local,USD,1601.13
demo,2026-06-27,Real,Bancos pesos,Local,ARS,119003758.73
demo,2026-06-27,Real,Inversiones,Local,ARS,470367595.07
demo,2026-06-27,Proyectado,Cobranzas Proyectadas,Local,ARS,15412838.72
demo,2026-06-27,Proyectado,Pagos programados,Local,ARS,-72345609.71
demo,2026-06-28,Real,DISPONIBILIDADES,Local,ARS,1710933626.73
demo,2026-06-28,Real,Moneda extranjera,Local,ARS,1132583711.78
demo,2026-06-28,Real,Moneda extranjera,Extranjera,USD,707367.31
demo,2026-06-28,Real,Tipo de cambio USD,Local,USD,1601.13
demo,2026-06-28,Real,Bancos pesos,Local,ARS,156043364.69
demo,2026-06-28,Real,Inversiones,Local,ARS,416986698.1
demo,2026-06-28,Proyectado,Cobranzas Proyectadas,Local,ARS,26614837.79
demo,2026-06-28,Proyectado,Pagos programados,Local,ARS,-21294985.63
demo,2026-06-29,Real,DISPONIBILIDADES,Local,ARS,1586855466.3
demo,2026-06-29,Real,Moneda extranjera,Local,ARS,1058683567.8
demo,2026-06-29,Real,Moneda extranjera,Extranjera,USD,661212.18
demo,2026-06-29,Real,Tipo de cambio USD,Local,USD,1601.13
demo,2026-06-29,Real,Bancos pesos,Local,ARS,158663963.39
demo,2026-06-29,Real,Inversiones,Local,ARS,413316383.36
demo,2026-06-29,Proyectado,Cobranzas Proyectadas,Local,ARS,16749068.1
demo,2026-06-29,Proyectado,Pagos programados,Local,ARS,-60557516.35
demo,2026-06-30,Real,DISPONIBILIDADES,Local,ARS,1651533345.08
demo,2026-06-30,Real,Moneda extranjera,Local,ARS,1206774624.63
demo,2026-06-30,Real,Moneda extranjera,Extranjera,USD,753704.04
demo,2026-06-30,Real,Tipo de cambio USD,Local,USD,1601.13
demo,2026-06-30,Real,Bancos pesos,Local,ARS,149817990.86
demo,2026-06-30,Real,Inversiones,Local,ARS,326388555.66
demo,2026-06-30,Proyectado,Cobranzas Proyectadas,Local,ARS,31908340.05
demo,2026-06-30,Proyectado,Pagos programados,Local,ARS,-63356166.12
demo,2026-07-01,Real,DISPONIBILIDADES,Local,ARS,1538469253.62
demo,2026-07-01,Real,Moneda extranjera,Local,ARS,947252908.82
demo,2026-07-01,Real,Moneda extranjera,Extranjera,USD,581063.13
demo,2026-07-01,Real,Tipo de cambio USD,Local,USD,1630.21
demo,2026-07-01,Real,Bancos pesos,Local,ARS,142764964.31
demo,2026-07-01,Real,Inversiones,Local,ARS,481192369.58
demo,2026-07-01,Proyectado,Cobranzas Proyectadas,Local,ARS,28384694.73
demo,2026-07-01,Proyectado,Pagos programados,Local,ARS,-61125683.82
demo,2026-07-02,Real,DISPONIBILIDADES,Local,ARS,1301513678.8
demo,2026-07-02,Real,Moneda extranjera,Local,ARS,874453168.97
demo,2026-07-02,Real,Moneda extranjera,Extranjera,USD,536406.37
demo,2026-07-02,Real,Tipo de cambio USD,Local,USD,1630.21
demo,2026-07-02,Real,Bancos pesos,Local,ARS,124273445.84
demo,2026-07-02,Real,Inversiones,Local,ARS,304608256.53
demo,2026-07-02,Proyectado,Cobranzas Proyectadas,Local,ARS,27531365.46
demo,2026-07-02,Proyectado,Pagos programados,Local,ARS,-29352558.01
demo,2026-07-03,Real,DISPONIBILIDADES,Local,ARS,1398006216.77
demo,2026-07-03,Real,Moneda extranjera,Local,ARS,859987382.99
demo,2026-07-03,Real,Moneda extranjera,Extranjera,USD,527532.78
demo,2026-07-03,Real,Tipo de cambio USD,Local,USD,1630.21
demo,2026-07-03,Real,Bancos pesos,Local,ARS,104094216.29
demo,2026-07-03,Real,Inversiones,Local,ARS,432332626.09
demo,2026-07-03,Proyectado,Cobranzas Proyectadas,Local,ARS,27836196.93
demo,2026-07-03,Proyectado,Pagos programados,Local,ARS,-26244205.53
demo,2026-07-04,Real,DISPONIBILIDADES,Local,ARS,1613427465.14
demo,2026-07-04,Real,Moneda extranjera,Local,ARS,1086026958.6
demo,2026-07-04,Real,Moneda extranjera,Extranjera,USD,666189.8
demo,2026-07-04,Real,Tipo de cambio USD,Local,USD,1630.21
demo,2026-07-04,Real,Bancos pesos,Local,ARS,122946959.64
demo,2026-07-04,Real,Inversiones,Local,ARS,455504482.21
demo,2026-07-04,Proyectado,Cobranzas Proyectadas,Local,ARS,16067452.97
demo,2026-07-04,Proyectado,Pagos programados,Local,ARS,-67118388.27
demo,2026-07-05,Real,DISPONIBILIDADES,Local,ARS,1427367396.57
demo,2026-07-05,Real,Moneda extranjera,Local,ARS,865293579.93
demo,2026-07-05,Real,Moneda extranjera,Extranjera,USD,530787.71
demo,2026-07-05,Real,Tipo de cambio USD,Local,USD,1630.21
demo,2026-07-05,Real,Bancos pesos,Local,ARS,94167459.96
demo,2026-07-05,Real,Inversiones,Local,ARS,493292062.75
demo,2026-07-05,Proyectado,Cobranzas Proyectadas,Local,ARS,34465085.91
demo,2026-07-05,Proyectado,Pagos programados,Local,ARS,-59850791.99
demo,2026-07-06,Real,DISPONIBILIDADES,Local,ARS,1759537486.61
demo,2026-07-06,Real,Moneda extranjera,Local,ARS,1153819531.97
demo,2026-07-06,Real,Moneda extranjera,Extranjera,USD,707775.07
demo,2026-07-06,Real,Tipo de cambio USD,Local,USD,1630.21
demo,2026-07-06,Real,Bancos pesos,Local,ARS,140045228.5
demo,2026-07-06,Real,Inversiones,Local,ARS,488044064.3
demo,2026-07-06,Proyectado,Cobranzas Proyectadas,Local,ARS,23772825.05
demo,2026-07-06,Proyectado,Pagos programados,Local,ARS,-46144163.21
demo,2026-07-07,Real,DISPONIBILIDADES,Local,ARS,1445125941.43
demo,2026-07-07,Real,Moneda extranjera,Local,ARS,967780012.04
demo,2026-07-07,Real,Moneda extranjera,Extranjera,USD,593654.85
demo,2026-07-07,Real,Tipo de cambio USD,Local,USD,1630.21
demo,2026-07-07,Real,Bancos pesos,Local,ARS,133215273.23
demo,2026-07-07,Real,Inversiones,Local,ARS,398899244.78
demo,2026-07-07,Proyectado,Cobranzas Proyectadas,Local,ARS,19745033.94
demo,2026-07-07,Proyectado,Pagos programados,Local,ARS,-74513622.56
demo,2026-07-08,Real,DISPONIBILIDADES,Local,ARS,1511664612.87
demo,2026-07-08,Real,Moneda extranjera,Local,ARS,1007194158.11
demo,2026-07-08,Real,Moneda extranjera,Extranjera,USD,617832.25
demo,2026-07-08,Real,Tipo de cambio USD,Local,USD,1630.21
demo,2026-07-08,Real,Bancos pesos,Local,ARS,143453613.29
demo,2026-07-08,Real,Inversiones,Local,ARS,413072603.63
demo,2026-07-08,Proyectado,Cobranzas Proyectadas,Local,ARS,24888199.42
demo,2026-07-08,Proyectado,Pagos programados,Local,ARS,-76943961.58
demo,2026-07-09,Real,DISPONIBILIDADES,Local,ARS,1572485112.03
demo,2026-07-09,Real,Moneda extranjera,Local,ARS,977742010.54
demo,2026-07-09,Real,Moneda extranjera,Extranjera,USD,599765.73
demo,2026-07-09,Real,Tipo de cambio USD,Local,USD,1630.21
demo,2026-07-09,Real,Bancos pesos,Local,ARS,138202164.37
demo,2026-07-09,Real,Inversiones,Local,ARS,496647033.34
demo,2026-07-09,Proyectado,Cobranzas Proyectadas,Local,ARS,25467387.61
demo,2026-07-09,Proyectado,Pagos programados,Local,ARS,-65573483.83
demo,2026-07-10,Real,DISPONIBILIDADES,Local,ARS,1595562483.65
demo,2026-07-10,Real,Moneda extranjera,Local,ARS,1178642167.86
demo,2026-07-10,Real,Moneda extranjera,Extranjera,USD,723001.75
demo,2026-07-10,Real,Tipo de cambio USD,Local,USD,1630.21
demo,2026-07-10,Real,Bancos pesos,Local,ARS,139475057.69
demo,2026-07-10,Real,Inversiones,Local,ARS,337488728.67
demo,2026-07-10,Proyectado,Cobranzas Proyectadas,Local,ARS,10474221.03
demo,2026-07-10,Proyectado,Pagos programados,Local,ARS,-70517691.6
demo,2026-07-11,Real,DISPONIBILIDADES,Local,ARS,1408881797.74
demo,2026-07-11,Real,Moneda extranjera,Local,ARS,968496404.29
demo,2026-07-11,Real,Moneda extranjera,Extranjera,USD,594094.3
demo,2026-07-11,Real,Tipo de cambio USD,Local,USD,1630.21
demo,2026-07-11,Real,Bancos pesos,Local,ARS,142033036.93
demo,2026-07-11,Real,Inversiones,Local,ARS,356770154.81
demo,2026-07-11,Proyectado,Cobranzas Proyectadas,Local,ARS,12923389.27
demo,2026-07-11,Proyectado,Pagos programados,Local,ARS,-71341187.57
demo,2026-07-12,Real,DISPONIBILIDADES,Local,ARS,1441157196.19
demo,2026-07-12,Real,Moneda extranjera,Local,ARS,902654385.47
demo,2026-07-12,Real,Moneda extranjera,Extranjera,USD,553705.54
demo,2026-07-12,Real,Tipo de cambio USD,Local,USD,1630.21
demo,2026-07-12,Real,Bancos pesos,Local,ARS,99928141.18
demo,2026-07-12,Real,Inversiones,Local,ARS,443009432.54
demo,2026-07-12,Proyectado,Cobranzas Proyectadas,Local,ARS,33077854.0
demo,2026-07-12,Proyectado,Pagos programados,Local,ARS,-37512617.0
demo,2026-07-13,Real,DISPONIBILIDADES,Local,ARS,1414361455.28
demo,2026-07-13,Real,Moneda extranjera,Local,ARS,840133215.3
demo,2026-07-13,Real,Moneda extranjera,Extranjera,USD,515353.86
demo,2026-07-13,Real,Tipo de cambio USD,Local,USD,1630.21
demo,2026-07-13,Real,Bancos pesos,Local,ARS,115730484.04
demo,2026-07-13,Real,Inversiones,Local,ARS,486682218.82
demo,2026-07-13,Proyectado,Cobranzas Proyectadas,Local,ARS,15588533.71
demo,2026-07-13,Proyectado,Pagos programados,Local,ARS,-43772996.59
demo,2026-07-14,Real,DISPONIBILIDADES,Local,ARS,1693407844.74
demo,2026-07-14,Real,Moneda extranjera,Local,ARS,1099644755.4
demo,2026-07-14,Real,Moneda extranjera,Extranjera,USD,674543.22
demo,2026-07-14,Real,Tipo de cambio USD,Local,USD,1630.21
demo,2026-07-14,Real,Bancos pesos,Local,ARS,113811189.17
demo,2026-07-14,Real,Inversiones,Local,ARS,469578914.32
demo,2026-07-14,Proyectado,Cobranzas Proyectadas,Local,ARS,38262467.94
demo,2026-07-14,Proyectado,Pagos programados,Local,ARS,-27889482.09
demo,2026-07-15,Real,DISPONIBILIDADES,Local,ARS,1389057697.22
demo,2026-07-15,Real,Moneda extranjera,Local,ARS,966599299.16
demo,2026-07-15,Real,Moneda extranjera,Extranjera,USD,592930.58
demo,2026-07-15,Real,Tipo de cambio USD,Local,USD,1630.21
demo,2026-07-15,Real,Bancos pesos,Local,ARS,108475637.78
demo,2026-07-15,Real,Inversiones,Local,ARS,336105249.62
demo,2026-07-15,Proyectado,Cobranzas Proyectadas,Local,ARS,16679549.95
demo,2026-07-15,Proyectado,Pagos programados,Local,ARS,-38802039.29
demo,2026-07-16,Real,DISPONIBILIDADES,Local,ARS,1774919206.53
demo,2026-07-16,Real,Moneda extranjera,Local,ARS,1149479208.95
demo,2026-07-16,Real,Moneda extranjera,Extranjera,USD,705112.63
demo,2026-07-16,Real,Tipo de cambio USD,Local,USD,1630.21
demo,2026-07-16,Real,Bancos pesos,Local,ARS,150331458.68
demo,2026-07-16,Real,Inversiones,Local,ARS,476886447.25
demo,2026-07-16,Proyectado,Cobranzas Proyectadas,Local,ARS,21888453.07
demo,2026-07-16,Proyectado,Pagos programados,Local,ARS,-23666361.42
demo,2026-07-17,Real,DISPONIBILIDADES,Local,ARS,1450230578.64
demo,2026-07-17,Real,Moneda extranjera,Local,ARS,1079804537.95
demo,2026-07-17,Real,Moneda extranjera,Extranjera,USD,662372.85
demo,2026-07-17,Real,Tipo de cambio USD,Local,USD,1630.21
demo,2026-07-17,Real,Bancos pesos,Local,ARS,118766797.47
demo,2026-07-17,Real,Inversiones,Local,ARS,318363089.98
demo,2026-07-17,Proyectado,Cobranzas Proyectadas,Local,ARS,12509701.91
demo,2026-07-17,Proyectado,Pagos programados,Local,ARS,-79213548.67
demo,2026-07-18,Real,DISPONIBILIDADES,Local,ARS,1885804131.31
demo,2026-07-18,Real,Moneda extranjera,Local,ARS,1294424875.64
demo,2026-07-18,Real,Moneda extranjera,Extranjera,USD,794025.09
demo,2026-07-18,Real,Tipo de cambio USD,Local,USD,1630.21
demo,2026-07-18,Real,Bancos pesos,Local,ARS,136307994.19
demo,2026-07-18,Real,Inversiones,Local,ARS,449318985.98
demo,2026-07-18,Proyectado,Cobranzas Proyectadas,Local,ARS,27162809.27
demo,2026-07-18,Proyectado,Pagos programados,Local,ARS,-21410533.76
demo,2026-07-19,Real,DISPONIBILIDADES,Local,ARS,1651047348.95
demo,2026-07-19,Real,Moneda extranjera,Local,ARS,1123903775.67
demo,2026-07-19,Real,Moneda extranjera,Extranjera,USD,689424.17
demo,2026-07-19,Real,Tipo de cambio USD,Local,USD,1630.21
demo,2026-07-19,Real,Bancos pesos,Local,ARS,114778745.49
demo,2026-07-19,Real,Inversiones,Local,ARS,405768794.31
demo,2026-07-19,Proyectado,Cobranzas Proyectadas,Local,ARS,37744965.66
demo,2026-07-19,Proyectado,Pagos programados,Local,ARS,-31148932.18
demo,2026-07-20,Real,DISPONIBILIDADES,Local,ARS,1490355508.32
demo,2026-07-20,Real,Moneda extranjera,Local,ARS,932281776.56
demo,2026-07-20,Real,Moneda extranjera,Extranjera,USD,571879.55
demo,2026-07-20,Real,Tipo de cambio USD,Local,USD,1630.21
demo,2026-07-20,Real,Bancos pesos,Local,ARS,108715331.0
demo,2026-07-20,Real,Inversiones,Local,ARS,458861820.81
demo,2026-07-20,Proyectado,Cobranzas Proyectadas,Local,ARS,31560367.93
demo,2026-07-20,Proyectado,Pagos programados,Local,ARS,-41063787.98
demo,2026-07-21,Real,DISPONIBILIDADES,Local,ARS,1649448463.51
demo,2026-07-21,Real,Moneda extranjera,Local,ARS,1089319787.14
demo,2026-07-21,Real,Moneda extranjera,Extranjera,USD,668209.69
demo,2026-07-21,Real,Tipo de cambio USD,Local,USD,1630.21
demo,2026-07-21,Real,Bancos pesos,Local,ARS,96136926.13
demo,2026-07-21,Real,Inversiones,Local,ARS,459698983.82
demo,2026-07-21,Proyectado,Cobranzas Proyectadas,Local,ARS,32835054.31
demo,2026-07-21,Proyectado,Pagos programados,Local,ARS,-28542287.88
demo,2026-07-22,Real,DISPONIBILIDADES,Local,ARS,1635302847.96
demo,2026-07-22,Real,Moneda extranjera,Local,ARS,1154807993.47
demo,2026-07-22,Real,Moneda extranjera,Extranjera,USD,708381.41
demo,2026-07-22,Real,Tipo de cambio USD,Local,USD,1630.21
demo,2026-07-22,Real,Bancos pesos,Local,ARS,157997415.59
demo,2026-07-22,Real,Inversiones,Local,ARS,351867691.2
demo,2026-07-22,Proyectado,Cobranzas Proyectadas,Local,ARS,36325710.8
demo,2026-07-22,Proyectado,Pagos programados,Local,ARS,-65695963.1
demo,2026-07-23,Real,DISPONIBILIDADES,Local,ARS,1508914020.7
demo,2026-07-23,Real,Moneda extranjera,Local,ARS,1034532072.93
demo,2026-07-23,Real,Moneda extranjera,Extranjera,USD,634601.85
demo,2026-07-23,Real,Tipo de cambio USD,Local,USD,1630.21
demo,2026-07-23,Real,Bancos pesos,Local,ARS,99362722.42
demo,2026-07-23,Real,Inversiones,Local,ARS,430395675.26
demo,2026-07-23,Proyectado,Cobranzas Proyectadas,Local,ARS,13421889.16
demo,2026-07-23,Proyectado,Pagos programados,Local,ARS,-68798339.07
demo,2026-07-24,Real,DISPONIBILIDADES,Local,ARS,1282209254.52
demo,2026-07-24,Real,Moneda extranjera,Local,ARS,853187835.65
demo,2026-07-24,Real,Moneda extranjera,Extranjera,USD,523361.81
demo,2026-07-24,Real,Tipo de cambio USD,Local,USD,1630.21
demo,2026-07-24,Real,Bancos pesos,Local,ARS,156142136.47
demo,2026-07-24,Real,Inversiones,Local,ARS,307579474.04
demo,2026-07-24,Proyectado,Cobranzas Proyectadas,Local,ARS,26978598.35
demo,2026-07-24,Proyectado,Pagos programados,Local,ARS,-61678789.99
demo,2026-07-25,Real,DISPONIBILIDADES,Local,ARS,1601330598.36
demo,2026-07-25,Real,Moneda extranjera,Local,ARS,1003933948.55
demo,2026-07-25,Real,Moneda extranjera,Extranjera,USD,615832.37
demo,2026-07-25,Real,Tipo de cambio USD,Local,USD,1630.21
demo,2026-07-25,Real,Bancos pesos,Local,ARS,157844731.79
demo,2026-07-25,Real,Inversiones,Local,ARS,459953052.91
demo,2026-07-25,Proyectado,Cobranzas Proyectadas,Local,ARS,32302183.98
demo,2026-07-25,Proyectado,Pagos programados,Local,ARS,-52703318.87
demo,2026-07-26,Real,DISPONIBILIDADES,Local,ARS,1418544003.2
demo,2026-07-26,Real,Moneda extranjera,Local,ARS,947876617.43
demo,2026-07-26,Real,Moneda extranjera,Extranjera,USD,581445.73
demo,2026-07-26,Real,Tipo de cambio USD,Local,USD,1630.21
demo,2026-07-26,Real,Bancos pesos,Local,ARS,109111348.69
demo,2026-07-26,Real,Inversiones,Local,ARS,404274589.3
demo,2026-07-26,Proyectado,Cobranzas Proyectadas,Local,ARS,13644953.68
demo,2026-07-26,Proyectado,Pagos programados,Local,ARS,-56363505.91
demo,2026-07-27,Real,DISPONIBILIDADES,Local,ARS,1361086613.94
demo,2026-07-27,Real,Moneda extranjera,Local,ARS,885222913.16
demo,2026-07-27,Real,Moneda extranjera,Extranjera,USD,543012.74
demo,2026-07-27,Real,Tipo de cambio USD,Local,USD,1630.21
demo,2026-07-27,Real,Bancos pesos,Local,ARS,107857709.23
demo,2026-07-27,Real,Inversiones,Local,ARS,378879174.65
demo,2026-07-27,Proyectado,Cobranzas Proyectadas,Local,ARS,27613959.66
demo,2026-07-27,Proyectado,Pagos programados,Local,ARS,-38487142.76
demo,2026-07-28,Real,DISPONIBILIDADES,Local,ARS,1686098950.13
demo,2026-07-28,Real,Moneda extranjera,Local,ARS,1146682880.69
demo,2026-07-28,Real,Moneda extranjera,Extranjera,USD,703397.31
demo,2026-07-28,Real,Tipo de cambio USD,Local,USD,1630.21
demo,2026-07-28,Real,Bancos pesos,Local,ARS,91933441.79
demo,2026-07-28,Real,Inversiones,Local,ARS,453714408.68
demo,2026-07-28,Proyectado,Cobranzas Proyectadas,Local,ARS,35640625.93
demo,2026-07-28,Proyectado,Pagos programados,Local,ARS,-41872406.96
demo,2026-07-29,Real,DISPONIBILIDADES,Local,ARS,1596878664.94
demo,2026-07-29,Real,Moneda extranjera,Local,ARS,1039846074.69
demo,2026-07-29,Real,Moneda extranjera,Extranjera,USD,637861.56
demo,2026-07-29,Real,Tipo de cambio USD,Local,USD,1630.21
demo,2026-07-29,Real,Bancos pesos,Local,ARS,157481513.47
demo,2026-07-29,Real,Inversiones,Local,ARS,414430578.02
demo,2026-07-29,Proyectado,Cobranzas Proyectadas,Local,ARS,11387524.64
demo,2026-07-29,Proyectado,Pagos programados,Local,ARS,-26267025.88
demo,2026-07-30,Real,DISPONIBILIDADES,Local,ARS,1590956122.65
demo,2026-07-30,Real,Moneda extranjera,Local,ARS,1093883118.67
demo,2026-07-30,Real,Moneda extranjera,Extranjera,USD,671008.92
demo,2026-07-30,Real,Tipo de cambio USD,Local,USD,1630.21
demo,2026-07-30,Real,Bancos pesos,Local,ARS,140353500.0
demo,2026-07-30,Real,Inversiones,Local,ARS,374470029.94
demo,2026-07-30,Proyectado,Cobranzas Proyectadas,Local,ARS,31699087.29
demo,2026-07-30,Proyectado,Pagos programados,Local,ARS,-49449613.25
demo,2026-07-31,Real,DISPONIBILIDADES,Local,ARS,1657645118.9
demo,2026-07-31,Real,Moneda extranjera,Local,ARS,1245276542.01
demo,2026-07-31,Real,Moneda extranjera,Extranjera,USD,763876.56
demo,2026-07-31,Real,Tipo de cambio USD,Local,USD,1630.21
demo,2026-07-31,Real,Bancos pesos,Local,ARS,142409063.92
demo,2026-07-31,Real,Inversiones,Local,ARS,300505304.67
demo,2026-07-31,Proyectado,Cobranzas Proyectadas,Local,ARS,18985906.59
demo,2026-07-31,Proyectado,Pagos programados,Local,ARS,-49531698.28
demo,2026-08-01,Real,DISPONIBILIDADES,Local,ARS,1788514334.38
demo,2026-08-01,Real,Moneda extranjera,Local,ARS,1180320526.15
demo,2026-08-01,Real,Moneda extranjera,Extranjera,USD,711115.32
demo,2026-08-01,Real,Tipo de cambio USD,Local,USD,1659.82
demo,2026-08-01,Real,Bancos pesos,Local,ARS,144709580.35
demo,2026-08-01,Real,Inversiones,Local,ARS,477967662.0
demo,2026-08-01,Proyectado,Cobranzas Proyectadas,Local,ARS,30510334.29
demo,2026-08-01,Proyectado,Pagos programados,Local,ARS,-44993768.41
demo,2026-08-02,Real,DISPONIBILIDADES,Local,ARS,1767222071.01
demo,2026-08-02,Real,Moneda extranjera,Local,ARS,1312903338.63
demo,2026-08-02,Real,Moneda extranjera,Extranjera,USD,790993.34
demo,2026-08-02,Real,Tipo de cambio USD,Local,USD,1659.82
demo,2026-08-02,Real,Bancos pesos,Local,ARS,148539385.21
demo,2026-08-02,Real,Inversiones,Local,ARS,357520070.85
demo,2026-08-02,Proyectado,Cobranzas Proyectadas,Local,ARS,13872532.92
demo,2026-08-02,Proyectado,Pagos programados,Local,ARS,-65613256.6
demo,2026-08-03,Real,DISPONIBILIDADES,Local,ARS,1553605943.88
demo,2026-08-03,Real,Moneda extranjera,Local,ARS,910239453.22
demo,2026-08-03,Real,Moneda extranjera,Extranjera,USD,548397.83
demo,2026-08-03,Real,Tipo de cambio USD,Local,USD,1659.82
demo,2026-08-03,Real,Bancos pesos,Local,ARS,152387505.14
demo,2026-08-03,Real,Inversiones,Local,ARS,474727188.93
demo,2026-08-03,Proyectado,Cobranzas Proyectadas,Local,ARS,37031344.57
demo,2026-08-03,Proyectado,Pagos programados,Local,ARS,-20779547.99
demo,2026-08-04,Real,DISPONIBILIDADES,Local,ARS,1517918472.96
demo,2026-08-04,Real,Moneda extranjera,Local,ARS,1048646992.29
demo,2026-08-04,Real,Moneda extranjera,Extranjera,USD,631785.11
demo,2026-08-04,Real,Tipo de cambio USD,Local,USD,1659.82
demo,2026-08-04,Real,Bancos pesos,Local,ARS,111547768.39
demo,2026-08-04,Real,Inversiones,Local,ARS,384760147.33
demo,2026-08-04,Proyectado,Cobranzas Proyectadas,Local,ARS,12159034.87
demo,2026-08-04,Proyectado,Pagos programados,Local,ARS,-39195469.92
demo,2026-08-05,Real,DISPONIBILIDADES,Local,ARS,1562126533.15
demo,2026-08-05,Real,Moneda extranjera,Local,ARS,1016914310.83
demo,2026-08-05,Real,Moneda extranjera,Extranjera,USD,612666.92
demo,2026-08-05,Real,Tipo de cambio USD,Local,USD,1659.82
demo,2026-08-05,Real,Bancos pesos,Local,ARS,154236754.05
demo,2026-08-05,Real,Inversiones,Local,ARS,399436103.03
demo,2026-08-05,Proyectado,Cobranzas Proyectadas,Local,ARS,16120144.71
demo,2026-08-05,Proyectado,Pagos programados,Local,ARS,-24580779.47
demo,2026-08-06,Real,DISPONIBILIDADES,Local,ARS,1653105502.41
demo,2026-08-06,Real,Moneda extranjera,Local,ARS,1271961722.92
demo,2026-08-06,Real,Moneda extranjera,Extranjera,USD,766326.98
demo,2026-08-06,Real,Tipo de cambio USD,Local,USD,1659.82
demo,2026-08-06,Real,Bancos pesos,Local,ARS,110538429.54
demo,2026-08-06,Real,Inversiones,Local,ARS,309978419.55
demo,2026-08-06,Proyectado,Cobranzas Proyectadas,Local,ARS,25463861.89
demo,2026-08-06,Proyectado,Pagos programados,Local,ARS,-64836931.49
demo,2026-08-07,Real,DISPONIBILIDADES,Local,ARS,1673390039.23
demo,2026-08-07,Real,Moneda extranjera,Local,ARS,1233400283.57
demo,2026-08-07,Real,Moneda extranjera,Extranjera,USD,743094.62
demo,2026-08-07,Real,Tipo de cambio USD,Local,USD,1659.82
demo,2026-08-07,Real,Bancos pesos,Local,ARS,103763975.95
demo,2026-08-07,Real,Inversiones,Local,ARS,355805927.48
demo,2026-08-07,Proyectado,Cobranzas Proyectadas,Local,ARS,33728762.6
demo,2026-08-07,Proyectado,Pagos programados,Local,ARS,-53308910.36
demo,2026-08-08,Real,DISPONIBILIDADES,Local,ARS,1517837619.35
demo,2026-08-08,Real,Moneda extranjera,Local,ARS,1064437869.11
demo,2026-08-08,Real,Moneda extranjera,Extranjera,USD,641298.75
demo,2026-08-08,Real,Tipo de cambio USD,Local,USD,1659.82
demo,2026-08-08,Real,Bancos pesos,Local,ARS,128976646.64
demo,2026-08-08,Real,Inversiones,Local,ARS,359556390.6
demo,2026-08-08,Proyectado,Cobranzas Proyectadas,Local,ARS,11618454.48
demo,2026-08-08,Proyectado,Pagos programados,Local,ARS,-46751741.48
demo,2026-08-09,Real,DISPONIBILIDADES,Local,ARS,1672163371.85
demo,2026-08-09,Real,Moneda extranjera,Local,ARS,1187494426.85
demo,2026-08-09,Real,Moneda extranjera,Extranjera,USD,715437.42
demo,2026-08-09,Real,Tipo de cambio USD,Local,USD,1659.82
demo,2026-08-09,Real,Bancos pesos,Local,ARS,129124568.58
demo,2026-08-09,Real,Inversiones,Local,ARS,377030198.76
demo,2026-08-09,Proyectado,Cobranzas Proyectadas,Local,ARS,38687353.27
demo,2026-08-09,Proyectado,Pagos programados,Local,ARS,-60173175.62
demo,2026-08-10,Real,DISPONIBILIDADES,Local,ARS,1645905025.57
demo,2026-08-10,Real,Moneda extranjera,Local,ARS,1094219605.73
demo,2026-08-10,Real,Moneda extranjera,Extranjera,USD,659241.54
demo,2026-08-10,Real,Tipo de cambio USD,Local,USD,1659.82
demo,2026-08-10,Real,Bancos pesos,Local,ARS,135709692.45
demo,2026-08-10,Real,Inversiones,Local,ARS,456657271.44
demo,2026-08-10,Proyectado,Cobranzas Proyectadas,Local,ARS,36256648.91
demo,2026-08-10,Proyectado,Pagos programados,Local,ARS,-76938192.96
demo,2026-08-11,Real,DISPONIBILIDADES,Local,ARS,1407780451.03
demo,2026-08-11,Real,Moneda extranjera,Local,ARS,882032216.19
demo,2026-08-11,Real,Moneda extranjera,Extranjera,USD,531403.64
demo,2026-08-11,Real,Tipo de cambio USD,Local,USD,1659.82
demo,2026-08-11,Real,Bancos pesos,Local,ARS,149060340.06
demo,2026-08-11,Real,Inversiones,Local,ARS,404632199.01
demo,2026-08-11,Proyectado,Cobranzas Proyectadas,Local,ARS,24668675.99
demo,2026-08-11,Proyectado,Pagos programados,Local,ARS,-52612980.23
demo,2026-08-12,Real,DISPONIBILIDADES,Local,ARS,1715134717.62
demo,2026-08-12,Real,Moneda extranjera,Local,ARS,1294335118.13
demo,2026-08-12,Real,Moneda extranjera,Extranjera,USD,779806.42
demo,2026-08-12,Real,Tipo de cambio USD,Local,USD,1659.82
demo,2026-08-12,Real,Bancos pesos,Local,ARS,119555852.11
demo,2026-08-12,Real,Inversiones,Local,ARS,301745943.94
demo,2026-08-12,Proyectado,Cobranzas Proyectadas,Local,ARS,36476986.25
demo,2026-08-12,Proyectado,Pagos programados,Local,ARS,-36979182.8
demo,2026-08-13,Real,DISPONIBILIDADES,Local,ARS,1357901317.35
demo,2026-08-13,Real,Moneda extranjera,Local,ARS,851135216.12
demo,2026-08-13,Real,Moneda extranjera,Extranjera,USD,512788.92
demo,2026-08-13,Real,Tipo de cambio USD,Local,USD,1659.82
demo,2026-08-13,Real,Bancos pesos,Local,ARS,132157967.68
demo,2026-08-13,Real,Inversiones,Local,ARS,378539846.54
demo,2026-08-13,Proyectado,Cobranzas Proyectadas,Local,ARS,30869362.8
demo,2026-08-13,Proyectado,Pagos programados,Local,ARS,-34801075.79
demo,2026-08-14,Real,DISPONIBILIDADES,Local,ARS,1255027092.16
demo,2026-08-14,Real,Moneda extranjera,Local,ARS,903738594.62
demo,2026-08-14,Real,Moneda extranjera,Extranjera,USD,544481.22
demo,2026-08-14,Real,Tipo de cambio USD,Local,USD,1659.82
demo,2026-08-14,Real,Bancos pesos,Local,ARS,90677042.75
demo,2026-08-14,Real,Inversiones,Local,ARS,300339534.74
demo,2026-08-14,Proyectado,Cobranzas Proyectadas,Local,ARS,39413427.62
demo,2026-08-14,Proyectado,Pagos programados,Local,ARS,-79141507.57
demo,2026-08-15,Real,DISPONIBILIDADES,Local,ARS,1716890509.82
demo,2026-08-15,Real,Moneda extranjera,Local,ARS,1303247181.0
demo,2026-08-15,Real,Moneda extranjera,Extranjera,USD,785175.73
demo,2026-08-15,Real,Tipo de cambio USD,Local,USD,1659.82
demo,2026-08-15,Real,Bancos pesos,Local,ARS,122420914.06
demo,2026-08-15,Real,Inversiones,Local,ARS,339011743.03
demo,2026-08-15,Proyectado,Cobranzas Proyectadas,Local,ARS,21195763.0
demo,2026-08-15,Proyectado,Pagos programados,Local,ARS,-68985091.28
demo,2026-08-16,Real,DISPONIBILIDADES,Local,ARS,1487042210.95
demo,2026-08-16,Real,Moneda extranjera,Local,ARS,972731319.29
demo,2026-08-16,Real,Moneda extranjera,Extranjera,USD,586047.71
demo,2026-08-16,Real,Tipo de cambio USD,Local,USD,1659.82
demo,2026-08-16,Real,Bancos pesos,Local,ARS,120604820.61
demo,2026-08-16,Real,Inversiones,Local,ARS,441979541.34
demo,2026-08-16,Proyectado,Cobranzas Proyectadas,Local,ARS,19361384.04
demo,2026-08-16,Proyectado,Pagos programados,Local,ARS,-67634854.33
demo,2026-08-17,Real,DISPONIBILIDADES,Local,ARS,1586402806.25
demo,2026-08-17,Real,Moneda extranjera,Local,ARS,1037867034.08
demo,2026-08-17,Real,Moneda extranjera,Extranjera,USD,625290.44
demo,2026-08-17,Real,Tipo de cambio USD,Local,USD,1659.82
demo,2026-08-17,Real,Bancos pesos,Local,ARS,128000355.75
demo,2026-08-17,Real,Inversiones,Local,ARS,453035443.04
demo,2026-08-17,Proyectado,Cobranzas Proyectadas,Local,ARS,22808822.98
demo,2026-08-17,Proyectado,Pagos programados,Local,ARS,-55308849.6
demo,2026-08-18,Real,DISPONIBILIDADES,Local,ARS,1560230340.6
demo,2026-08-18,Real,Moneda extranjera,Local,ARS,1121011612.12
demo,2026-08-18,Real,Moneda extranjera,Extranjera,USD,675383.09
demo,2026-08-18,Real,Tipo de cambio USD,Local,USD,1659.82
demo,2026-08-18,Real,Bancos pesos,Local,ARS,143847663.0
demo,2026-08-18,Real,Inversiones,Local,ARS,302291652.91
demo,2026-08-18,Proyectado,Cobranzas Proyectadas,Local,ARS,39846018.15
demo,2026-08-18,Proyectado,Pagos programados,Local,ARS,-46766605.58
demo,2026-08-19,Real,DISPONIBILIDADES,Local,ARS,1485868143.73
demo,2026-08-19,Real,Moneda extranjera,Local,ARS,1068738213.29
demo,2026-08-19,Real,Moneda extranjera,Extranjera,USD,643889.6
demo,2026-08-19,Real,Tipo de cambio USD,Local,USD,1659.82
demo,2026-08-19,Real,Bancos pesos,Local,ARS,120321238.05
demo,2026-08-19,Real,Inversiones,Local,ARS,327066262.69
demo,2026-08-19,Proyectado,Cobranzas Proyectadas,Local,ARS,15609805.51
demo,2026-08-19,Proyectado,Pagos programados,Local,ARS,-45867375.8
demo,2026-08-20,Real,DISPONIBILIDADES,Local,ARS,1404728994.19
demo,2026-08-20,Real,Moneda extranjera,Local,ARS,1017988216.75
demo,2026-08-20,Real,Moneda extranjera,Extranjera,USD,613313.92
demo,2026-08-20,Real,Tipo de cambio USD,Local,USD,1659.82
demo,2026-08-20,Real,Bancos pesos,Local,ARS,110144651.14
demo,2026-08-20,Real,Inversiones,Local,ARS,311815365.39
demo,2026-08-20,Proyectado,Cobranzas Proyectadas,Local,ARS,39300314.15
demo,2026-08-20,Proyectado,Pagos programados,Local,ARS,-74519553.23
demo,2026-08-21,Real,DISPONIBILIDADES,Local,ARS,1332867212.9
demo,2026-08-21,Real,Moneda extranjera,Local,ARS,861879607.85
demo,2026-08-21,Real,Moneda extranjera,Extranjera,USD,519262.16
demo,2026-08-21,Real,Tipo de cambio USD,Local,USD,1659.82
demo,2026-08-21,Real,Bancos pesos,Local,ARS,116694037.09
demo,2026-08-21,Real,Inversiones,Local,ARS,369277173.19
demo,2026-08-21,Proyectado,Cobranzas Proyectadas,Local,ARS,22119673.86
demo,2026-08-21,Proyectado,Pagos programados,Local,ARS,-37103279.09
demo,2026-08-22,Real,DISPONIBILIDADES,Local,ARS,1585363124.24
demo,2026-08-22,Real,Moneda extranjera,Local,ARS,1062328632.26
demo,2026-08-22,Real,Moneda extranjera,Extranjera,USD,640027.98
demo,2026-08-22,Real,Tipo de cambio USD,Local,USD,1659.82
demo,2026-08-22,Real,Bancos pesos,Local,ARS,111851380.69
demo,2026-08-22,Real,Inversiones,Local,ARS,451263368.3
demo,2026-08-22,Proyectado,Cobranzas Proyectadas,Local,ARS,14738950.81
demo,2026-08-22,Proyectado,Pagos programados,Local,ARS,-54819207.83
demo,2026-08-23,Real,DISPONIBILIDADES,Local,ARS,1698052468.26
demo,2026-08-23,Real,Moneda extranjera,Local,ARS,1218882632.17
demo,2026-08-23,Real,Moneda extranjera,Extranjera,USD,734348.08
demo,2026-08-23,Real,Tipo de cambio USD,Local,USD,1659.82
demo,2026-08-23,Real,Bancos pesos,Local,ARS,135046022.93
demo,2026-08-23,Real,Inversiones,Local,ARS,355946231.98
demo,2026-08-23,Proyectado,Cobranzas Proyectadas,Local,ARS,10538505.55
demo,2026-08-23,Proyectado,Pagos programados,Local,ARS,-22360924.36
demo,2026-08-24,Real,DISPONIBILIDADES,Local,ARS,1335682402.17
demo,2026-08-24,Real,Moneda extranjera,Local,ARS,909267625.86
demo,2026-08-24,Real,Moneda extranjera,Extranjera,USD,547812.33
demo,2026-08-24,Real,Tipo de cambio USD,Local,USD,1659.82
demo,2026-08-24,Real,Bancos pesos,Local,ARS,129121719.02
demo,2026-08-24,Real,Inversiones,Local,ARS,313255114.24
demo,2026-08-24,Proyectado,Cobranzas Proyectadas,Local,ARS,18205492.2
demo,2026-08-24,Proyectado,Pagos programados,Local,ARS,-34167549.14
demo,2026-08-25,Real,DISPONIBILIDADES,Local,ARS,1479172213.85
demo,2026-08-25,Real,Moneda extranjera,Local,ARS,939738365.05
demo,2026-08-25,Real,Moneda extranjera,Extranjera,USD,566170.23
demo,2026-08-25,Real,Tipo de cambio USD,Local,USD,1659.82
demo,2026-08-25,Real,Bancos pesos,Local,ARS,144849138.78
demo,2026-08-25,Real,Inversiones,Local,ARS,428531908.33
demo,2026-08-25,Proyectado,Cobranzas Proyectadas,Local,ARS,27373134.72
demo,2026-08-25,Proyectado,Pagos programados,Local,ARS,-61320333.03
demo,2026-08-26,Real,DISPONIBILIDADES,Local,ARS,1427889660.81
demo,2026-08-26,Real,Moneda extranjera,Local,ARS,953783785.3
demo,2026-08-26,Real,Moneda extranjera,Extranjera,USD,574632.27
demo,2026-08-26,Real,Tipo de cambio USD,Local,USD,1659.82
demo,2026-08-26,Real,Bancos pesos,Local,ARS,126117853.24
demo,2026-08-26,Real,Inversiones,Local,ARS,375915531.13
demo,2026-08-26,Proyectado,Cobranzas Proyectadas,Local,ARS,18245444.38
demo,2026-08-26,Proyectado,Pagos programados,Local,ARS,-46172953.25
demo,2026-08-27,Real,DISPONIBILIDADES,Local,ARS,1726958598.05
demo,2026-08-27,Real,Moneda extranjera,Local,ARS,1260996769.23
demo,2026-08-27,Real,Moneda extranjera,Extranjera,USD,759720.85
demo,2026-08-27,Real,Tipo de cambio USD,Local,USD,1659.82
demo,2026-08-27,Real,Bancos pesos,Local,ARS,104523773.04
demo,2026-08-27,Real,Inversiones,Local,ARS,409139504.45
demo,2026-08-27,Proyectado,Cobranzas Proyectadas,Local,ARS,17967665.16
demo,2026-08-27,Proyectado,Pagos programados,Local,ARS,-65669113.83
demo,2026-08-28,Real,DISPONIBILIDADES,Local,ARS,1856013362.44
demo,2026-08-28,Real,Moneda extranjera,Local,ARS,1240311093.99
demo,2026-08-28,Real,Moneda extranjera,Extranjera,USD,747258.22
demo,2026-08-28,Real,Tipo de cambio USD,Local,USD,1659.82
demo,2026-08-28,Real,Bancos pesos,Local,ARS,131183405.88
demo,2026-08-28,Real,Inversiones,Local,ARS,484567950.09
demo,2026-08-28,Proyectado,Cobranzas Proyectadas,Local,ARS,29550216.21
demo,2026-08-28,Proyectado,Pagos programados,Local,ARS,-29599303.73
demo,2026-08-29,Real,DISPONIBILIDADES,Local,ARS,1641351155.72
demo,2026-08-29,Real,Moneda extranjera,Local,ARS,1120123705.73
demo,2026-08-29,Real,Moneda extranjera,Extranjera,USD,674848.15
demo,2026-08-29,Real,Tipo de cambio USD,Local,USD,1659.82
demo,2026-08-29,Real,Bancos pesos,Local,ARS,149172908.89
demo,2026-08-29,Real,Inversiones,Local,ARS,367492047.12
demo,2026-08-29,Proyectado,Cobranzas Proyectadas,Local,ARS,30967691.07
demo,2026-08-29,Proyectado,Pagos programados,Local,ARS,-26405197.08
demo,2026-08-30,Real,DISPONIBILIDADES,Local,ARS,1444226843.6
demo,2026-08-30,Real,Moneda extranjera,Local,ARS,1003182337.52
demo,2026-08-30,Real,Moneda extranjera,Extranjera,USD,604393.73
demo,2026-08-30,Real,Tipo de cambio USD,Local,USD,1659.82
demo,2026-08-30,Real,Bancos pesos,Local,ARS,155870186.15
demo,2026-08-30,Real,Inversiones,Local,ARS,303214085.21
demo,2026-08-30,Proyectado,Cobranzas Proyectadas,Local,ARS,19709613.67
demo,2026-08-30,Proyectado,Pagos programados,Local,ARS,-37749378.94
demo,2026-08-31,Real,DISPONIBILIDADES,Local,ARS,1878466923.05
demo,2026-08-31,Real,Moneda extranjera,Local,ARS,1303679706.82
demo,2026-08-31,Real,Moneda extranjera,Extranjera,USD,785436.32
demo,2026-08-31,Real,Tipo de cambio USD,Local,USD,1659.82
demo,2026-08-31,Real,Bancos pesos,Local,ARS,140998995.73
demo,2026-08-31,Real,Inversiones,Local,ARS,465316230.85
demo,2026-08-31,Proyectado,Cobranzas Proyectadas,Local,ARS,21002507.19
demo,2026-08-31,Proyectado,Pagos programados,Local,ARS,-52530517.54
demo,2026-09-01,Real,DISPONIBILIDADES,Local,ARS,1630113605.76
demo,2026-09-01,Real,Moneda extranjera,Local,ARS,1121891389.84
demo,2026-09-01,Real,Moneda extranjera,Extranjera,USD,663855.55
demo,2026-09-01,Real,Tipo de cambio USD,Local,USD,1689.96
demo,2026-09-01,Real,Bancos pesos,Local,ARS,142263142.58
demo,2026-09-01,Real,Inversiones,Local,ARS,409200798.23
demo,2026-09-01,Proyectado,Cobranzas Proyectadas,Local,ARS,29019088.64
demo,2026-09-01,Proyectado,Pagos programados,Local,ARS,-72260813.53
demo,2026-09-02,Real,DISPONIBILIDADES,Local,ARS,1769270483.26
demo,2026-09-02,Real,Moneda extranjera,Local,ARS,1206625590.35
demo,2026-09-02,Real,Moneda extranjera,Extranjera,USD,713995.22
demo,2026-09-02,Real,Tipo de cambio USD,Local,USD,1689.96
demo,2026-09-02,Real,Bancos pesos,Local,ARS,148361797.55
demo,2026-09-02,Real,Inversiones,Local,ARS,406588016.63
demo,2026-09-02,Proyectado,Cobranzas Proyectadas,Local,ARS,30787323.86
demo,2026-09-02,Proyectado,Pagos programados,Local,ARS,-23092245.13
demo,2026-09-03,Real,DISPONIBILIDADES,Local,ARS,1427285178.83
demo,2026-09-03,Real,Moneda extranjera,Local,ARS,938814678.64
demo,2026-09-03,Real,Moneda extranjera,Extranjera,USD,555523.77
demo,2026-09-03,Real,Tipo de cambio USD,Local,USD,1689.96
demo,2026-09-03,Real,Bancos pesos,Local,ARS,137760565.2
demo,2026-09-03,Real,Inversiones,Local,ARS,399280225.0
demo,2026-09-03,Proyectado,Cobranzas Proyectadas,Local,ARS,30281203.36
demo,2026-09-03,Proyectado,Pagos programados,Local,ARS,-78851493.36
demo,2026-09-04,Real,DISPONIBILIDADES,Local,ARS,1463670318.32
demo,2026-09-04,Real,Moneda extranjera,Local,ARS,1008544617.34
demo,2026-09-04,Real,Moneda extranjera,Extranjera,USD,596784.99
demo,2026-09-04,Real,Tipo de cambio USD,Local,USD,1689.96
demo,2026-09-04,Real,Bancos pesos,Local,ARS,143087230.81
demo,2026-09-04,Real,Inversiones,Local,ARS,338980350.32
demo,2026-09-04,Proyectado,Cobranzas Proyectadas,Local,ARS,22787831.3
demo,2026-09-04,Proyectado,Pagos programados,Local,ARS,-49729711.46
demo,2026-09-05,Real,DISPONIBILIDADES,Local,ARS,1763331382.75
demo,2026-09-05,Real,Moneda extranjera,Local,ARS,1193910350.89
demo,2026-09-05,Real,Moneda extranjera,Extranjera,USD,706471.25
demo,2026-09-05,Real,Tipo de cambio USD,Local,USD,1689.96
demo,2026-09-05,Real,Bancos pesos,Local,ARS,102921328.23
demo,2026-09-05,Real,Inversiones,Local,ARS,494870446.6
demo,2026-09-05,Proyectado,Cobranzas Proyectadas,Local,ARS,11771907.41
demo,2026-09-05,Proyectado,Pagos programados,Local,ARS,-40142650.38
demo,2026-09-06,Real,DISPONIBILIDADES,Local,ARS,1450702086.39
demo,2026-09-06,Real,Moneda extranjera,Local,ARS,965382319.04
demo,2026-09-06,Real,Moneda extranjera,Extranjera,USD,571244.61
demo,2026-09-06,Real,Tipo de cambio USD,Local,USD,1689.96
demo,2026-09-06,Real,Bancos pesos,Local,ARS,157797108.68
demo,2026-09-06,Real,Inversiones,Local,ARS,359841287.15
demo,2026-09-06,Proyectado,Cobranzas Proyectadas,Local,ARS,39421566.83
demo,2026-09-06,Proyectado,Pagos programados,Local,ARS,-71740195.31
demo,2026-09-07,Real,DISPONIBILIDADES,Local,ARS,1754473139.54
demo,2026-09-07,Real,Moneda extranjera,Local,ARS,1329654006.32
demo,2026-09-07,Real,Moneda extranjera,Extranjera,USD,786794.69
demo,2026-09-07,Real,Tipo de cambio USD,Local,USD,1689.96
demo,2026-09-07,Real,Bancos pesos,Local,ARS,109134819.27
demo,2026-09-07,Real,Inversiones,Local,ARS,319773527.69
demo,2026-09-07,Proyectado,Cobranzas Proyectadas,Local,ARS,39118384.93
demo,2026-09-07,Proyectado,Pagos programados,Local,ARS,-43207598.67
demo,2026-09-08,Real,DISPONIBILIDADES,Local,ARS,1509947675.94
demo,2026-09-08,Real,Moneda extranjera,Local,ARS,995328426.49
demo,2026-09-08,Real,Moneda extranjera,Extranjera,USD,588964.58
demo,2026-09-08,Real,Tipo de cambio USD,Local,USD,1689.96
demo,2026-09-08,Real,Bancos pesos,Local,ARS,145772488.31
demo,2026-09-08,Real,Inversiones,Local,ARS,399655528.18
demo,2026-09-08,Proyectado,Cobranzas Proyectadas,Local,ARS,20398479.92
demo,2026-09-08,Proyectado,Pagos programados,Local,ARS,-51207246.97
demo,2026-09-09,Real,DISPONIBILIDADES,Local,ARS,1607010432.23
demo,2026-09-09,Real,Moneda extranjera,Local,ARS,1067592870.77
demo,2026-09-09,Real,Moneda extranjera,Extranjera,USD,631725.54
demo,2026-09-09,Real,Tipo de cambio USD,Local,USD,1689.96
demo,2026-09-09,Real,Bancos pesos,Local,ARS,113267004.08
demo,2026-09-09,Real,Inversiones,Local,ARS,441049525.98
demo,2026-09-09,Proyectado,Cobranzas Proyectadas,Local,ARS,36629114.59
demo,2026-09-09,Proyectado,Pagos programados,Local,ARS,-51528083.2
demo,2026-09-10,Real,DISPONIBILIDADES,Local,ARS,1877729138.28
demo,2026-09-10,Real,Moneda extranjera,Local,ARS,1267575028.71
demo,2026-09-10,Real,Moneda extranjera,Extranjera,USD,750060.76
demo,2026-09-10,Real,Tipo de cambio USD,Local,USD,1689.96
demo,2026-09-10,Real,Bancos pesos,Local,ARS,144452911.2
demo,2026-09-10,Real,Inversiones,Local,ARS,475633481.83
demo,2026-09-10,Proyectado,Cobranzas Proyectadas,Local,ARS,32240715.33
demo,2026-09-10,Proyectado,Pagos programados,Local,ARS,-42172998.78
demo,2026-09-11,Real,DISPONIBILIDADES,Local,ARS,1435451925.02
demo,2026-09-11,Real,Moneda extranjera,Local,ARS,1004536451.46
demo,2026-09-11,Real,Moneda extranjera,Extranjera,USD,594413.24
demo,2026-09-11,Real,Tipo de cambio USD,Local,USD,1689.96
demo,2026-09-11,Real,Bancos pesos,Local,ARS,143639059.75
demo,2026-09-11,Real,Inversiones,Local,ARS,319127406.8
demo,2026-09-11,Proyectado,Cobranzas Proyectadas,Local,ARS,10486604.21
demo,2026-09-11,Proyectado,Pagos programados,Local,ARS,-42337597.22
demo,2026-09-12,Real,DISPONIBILIDADES,Local,ARS,1716457777.68
demo,2026-09-12,Real,Moneda extranjera,Local,ARS,1110392381.39
demo,2026-09-12,Real,Moneda extranjera,Extranjera,USD,657051.25
demo,2026-09-12,Real,Tipo de cambio USD,Local,USD,1689.96
demo,2026-09-12,Real,Bancos pesos,Local,ARS,125654419.09
demo,2026-09-12,Real,Inversiones,Local,ARS,486408417.03
demo,2026-09-12,Proyectado,Cobranzas Proyectadas,Local,ARS,30128633.99
demo,2026-09-12,Proyectado,Pagos programados,Local,ARS,-36126073.82
demo,2026-09-13,Real,DISPONIBILIDADES,Local,ARS,1547240570.99
demo,2026-09-13,Real,Moneda extranjera,Local,ARS,1122263492.37
demo,2026-09-13,Real,Moneda extranjera,Extranjera,USD,664075.73
demo,2026-09-13,Real,Tipo de cambio USD,Local,USD,1689.96
demo,2026-09-13,Real,Bancos pesos,Local,ARS,143837260.41
demo,2026-09-13,Real,Inversiones,Local,ARS,300405191.9
demo,2026-09-13,Proyectado,Cobranzas Proyectadas,Local,ARS,35979436.89
demo,2026-09-13,Proyectado,Pagos programados,Local,ARS,-55244810.58
demo,2026-09-14,Real,DISPONIBILIDADES,Local,ARS,1604612098.01
demo,2026-09-14,Real,Moneda extranjera,Local,ARS,1150266228.11
demo,2026-09-14,Real,Moneda extranjera,Extranjera,USD,680645.76
demo,2026-09-14,Real,Tipo de cambio USD,Local,USD,1689.96
demo,2026-09-14,Real,Bancos pesos,Local,ARS,98827955.77
demo,2026-09-14,Real,Inversiones,Local,ARS,378130931.55
demo,2026-09-14,Proyectado,Cobranzas Proyectadas,Local,ARS,11942332.63
demo,2026-09-14,Proyectado,Pagos programados,Local,ARS,-34555350.04
demo,2026-09-15,Real,DISPONIBILIDADES,Local,ARS,1522954826.04
demo,2026-09-15,Real,Moneda extranjera,Local,ARS,1070009189.67
demo,2026-09-15,Real,Moneda extranjera,Extranjera,USD,633155.35
demo,2026-09-15,Real,Tipo de cambio USD,Local,USD,1689.96
demo,2026-09-15,Real,Bancos pesos,Local,ARS,126599484.52
demo,2026-09-15,Real,Inversiones,Local,ARS,329691379.25
demo,2026-09-15,Proyectado,Cobranzas Proyectadas,Local,ARS,30409460.31
demo,2026-09-15,Proyectado,Pagos programados,Local,ARS,-33754687.71
demo,2026-09-16,Real,DISPONIBILIDADES,Local,ARS,1382033539.72
demo,2026-09-16,Real,Moneda extranjera,Local,ARS,887228562.63
demo,2026-09-16,Real,Moneda extranjera,Extranjera,USD,524998.77
demo,2026-09-16,Real,Tipo de cambio USD,Local,USD,1689.96
demo,2026-09-16,Real,Bancos pesos,Local,ARS,125448330.79
demo,2026-09-16,Real,Inversiones,Local,ARS,405213874.72
demo,2026-09-16,Proyectado,Cobranzas Proyectadas,Local,ARS,30654203.96
demo,2026-09-16,Proyectado,Pagos programados,Local,ARS,-66511432.38
demo,2026-09-17,Real,DISPONIBILIDADES,Local,ARS,1798445998.4
demo,2026-09-17,Real,Moneda extranjera,Local,ARS,1268829004.59
demo,2026-09-17,Real,Moneda extranjera,Extranjera,USD,750802.78
demo,2026-09-17,Real,Tipo de cambio USD,Local,USD,1689.96
demo,2026-09-17,Real,Bancos pesos,Local,ARS,134625756.15
demo,2026-09-17,Real,Inversiones,Local,ARS,439241961.43
demo,2026-09-17,Proyectado,Cobranzas Proyectadas,Local,ARS,10983345.82
demo,2026-09-17,Proyectado,Pagos programados,Local,ARS,-55234069.58
demo,2026-09-18,Real,DISPONIBILIDADES,Local,ARS,1499714552.04
demo,2026-09-18,Real,Moneda extranjera,Local,ARS,1082665245.93
demo,2026-09-18,Real,Moneda extranjera,Extranjera,USD,640644.3
demo,2026-09-18,Real,Tipo de cambio USD,Local,USD,1689.96
demo,2026-09-18,Real,Bancos pesos,Local,ARS,108640902.74
demo,2026-09-18,Real,Inversiones,Local,ARS,332662470.91
demo,2026-09-18,Proyectado,Cobranzas Proyectadas,Local,ARS,16555040.38
demo,2026-09-18,Proyectado,Pagos programados,Local,ARS,-40809107.91
demo,2026-09-19,Real,DISPONIBILIDADES,Local,ARS,1844548737.49
demo,2026-09-19,Real,Moneda extranjera,Local,ARS,1316163057.87
demo,2026-09-19,Real,Moneda extranjera,Extranjera,USD,778811.7
demo,2026-09-19,Real,Tipo de cambio USD,Local,USD,1689.96
demo,2026-09-19,Real,Bancos pesos,Local,ARS,127170069.93
demo,2026-09-19,Real,Inversiones,Local,ARS,386448400.44
demo,2026-09-19,Proyectado,Cobranzas Proyectadas,Local,ARS,37796957.06
demo,2026-09-19,Proyectado,Pagos programados,Local,ARS,-23029747.81
demo,2026-09-20,Real,DISPONIBILIDADES,Local,ARS,1371330807.2
demo,2026-09-20,Real,Moneda extranjera,Local,ARS,923712442.54
demo,2026-09-20,Real,Moneda extranjera,Extranjera,USD,546587.34
demo,2026-09-20,Real,Tipo de cambio USD,Local,USD,1689.96
demo,2026-09-20,Real,Bancos pesos,Local,ARS,159243414.46
demo,2026-09-20,Real,Inversiones,Local,ARS,317898957.26
demo,2026-09-20,Proyectado,Cobranzas Proyectadas,Local,ARS,24644385.17
demo,2026-09-20,Proyectado,Pagos programados,Local,ARS,-54168392.22
demo,2026-09-21,Real,DISPONIBILIDADES,Local,ARS,1664981547.93
demo,2026-09-21,Real,Moneda extranjera,Local,ARS,1119634189.22
demo,2026-09-21,Real,Moneda extranjera,Extranjera,USD,662519.9
demo,2026-09-21,Real,Tipo de cambio USD,Local,USD,1689.96
demo,2026-09-21,Real,Bancos pesos,Local,ARS,104149898.31
demo,2026-09-21,Real,Inversiones,Local,ARS,493992894.16
demo,2026-09-21,Proyectado,Cobranzas Proyectadas,Local,ARS,10335470.76
demo,2026-09-21,Proyectado,Pagos programados,Local,ARS,-63130904.52
demo,2026-09-22,Real,DISPONIBILIDADES,Local,ARS,1690492824.49
demo,2026-09-22,Real,Moneda extranjera,Local,ARS,1314836555.23
demo,2026-09-22,Real,Moneda extranjera,Extranjera,USD,778026.77
demo,2026-09-22,Real,Tipo de cambio USD,Local,USD,1689.96
demo,2026-09-22,Real,Bancos pesos,Local,ARS,100870643.05
demo,2026-09-22,Real,Inversiones,Local,ARS,313050271.69
demo,2026-09-22,Proyectado,Cobranzas Proyectadas,Local,ARS,38307317.22
demo,2026-09-22,Proyectado,Pagos programados,Local,ARS,-76571962.7
demo,2026-09-23,Real,DISPONIBILIDADES,Local,ARS,1481833858.05
demo,2026-09-23,Real,Moneda extranjera,Local,ARS,964156246.86
demo,2026-09-23,Real,Moneda extranjera,Extranjera,USD,570519.11
demo,2026-09-23,Real,Tipo de cambio USD,Local,USD,1689.96
demo,2026-09-23,Real,Bancos pesos,Local,ARS,154287963.54
demo,2026-09-23,Real,Inversiones,Local,ARS,356205714.25
demo,2026-09-23,Proyectado,Cobranzas Proyectadas,Local,ARS,27980949.13
demo,2026-09-23,Proyectado,Pagos programados,Local,ARS,-20797015.73
demo,2026-09-24,Real,DISPONIBILIDADES,Local,ARS,1292193547.35
demo,2026-09-24,Real,Moneda extranjera,Local,ARS,860572883.97
demo,2026-09-24,Real,Moneda extranjera,Extranjera,USD,509225.84
demo,2026-09-24,Real,Tipo de cambio USD,Local,USD,1689.96
demo,2026-09-24,Real,Bancos pesos,Local,ARS,113949211.16
demo,2026-09-24,Real,Inversiones,Local,ARS,344479956.18
demo,2026-09-24,Proyectado,Cobranzas Proyectadas,Local,ARS,35719633.81
demo,2026-09-24,Proyectado,Pagos programados,Local,ARS,-62528137.76
demo,2026-09-25,Real,DISPONIBILIDADES,Local,ARS,1692063100.71
demo,2026-09-25,Real,Moneda extranjera,Local,ARS,1253317985.72
demo,2026-09-25,Real,Moneda extranjera,Extranjera,USD,741624.46
demo,2026-09-25,Real,Tipo de cambio USD,Local,USD,1689.96
demo,2026-09-25,Real,Bancos pesos,Local,ARS,143164054.7
demo,2026-09-25,Real,Inversiones,Local,ARS,344326843.21
demo,2026-09-25,Proyectado,Cobranzas Proyectadas,Local,ARS,30082928.47
demo,2026-09-25,Proyectado,Pagos programados,Local,ARS,-78828711.38
