hotel,fecha,fecha_reporte,concepto,dia,mes,anio
demo-centro,2025-08-21,2025-08-22,Total Rooms in Hotel,220,4620,51260
demo-centro,2025-08-21,2025-08-22,Rooms Occupied minus House Use,147,3119,33133
demo-centro,2025-08-21,2025-08-22,Room Revenue,25540.12,517823.72,5488197.23
demo-centro,2025-08-21,2025-08-22,Total Revenue,33493.64,661800.05,7030588.81
demo-centro,2025-08-21,2025-08-22,Food And Beverage Revenue,7187.32,128441.62,1377745.66
demo-centro,2025-08-21,2025-08-22,Other Revenue,766.2,0,0
demo-costa,2025-08-21,2025-08-22,Total Rooms in Hotel,140,2940,32620
demo-costa,2025-08-21,2025-08-22,Rooms Occupied minus House Use,61,1218,20405
demo-costa,2025-08-21,2025-08-22,Room Revenue,8952.03,179812.3,3203568.0
demo-costa,2025-08-21,2025-08-22,Total Revenue,11059.7,229045.82,4093645.56
demo-costa,2025-08-21,2025-08-22,Food And Beverage Revenue,1839.11,43839.15,793970.52
demo-costa,2025-08-21,2025-08-22,Other Revenue,268.56,0,0
demo-centro,2025-08-22,2025-08-23,Total Rooms in Hotel,220,4840,51480
demo-centro,2025-08-22,2025-08-23,Rooms Occupied minus House Use,156,3275,33289
demo-centro,2025-08-22,2025-08-23,Room Revenue,26189.75,544013.47,5514386.97
demo-centro,2025-08-22,2025-08-23,Total Revenue,33912.38,695712.43,7064501.18
demo-centro,2025-08-22,2025-08-23,Food And Beverage Revenue,6936.94,135378.56,1384682.6
demo-centro,2025-08-22,2025-08-23,Other Revenue,785.69,0,0
demo-costa,2025-08-22,2025-08-23,Total Rooms in Hotel,140,3080,32760
demo-costa,2025-08-22,2025-08-23,Rooms Occupied minus House Use,68,1286,20473
demo-costa,2025-08-22,2025-08-23,Room Revenue,10300.1,190112.4,3213868.11
demo-costa,2025-08-22,2025-08-23,Total Revenue,12726.71,241772.53,4106372.27
demo-costa,2025-08-22,2025-08-23,Food And Beverage Revenue,2117.6,45956.75,796088.12
demo-costa,2025-08-22,2025-08-23,Other Revenue,309.0,0,0
demo-centro,2025-08-23,2025-08-24,Total Rooms in Hotel,220,5060,51700
demo-centro,2025-08-23,2025-08-24,Rooms Occupied minus House Use,160,3435,33449
demo-centro,2025-08-23,2025-08-24,Room Revenue,25610.68,569624.14,5539997.65
demo-centro,2025-08-23,2025-08-24,Total Revenue,31900.36,727612.78,7096401.54
demo-centro,2025-08-23,2025-08-24,Food And Beverage Revenue,5521.36,140899.92,1390203.96
demo-centro,2025-08-23,2025-08-24,Other Revenue,768.32,0,0
demo-costa,2025-08-23,2025-08-24,Total Rooms in Hotel,140,3220,32900
demo-costa,2025-08-23,2025-08-24,Rooms Occupied minus House Use,68,1354,20541
demo-costa,2025-08-23,2025-08-24,Room Revenue,9743.85,199856.25,3223611.95
demo-costa,2025-08-23,2025-08-24,Total Revenue,12181.54,253954.07,4118553.81
demo-costa,2025-08-23,2025-08-24,Food And Beverage Revenue,2145.38,48102.13,798233.5
demo-costa,2025-08-23,2025-08-24,Other Revenue,292.32,0,0
demo-centro,2025-08-24,2025-08-25,Total Rooms in Hotel,220,5280,51920
demo-centro,2025-08-24,2025-08-25,Rooms Occupied minus House Use,146,3581,33595
demo-centro,2025-08-24,2025-08-25,Room Revenue,24911.62,594535.76,5564909.27
demo-centro,2025-08-24,2025-08-25,Total Revenue,31448.03,759060.81,7127849.57
demo-centro,2025-08-24,2025-08-25,Food And Beverage Revenue,5789.06,146688.98,1395993.02
demo-centro,2025-08-24,2025-08-25,Other Revenue,747.35,0,0
demo-costa,2025-08-24,2025-08-25,Total Rooms in Hotel,140,3360,33040
demo-costa,2025-08-24,2025-08-25,Rooms Occupied minus House Use,49,1403,20590
demo-costa,2025-08-24,2025-08-25,Room Revenue,7129.13,206985.38,3230741.08
demo-costa,2025-08-24,2025-08-25,Total Revenue,9415.34,263369.41,4127969.15
demo-costa,2025-08-24,2025-08-25,Food And Beverage Revenue,2072.33,50174.47,800305.83
demo-costa,2025-08-24,2025-08-25,Other Revenue,213.87,0,0
demo-centro,2025-08-25,2025-08-26,Total Rooms in Hotel,220,5500,52140
demo-centro,2025-08-25,2025-08-26,Rooms Occupied minus House Use,141,3722,33736
demo-centro,2025-08-25,2025-08-26,Room Revenue,23444.09,617979.85,5588353.36
demo-centro,2025-08-25,2025-08-26,Total Revenue,30067.07,789127.88,7157916.64
demo-centro,2025-08-25,2025-08-26,Food And Beverage Revenue,5919.65,152608.63,1401912.67
demo-centro,2025-08-25,2025-08-26,Other Revenue,703.32,0,0
demo-costa,2025-08-25,2025-08-26,Total Rooms in Hotel,140,3500,33180
demo-costa,2025-08-25,2025-08-26,Rooms Occupied minus House Use,60,1463,20650
demo-costa,2025-08-25,2025-08-26,Room Revenue,8729.4,215714.78,3239470.48
demo-costa,2025-08-25,2025-08-26,Total Revenue,11322.01,274691.42,4139291.16
demo-costa,2025-08-25,2025-08-26,Food And Beverage Revenue,2330.73,52505.2,802636.57
demo-costa,2025-08-25,2025-08-26,Other Revenue,261.88,0,0
demo-centro,2025-08-26,2025-08-27,Total Rooms in Hotel,220,5720,52360
demo-centro,2025-08-26,2025-08-27,Rooms Occupied minus House Use,147,3869,33883
demo-centro,2025-08-26,2025-08-27,Room Revenue,24227.76,642207.62,5612581.12
demo-centro,2025-08-26,2025-08-27,Total Revenue,32219.39,821347.27,7190136.03
demo-centro,2025-08-26,2025-08-27,Food And Beverage Revenue,7264.8,159873.43,1409177.47
demo-centro,2025-08-26,2025-08-27,Other Revenue,726.83,0,0
demo-costa,2025-08-26,2025-08-27,Total Rooms in Hotel,140,3640,33320
demo-costa,2025-08-26,2025-08-27,Rooms Occupied minus House Use,59,1522,20709
demo-costa,2025-08-26,2025-08-27,Room Revenue,8634.37,224349.15,3248104.85
demo-costa,2025-08-26,2025-08-27,Total Revenue,10666.8,285358.22,4149957.96
demo-costa,2025-08-26,2025-08-27,Food And Beverage Revenue,1773.4,54278.6,804409.97
demo-costa,2025-08-26,2025-08-27,Other Revenue,259.03,0,0
demo-centro,2025-08-27,2025-08-28,Total Rooms in Hotel,220,5940,52580
demo-centro,2025-08-27,2025-08-28,Rooms Occupied minus House Use,127,3996,34010
demo-centro,2025-08-27,2025-08-28,Room Revenue,21866.43,664074.05,5634447.55
demo-centro,2025-08-27,2025-08-28,Total Revenue,27860.34,849207.61,7217996.36
demo-centro,2025-08-27,2025-08-28,Food And Beverage Revenue,5337.91,165211.34,1414515.38
demo-centro,2025-08-27,2025-08-28,Other Revenue,655.99,0,0
demo-costa,2025-08-27,2025-08-28,Total Rooms in Hotel,140,3780,33460
demo-costa,2025-08-27,2025-08-28,Rooms Occupied minus House Use,59,1581,20768
demo-costa,2025-08-27,2025-08-28,Room Revenue,8293.69,232642.83,3256398.53
demo-costa,2025-08-27,2025-08-28,Total Revenue,10817.03,296175.25,4160774.99
demo-costa,2025-08-27,2025-08-28,Food And Beverage Revenue,2274.53,56553.14,806684.5
demo-costa,2025-08-27,2025-08-28,Other Revenue,248.81,0,0
demo-centro,2025-08-28,2025-08-29,Total Rooms in Hotel,220,6160,52800
demo-centro,2025-08-28,2025-08-29,Rooms Occupied minus House Use,139,4135,34149
demo-centro,2025-08-28,2025-08-29,Room Revenue,22794.82,686868.87,5657242.37
demo-centro,2025-08-28,2025-08-29,Total Revenue,30059.62,879267.23,7248055.99
demo-centro,2025-08-28,2025-08-29,Food And Beverage Revenue,6580.96,171792.3,1421096.34
demo-centro,2025-08-28,2025-08-29,Other Revenue,683.84,0,0
demo-costa,2025-08-28,2025-08-29,Total Rooms in Hotel,140,3920,33600
demo-costa,2025-08-28,2025-08-29,Rooms Occupied minus House Use,56,1637,20824
demo-costa,2025-08-28,2025-08-29,Room Revenue,8159.67,240802.5,3264558.2
demo-costa,2025-08-28,2025-08-29,Total Revenue,10390.75,306566.0,4171165.74
demo-costa,2025-08-28,2025-08-29,Food And Beverage Revenue,1986.29,58539.43,808670.8
demo-costa,2025-08-28,2025-08-29,Other Revenue,244.79,0,0
demo-centro,2025-08-29,2025-08-30,Total Rooms in Hotel,220,6380,53020
demo-centro,2025-08-29,2025-08-30,Rooms Occupied minus House Use,166,4301,34315
demo-centro,2025-08-29,2025-08-30,Room Revenue,27140.83,714009.7,5684383.2
demo-centro,2025-08-29,2025-08-30,Total Revenue,34319.28,913586.51,7282375.26
demo-centro,2025-08-29,2025-08-30,Food And Beverage Revenue,6364.22,178156.52,1427460.56
demo-centro,2025-08-29,2025-08-30,Other Revenue,814.23,0,0
demo-costa,2025-08-29,2025-08-30,Total Rooms in Hotel,140,4060,33740
demo-costa,2025-08-29,2025-08-30,Rooms Occupied minus House Use,77,1714,20901
demo-costa,2025-08-29,2025-08-30,Room Revenue,11079.41,251881.9,3275637.61
demo-costa,2025-08-29,2025-08-30,Total Revenue,14590.91,321156.91,4185756.65
demo-costa,2025-08-29,2025-08-30,Food And Beverage Revenue,3179.12,61718.55,811849.92
demo-costa,2025-08-29,2025-08-30,Other Revenue,332.38,0,0
demo-centro,2025-08-30,2025-08-31,Total Rooms in Hotel,220,6600,53240
demo-centro,2025-08-30,2025-08-31,Rooms Occupied minus House Use,148,4449,34463
demo-centro,2025-08-30,2025-08-31,Room Revenue,24300.16,738309.86,5708683.37
demo-centro,2025-08-30,2025-08-31,Total Revenue,30318.99,943905.5,7312694.25
demo-centro,2025-08-30,2025-08-31,Food And Beverage Revenue,5289.82,183446.34,1432750.39
demo-centro,2025-08-30,2025-08-31,Other Revenue,729.0,0,0
demo-costa,2025-08-30,2025-08-31,Total Rooms in Hotel,140,4200,33880
demo-costa,2025-08-30,2025-08-31,Rooms Occupied minus House Use,78,1792,20979
demo-costa,2025-08-30,2025-08-31,Room Revenue,12051.21,263933.11,3287688.81
demo-costa,2025-08-30,2025-08-31,Total Revenue,15234.06,336390.97,4200990.71
demo-costa,2025-08-30,2025-08-31,Food And Beverage Revenue,2821.32,64539.87,814671.23
demo-costa,2025-08-30,2025-08-31,Other Revenue,361.54,0,0
demo-centro,2025-08-31,2025-09-01,Total Rooms in Hotel,220,6820,53460
demo-centro,2025-08-31,2025-09-01,Rooms Occupied minus House Use,130,4579,34593
demo-centro,2025-08-31,2025-09-01,Room Revenue,20746.66,759056.52,5729430.03
demo-centro,2025-08-31,2025-09-01,Total Revenue,26860.97,970766.47,7339555.22
demo-centro,2025-08-31,2025-09-01,Food And Beverage Revenue,5491.91,188938.25,1438242.29
demo-centro,2025-08-31,2025-09-01,Other Revenue,622.4,0,0
demo-costa,2025-08-31,2025-09-01,Total Rooms in Hotel,140,4340,34020
demo-costa,2025-08-31,2025-09-01,Rooms Occupied minus House Use,58,1850,21037
demo-costa,2025-08-31,2025-09-01,Room Revenue,8751.33,272684.44,3296440.15
demo-costa,2025-08-31,2025-09-01,Total Revenue,11205.78,347596.75,4212196.49
demo-costa,2025-08-31,2025-09-01,Food And Beverage Revenue,2191.91,66731.78,816863.14
demo-costa,2025-08-31,2025-09-01,Other Revenue,262.54,0,0
demo-centro,2025-09-01,2025-09-02,Total Rooms in Hotel,220,220,53680
demo-centro,2025-09-01,2025-09-02,Rooms Occupied minus House Use,170,170,34763
demo-centro,2025-09-01,2025-09-02,Room Revenue,28440.87,28440.87,5757870.89
demo-centro,2025-09-01,2025-09-02,Total Revenue,35112.17,35112.17,7374667.39
demo-centro,2025-09-01,2025-09-02,Food And Beverage Revenue,5818.07,5818.07,1444060.37
demo-centro,2025-09-01,2025-09-02,Other Revenue,853.23,0,0
demo-costa,2025-09-01,2025-09-02,Total Rooms in Hotel,140,140,34160
demo-costa,2025-09-01,2025-09-02,Rooms Occupied minus House Use,68,68,21105
demo-costa,2025-09-01,2025-09-02,Room Revenue,10602.23,10602.23,3307042.37
demo-costa,2025-09-01,2025-09-02,Total Revenue,13465.09,13465.09,4225661.59
demo-costa,2025-09-01,2025-09-02,Food And Beverage Revenue,2544.8,2544.8,819407.94
demo-costa,2025-09-01,2025-09-02,Other Revenue,318.07,0,0
demo-centro,2025-09-02,2025-09-03,Total Rooms in Hotel,220,440,53900
demo-centro,2025-09-02,2025-09-03,Rooms Occupied minus House Use,152,322,34915
demo-centro,2025-09-02,2025-09-03,Room Revenue,25350.19,53791.06,5783221.09
demo-centro,2025-09-02,2025-09-03,Total Revenue,31504.38,66616.55,7406171.77
demo-centro,2025-09-02,2025-09-03,Food And Beverage Revenue,5393.68,11211.75,1449454.05
demo-centro,2025-09-02,2025-09-03,Other Revenue,760.51,0,0
demo-costa,2025-09-02,2025-09-03,Total Rooms in Hotel,140,280,34300
demo-costa,2025-09-02,2025-09-03,Rooms Occupied minus House Use,84,152,21189
demo-costa,2025-09-02,2025-09-03,Room Revenue,12113.42,22715.64,3319155.79
demo-costa,2025-09-02,2025-09-03,Total Revenue,14900.24,28365.33,4240561.82
demo-costa,2025-09-02,2025-09-03,Food And Beverage Revenue,2423.42,4968.21,821831.36
demo-costa,2025-09-02,2025-09-03,Other Revenue,363.4,0,0
demo-centro,2025-09-03,2025-09-04,Total Rooms in Hotel,220,660,54120
demo-centro,2025-09-03,2025-09-04,Rooms Occupied minus House Use,150,472,35065
demo-centro,2025-09-03,2025-09-04,Room Revenue,25627.67,79418.73,5808848.76
demo-centro,2025-09-03,2025-09-04,Total Revenue,34045.77,100662.31,7440217.54
demo-centro,2025-09-03,2025-09-04,Food And Beverage Revenue,7649.27,18861.02,1457103.32
demo-centro,2025-09-03,2025-09-04,Other Revenue,768.83,0,0
demo-costa,2025-09-03,2025-09-04,Total Rooms in Hotel,140,420,34440
demo-costa,2025-09-03,2025-09-04,Rooms Occupied minus House Use,72,224,21261
demo-costa,2025-09-03,2025-09-04,Room Revenue,10603.84,33319.49,3329759.63
demo-costa,2025-09-03,2025-09-04,Total Revenue,13758.75,42124.08,4254320.58
demo-costa,2025-09-03,2025-09-04,Food And Beverage Revenue,2836.8,7805.01,824668.16
demo-costa,2025-09-03,2025-09-04,Other Revenue,318.12,0,0
demo-centro,2025-09-04,2025-09-05,Total Rooms in Hotel,220,880,54340
demo-centro,2025-09-04,2025-09-05,Rooms Occupied minus House Use,155,627,35220
demo-centro,2025-09-04,2025-09-05,Room Revenue,26006.49,105425.22,5834855.25
demo-centro,2025-09-04,2025-09-05,Total Revenue,33331.97,133994.28,7473549.5
demo-centro,2025-09-04,2025-09-05,Food And Beverage Revenue,6545.28,25406.3,1463648.6
demo-centro,2025-09-04,2025-09-05,Other Revenue,780.19,0,0
demo-costa,2025-09-04,2025-09-05,Total Rooms in Hotel,140,560,34580
demo-costa,2025-09-04,2025-09-05,Rooms Occupied minus House Use,72,296,21333
demo-costa,2025-09-04,2025-09-05,Room Revenue,10706.02,44025.5,3340465.65
demo-costa,2025-09-04,2025-09-05,Total Revenue,13808.24,55932.33,4268128.82
demo-costa,2025-09-04,2025-09-05,Food And Beverage Revenue,2781.05,10586.06,827449.2
demo-costa,2025-09-04,2025-09-05,Other Revenue,321.18,0,0
demo-centro,2025-09-05,2025-09-06,Total Rooms in Hotel,220,1100,54560
demo-centro,2025-09-05,2025-09-06,Rooms Occupied minus House Use,160,787,35380
demo-centro,2025-09-05,2025-09-06,Room Revenue,25949.49,131374.72,5860804.74
demo-centro,2025-09-05,2025-09-06,Total Revenue,33690.98,167685.26,7507240.49
demo-centro,2025-09-05,2025-09-06,Food And Beverage Revenue,6963.0,32369.3,1470611.6
demo-centro,2025-09-05,2025-09-06,Other Revenue,778.48,0,0
demo-costa,2025-09-05,2025-09-06,Total Rooms in Hotel,140,700,34720
demo-costa,2025-09-05,2025-09-06,Rooms Occupied minus House Use,89,385,21422
demo-costa,2025-09-05,2025-09-06,Room Revenue,13938.21,57963.71,3354403.85
demo-costa,2025-09-05,2025-09-06,Total Revenue,18371.7,74304.02,4286500.52
demo-costa,2025-09-05,2025-09-06,Food And Beverage Revenue,4015.35,14601.4,831464.55
demo-costa,2025-09-05,2025-09-06,Other Revenue,418.15,0,0
demo-centro,2025-09-06,2025-09-07,Total Rooms in Hotel,220,1320,54780
demo-centro,2025-09-06,2025-09-07,Rooms Occupied minus House Use,193,980,35573
demo-centro,2025-09-06,2025-09-07,Room Revenue,33711.7,165086.42,5894516.45
demo-centro,2025-09-06,2025-09-07,Total Revenue,43893.5,211578.76,7551133.98
demo-centro,2025-09-06,2025-09-07,Food And Beverage Revenue,9170.44,41539.75,1479782.04
demo-centro,2025-09-06,2025-09-07,Other Revenue,1011.35,0,0
demo-costa,2025-09-06,2025-09-07,Total Rooms in Hotel,140,840,34860
demo-costa,2025-09-06,2025-09-07,Rooms Occupied minus House Use,81,466,21503
demo-costa,2025-09-06,2025-09-07,Room Revenue,12656.3,70620.01,3367060.15
demo-costa,2025-09-06,2025-09-07,Total Revenue,15714.43,90018.46,4302214.95
demo-costa,2025-09-06,2025-09-07,Food And Beverage Revenue,2678.45,17279.85,834142.99
demo-costa,2025-09-06,2025-09-07,Other Revenue,379.69,0,0
demo-centro,2025-09-07,2025-09-08,Total Rooms in Hotel,220,1540,55000
demo-centro,2025-09-07,2025-09-08,Rooms Occupied minus House Use,149,1129,35722
demo-centro,2025-09-07,2025-09-08,Room Revenue,25318.26,190404.69,5919834.71
demo-centro,2025-09-07,2025-09-08,Total Revenue,32255.28,243834.04,7583389.26
demo-centro,2025-09-07,2025-09-08,Food And Beverage Revenue,6177.46,47717.21,1485959.51
demo-centro,2025-09-07,2025-09-08,Other Revenue,759.55,0,0
demo-costa,2025-09-07,2025-09-08,Total Rooms in Hotel,140,980,35000
demo-costa,2025-09-07,2025-09-08,Rooms Occupied minus House Use,72,538,21575
demo-costa,2025-09-07,2025-09-08,Room Revenue,10483.36,81103.37,3377543.52
demo-costa,2025-09-07,2025-09-08,Total Revenue,13041.29,103059.75,4315256.25
demo-costa,2025-09-07,2025-09-08,Food And Beverage Revenue,2243.43,19523.28,836386.42
demo-costa,2025-09-07,2025-09-08,Other Revenue,314.5,0,0
demo-centro,2025-09-08,2025-09-09,Total Rooms in Hotel,220,1760,55220
demo-centro,2025-09-08,2025-09-09,Rooms Occupied minus House Use,145,1274,35867
demo-centro,2025-09-08,2025-09-09,Room Revenue,24435.92,214840.6,5944270.63
demo-centro,2025-09-08,2025-09-09,Total Revenue,30205.98,274040.02,7613595.24
demo-centro,2025-09-08,2025-09-09,Food And Beverage Revenue,5036.99,52754.2,1490996.5
demo-centro,2025-09-08,2025-09-09,Other Revenue,733.08,0,0
demo-costa,2025-09-08,2025-09-09,Total Rooms in Hotel,140,1120,35140
demo-costa,2025-09-08,2025-09-09,Rooms Occupied minus House Use,63,601,21638
demo-costa,2025-09-08,2025-09-09,Room Revenue,9099.32,90202.69,3386642.84
demo-costa,2025-09-08,2025-09-09,Total Revenue,12082.93,115142.68,4327339.17
demo-costa,2025-09-08,2025-09-09,Food And Beverage Revenue,2710.63,22233.91,839097.05
demo-costa,2025-09-08,2025-09-09,Other Revenue,272.98,0,0
demo-centro,2025-09-09,2025-09-10,Total Rooms in Hotel,220,1980,55440
demo-centro,2025-09-09,2025-09-10,Rooms Occupied minus House Use,153,1427,36020
demo-centro,2025-09-09,2025-09-10,Room Revenue,26525.68,241366.28,5970796.31
demo-centro,2025-09-09,2025-09-10,Total Revenue,33388.16,307428.18,7646983.4
demo-centro,2025-09-09,2025-09-10,Food And Beverage Revenue,6066.71,58820.91,1497063.21
demo-centro,2025-09-09,2025-09-10,Other Revenue,795.77,0,0
demo-costa,2025-09-09,2025-09-10,Total Rooms in Hotel,140,1260,35280
demo-costa,2025-09-09,2025-09-10,Rooms Occupied minus House Use,70,671,21708
demo-costa,2025-09-09,2025-09-10,Room Revenue,10941.72,101144.42,3397584.56
demo-costa,2025-09-09,2025-09-10,Total Revenue,14251.5,129394.18,4341590.68
demo-costa,2025-09-09,2025-09-10,Food And Beverage Revenue,2981.53,25215.43,842078.58
demo-costa,2025-09-09,2025-09-10,Other Revenue,328.25,0,0
demo-centro,2025-09-10,2025-09-11,Total Rooms in Hotel,220,2200,55660
demo-centro,2025-09-10,2025-09-11,Rooms Occupied minus House Use,166,1593,36186
demo-centro,2025-09-10,2025-09-11,Room Revenue,28482.23,269848.51,5999278.54
demo-centro,2025-09-10,2025-09-11,Total Revenue,35868.1,343296.28,7682851.5
demo-centro,2025-09-10,2025-09-11,Food And Beverage Revenue,6531.4,65352.31,1503594.61
demo-centro,2025-09-10,2025-09-11,Other Revenue,854.47,0,0
demo-costa,2025-09-10,2025-09-11,Total Rooms in Hotel,140,1400,35420
demo-costa,2025-09-10,2025-09-11,Rooms Occupied minus House Use,73,744,21781
demo-costa,2025-09-10,2025-09-11,Room Revenue,11388.27,112532.68,3408972.83
demo-costa,2025-09-10,2025-09-11,Total Revenue,14287.22,143681.4,4355877.89
demo-costa,2025-09-10,2025-09-11,Food And Beverage Revenue,2557.3,27772.74,844635.88
demo-costa,2025-09-10,2025-09-11,Other Revenue,341.65,0,0
demo-centro,2025-09-11,2025-09-12,Total Rooms in Hotel,220,2420,55880
demo-centro,2025-09-11,2025-09-12,Rooms Occupied minus House Use,167,1760,36353
demo-centro,2025-09-11,2025-09-12,Room Revenue,27692.42,297540.94,6026970.96
demo-centro,2025-09-11,2025-09-12,Total Revenue,36813.89,380110.17,7719665.39
demo-centro,2025-09-11,2025-09-12,Food And Beverage Revenue,8290.69,73643.0,1511885.3
demo-centro,2025-09-11,2025-09-12,Other Revenue,830.77,0,0
demo-costa,2025-09-11,2025-09-12,Total Rooms in Hotel,140,1540,35560
demo-costa,2025-09-11,2025-09-12,Rooms Occupied minus House Use,71,815,21852
demo-costa,2025-09-11,2025-09-12,Room Revenue,10452.67,122985.35,3419425.5
demo-costa,2025-09-11,2025-09-12,Total Revenue,13294.03,156975.43,4369171.92
demo-costa,2025-09-11,2025-09-12,Food And Beverage Revenue,2527.78,30300.52,847163.66
demo-costa,2025-09-11,2025-09-12,Other Revenue,313.58,0,0
demo-centro,2025-09-12,2025-09-13,Total Rooms in Hotel,220,2640,56100
demo-centro,2025-09-12,2025-09-13,Rooms Occupied minus House Use,171,1931,36524
demo-centro,2025-09-12,2025-09-13,Room Revenue,29223.17,326764.1,6056194.13
demo-centro,2025-09-12,2025-09-13,Total Revenue,37782.58,417892.75,7757447.97
demo-centro,2025-09-12,2025-09-13,Food And Beverage Revenue,7682.72,81325.72,1519568.02
demo-centro,2025-09-12,2025-09-13,Other Revenue,876.7,0,0
demo-costa,2025-09-12,2025-09-13,Total Rooms in Hotel,140,1680,35700
demo-costa,2025-09-12,2025-09-13,Rooms Occupied minus House Use,91,906,21943
demo-costa,2025-09-12,2025-09-13,Room Revenue,13875.82,136861.17,3433301.31
demo-costa,2025-09-12,2025-09-13,Total Revenue,17334.69,174310.12,4386506.61
demo-costa,2025-09-12,2025-09-13,Food And Beverage Revenue,3042.6,33343.12,850206.26
demo-costa,2025-09-12,2025-09-13,Other Revenue,416.27,0,0
demo-centro,2025-09-13,2025-09-14,Total Rooms in Hotel,220,2860,56320
demo-centro,2025-09-13,2025-09-14,Rooms Occupied minus House Use,164,2095,36688
demo-centro,2025-09-13,2025-09-14,Room Revenue,28882.67,355646.77,6085076.8
demo-centro,2025-09-13,2025-09-14,Total Revenue,35585.24,453477.99,7793033.21
demo-centro,2025-09-13,2025-09-14,Food And Beverage Revenue,5836.09,87161.81,1525404.11
demo-centro,2025-09-13,2025-09-14,Other Revenue,866.48,0,0
demo-costa,2025-09-13,2025-09-14,Total Rooms in Hotel,140,1820,35840
demo-costa,2025-09-13,2025-09-14,Rooms Occupied minus House Use,85,991,22028
demo-costa,2025-09-13,2025-09-14,Room Revenue,13160.03,150021.19,3446461.34
demo-costa,2025-09-13,2025-09-14,Total Revenue,16751.19,191061.31,4403257.8
demo-costa,2025-09-13,2025-09-14,Food And Beverage Revenue,3196.36,36539.48,853402.62
demo-costa,2025-09-13,2025-09-14,Other Revenue,394.8,0,0
demo-centro,2025-09-14,2025-09-15,Total Rooms in Hotel,220,3080,56540
demo-centro,2025-09-14,2025-09-15,Rooms Occupied minus House Use,135,2230,36823
demo-centro,2025-09-14,2025-09-15,Room Revenue,22090.01,377736.79,6107166.81
demo-centro,2025-09-14,2025-09-15,Total Revenue,28312.89,481790.87,7821346.1
demo-centro,2025-09-14,2025-09-15,Food And Beverage Revenue,5560.17,92721.98,1530964.28
demo-centro,2025-09-14,2025-09-15,Other Revenue,662.7,0,0
demo-costa,2025-09-14,2025-09-15,Total Rooms in Hotel,140,1960,35980
demo-costa,2025-09-14,2025-09-15,Rooms Occupied minus House Use,67,1058,22095
demo-costa,2025-09-14,2025-09-15,Room Revenue,10132.36,160153.55,3456593.7
demo-costa,2025-09-14,2025-09-15,Total Revenue,12888.71,203950.02,4416146.51
demo-costa,2025-09-14,2025-09-15,Food And Beverage Revenue,2452.38,38991.86,855855.0
demo-costa,2025-09-14,2025-09-15,Other Revenue,303.97,0,0
demo-centro,2025-09-15,2025-09-16,Total Rooms in Hotel,220,3300,56760
demo-centro,2025-09-15,2025-09-16,Rooms Occupied minus House Use,146,2376,36969
demo-centro,2025-09-15,2025-09-16,Room Revenue,25229.58,402966.36,6132396.39
demo-centro,2025-09-15,2025-09-16,Total Revenue,32688.66,514479.53,7854034.75
demo-centro,2025-09-15,2025-09-16,Food And Beverage Revenue,6702.19,99424.18,1537666.47
demo-centro,2025-09-15,2025-09-16,Other Revenue,756.89,0,0
demo-costa,2025-09-15,2025-09-16,Total Rooms in Hotel,140,2100,36120
demo-costa,2025-09-15,2025-09-16,Rooms Occupied minus House Use,61,1119,22156
demo-costa,2025-09-15,2025-09-16,Room Revenue,8789.75,168943.3,3465383.45
demo-costa,2025-09-15,2025-09-16,Total Revenue,11337.99,215288.01,4427484.5
demo-costa,2025-09-15,2025-09-16,Food And Beverage Revenue,2284.55,41276.41,858139.55
demo-costa,2025-09-15,2025-09-16,Other Revenue,263.69,0,0
demo-centro,2025-09-16,2025-09-17,Total Rooms in Hotel,220,3520,56980
demo-centro,2025-09-16,2025-09-17,Rooms Occupied minus House Use,158,2534,37127
demo-centro,2025-09-16,2025-09-17,Room Revenue,25891.71,428858.07,6158288.1
demo-centro,2025-09-16,2025-09-17,Total Revenue,32890.38,547369.92,7886925.14
demo-centro,2025-09-16,2025-09-17,Food And Beverage Revenue,6221.93,105646.1,1543888.4
demo-centro,2025-09-16,2025-09-17,Other Revenue,776.75,0,0
demo-costa,2025-09-16,2025-09-17,Total Rooms in Hotel,140,2240,36260
demo-costa,2025-09-16,2025-09-17,Rooms Occupied minus House Use,76,1195,22232
demo-costa,2025-09-16,2025-09-17,Room Revenue,11416.19,180359.49,3476799.64
demo-costa,2025-09-16,2025-09-17,Total Revenue,14385.07,229673.08,4441869.58
demo-costa,2025-09-16,2025-09-17,Food And Beverage Revenue,2626.4,43902.8,860765.95
demo-costa,2025-09-16,2025-09-17,Other Revenue,342.49,0,0
demo-centro,2025-09-17,2025-09-18,Total Rooms in Hotel,220,3740,57200
demo-centro,2025-09-17,2025-09-18,Rooms Occupied minus House Use,164,2698,37291
demo-centro,2025-09-17,2025-09-18,Room Revenue,27566.63,456424.7,6185854.72
demo-centro,2025-09-17,2025-09-18,Total Revenue,34487.57,581857.48,7921412.7
demo-centro,2025-09-17,2025-09-18,Food And Beverage Revenue,6093.94,111740.04,1549982.34
demo-centro,2025-09-17,2025-09-18,Other Revenue,827.0,0,0
demo-costa,2025-09-17,2025-09-18,Total Rooms in Hotel,140,2380,36400
demo-costa,2025-09-17,2025-09-18,Rooms Occupied minus House Use,81,1276,22313
demo-costa,2025-09-17,2025-09-18,Room Revenue,12176.14,192535.64,3488975.78
demo-costa,2025-09-17,2025-09-18,Total Revenue,16186.35,245859.43,4458055.93
demo-costa,2025-09-17,2025-09-18,Food And Beverage Revenue,3644.92,47547.73,864410.87
demo-costa,2025-09-17,2025-09-18,Other Revenue,365.28,0,0
demo-centro,2025-09-18,2025-09-19,Total Rooms in Hotel,220,3960,57420
demo-centro,2025-09-18,2025-09-19,Rooms Occupied minus House Use,162,2860,37453
demo-centro,2025-09-18,2025-09-19,Room Revenue,26700.82,483125.52,6212555.54
demo-centro,2025-09-18,2025-09-19,Total Revenue,34710.88,616568.37,7956123.59
demo-centro,2025-09-18,2025-09-19,Food And Beverage Revenue,7209.04,118949.08,1557191.38
demo-centro,2025-09-18,2025-09-19,Other Revenue,801.02,0,0
demo-costa,2025-09-18,2025-09-19,Total Rooms in Hotel,140,2520,36540
demo-costa,2025-09-18,2025-09-19,Rooms Occupied minus House Use,81,1357,22394
demo-costa,2025-09-18,2025-09-19,Room Revenue,11961.25,204496.89,3500937.03
demo-costa,2025-09-18,2025-09-19,Total Revenue,14967.04,260826.48,4473022.97
demo-costa,2025-09-18,2025-09-19,Food And Beverage Revenue,2646.96,50194.68,867057.83
demo-costa,2025-09-18,2025-09-19,Other Revenue,358.84,0,0
demo-centro,2025-09-19,2025-09-20,Total Rooms in Hotel,220,4180,57640
demo-centro,2025-09-19,2025-09-20,Rooms Occupied minus House Use,187,3047,37640
demo-centro,2025-09-19,2025-09-20,Room Revenue,31173.42,514298.94,6243728.96
demo-centro,2025-09-19,2025-09-20,Total Revenue,38563.61,655131.97,7994687.2
demo-centro,2025-09-19,2025-09-20,Food And Beverage Revenue,6454.98,125404.07,1563646.36
demo-centro,2025-09-19,2025-09-20,Other Revenue,935.2,0,0
demo-costa,2025-09-19,2025-09-20,Total Rooms in Hotel,140,2660,36680
demo-costa,2025-09-19,2025-09-20,Rooms Occupied minus House Use,81,1438,22475
demo-costa,2025-09-19,2025-09-20,Room Revenue,11920.89,216417.78,3512857.92
demo-costa,2025-09-19,2025-09-20,Total Revenue,15550.37,276376.85,4488573.34
demo-costa,2025-09-19,2025-09-20,Food And Beverage Revenue,3271.85,53466.54,870329.68
demo-costa,2025-09-19,2025-09-20,Other Revenue,357.63,0,0
demo-centro,2025-09-20,2025-09-21,Total Rooms in Hotel,220,4400,57860
demo-centro,2025-09-20,2025-09-21,Rooms Occupied minus House Use,164,3211,37804
demo-centro,2025-09-20,2025-09-21,Room Revenue,26386.93,540685.87,6270115.9
demo-centro,2025-09-20,2025-09-21,Total Revenue,32904.69,688036.67,8027591.89
demo-centro,2025-09-20,2025-09-21,Food And Beverage Revenue,5726.15,131130.22,1569372.51
demo-centro,2025-09-20,2025-09-21,Other Revenue,791.61,0,0
demo-costa,2025-09-20,2025-09-21,Total Rooms in Hotel,140,2800,36820
demo-costa,2025-09-20,2025-09-21,Rooms Occupied minus House Use,81,1519,22556
demo-costa,2025-09-20,2025-09-21,Room Revenue,11895.38,228313.16,3524753.31
demo-costa,2025-09-20,2025-09-21,Total Revenue,15459.6,291836.45,4504032.94
demo-costa,2025-09-20,2025-09-21,Food And Beverage Revenue,3207.36,56673.89,873537.04
demo-costa,2025-09-20,2025-09-21,Other Revenue,356.86,0,0
demo-centro,2025-09-21,2025-09-22,Total Rooms in Hotel,220,4620,58080
demo-centro,2025-09-21,2025-09-22,Rooms Occupied minus House Use,152,3363,37956
demo-centro,2025-09-21,2025-09-22,Room Revenue,24623.07,565308.95,6294738.97
demo-centro,2025-09-21,2025-09-22,Total Revenue,31876.66,719913.32,8059468.54
demo-centro,2025-09-21,2025-09-22,Food And Beverage Revenue,6514.89,137645.11,1575887.4
demo-centro,2025-09-21,2025-09-22,Other Revenue,738.69,0,0
demo-costa,2025-09-21,2025-09-22,Total Rooms in Hotel,140,2940,36960
demo-costa,2025-09-21,2025-09-22,Rooms Occupied minus House Use,63,1582,22619
demo-costa,2025-09-21,2025-09-22,Room Revenue,9206.32,237519.48,3533959.63
demo-costa,2025-09-21,2025-09-22,Total Revenue,12039.7,303876.15,4516072.64
demo-costa,2025-09-21,2025-09-22,Food And Beverage Revenue,2557.19,59231.08,876094.23
demo-costa,2025-09-21,2025-09-22,Other Revenue,276.19,0,0
demo-centro,2025-09-22,2025-09-23,Total Rooms in Hotel,220,4840,58300
demo-centro,2025-09-22,2025-09-23,Rooms Occupied minus House Use,156,3519,38112
demo-centro,2025-09-22,2025-09-23,Room Revenue,25401.53,590710.48,6320140.5
demo-centro,2025-09-22,2025-09-23,Total Revenue,31792.74,751706.06,8091261.28
demo-centro,2025-09-22,2025-09-23,Food And Beverage Revenue,5629.16,143274.27,1581516.56
demo-centro,2025-09-22,2025-09-23,Other Revenue,762.05,0,0
demo-costa,2025-09-22,2025-09-23,Total Rooms in Hotel,140,3080,37100
demo-costa,2025-09-22,2025-09-23,Rooms Occupied minus House Use,68,1650,22687
demo-costa,2025-09-22,2025-09-23,Room Revenue,10633.04,248152.52,3544592.67
demo-costa,2025-09-22,2025-09-23,Total Revenue,13338.89,317215.04,4529411.54
demo-costa,2025-09-22,2025-09-23,Food And Beverage Revenue,2386.86,61617.95,878481.09
demo-costa,2025-09-22,2025-09-23,Other Revenue,318.99,0,0
demo-centro,2025-09-23,2025-09-24,Total Rooms in Hotel,220,5060,58520
demo-centro,2025-09-23,2025-09-24,Rooms Occupied minus House Use,159,3678,38271
demo-centro,2025-09-23,2025-09-24,Room Revenue,27130.98,617841.46,6347271.49
demo-centro,2025-09-23,2025-09-24,Total Revenue,35503.66,787209.72,8126764.94
demo-centro,2025-09-23,2025-09-24,Food And Beverage Revenue,7558.75,150833.02,1589075.31
demo-centro,2025-09-23,2025-09-24,Other Revenue,813.93,0,0
demo-costa,2025-09-23,2025-09-24,Total Rooms in Hotel,140,3220,37240
demo-costa,2025-09-23,2025-09-24,Rooms Occupied minus House Use,79,1729,22766
demo-costa,2025-09-23,2025-09-24,Room Revenue,12197.11,260349.63,3556789.77
demo-costa,2025-09-23,2025-09-24,Total Revenue,15104.11,332319.15,4544515.65
demo-costa,2025-09-23,2025-09-24,Food And Beverage Revenue,2541.09,64159.04,881022.18
demo-costa,2025-09-23,2025-09-24,Other Revenue,365.91,0,0
demo-centro,2025-09-24,2025-09-25,Total Rooms in Hotel,220,5280,58740
demo-centro,2025-09-24,2025-09-25,Rooms Occupied minus House Use,150,3828,38421
demo-centro,2025-09-24,2025-09-25,Room Revenue,24190.85,642032.32,6371462.34
demo-centro,2025-09-24,2025-09-25,Total Revenue,31340.22,818549.94,8158105.16
demo-centro,2025-09-24,2025-09-25,Food And Beverage Revenue,6423.64,157256.65,1595498.95
demo-centro,2025-09-24,2025-09-25,Other Revenue,725.73,0,0
demo-costa,2025-09-24,2025-09-25,Total Rooms in Hotel,140,3360,37380
demo-costa,2025-09-24,2025-09-25,Rooms Occupied minus House Use,68,1797,22834
demo-costa,2025-09-24,2025-09-25,Room Revenue,9872.17,270221.79,3566661.94
demo-costa,2025-09-24,2025-09-25,Total Revenue,13116.02,345435.18,4557631.67
demo-costa,2025-09-24,2025-09-25,Food And Beverage Revenue,2947.69,67106.73,883969.87
demo-costa,2025-09-24,2025-09-25,Other Revenue,296.16,0,0
demo-centro,2025-09-25,2025-09-26,Total Rooms in Hotel,220,5500,58960
demo-centro,2025-09-25,2025-09-26,Rooms Occupied minus House Use,144,3972,38565
demo-centro,2025-09-25,2025-09-26,Room Revenue,25183.53,667215.84,6396645.87
demo-centro,2025-09-25,2025-09-26,Total Revenue,32918.74,851468.68,8191023.9
demo-centro,2025-09-25,2025-09-26,Food And Beverage Revenue,6979.71,164236.36,1602478.66
demo-centro,2025-09-25,2025-09-26,Other Revenue,755.51,0,0
demo-costa,2025-09-25,2025-09-26,Total Rooms in Hotel,140,3500,37520
demo-costa,2025-09-25,2025-09-26,Rooms Occupied minus House Use,68,1865,22902
demo-costa,2025-09-25,2025-09-26,Room Revenue,10180.69,280402.49,3576842.63
demo-costa,2025-09-25,2025-09-26,Total Revenue,12832.49,358267.66,4570464.16
demo-costa,2025-09-25,2025-09-26,Food And Beverage Revenue,2346.37,69453.1,886316.24
demo-costa,2025-09-25,2025-09-26,Other Revenue,305.42,0,0
demo-centro,2025-09-26,2025-09-27,Total Rooms in Hotel,220,5720,59180
demo-centro,2025-09-26,2025-09-27,Rooms Occupied minus House Use,186,4158,38751
demo-centro,2025-09-26,2025-09-27,Room Revenue,32715.54,699931.39,6429361.41
demo-centro,2025-09-26,2025-09-27,Total Revenue,40301.27,891769.95,8231325.17
demo-centro,2025-09-26,2025-09-27,Food And Beverage Revenue,6604.26,170840.62,1609082.91
demo-centro,2025-09-26,2025-09-27,Other Revenue,981.47,0,0
demo-costa,2025-09-26,2025-09-27,Total Rooms in Hotel,140,3640,37660
demo-costa,2025-09-26,2025-09-27,Rooms Occupied minus House Use,77,1942,22979
demo-costa,2025-09-26,2025-09-27,Room Revenue,11656.62,292059.1,3588499.25
demo-costa,2025-09-26,2025-09-27,Total Revenue,15053.01,373320.68,4585517.17
demo-costa,2025-09-26,2025-09-27,Food And Beverage Revenue,3046.7,72499.8,889362.95
demo-costa,2025-09-26,2025-09-27,Other Revenue,349.7,0,0
demo-centro,2025-09-27,2025-09-28,Total Rooms in Hotel,220,5940,59400
demo-centro,2025-09-27,2025-09-28,Rooms Occupied minus House Use,157,4315,38908
demo-centro,2025-09-27,2025-09-28,Room Revenue,25707.87,725639.26,6455069.28
demo-centro,2025-09-27,2025-09-28,Total Revenue,31765.94,923535.88,8263091.1
demo-centro,2025-09-27,2025-09-28,Food And Beverage Revenue,5286.83,176127.45,1614369.74
demo-centro,2025-09-27,2025-09-28,Other Revenue,771.24,0,0
demo-costa,2025-09-27,2025-09-28,Total Rooms in Hotel,140,3780,37800
demo-costa,2025-09-27,2025-09-28,Rooms Occupied minus House Use,81,2023,23060
demo-costa,2025-09-27,2025-09-28,Room Revenue,11864.07,303923.18,3600363.32
demo-costa,2025-09-27,2025-09-28,Total Revenue,15444.24,388764.92,4600961.41
demo-costa,2025-09-27,2025-09-28,Food And Beverage Revenue,3224.24,75724.05,892587.19
demo-costa,2025-09-27,2025-09-28,Other Revenue,355.92,0,0
demo-centro,2025-09-28,2025-09-29,Total Rooms in Hotel,220,6160,59620
demo-centro,2025-09-28,2025-09-29,Rooms Occupied minus House Use,128,4443,39036
demo-centro,2025-09-28,2025-09-29,Room Revenue,21091.96,746731.21,6476161.24
demo-centro,2025-09-28,2025-09-29,Total Revenue,27140.04,950675.93,8290231.15
demo-centro,2025-09-28,2025-09-29,Food And Beverage Revenue,5415.33,181542.78,1619785.07
demo-centro,2025-09-28,2025-09-29,Other Revenue,632.76,0,0
demo-costa,2025-09-28,2025-09-29,Total Rooms in Hotel,140,3920,37940
demo-costa,2025-09-28,2025-09-29,Rooms Occupied minus House Use,77,2100,23137
demo-costa,2025-09-28,2025-09-29,Room Revenue,11104.56,315027.73,3611467.88
demo-costa,2025-09-28,2025-09-29,Total Revenue,14669.61,403434.53,4615631.03
demo-costa,2025-09-28,2025-09-29,Food And Beverage Revenue,3231.92,78955.97,895819.11
demo-costa,2025-09-28,2025-09-29,Other Revenue,333.14,0,0
demo-centro,2025-09-29,2025-09-30,Total Rooms in Hotel,220,6380,59840
demo-centro,2025-09-29,2025-09-30,Rooms Occupied minus House Use,139,4582,39175
demo-centro,2025-09-29,2025-09-30,Room Revenue,22362.59,769093.8,6498523.82
demo-centro,2025-09-29,2025-09-30,Total Revenue,27758.66,978434.59,8317989.81
demo-centro,2025-09-29,2025-09-30,Food And Beverage Revenue,4725.19,186267.97,1624510.27
demo-centro,2025-09-29,2025-09-30,Other Revenue,670.88,0,0
demo-costa,2025-09-29,2025-09-30,Total Rooms in Hotel,140,4060,38080
demo-costa,2025-09-29,2025-09-30,Rooms Occupied minus House Use,72,2172,23209
demo-costa,2025-09-29,2025-09-30,Room Revenue,11041.58,326069.31,3622509.46
demo-costa,2025-09-29,2025-09-30,Total Revenue,13657.14,417091.67,4629288.17
demo-costa,2025-09-29,2025-09-30,Food And Beverage Revenue,2284.32,81240.28,898103.43
demo-costa,2025-09-29,2025-09-30,Other Revenue,331.25,0,0
demo-centro,2025-09-30,2025-10-01,Total Rooms in Hotel,220,6600,60060
demo-centro,2025-09-30,2025-10-01,Rooms Occupied minus House Use,151,4733,39326
demo-centro,2025-09-30,2025-10-01,Room Revenue,25492.79,794586.59,6524016.61
demo-centro,2025-09-30,2025-10-01,Total Revenue,31993.09,1010427.68,8349982.9
demo-centro,2025-09-30,2025-10-01,Food And Beverage Revenue,5735.52,192003.49,1630245.79
demo-centro,2025-09-30,2025-10-01,Other Revenue,764.78,0,0
demo-costa,2025-09-30,2025-10-01,Total Rooms in Hotel,140,4200,38220
demo-costa,2025-09-30,2025-10-01,Rooms Occupied minus House Use,67,2239,23276
demo-costa,2025-09-30,2025-10-01,Room Revenue,10561.86,336631.17,3633071.31
demo-costa,2025-09-30,2025-10-01,Total Revenue,13404.61,430496.28,4642692.78
demo-costa,2025-09-30,2025-10-01,Food And Beverage Revenue,2525.9,83766.18,900629.32
demo-costa,2025-09-30,2025-10-01,Other Revenue,316.86,0,0
demo-centro,2025-10-01,2025-10-02,Total Rooms in Hotel,220,220,60280
demo-centro,2025-10-01,2025-10-02,Rooms Occupied minus House Use,158,158,39484
demo-centro,2025-10-01,2025-10-02,Room Revenue,26934.06,26934.06,6550950.68
demo-centro,2025-10-01,2025-10-02,Total Revenue,33600.68,33600.68,8383583.58
demo-centro,2025-10-01,2025-10-02,Food And Beverage Revenue,5858.59,5858.59,1636104.38
demo-centro,2025-10-01,2025-10-02,Other Revenue,808.02,0,0
demo-costa,2025-10-01,2025-10-02,Total Rooms in Hotel,140,140,38360
demo-costa,2025-10-01,2025-10-02,Rooms Occupied minus House Use,92,92,23368
demo-costa,2025-10-01,2025-10-02,Room Revenue,13472.87,13472.87,3646544.18
demo-costa,2025-10-01,2025-10-02,Total Revenue,17687.36,17687.36,4660380.14
demo-costa,2025-10-01,2025-10-02,Food And Beverage Revenue,3810.31,3810.31,904439.63
demo-costa,2025-10-01,2025-10-02,Other Revenue,404.19,0,0
demo-centro,2025-10-02,2025-10-03,Total Rooms in Hotel,220,440,60500
demo-centro,2025-10-02,2025-10-03,Rooms Occupied minus House Use,143,301,39627
demo-centro,2025-10-02,2025-10-03,Room Revenue,23650.01,50584.07,6574600.68
demo-centro,2025-10-02,2025-10-03,Total Revenue,29792.01,63392.69,8413375.59
demo-centro,2025-10-02,2025-10-03,Food And Beverage Revenue,5432.5,11291.1,1641536.89
demo-centro,2025-10-02,2025-10-03,Other Revenue,709.5,0,0
demo-costa,2025-10-02,2025-10-03,Total Rooms in Hotel,140,280,38500
demo-costa,2025-10-02,2025-10-03,Rooms Occupied minus House Use,84,176,23452
demo-costa,2025-10-02,2025-10-03,Room Revenue,13211.46,26684.33,3659755.64
demo-costa,2025-10-02,2025-10-03,Total Revenue,16780.85,34468.21,4677160.99
demo-costa,2025-10-02,2025-10-03,Food And Beverage Revenue,3173.04,6983.35,907612.67
demo-costa,2025-10-02,2025-10-03,Other Revenue,396.34,0,0
demo-centro,2025-10-03,2025-10-04,Total Rooms in Hotel,220,660,60720
demo-centro,2025-10-03,2025-10-04,Rooms Occupied minus House Use,161,462,39788
demo-centro,2025-10-03,2025-10-04,Room Revenue,26329.79,76913.86,6600930.47
demo-centro,2025-10-03,2025-10-04,Total Revenue,32892.02,96284.71,8446267.61
demo-centro,2025-10-03,2025-10-04,Food And Beverage Revenue,5772.33,17063.43,1647309.22
demo-centro,2025-10-03,2025-10-04,Other Revenue,789.89,0,0
demo-costa,2025-10-03,2025-10-04,Total Rooms in Hotel,140,420,38640
demo-costa,2025-10-03,2025-10-04,Rooms Occupied minus House Use,86,262,23538
demo-costa,2025-10-03,2025-10-04,Room Revenue,12878.81,39563.13,3672634.45
demo-costa,2025-10-03,2025-10-04,Total Revenue,17093.37,51561.58,4694254.35
demo-costa,2025-10-03,2025-10-04,Food And Beverage Revenue,3828.2,10811.55,911440.87
demo-costa,2025-10-03,2025-10-04,Other Revenue,386.36,0,0
demo-centro,2025-10-04,2025-10-05,Total Rooms in Hotel,220,880,60940
demo-centro,2025-10-04,2025-10-05,Rooms Occupied minus House Use,182,644,39970
demo-centro,2025-10-04,2025-10-05,Room Revenue,29460.73,106374.59,6630391.2
demo-centro,2025-10-04,2025-10-05,Total Revenue,37174.44,133459.15,8483442.05
demo-centro,2025-10-04,2025-10-05,Food And Beverage Revenue,6829.89,23893.32,1654139.11
demo-centro,2025-10-04,2025-10-05,Other Revenue,883.82,0,0
demo-costa,2025-10-04,2025-10-05,Total Rooms in Hotel,140,560,38780
demo-costa,2025-10-04,2025-10-05,Rooms Occupied minus House Use,107,369,23645
demo-costa,2025-10-04,2025-10-05,Room Revenue,17267.23,56830.37,3689901.68
demo-costa,2025-10-04,2025-10-05,Total Revenue,22446.66,74008.24,4716701.01
demo-costa,2025-10-04,2025-10-05,Food And Beverage Revenue,4661.41,15472.96,916102.28
demo-costa,2025-10-04,2025-10-05,Other Revenue,518.02,0,0
demo-centro,2025-10-05,2025-10-06,Total Rooms in Hotel,220,1100,61160
demo-centro,2025-10-05,2025-10-06,Rooms Occupied minus House Use,138,782,40108
demo-centro,2025-10-05,2025-10-06,Room Revenue,22481.91,128856.5,6652873.11
demo-centro,2025-10-05,2025-10-06,Total Revenue,28587.1,162046.25,8512029.15
demo-centro,2025-10-05,2025-10-06,Food And Beverage Revenue,5430.73,29324.05,1659569.84
demo-centro,2025-10-05,2025-10-06,Other Revenue,674.46,0,0
demo-costa,2025-10-05,2025-10-06,Total Rooms in Hotel,140,700,38920
demo-costa,2025-10-05,2025-10-06,Rooms Occupied minus House Use,78,447,23723
demo-costa,2025-10-05,2025-10-06,Room Revenue,11505.44,68335.81,3701407.12
demo-costa,2025-10-05,2025-10-06,Total Revenue,14578.34,88586.58,4731279.35
demo-costa,2025-10-05,2025-10-06,Food And Beverage Revenue,2727.74,18200.7,918830.02
demo-costa,2025-10-05,2025-10-06,Other Revenue,345.16,0,0
demo-centro,2025-10-06,2025-10-07,Total Rooms in Hotel,220,1320,61380
demo-centro,2025-10-06,2025-10-07,Rooms Occupied minus House Use,164,946,40272
demo-centro,2025-10-06,2025-10-07,Room Revenue,27138.18,155994.68,6680011.29
demo-centro,2025-10-06,2025-10-07,Total Revenue,34510.32,196556.57,8546539.47
demo-centro,2025-10-06,2025-10-07,Food And Beverage Revenue,6558.0,35882.05,1666127.84
demo-centro,2025-10-06,2025-10-07,Other Revenue,814.15,0,0
demo-costa,2025-10-06,2025-10-07,Total Rooms in Hotel,140,840,39060
demo-costa,2025-10-06,2025-10-07,Rooms Occupied minus House Use,90,537,23813
demo-costa,2025-10-06,2025-10-07,Room Revenue,13194.02,81529.83,3714601.14
demo-costa,2025-10-06,2025-10-07,Total Revenue,17099.65,105686.23,4748379.01
demo-costa,2025-10-06,2025-10-07,Food And Beverage Revenue,3509.81,21710.51,922339.83
demo-costa,2025-10-06,2025-10-07,Other Revenue,395.82,0,0
demo-centro,2025-10-07,2025-10-08,Total Rooms in Hotel,220,1540,61600
demo-centro,2025-10-07,2025-10-08,Rooms Occupied minus House Use,158,1104,40430
demo-centro,2025-10-07,2025-10-08,Room Revenue,25534.71,181529.39,6705546.0
demo-centro,2025-10-07,2025-10-08,Total Revenue,32800.63,229357.2,8579340.1
demo-centro,2025-10-07,2025-10-08,Food And Beverage Revenue,6499.88,42381.93,1672627.72
demo-centro,2025-10-07,2025-10-08,Other Revenue,766.04,0,0
demo-costa,2025-10-07,2025-10-08,Total Rooms in Hotel,140,980,39200
demo-costa,2025-10-07,2025-10-08,Rooms Occupied minus House Use,81,618,23894
demo-costa,2025-10-07,2025-10-08,Room Revenue,12424.13,93953.96,3727025.27
demo-costa,2025-10-07,2025-10-08,Total Revenue,15816.19,121502.42,4764195.19
demo-costa,2025-10-07,2025-10-08,Food And Beverage Revenue,3019.33,24729.84,925359.16
demo-costa,2025-10-07,2025-10-08,Other Revenue,372.72,0,0
demo-centro,2025-10-08,2025-10-09,Total Rooms in Hotel,220,1760,61820
demo-centro,2025-10-08,2025-10-09,Rooms Occupied minus House Use,167,1271,40597
demo-centro,2025-10-08,2025-10-09,Room Revenue,29341.07,210870.46,6734887.07
demo-centro,2025-10-08,2025-10-09,Total Revenue,38039.01,267396.21,8617379.11
demo-centro,2025-10-08,2025-10-09,Food And Beverage Revenue,7817.7,50199.64,1680445.43
demo-centro,2025-10-08,2025-10-09,Other Revenue,880.23,0,0
demo-costa,2025-10-08,2025-10-09,Total Rooms in Hotel,140,1120,39340
demo-costa,2025-10-08,2025-10-09,Rooms Occupied minus House Use,90,708,23984
demo-costa,2025-10-08,2025-10-09,Room Revenue,14357.29,108311.25,3741382.57
demo-costa,2025-10-08,2025-10-09,Total Revenue,18115.29,139617.71,4782310.48
demo-costa,2025-10-08,2025-10-09,Food And Beverage Revenue,3327.28,28057.12,928686.44
demo-costa,2025-10-08,2025-10-09,Other Revenue,430.72,0,0
demo-centro,2025-10-09,2025-10-10,Total Rooms in Hotel,220,1980,62040
demo-centro,2025-10-09,2025-10-10,Rooms Occupied minus House Use,160,1431,40757
demo-centro,2025-10-09,2025-10-10,Room Revenue,26399.33,237269.79,6761286.4
demo-centro,2025-10-09,2025-10-10,Total Revenue,34831.88,302228.09,8652210.99
demo-centro,2025-10-09,2025-10-10,Food And Beverage Revenue,7640.57,57840.21,1688086.0
demo-centro,2025-10-09,2025-10-10,Other Revenue,791.98,0,0
demo-costa,2025-10-09,2025-10-10,Total Rooms in Hotel,140,1260,39480
demo-costa,2025-10-09,2025-10-10,Rooms Occupied minus House Use,86,794,24070
demo-costa,2025-10-09,2025-10-10,Room Revenue,13140.15,121451.41,3754522.72
demo-costa,2025-10-09,2025-10-10,Total Revenue,16379.59,155997.3,4798690.07
demo-costa,2025-10-09,2025-10-10,Food And Beverage Revenue,2845.23,30902.35,931531.67
demo-costa,2025-10-09,2025-10-10,Other Revenue,394.2,0,0
demo-centro,2025-10-10,2025-10-11,Total Rooms in Hotel,220,2200,62260
demo-centro,2025-10-10,2025-10-11,Rooms Occupied minus House Use,166,1597,40923
demo-centro,2025-10-10,2025-10-11,Room Revenue,27434.71,264704.5,6788721.11
demo-centro,2025-10-10,2025-10-11,Total Revenue,35354.8,337582.89,8687565.78
demo-centro,2025-10-10,2025-10-11,Food And Beverage Revenue,7097.04,64937.25,1695183.04
demo-centro,2025-10-10,2025-10-11,Other Revenue,823.04,0,0
demo-costa,2025-10-10,2025-10-11,Total Rooms in Hotel,140,1400,39620
demo-costa,2025-10-10,2025-10-11,Rooms Occupied minus House Use,90,884,24160
demo-costa,2025-10-10,2025-10-11,Room Revenue,13304.04,134755.45,3767826.76
demo-costa,2025-10-10,2025-10-11,Total Revenue,17211.04,173208.34,4815901.11
demo-costa,2025-10-10,2025-10-11,Food And Beverage Revenue,3507.88,34410.23,935039.55
demo-costa,2025-10-10,2025-10-11,Other Revenue,399.12,0,0
demo-centro,2025-10-11,2025-10-12,Total Rooms in Hotel,220,2420,62480
demo-centro,2025-10-11,2025-10-12,Rooms Occupied minus House Use,172,1769,41095
demo-centro,2025-10-11,2025-10-12,Room Revenue,29027.55,293732.05,6817748.66
demo-centro,2025-10-11,2025-10-12,Total Revenue,37444.54,375027.43,8725010.33
demo-centro,2025-10-11,2025-10-12,Food And Beverage Revenue,7546.16,72483.41,1702729.2
demo-centro,2025-10-11,2025-10-12,Other Revenue,870.83,0,0
demo-costa,2025-10-11,2025-10-12,Total Rooms in Hotel,140,1540,39760
demo-costa,2025-10-11,2025-10-12,Rooms Occupied minus House Use,88,972,24248
demo-costa,2025-10-11,2025-10-12,Room Revenue,14164.3,148919.75,3781991.06
demo-costa,2025-10-11,2025-10-12,Total Revenue,18336.03,191544.37,4834237.14
demo-costa,2025-10-11,2025-10-12,Food And Beverage Revenue,3746.8,38157.02,938786.35
demo-costa,2025-10-11,2025-10-12,Other Revenue,424.93,0,0
demo-centro,2025-10-12,2025-10-13,Total Rooms in Hotel,220,2640,62700
demo-centro,2025-10-12,2025-10-13,Rooms Occupied minus House Use,152,1921,41247
demo-centro,2025-10-12,2025-10-13,Room Revenue,24614.32,318346.37,6842362.99
demo-centro,2025-10-12,2025-10-13,Total Revenue,32215.38,407242.81,8757225.71
demo-centro,2025-10-12,2025-10-13,Food And Beverage Revenue,6862.63,79346.04,1709591.83
demo-centro,2025-10-12,2025-10-13,Other Revenue,738.43,0,0
demo-costa,2025-10-12,2025-10-13,Total Rooms in Hotel,140,1680,39900
demo-costa,2025-10-12,2025-10-13,Rooms Occupied minus House Use,70,1042,24318
demo-costa,2025-10-12,2025-10-13,Room Revenue,10758.31,159678.06,3792749.38
demo-costa,2025-10-12,2025-10-13,Total Revenue,13675.72,205220.08,4847912.86
demo-costa,2025-10-12,2025-10-13,Food And Beverage Revenue,2594.66,40751.68,941381.0
demo-costa,2025-10-12,2025-10-13,Other Revenue,322.75,0,0
demo-centro,2025-10-13,2025-10-14,Total Rooms in Hotel,220,2860,62920
demo-centro,2025-10-13,2025-10-14,Rooms Occupied minus House Use,172,2093,41419
demo-centro,2025-10-13,2025-10-14,Room Revenue,30283.78,348630.15,6872646.76
demo-centro,2025-10-13,2025-10-14,Total Revenue,38598.81,445841.62,8795824.52
demo-centro,2025-10-13,2025-10-14,Food And Beverage Revenue,7406.52,86752.56,1716998.35
demo-centro,2025-10-13,2025-10-14,Other Revenue,908.51,0,0
demo-costa,2025-10-13,2025-10-14,Total Rooms in Hotel,140,1820,40040
demo-costa,2025-10-13,2025-10-14,Rooms Occupied minus House Use,88,1130,24406
demo-costa,2025-10-13,2025-10-14,Room Revenue,13417.87,173095.93,3806167.24
demo-costa,2025-10-13,2025-10-14,Total Revenue,16875.75,222095.83,4864788.61
demo-costa,2025-10-13,2025-10-14,Food And Beverage Revenue,3055.34,43807.02,944436.35
demo-costa,2025-10-13,2025-10-14,Other Revenue,402.54,0,0
demo-centro,2025-10-14,2025-10-15,Total Rooms in Hotel,220,3080,63140
demo-centro,2025-10-14,2025-10-15,Rooms Occupied minus House Use,158,2251,41577
demo-centro,2025-10-14,2025-10-15,Room Revenue,25897.41,374527.57,6898544.18
demo-centro,2025-10-14,2025-10-15,Total Revenue,33681.17,479522.79,8829505.69
demo-centro,2025-10-14,2025-10-15,Food And Beverage Revenue,7006.83,93759.4,1724005.19
demo-centro,2025-10-14,2025-10-15,Other Revenue,776.92,0,0
demo-costa,2025-10-14,2025-10-15,Total Rooms in Hotel,140,1960,40180
demo-costa,2025-10-14,2025-10-15,Rooms Occupied minus House Use,86,1216,24492
demo-costa,2025-10-14,2025-10-15,Room Revenue,13047.39,186143.32,3819214.64
demo-costa,2025-10-14,2025-10-15,Total Revenue,16263.58,238359.42,4881052.19
demo-costa,2025-10-14,2025-10-15,Food And Beverage Revenue,2824.77,46631.79,947261.11
demo-costa,2025-10-14,2025-10-15,Other Revenue,391.42,0,0
demo-centro,2025-10-15,2025-10-16,Total Rooms in Hotel,220,3300,63360
demo-centro,2025-10-15,2025-10-16,Rooms Occupied minus House Use,136,2387,41713
demo-centro,2025-10-15,2025-10-16,Room Revenue,23472.15,397999.72,6922016.33
demo-centro,2025-10-15,2025-10-16,Total Revenue,30921.23,510444.02,8860426.92
demo-centro,2025-10-15,2025-10-16,Food And Beverage Revenue,6744.92,100504.31,1730750.1
demo-centro,2025-10-15,2025-10-16,Other Revenue,704.16,0,0
demo-costa,2025-10-15,2025-10-16,Total Rooms in Hotel,140,2100,40320
demo-costa,2025-10-15,2025-10-16,Rooms Occupied minus House Use,78,1294,24570
demo-costa,2025-10-15,2025-10-16,Room Revenue,12266.18,198409.5,3831480.82
demo-costa,2025-10-15,2025-10-16,Total Revenue,15521.71,253881.12,4896573.9
demo-costa,2025-10-15,2025-10-16,Food And Beverage Revenue,2887.54,49519.33,950148.65
demo-costa,2025-10-15,2025-10-16,Other Revenue,367.99,0,0
demo-centro,2025-10-16,2025-10-17,Total Rooms in Hotel,220,3520,63580
demo-centro,2025-10-16,2025-10-17,Rooms Occupied minus House Use,149,2536,41862
demo-centro,2025-10-16,2025-10-17,Room Revenue,23934.0,421933.72,6945950.33
demo-centro,2025-10-16,2025-10-17,Total Revenue,31163.15,541607.17,8891590.06
demo-centro,2025-10-16,2025-10-17,Food And Beverage Revenue,6511.13,107015.44,1737261.23
demo-centro,2025-10-16,2025-10-17,Other Revenue,718.02,0,0
demo-costa,2025-10-16,2025-10-17,Total Rooms in Hotel,140,2240,40460
demo-costa,2025-10-16,2025-10-17,Rooms Occupied minus House Use,68,1362,24638
demo-costa,2025-10-16,2025-10-17,Room Revenue,10293.6,208703.1,3841774.42
demo-costa,2025-10-16,2025-10-17,Total Revenue,13642.58,267523.7,4910216.47
demo-costa,2025-10-16,2025-10-17,Food And Beverage Revenue,3040.17,52559.5,953188.82
demo-costa,2025-10-16,2025-10-17,Other Revenue,308.81,0,0
demo-centro,2025-10-17,2025-10-18,Total Rooms in Hotel,220,3740,63800
demo-centro,2025-10-17,2025-10-18,Rooms Occupied minus House Use,188,2724,42050
demo-centro,2025-10-17,2025-10-18,Room Revenue,33082.28,455016.0,6979032.61
demo-centro,2025-10-17,2025-10-18,Total Revenue,41630.78,583237.94,8933220.84
demo-centro,2025-10-17,2025-10-18,Food And Beverage Revenue,7556.03,114571.46,1744817.25
demo-centro,2025-10-17,2025-10-18,Other Revenue,992.47,0,0
demo-costa,2025-10-17,2025-10-18,Total Rooms in Hotel,140,2380,40600
demo-costa,2025-10-17,2025-10-18,Rooms Occupied minus House Use,91,1453,24729
demo-costa,2025-10-17,2025-10-18,Room Revenue,13421.6,222124.7,3855196.02
demo-costa,2025-10-17,2025-10-18,Total Revenue,16903.01,284426.71,4927119.49
demo-costa,2025-10-17,2025-10-18,Food And Beverage Revenue,3078.77,55638.27,956267.59
demo-costa,2025-10-17,2025-10-18,Other Revenue,402.65,0,0
demo-centro,2025-10-18,2025-10-19,Total Rooms in Hotel,220,3960,64020
demo-centro,2025-10-18,2025-10-19,Rooms Occupied minus House Use,165,2889,42215
demo-centro,2025-10-18,2025-10-19,Room Revenue,27487.47,482503.47,7006520.08
demo-centro,2025-10-18,2025-10-19,Total Revenue,34174.41,617412.35,8967395.25
demo-centro,2025-10-18,2025-10-19,Food And Beverage Revenue,5862.32,120433.78,1750679.57
demo-centro,2025-10-18,2025-10-19,Other Revenue,824.62,0,0
demo-costa,2025-10-18,2025-10-19,Total Rooms in Hotel,140,2520,40740
demo-costa,2025-10-18,2025-10-19,Rooms Occupied minus House Use,95,1548,24824
demo-costa,2025-10-18,2025-10-19,Room Revenue,15190.61,237315.31,3870386.63
demo-costa,2025-10-18,2025-10-19,Total Revenue,20100.52,304527.23,4947220.0
demo-costa,2025-10-18,2025-10-19,Food And Beverage Revenue,4454.19,60092.45,960721.78
demo-costa,2025-10-18,2025-10-19,Other Revenue,455.72,0,0
demo-centro,2025-10-19,2025-10-20,Total Rooms in Hotel,220,4180,64240
demo-centro,2025-10-19,2025-10-20,Rooms Occupied minus House Use,151,3040,42366
demo-centro,2025-10-19,2025-10-20,Room Revenue,25458.58,507962.04,7031978.66
demo-centro,2025-10-19,2025-10-20,Total Revenue,31342.18,648754.53,8998737.43
demo-centro,2025-10-19,2025-10-20,Food And Beverage Revenue,5119.84,125553.62,1755799.41
demo-centro,2025-10-19,2025-10-20,Other Revenue,763.76,0,0
demo-costa,2025-10-19,2025-10-20,Total Rooms in Hotel,140,2660,40880
demo-costa,2025-10-19,2025-10-20,Rooms Occupied minus House Use,74,1622,24898
demo-costa,2025-10-19,2025-10-20,Room Revenue,11486.5,248801.81,3881873.12
demo-costa,2025-10-19,2025-10-20,Total Revenue,14525.58,319052.81,4961745.59
demo-costa,2025-10-19,2025-10-20,Food And Beverage Revenue,2694.49,62786.95,963416.27
demo-costa,2025-10-19,2025-10-20,Other Revenue,344.59,0,0
demo-centro,2025-10-20,2025-10-21,Total Rooms in Hotel,220,4400,64460
demo-centro,2025-10-20,2025-10-21,Rooms Occupied minus House Use,154,3194,42520
demo-centro,2025-10-20,2025-10-21,Room Revenue,25945.99,533908.03,7057924.64
demo-centro,2025-10-20,2025-10-21,Total Revenue,32505.85,681260.38,9031243.28
demo-centro,2025-10-20,2025-10-21,Food And Beverage Revenue,5781.49,131335.11,1761580.9
demo-centro,2025-10-20,2025-10-21,Other Revenue,778.38,0,0
demo-costa,2025-10-20,2025-10-21,Total Rooms in Hotel,140,2800,41020
demo-costa,2025-10-20,2025-10-21,Rooms Occupied minus House Use,85,1707,24983
demo-costa,2025-10-20,2025-10-21,Room Revenue,13569.64,262371.44,3895442.76
demo-costa,2025-10-20,2025-10-21,Total Revenue,17708.31,336761.12,4979453.9
demo-costa,2025-10-20,2025-10-21,Food And Beverage Revenue,3731.59,66518.53,967147.86
demo-costa,2025-10-20,2025-10-21,Other Revenue,407.09,0,0
demo-centro,2025-10-21,2025-10-22,Total Rooms in Hotel,220,4620,64680
demo-centro,2025-10-21,2025-10-22,Rooms Occupied minus House Use,157,3351,42677
demo-centro,2025-10-21,2025-10-22,Room Revenue,26889.93,560797.96,7084814.57
demo-centro,2025-10-21,2025-10-22,Total Revenue,35067.43,716327.81,9066310.71
demo-centro,2025-10-21,2025-10-22,Food And Beverage Revenue,7370.81,138705.92,1768951.71
demo-centro,2025-10-21,2025-10-22,Other Revenue,806.7,0,0
demo-costa,2025-10-21,2025-10-22,Total Rooms in Hotel,140,2940,41160
demo-costa,2025-10-21,2025-10-22,Rooms Occupied minus House Use,98,1805,25081
demo-costa,2025-10-21,2025-10-22,Room Revenue,15280.08,277651.52,3910722.84
demo-costa,2025-10-21,2025-10-22,Total Revenue,19856.63,356617.75,4999310.53
demo-costa,2025-10-21,2025-10-22,Food And Beverage Revenue,4118.15,70636.69,971266.01
demo-costa,2025-10-21,2025-10-22,Other Revenue,458.4,0,0
demo-centro,2025-10-22,2025-10-23,Total Rooms in Hotel,220,4840,64900
demo-centro,2025-10-22,2025-10-23,Rooms Occupied minus House Use,171,3522,42848
demo-centro,2025-10-22,2025-10-23,Room Revenue,28930.88,589728.84,7113745.45
demo-centro,2025-10-22,2025-10-23,Total Revenue,36414.97,752742.78,9102725.68
demo-centro,2025-10-22,2025-10-23,Food And Beverage Revenue,6616.16,145322.08,1775567.87
demo-centro,2025-10-22,2025-10-23,Other Revenue,867.93,0,0
demo-costa,2025-10-22,2025-10-23,Total Rooms in Hotel,140,3080,41300
demo-costa,2025-10-22,2025-10-23,Rooms Occupied minus House Use,94,1899,25175
demo-costa,2025-10-22,2025-10-23,Room Revenue,15130.22,292781.74,3925853.05
demo-costa,2025-10-22,2025-10-23,Total Revenue,19190.84,375808.59,5018501.37
demo-costa,2025-10-22,2025-10-23,Food And Beverage Revenue,3606.71,74243.4,974872.72
demo-costa,2025-10-22,2025-10-23,Other Revenue,453.91,0,0
demo-centro,2025-10-23,2025-10-24,Total Rooms in Hotel,220,5060,65120
demo-centro,2025-10-23,2025-10-24,Rooms Occupied minus House Use,157,3679,43005
demo-centro,2025-10-23,2025-10-24,Room Revenue,26504.08,616232.91,7140249.52
demo-centro,2025-10-23,2025-10-24,Total Revenue,33334.87,786077.65,9136060.55
demo-centro,2025-10-23,2025-10-24,Food And Beverage Revenue,6035.67,151357.75,1781603.54
demo-centro,2025-10-23,2025-10-24,Other Revenue,795.12,0,0
demo-costa,2025-10-23,2025-10-24,Total Rooms in Hotel,140,3220,41440
demo-costa,2025-10-23,2025-10-24,Rooms Occupied minus House Use,86,1985,25261
demo-costa,2025-10-23,2025-10-24,Room Revenue,12766.63,305548.37,3938619.68
demo-costa,2025-10-23,2025-10-24,Total Revenue,16397.93,392206.52,5034899.3
demo-costa,2025-10-23,2025-10-24,Food And Beverage Revenue,3248.31,77491.71,978121.03
demo-costa,2025-10-23,2025-10-24,Other Revenue,383.0,0,0
demo-centro,2025-10-24,2025-10-25,Total Rooms in Hotel,220,5280,65340
demo-centro,2025-10-24,2025-10-25,Rooms Occupied minus House Use,172,3851,43177
demo-centro,2025-10-24,2025-10-25,Room Revenue,29485.24,645718.15,7169734.76
demo-centro,2025-10-24,2025-10-25,Total Revenue,36823.21,822900.86,9172883.76
demo-centro,2025-10-24,2025-10-25,Food And Beverage Revenue,6453.41,157811.16,1788056.95
demo-centro,2025-10-24,2025-10-25,Other Revenue,884.56,0,0
demo-costa,2025-10-24,2025-10-25,Total Rooms in Hotel,140,3360,41580
demo-costa,2025-10-24,2025-10-25,Rooms Occupied minus House Use,91,2076,25352
demo-costa,2025-10-24,2025-10-25,Room Revenue,14161.94,319710.31,3952781.62
demo-costa,2025-10-24,2025-10-25,Total Revenue,17963.71,410170.23,5052863.01
demo-costa,2025-10-24,2025-10-25,Food And Beverage Revenue,3376.91,80868.62,981497.94
demo-costa,2025-10-24,2025-10-25,Other Revenue,424.86,0,0
demo-centro,2025-10-25,2025-10-26,Total Rooms in Hotel,220,5500,65560
demo-centro,2025-10-25,2025-10-26,Rooms Occupied minus House Use,177,4028,43354
demo-centro,2025-10-25,2025-10-26,Room Revenue,29553.33,675271.47,7199288.09
demo-centro,2025-10-25,2025-10-26,Total Revenue,39270.77,862171.63,9212154.53
demo-centro,2025-10-25,2025-10-26,Food And Beverage Revenue,8830.85,166642.01,1796887.8
demo-centro,2025-10-25,2025-10-26,Other Revenue,886.6,0,0
demo-costa,2025-10-25,2025-10-26,Total Rooms in Hotel,140,3500,41720
demo-costa,2025-10-25,2025-10-26,Rooms Occupied minus House Use,98,2174,25450
demo-costa,2025-10-25,2025-10-26,Room Revenue,15042.29,334752.6,3967823.91
demo-costa,2025-10-25,2025-10-26,Total Revenue,18840.9,429011.13,5071703.91
demo-costa,2025-10-25,2025-10-26,Food And Beverage Revenue,3347.34,84215.95,984845.28
demo-costa,2025-10-25,2025-10-26,Other Revenue,451.27,0,0
demo-centro,2025-10-26,2025-10-27,Total Rooms in Hotel,220,5720,65780
demo-centro,2025-10-26,2025-10-27,Rooms Occupied minus House Use,158,4186,43512
demo-centro,2025-10-26,2025-10-27,Room Revenue,25813.57,701085.05,7225101.66
demo-centro,2025-10-26,2025-10-27,Total Revenue,32640.09,894811.72,9244794.62
demo-centro,2025-10-26,2025-10-27,Food And Beverage Revenue,6052.11,172694.12,1802939.91
demo-centro,2025-10-26,2025-10-27,Other Revenue,774.41,0,0
demo-costa,2025-10-26,2025-10-27,Total Rooms in Hotel,140,3640,41860
demo-costa,2025-10-26,2025-10-27,Rooms Occupied minus House Use,84,2258,25534
demo-costa,2025-10-26,2025-10-27,Room Revenue,13093.7,347846.3,3980917.61
demo-costa,2025-10-26,2025-10-27,Total Revenue,17319.15,446330.28,5089023.06
demo-costa,2025-10-26,2025-10-27,Food And Beverage Revenue,3832.64,88048.59,988677.92
demo-costa,2025-10-26,2025-10-27,Other Revenue,392.81,0,0
demo-centro,2025-10-27,2025-10-28,Total Rooms in Hotel,220,5940,66000
demo-centro,2025-10-27,2025-10-28,Rooms Occupied minus House Use,150,4336,43662
demo-centro,2025-10-27,2025-10-28,Room Revenue,25771.57,726856.62,7250873.23
demo-centro,2025-10-27,2025-10-28,Total Revenue,32643.13,927454.85,9277437.75
demo-centro,2025-10-27,2025-10-28,Food And Beverage Revenue,6098.42,178792.54,1809038.33
demo-centro,2025-10-27,2025-10-28,Other Revenue,773.15,0,0
demo-costa,2025-10-27,2025-10-28,Total Rooms in Hotel,140,3780,42000
demo-costa,2025-10-27,2025-10-28,Rooms Occupied minus House Use,91,2349,25625
demo-costa,2025-10-27,2025-10-28,Room Revenue,14113.71,361960.01,3995031.33
demo-costa,2025-10-27,2025-10-28,Total Revenue,18024.04,464354.32,5107047.1
demo-costa,2025-10-27,2025-10-28,Food And Beverage Revenue,3486.91,91535.51,992164.83
demo-costa,2025-10-27,2025-10-28,Other Revenue,423.41,0,0
demo-centro,2025-10-28,2025-10-29,Total Rooms in Hotel,220,6160,66220
demo-centro,2025-10-28,2025-10-29,Rooms Occupied minus House Use,153,4489,43815
demo-centro,2025-10-28,2025-10-29,Room Revenue,27112.15,753968.77,7277985.38
demo-centro,2025-10-28,2025-10-29,Total Revenue,35017.29,962472.15,9312455.04
demo-centro,2025-10-28,2025-10-29,Food And Beverage Revenue,7091.77,185884.31,1816130.1
demo-centro,2025-10-28,2025-10-29,Other Revenue,813.36,0,0
demo-costa,2025-10-28,2025-10-29,Total Rooms in Hotel,140,3920,42140
demo-costa,2025-10-28,2025-10-29,Rooms Occupied minus House Use,78,2427,25703
demo-costa,2025-10-28,2025-10-29,Room Revenue,11880.69,373840.7,4006912.02
demo-costa,2025-10-28,2025-10-29,Total Revenue,15020.57,479374.88,5122067.66
demo-costa,2025-10-28,2025-10-29,Food And Beverage Revenue,2783.45,94318.96,994948.28
demo-costa,2025-10-28,2025-10-29,Other Revenue,356.42,0,0
demo-centro,2025-10-29,2025-10-30,Total Rooms in Hotel,220,6380,66440
demo-centro,2025-10-29,2025-10-30,Rooms Occupied minus House Use,150,4639,43965
demo-centro,2025-10-29,2025-10-30,Room Revenue,24089.64,778058.41,7302075.02
demo-centro,2025-10-29,2025-10-30,Total Revenue,31138.4,993610.54,9343593.44
demo-centro,2025-10-29,2025-10-30,Food And Beverage Revenue,6326.07,192210.39,1822456.18
demo-centro,2025-10-29,2025-10-30,Other Revenue,722.69,0,0
demo-costa,2025-10-29,2025-10-30,Total Rooms in Hotel,140,4060,42280
demo-costa,2025-10-29,2025-10-30,Rooms Occupied minus House Use,89,2516,25792
demo-costa,2025-10-29,2025-10-30,Room Revenue,13182.02,387022.72,4020094.03
demo-costa,2025-10-29,2025-10-30,Total Revenue,16356.61,495731.49,5138424.27
demo-costa,2025-10-29,2025-10-30,Food And Beverage Revenue,2779.13,97098.09,997727.41
demo-costa,2025-10-29,2025-10-30,Other Revenue,395.46,0,0
demo-centro,2025-10-30,2025-10-31,Total Rooms in Hotel,220,6600,66660
demo-centro,2025-10-30,2025-10-31,Rooms Occupied minus House Use,155,4794,44120
demo-centro,2025-10-30,2025-10-31,Room Revenue,25664.36,803722.76,7327739.37
demo-centro,2025-10-30,2025-10-31,Total Revenue,33476.93,1027087.48,9377070.38
demo-centro,2025-10-30,2025-10-31,Food And Beverage Revenue,7042.65,199253.03,1829498.82
demo-centro,2025-10-30,2025-10-31,Other Revenue,769.93,0,0
demo-costa,2025-10-30,2025-10-31,Total Rooms in Hotel,140,4200,42420
demo-costa,2025-10-30,2025-10-31,Rooms Occupied minus House Use,85,2601,25877
demo-costa,2025-10-30,2025-10-31,Room Revenue,12563.2,399585.92,4032657.24
demo-costa,2025-10-30,2025-10-31,Total Revenue,16411.26,512142.76,5154835.53
demo-costa,2025-10-30,2025-10-31,Food And Beverage Revenue,3471.17,100569.26,1001198.58
demo-costa,2025-10-30,2025-10-31,Other Revenue,376.9,0,0
demo-centro,2025-10-31,2025-11-01,Total Rooms in Hotel,220,6820,66880
demo-centro,2025-10-31,2025-11-01,Rooms Occupied minus House Use,176,4970,44296
demo-centro,2025-10-31,2025-11-01,Room Revenue,30120.12,833842.88,7357859.49
demo-centro,2025-10-31,2025-11-01,Total Revenue,39829.41,1066916.89,9416899.79
demo-centro,2025-10-31,2025-11-01,Food And Beverage Revenue,8805.69,208058.72,1838304.51
demo-centro,2025-10-31,2025-11-01,Other Revenue,903.6,0,0
demo-costa,2025-10-31,2025-11-01,Total Rooms in Hotel,140,4340,42560
demo-costa,2025-10-31,2025-11-01,Rooms Occupied minus House Use,101,2702,25978
demo-costa,2025-10-31,2025-11-01,Room Revenue,15301.55,414887.47,4047958.79
demo-costa,2025-10-31,2025-11-01,Total Revenue,19802.98,531945.73,5174638.51
demo-costa,2025-10-31,2025-11-01,Food And Beverage Revenue,4042.38,104611.64,1005240.96
demo-costa,2025-10-31,2025-11-01,Other Revenue,459.05,0,0
demo-centro,2025-11-01,2025-11-02,Total Rooms in Hotel,220,220,67100
demo-centro,2025-11-01,2025-11-02,Rooms Occupied minus House Use,166,166,44462
demo-centro,2025-11-01,2025-11-02,Room Revenue,26725.2,26725.2,7384584.69
demo-centro,2025-11-01,2025-11-02,Total Revenue,33810.1,33810.1,9450709.89
demo-centro,2025-11-01,2025-11-02,Food And Beverage Revenue,6283.15,6283.15,1844587.66
demo-centro,2025-11-01,2025-11-02,Other Revenue,801.76,0,0
demo-costa,2025-11-01,2025-11-02,Total Rooms in Hotel,140,140,42700
demo-costa,2025-11-01,2025-11-02,Rooms Occupied minus House Use,97,97,26075
demo-costa,2025-11-01,2025-11-02,Room Revenue,14672.67,14672.67,4062631.46
demo-costa,2025-11-01,2025-11-02,Total Revenue,19020.77,19020.77,5193659.28
demo-costa,2025-11-01,2025-11-02,Food And Beverage Revenue,3907.92,3907.92,1009148.88
demo-costa,2025-11-01,2025-11-02,Other Revenue,440.18,0,0
demo-centro,2025-11-02,2025-11-03,Total Rooms in Hotel,220,440,67320
demo-centro,2025-11-02,2025-11-03,Rooms Occupied minus House Use,120,286,44582
demo-centro,2025-11-02,2025-11-03,Room Revenue,20018.14,46743.34,7404602.83
demo-centro,2025-11-02,2025-11-03,Total Revenue,25089.99,58900.09,9475799.88
demo-centro,2025-11-02,2025-11-03,Food And Beverage Revenue,4471.3,10754.45,1849058.96
demo-centro,2025-11-02,2025-11-03,Other Revenue,600.54,0,0
demo-costa,2025-11-02,2025-11-03,Total Rooms in Hotel,140,280,42840
demo-costa,2025-11-02,2025-11-03,Rooms Occupied minus House Use,82,179,26157
demo-costa,2025-11-02,2025-11-03,Room Revenue,13024.42,27697.09,4075655.88
demo-costa,2025-11-02,2025-11-03,Total Revenue,16606.08,35626.85,5210265.36
demo-costa,2025-11-02,2025-11-03,Food And Beverage Revenue,3190.93,7098.85,1012339.81
demo-costa,2025-11-02,2025-11-03,Other Revenue,390.73,0,0
demo-centro,2025-11-03,2025-11-04,Total Rooms in Hotel,220,660,67540
demo-centro,2025-11-03,2025-11-04,Rooms Occupied minus House Use,155,441,44737
demo-centro,2025-11-03,2025-11-04,Room Revenue,27359.02,74102.36,7431961.85
demo-centro,2025-11-03,2025-11-04,Total Revenue,35464.96,94365.05,9511264.84
demo-centro,2025-11-03,2025-11-04,Food And Beverage Revenue,7285.17,18039.62,1856344.13
demo-centro,2025-11-03,2025-11-04,Other Revenue,820.77,0,0
demo-costa,2025-11-03,2025-11-04,Total Rooms in Hotel,140,420,42980
demo-costa,2025-11-03,2025-11-04,Rooms Occupied minus House Use,90,269,26247
demo-costa,2025-11-03,2025-11-04,Room Revenue,13549.86,41246.95,4089205.74
demo-costa,2025-11-03,2025-11-04,Total Revenue,17450.66,53077.51,5227716.02
demo-costa,2025-11-03,2025-11-04,Food And Beverage Revenue,3494.3,10593.15,1015834.11
demo-costa,2025-11-03,2025-11-04,Other Revenue,406.5,0,0
demo-centro,2025-11-04,2025-11-05,Total Rooms in Hotel,220,880,67760
demo-centro,2025-11-04,2025-11-05,Rooms Occupied minus House Use,160,601,44897
demo-centro,2025-11-04,2025-11-05,Room Revenue,28017.18,102119.54,7459979.03
demo-centro,2025-11-04,2025-11-05,Total Revenue,36710.6,131075.65,9547975.43
demo-centro,2025-11-04,2025-11-05,Food And Beverage Revenue,7852.9,25892.52,1864197.03
demo-centro,2025-11-04,2025-11-05,Other Revenue,840.52,0,0
demo-costa,2025-11-04,2025-11-05,Total Rooms in Hotel,140,560,43120
demo-costa,2025-11-04,2025-11-05,Rooms Occupied minus House Use,104,373,26351
demo-costa,2025-11-04,2025-11-05,Room Revenue,16373.96,57620.91,4105579.7
demo-costa,2025-11-04,2025-11-05,Total Revenue,21650.82,74728.33,5249366.84
demo-costa,2025-11-04,2025-11-05,Food And Beverage Revenue,4785.64,15378.79,1020619.75
demo-costa,2025-11-04,2025-11-05,Other Revenue,491.22,0,0
demo-centro,2025-11-05,2025-11-06,Total Rooms in Hotel,220,1100,67980
demo-centro,2025-11-05,2025-11-06,Rooms Occupied minus House Use,162,763,45059
demo-centro,2025-11-05,2025-11-06,Room Revenue,27314.51,129434.05,7487293.54
demo-centro,2025-11-05,2025-11-06,Total Revenue,34726.5,165802.15,9582701.94
demo-centro,2025-11-05,2025-11-06,Food And Beverage Revenue,6592.56,32485.08,1870789.59
demo-centro,2025-11-05,2025-11-06,Other Revenue,819.44,0,0
demo-costa,2025-11-05,2025-11-06,Total Rooms in Hotel,140,700,43260
demo-costa,2025-11-05,2025-11-06,Rooms Occupied minus House Use,90,463,26441
demo-costa,2025-11-05,2025-11-06,Room Revenue,14283.45,71904.36,4119863.15
demo-costa,2025-11-05,2025-11-06,Total Revenue,18595.4,93323.73,5267962.24
demo-costa,2025-11-05,2025-11-06,Food And Beverage Revenue,3883.44,19262.24,1024503.2
demo-costa,2025-11-05,2025-11-06,Other Revenue,428.5,0,0
demo-centro,2025-11-06,2025-11-07,Total Rooms in Hotel,220,1320,68200
demo-centro,2025-11-06,2025-11-07,Rooms Occupied minus House Use,159,922,45218
demo-centro,2025-11-06,2025-11-07,Room Revenue,26068.87,155502.92,7513362.41
demo-centro,2025-11-06,2025-11-07,Total Revenue,34488.23,200290.38,9617190.17
demo-centro,2025-11-06,2025-11-07,Food And Beverage Revenue,7637.3,40122.37,1878426.88
demo-centro,2025-11-06,2025-11-07,Other Revenue,782.07,0,0
demo-costa,2025-11-06,2025-11-07,Total Rooms in Hotel,140,840,43400
demo-costa,2025-11-06,2025-11-07,Rooms Occupied minus House Use,95,558,26536
demo-costa,2025-11-06,2025-11-07,Room Revenue,15621.44,87525.8,4135484.59
demo-costa,2025-11-06,2025-11-07,Total Revenue,20130.02,113453.75,5288092.26
demo-costa,2025-11-06,2025-11-07,Food And Beverage Revenue,4039.94,23302.18,1028543.13
demo-costa,2025-11-06,2025-11-07,Other Revenue,468.64,0,0
demo-centro,2025-11-07,2025-11-08,Total Rooms in Hotel,220,1540,68420
demo-centro,2025-11-07,2025-11-08,Rooms Occupied minus House Use,180,1102,45398
demo-centro,2025-11-07,2025-11-08,Room Revenue,30858.21,186361.13,7544220.62
demo-centro,2025-11-07,2025-11-08,Total Revenue,39218.32,239508.7,9656408.49
demo-centro,2025-11-07,2025-11-08,Food And Beverage Revenue,7434.36,47556.74,1885861.25
demo-centro,2025-11-07,2025-11-08,Other Revenue,925.75,0,0
demo-costa,2025-11-07,2025-11-08,Total Rooms in Hotel,140,980,43540
demo-costa,2025-11-07,2025-11-08,Rooms Occupied minus House Use,97,655,26633
demo-costa,2025-11-07,2025-11-08,Room Revenue,15874.02,103399.82,4151358.61
demo-costa,2025-11-07,2025-11-08,Total Revenue,20078.46,133532.22,5308170.73
demo-costa,2025-11-07,2025-11-08,Food And Beverage Revenue,3728.23,27030.4,1032271.36
demo-costa,2025-11-07,2025-11-08,Other Revenue,476.22,0,0
demo-centro,2025-11-08,2025-11-09,Total Rooms in Hotel,220,1760,68640
demo-centro,2025-11-08,2025-11-09,Rooms Occupied minus House Use,178,1280,45576
demo-centro,2025-11-08,2025-11-09,Room Revenue,29610.46,215971.59,7573831.08
demo-centro,2025-11-08,2025-11-09,Total Revenue,38187.06,277695.76,9694595.54
demo-centro,2025-11-08,2025-11-09,Food And Beverage Revenue,7688.28,55245.02,1893549.53
demo-centro,2025-11-08,2025-11-09,Other Revenue,888.31,0,0
demo-costa,2025-11-08,2025-11-09,Total Rooms in Hotel,140,1120,43680
demo-costa,2025-11-08,2025-11-09,Rooms Occupied minus House Use,107,762,26740
demo-costa,2025-11-08,2025-11-09,Room Revenue,17188.83,120588.65,4168547.44
demo-costa,2025-11-08,2025-11-09,Total Revenue,21784.13,155316.34,5329954.85
demo-costa,2025-11-08,2025-11-09,Food And Beverage Revenue,4079.63,31110.03,1036350.99
demo-costa,2025-11-08,2025-11-09,Other Revenue,515.67,0,0
demo-centro,2025-11-09,2025-11-10,Total Rooms in Hotel,220,1980,68860
demo-centro,2025-11-09,2025-11-10,Rooms Occupied minus House Use,147,1427,45723
demo-centro,2025-11-09,2025-11-10,Room Revenue,25779.65,241751.24,7599610.73
demo-centro,2025-11-09,2025-11-10,Total Revenue,31771.88,309467.64,9726367.43
demo-centro,2025-11-09,2025-11-10,Food And Beverage Revenue,5218.84,60463.86,1898768.37
demo-centro,2025-11-09,2025-11-10,Other Revenue,773.39,0,0
demo-costa,2025-11-09,2025-11-10,Total Rooms in Hotel,140,1260,43820
demo-costa,2025-11-09,2025-11-10,Rooms Occupied minus House Use,88,850,26828
demo-costa,2025-11-09,2025-11-10,Room Revenue,14247.2,134835.85,4182794.64
demo-costa,2025-11-09,2025-11-10,Total Revenue,17875.94,173192.28,5347830.79
demo-costa,2025-11-09,2025-11-10,Food And Beverage Revenue,3201.33,34311.36,1039552.32
demo-costa,2025-11-09,2025-11-10,Other Revenue,427.42,0,0
demo-centro,2025-11-10,2025-11-11,Total Rooms in Hotel,220,2200,69080
demo-centro,2025-11-10,2025-11-11,Rooms Occupied minus House Use,155,1582,45878
demo-centro,2025-11-10,2025-11-11,Room Revenue,25911.04,267662.28,7625521.77
demo-centro,2025-11-10,2025-11-11,Total Revenue,32832.5,342300.14,9759199.92
demo-centro,2025-11-10,2025-11-11,Food And Beverage Revenue,6144.12,66607.99,1904912.5
demo-centro,2025-11-10,2025-11-11,Other Revenue,777.33,0,0
demo-costa,2025-11-10,2025-11-11,Total Rooms in Hotel,140,1400,43960
demo-costa,2025-11-10,2025-11-11,Rooms Occupied minus House Use,92,942,26920
demo-costa,2025-11-10,2025-11-11,Room Revenue,14597.22,149433.07,4197391.85
demo-costa,2025-11-10,2025-11-11,Total Revenue,18225.19,191417.48,5366055.98
demo-costa,2025-11-10,2025-11-11,Food And Beverage Revenue,3190.06,37501.42,1042742.38
demo-costa,2025-11-10,2025-11-11,Other Revenue,437.92,0,0
demo-centro,2025-11-11,2025-11-12,Total Rooms in Hotel,220,2420,69300
demo-centro,2025-11-11,2025-11-12,Rooms Occupied minus House Use,144,1726,46022
demo-centro,2025-11-11,2025-11-12,Room Revenue,24431.99,292094.27,7649953.76
demo-centro,2025-11-11,2025-11-12,Total Revenue,30079.34,372379.48,9789279.26
demo-centro,2025-11-11,2025-11-12,Food And Beverage Revenue,4914.39,71522.38,1909826.89
demo-centro,2025-11-11,2025-11-12,Other Revenue,732.96,0,0
demo-costa,2025-11-11,2025-11-12,Total Rooms in Hotel,140,1540,44100
demo-costa,2025-11-11,2025-11-12,Rooms Occupied minus House Use,92,1034,27012
demo-costa,2025-11-11,2025-11-12,Room Revenue,15153.6,164586.66,4212545.45
demo-costa,2025-11-11,2025-11-12,Total Revenue,19685.53,211103.0,5385741.51
demo-costa,2025-11-11,2025-11-12,Food And Beverage Revenue,4077.32,41578.74,1046819.69
demo-costa,2025-11-11,2025-11-12,Other Revenue,454.61,0,0
demo-centro,2025-11-12,2025-11-13,Total Rooms in Hotel,220,2640,69520
demo-centro,2025-11-12,2025-11-13,Rooms Occupied minus House Use,167,1893,46189
demo-centro,2025-11-12,2025-11-13,Room Revenue,27573.02,319667.29,7677526.78
demo-centro,2025-11-12,2025-11-13,Total Revenue,34464.33,406843.81,9823743.59
demo-centro,2025-11-12,2025-11-13,Food And Beverage Revenue,6064.12,77586.5,1915891.01
demo-centro,2025-11-12,2025-11-13,Other Revenue,827.19,0,0
demo-costa,2025-11-12,2025-11-13,Total Rooms in Hotel,140,1680,44240
demo-costa,2025-11-12,2025-11-13,Rooms Occupied minus House Use,92,1126,27104
demo-costa,2025-11-12,2025-11-13,Room Revenue,14400.35,178987.01,4226945.8
demo-costa,2025-11-12,2025-11-13,Total Revenue,18909.76,230012.76,5404651.27
demo-costa,2025-11-12,2025-11-13,Food And Beverage Revenue,4077.41,45656.14,1050897.1
demo-costa,2025-11-12,2025-11-13,Other Revenue,432.01,0,0
demo-centro,2025-11-13,2025-11-14,Total Rooms in Hotel,220,2860,69740
demo-centro,2025-11-13,2025-11-14,Rooms Occupied minus House Use,158,2051,46347
demo-centro,2025-11-13,2025-11-14,Room Revenue,25908.76,345576.06,7703435.55
demo-centro,2025-11-13,2025-11-14,Total Revenue,32223.78,439067.59,9855967.38
demo-centro,2025-11-13,2025-11-14,Food And Beverage Revenue,5537.76,83124.25,1921428.76
demo-centro,2025-11-13,2025-11-14,Other Revenue,777.26,0,0
demo-costa,2025-11-13,2025-11-14,Total Rooms in Hotel,140,1820,44380
demo-costa,2025-11-13,2025-11-14,Rooms Occupied minus House Use,90,1216,27194
demo-costa,2025-11-13,2025-11-14,Room Revenue,14846.32,193833.33,4241792.12
demo-costa,2025-11-13,2025-11-14,Total Revenue,18769.01,248781.78,5423420.29
demo-costa,2025-11-13,2025-11-14,Food And Beverage Revenue,3477.3,49133.44,1054374.4
demo-costa,2025-11-13,2025-11-14,Other Revenue,445.39,0,0
demo-centro,2025-11-14,2025-11-15,Total Rooms in Hotel,220,3080,69960
demo-centro,2025-11-14,2025-11-15,Rooms Occupied minus House Use,171,2222,46518
demo-centro,2025-11-14,2025-11-15,Room Revenue,28307.08,373883.14,7731742.63
demo-centro,2025-11-14,2025-11-15,Total Revenue,36113.6,475181.19,9892080.97
demo-centro,2025-11-14,2025-11-15,Food And Beverage Revenue,6957.3,90081.56,1928386.07
demo-centro,2025-11-14,2025-11-15,Other Revenue,849.21,0,0
demo-costa,2025-11-14,2025-11-15,Total Rooms in Hotel,140,1960,44520
demo-costa,2025-11-14,2025-11-15,Rooms Occupied minus House Use,101,1317,27295
demo-costa,2025-11-14,2025-11-15,Room Revenue,15819.06,209652.39,4257611.18
demo-costa,2025-11-14,2025-11-15,Total Revenue,19988.38,268770.16,5443408.67
demo-costa,2025-11-14,2025-11-15,Food And Beverage Revenue,3694.75,52828.19,1058069.15
demo-costa,2025-11-14,2025-11-15,Other Revenue,474.57,0,0
demo-centro,2025-11-15,2025-11-16,Total Rooms in Hotel,220,3300,70180
demo-centro,2025-11-15,2025-11-16,Rooms Occupied minus House Use,154,2376,46672
demo-centro,2025-11-15,2025-11-16,Room Revenue,26166.2,400049.33,7757908.82
demo-centro,2025-11-15,2025-11-16,Total Revenue,33836.38,509017.56,9925917.35
demo-centro,2025-11-15,2025-11-16,Food And Beverage Revenue,6885.19,96966.75,1935271.26
demo-centro,2025-11-15,2025-11-16,Other Revenue,784.99,0,0
demo-costa,2025-11-15,2025-11-16,Total Rooms in Hotel,140,2100,44660
demo-costa,2025-11-15,2025-11-16,Rooms Occupied minus House Use,108,1425,27403
demo-costa,2025-11-15,2025-11-16,Room Revenue,17026.03,226678.42,4274637.21
demo-costa,2025-11-15,2025-11-16,Total Revenue,21416.57,290186.73,5464825.24
demo-costa,2025-11-15,2025-11-16,Food And Beverage Revenue,3879.76,56707.95,1061948.91
demo-costa,2025-11-15,2025-11-16,Other Revenue,510.78,0,0
demo-centro,2025-11-16,2025-11-17,Total Rooms in Hotel,220,3520,70400
demo-centro,2025-11-16,2025-11-17,Rooms Occupied minus House Use,150,2526,46822
demo-centro,2025-11-16,2025-11-17,Room Revenue,25468.12,425517.45,7783376.94
demo-centro,2025-11-16,2025-11-17,Total Revenue,33410.61,542428.17,9959327.96
demo-centro,2025-11-16,2025-11-17,Food And Beverage Revenue,7178.45,104145.2,1942449.71
demo-centro,2025-11-16,2025-11-17,Other Revenue,764.04,0,0
demo-costa,2025-11-16,2025-11-17,Total Rooms in Hotel,140,2240,44800
demo-costa,2025-11-16,2025-11-17,Rooms Occupied minus House Use,83,1508,27486
demo-costa,2025-11-16,2025-11-17,Room Revenue,12632.17,239310.6,4287269.38
demo-costa,2025-11-16,2025-11-17,Total Revenue,16365.21,306551.94,5481190.45
demo-costa,2025-11-16,2025-11-17,Food And Beverage Revenue,3354.07,60062.03,1065302.98
demo-costa,2025-11-16,2025-11-17,Other Revenue,378.97,0,0
demo-centro,2025-11-17,2025-11-18,Total Rooms in Hotel,220,3740,70620
demo-centro,2025-11-17,2025-11-18,Rooms Occupied minus House Use,165,2691,46987
demo-centro,2025-11-17,2025-11-18,Room Revenue,29040.38,454557.83,7812417.32
demo-centro,2025-11-17,2025-11-18,Total Revenue,36165.06,578593.23,9995493.02
demo-centro,2025-11-17,2025-11-18,Food And Beverage Revenue,6253.47,110398.67,1948703.18
demo-centro,2025-11-17,2025-11-18,Other Revenue,871.21,0,0
demo-costa,2025-11-17,2025-11-18,Total Rooms in Hotel,140,2380,44940
demo-costa,2025-11-17,2025-11-18,Rooms Occupied minus House Use,95,1603,27581
demo-costa,2025-11-17,2025-11-18,Room Revenue,14579.75,253890.35,4301849.14
demo-costa,2025-11-17,2025-11-18,Total Revenue,18779.39,325331.33,5499969.84
demo-costa,2025-11-17,2025-11-18,Food And Beverage Revenue,3762.24,63824.27,1069065.23
demo-costa,2025-11-17,2025-11-18,Other Revenue,437.39,0,0
demo-centro,2025-11-18,2025-11-19,Total Rooms in Hotel,220,3960,70840
demo-centro,2025-11-18,2025-11-19,Rooms Occupied minus House Use,144,2835,47131
demo-centro,2025-11-18,2025-11-19,Room Revenue,24882.26,479440.09,7837299.58
demo-centro,2025-11-18,2025-11-19,Total Revenue,33045.44,611638.68,10028538.46
demo-centro,2025-11-18,2025-11-19,Food And Beverage Revenue,7416.72,117815.38,1956119.89
demo-centro,2025-11-18,2025-11-19,Other Revenue,746.47,0,0
demo-costa,2025-11-18,2025-11-19,Total Rooms in Hotel,140,2520,45080
demo-costa,2025-11-18,2025-11-19,Rooms Occupied minus House Use,95,1698,27676
demo-costa,2025-11-18,2025-11-19,Room Revenue,15519.39,269409.74,4317368.52
demo-costa,2025-11-18,2025-11-19,Total Revenue,20496.56,345827.89,5520466.4
demo-costa,2025-11-18,2025-11-19,Food And Beverage Revenue,4511.6,68335.87,1073576.82
demo-costa,2025-11-18,2025-11-19,Other Revenue,465.58,0,0
demo-centro,2025-11-19,2025-11-20,Total Rooms in Hotel,220,4180,71060
demo-centro,2025-11-19,2025-11-20,Rooms Occupied minus House Use,168,3003,47299
demo-centro,2025-11-19,2025-11-20,Room Revenue,29515.83,508955.92,7866815.41
demo-centro,2025-11-19,2025-11-20,Total Revenue,39144.65,650783.32,10067683.11
demo-centro,2025-11-19,2025-11-20,Food And Beverage Revenue,8743.35,126558.73,1964863.24
demo-centro,2025-11-19,2025-11-20,Other Revenue,885.47,0,0
demo-costa,2025-11-19,2025-11-20,Total Rooms in Hotel,140,2660,45220
demo-costa,2025-11-19,2025-11-20,Rooms Occupied minus House Use,102,1800,27778
demo-costa,2025-11-19,2025-11-20,Room Revenue,15553.0,284962.74,4332921.53
demo-costa,2025-11-19,2025-11-20,Total Revenue,20289.58,366117.47,5540755.98
demo-costa,2025-11-19,2025-11-20,Food And Beverage Revenue,4269.98,72605.85,1077846.81
demo-costa,2025-11-19,2025-11-20,Other Revenue,466.59,0,0
demo-centro,2025-11-20,2025-11-21,Total Rooms in Hotel,220,4400,71280
demo-centro,2025-11-20,2025-11-21,Rooms Occupied minus House Use,147,3150,47446
demo-centro,2025-11-20,2025-11-21,Room Revenue,24539.84,533495.76,7891355.25
demo-centro,2025-11-20,2025-11-21,Total Revenue,31548.92,682332.25,10099232.03
demo-centro,2025-11-20,2025-11-21,Food And Beverage Revenue,6272.88,132831.61,1971136.12
demo-centro,2025-11-20,2025-11-21,Other Revenue,736.2,0,0
demo-costa,2025-11-20,2025-11-21,Total Rooms in Hotel,140,2800,45360
demo-costa,2025-11-20,2025-11-21,Rooms Occupied minus House Use,93,1893,27871
demo-costa,2025-11-20,2025-11-21,Room Revenue,14730.62,299693.36,4347652.15
demo-costa,2025-11-20,2025-11-21,Total Revenue,18523.83,384641.3,5559279.81
demo-costa,2025-11-20,2025-11-21,Food And Beverage Revenue,3351.29,75957.13,1081198.09
demo-costa,2025-11-20,2025-11-21,Other Revenue,441.92,0,0
demo-centro,2025-11-21,2025-11-22,Total Rooms in Hotel,220,4620,71500
demo-centro,2025-11-21,2025-11-22,Rooms Occupied minus House Use,175,3325,47621
demo-centro,2025-11-21,2025-11-22,Room Revenue,28035.59,561531.35,7919390.85
demo-centro,2025-11-21,2025-11-22,Total Revenue,36169.19,718501.43,10135401.22
demo-centro,2025-11-21,2025-11-22,Food And Beverage Revenue,7292.52,140124.14,1978428.65
demo-centro,2025-11-21,2025-11-22,Other Revenue,841.07,0,0
demo-costa,2025-11-21,2025-11-22,Total Rooms in Hotel,140,2940,45500
demo-costa,2025-11-21,2025-11-22,Rooms Occupied minus House Use,95,1988,27966
demo-costa,2025-11-21,2025-11-22,Room Revenue,14768.84,314462.2,4362420.99
demo-costa,2025-11-21,2025-11-22,Total Revenue,19598.1,404239.39,5578877.9
demo-costa,2025-11-21,2025-11-22,Food And Beverage Revenue,4386.19,80343.32,1085584.28
demo-costa,2025-11-21,2025-11-22,Other Revenue,443.07,0,0
demo-centro,2025-11-22,2025-11-23,Total Rooms in Hotel,220,4840,71720
demo-centro,2025-11-22,2025-11-23,Rooms Occupied minus House Use,170,3495,47791
demo-centro,2025-11-22,2025-11-23,Room Revenue,29739.63,591270.99,7949130.48
demo-centro,2025-11-22,2025-11-23,Total Revenue,38656.43,757157.86,10174057.64
demo-centro,2025-11-22,2025-11-23,Food And Beverage Revenue,8024.61,148148.74,1986453.25
demo-centro,2025-11-22,2025-11-23,Other Revenue,892.19,0,0
demo-costa,2025-11-22,2025-11-23,Total Rooms in Hotel,140,3080,45640
demo-costa,2025-11-22,2025-11-23,Rooms Occupied minus House Use,118,2106,28084
demo-costa,2025-11-22,2025-11-23,Room Revenue,19373.4,333835.61,4381794.39
demo-costa,2025-11-22,2025-11-23,Total Revenue,24417.49,428656.89,5603295.4
demo-costa,2025-11-22,2025-11-23,Food And Beverage Revenue,4462.89,84806.21,1090047.17
demo-costa,2025-11-22,2025-11-23,Other Revenue,581.2,0,0
demo-centro,2025-11-23,2025-11-24,Total Rooms in Hotel,220,5060,71940
demo-centro,2025-11-23,2025-11-24,Rooms Occupied minus House Use,140,3635,47931
demo-centro,2025-11-23,2025-11-24,Room Revenue,23189.21,614460.2,7972319.69
demo-centro,2025-11-23,2025-11-24,Total Revenue,30577.26,787735.12,10204634.91
demo-centro,2025-11-23,2025-11-24,Food And Beverage Revenue,6692.38,154841.12,1993145.63
demo-centro,2025-11-23,2025-11-24,Other Revenue,695.68,0,0
demo-costa,2025-11-23,2025-11-24,Total Rooms in Hotel,140,3220,45780
demo-costa,2025-11-23,2025-11-24,Rooms Occupied minus House Use,79,2185,28163
demo-costa,2025-11-23,2025-11-24,Room Revenue,12957.28,346792.89,4394751.68
demo-costa,2025-11-23,2025-11-24,Total Revenue,16652.4,445309.29,5619947.8
demo-costa,2025-11-23,2025-11-24,Food And Beverage Revenue,3306.4,88112.61,1093353.57
demo-costa,2025-11-23,2025-11-24,Other Revenue,388.72,0,0
demo-centro,2025-11-24,2025-11-25,Total Rooms in Hotel,220,5280,72160
demo-centro,2025-11-24,2025-11-25,Rooms Occupied minus House Use,145,3780,48076
demo-centro,2025-11-24,2025-11-25,Room Revenue,24894.32,639354.52,7997214.01
demo-centro,2025-11-24,2025-11-25,Total Revenue,32894.76,820629.88,10237529.67
demo-centro,2025-11-24,2025-11-25,Food And Beverage Revenue,7253.61,162094.73,2000399.24
demo-centro,2025-11-24,2025-11-25,Other Revenue,746.83,0,0
demo-costa,2025-11-24,2025-11-25,Total Rooms in Hotel,140,3360,45920
demo-costa,2025-11-24,2025-11-25,Rooms Occupied minus House Use,96,2281,28259
demo-costa,2025-11-24,2025-11-25,Room Revenue,14423.78,361216.67,4409175.46
demo-costa,2025-11-24,2025-11-25,Total Revenue,17811.02,463120.31,5637758.82
demo-costa,2025-11-24,2025-11-25,Food And Beverage Revenue,2954.53,91067.14,1096308.1
demo-costa,2025-11-24,2025-11-25,Other Revenue,432.71,0,0
demo-centro,2025-11-25,2025-11-26,Total Rooms in Hotel,220,5500,72380
demo-centro,2025-11-25,2025-11-26,Rooms Occupied minus House Use,165,3945,48241
demo-centro,2025-11-25,2025-11-26,Room Revenue,28616.94,667971.46,8025830.95
demo-centro,2025-11-25,2025-11-26,Total Revenue,37040.54,857670.42,10274570.21
demo-centro,2025-11-25,2025-11-26,Food And Beverage Revenue,7565.09,169659.82,2007964.33
demo-centro,2025-11-25,2025-11-26,Other Revenue,858.51,0,0
demo-costa,2025-11-25,2025-11-26,Total Rooms in Hotel,140,3500,46060
demo-costa,2025-11-25,2025-11-26,Rooms Occupied minus House Use,96,2377,28355
demo-costa,2025-11-25,2025-11-26,Room Revenue,15135.24,376351.91,4424310.69
demo-costa,2025-11-25,2025-11-26,Total Revenue,18746.56,481866.87,5656505.38
demo-costa,2025-11-25,2025-11-26,Food And Beverage Revenue,3157.26,94224.4,1099465.36
demo-costa,2025-11-25,2025-11-26,Other Revenue,454.06,0,0
demo-centro,2025-11-26,2025-11-27,Total Rooms in Hotel,220,5720,72600
demo-centro,2025-11-26,2025-11-27,Rooms Occupied minus House Use,184,4129,48425
demo-centro,2025-11-26,2025-11-27,Room Revenue,31678.97,699650.42,8057509.91
demo-centro,2025-11-26,2025-11-27,Total Revenue,40045.01,897715.43,10314615.22
demo-centro,2025-11-26,2025-11-27,Food And Beverage Revenue,7415.67,177075.49,2015380.01
demo-centro,2025-11-26,2025-11-27,Other Revenue,950.37,0,0
demo-costa,2025-11-26,2025-11-27,Total Rooms in Hotel,140,3640,46200
demo-costa,2025-11-26,2025-11-27,Rooms Occupied minus House Use,86,2463,28441
demo-costa,2025-11-26,2025-11-27,Room Revenue,13125.46,389477.37,4437436.16
demo-costa,2025-11-26,2025-11-27,Total Revenue,16985.46,498852.33,5673490.84
demo-costa,2025-11-26,2025-11-27,Food And Beverage Revenue,3466.24,97690.64,1102931.6
demo-costa,2025-11-26,2025-11-27,Other Revenue,393.76,0,0
demo-centro,2025-11-27,2025-11-28,Total Rooms in Hotel,220,5940,72820
demo-centro,2025-11-27,2025-11-28,Rooms Occupied minus House Use,168,4297,48593
demo-centro,2025-11-27,2025-11-28,Room Revenue,28676.86,728327.28,8086186.77
demo-centro,2025-11-27,2025-11-28,Total Revenue,35884.72,933600.15,10350499.93
demo-centro,2025-11-27,2025-11-28,Food And Beverage Revenue,6347.55,183423.05,2021727.56
demo-centro,2025-11-27,2025-11-28,Other Revenue,860.31,0,0
demo-costa,2025-11-27,2025-11-28,Total Rooms in Hotel,140,3780,46340
demo-costa,2025-11-27,2025-11-28,Rooms Occupied minus House Use,91,2554,28532
demo-costa,2025-11-27,2025-11-28,Room Revenue,14420.81,403898.17,4451856.96
demo-costa,2025-11-27,2025-11-28,Total Revenue,18868.74,517721.07,5692359.58
demo-costa,2025-11-27,2025-11-28,Food And Beverage Revenue,4015.31,101705.95,1106946.91
demo-costa,2025-11-27,2025-11-28,Other Revenue,432.62,0,0
demo-centro,2025-11-28,2025-11-29,Total Rooms in Hotel,220,6160,73040
demo-centro,2025-11-28,2025-11-29,Rooms Occupied minus House Use,188,4485,48781
demo-centro,2025-11-28,2025-11-29,Room Revenue,30561.21,758888.49,8116747.98
demo-centro,2025-11-28,2025-11-29,Total Revenue,37809.65,971409.8,10388309.59
demo-centro,2025-11-28,2025-11-29,Food And Beverage Revenue,6331.61,189754.66,2028059.17
demo-centro,2025-11-28,2025-11-29,Other Revenue,916.84,0,0
demo-costa,2025-11-28,2025-11-29,Total Rooms in Hotel,140,3920,46480
demo-costa,2025-11-28,2025-11-29,Rooms Occupied minus House Use,108,2662,28640
demo-costa,2025-11-28,2025-11-29,Room Revenue,17454.51,421352.68,4469311.47
demo-costa,2025-11-28,2025-11-29,Total Revenue,21652.09,539373.17,5714011.67
demo-costa,2025-11-28,2025-11-29,Food And Beverage Revenue,3673.95,105379.9,1110620.86
demo-costa,2025-11-28,2025-11-29,Other Revenue,523.64,0,0
demo-centro,2025-11-29,2025-11-30,Total Rooms in Hotel,220,6380,73260
demo-centro,2025-11-29,2025-11-30,Rooms Occupied minus House Use,167,4652,48948
demo-centro,2025-11-29,2025-11-30,Room Revenue,28987.42,787875.91,8145735.4
demo-centro,2025-11-29,2025-11-30,Total Revenue,37094.0,1008503.8,10425403.59
demo-centro,2025-11-29,2025-11-30,Food And Beverage Revenue,7236.96,196991.61,2035296.12
demo-centro,2025-11-29,2025-11-30,Other Revenue,869.62,0,0
demo-costa,2025-11-29,2025-11-30,Total Rooms in Hotel,140,4060,46620
demo-costa,2025-11-29,2025-11-30,Rooms Occupied minus House Use,99,2761,28739
demo-costa,2025-11-29,2025-11-30,Room Revenue,15831.03,437183.71,4485142.49
demo-costa,2025-11-29,2025-11-30,Total Revenue,20167.87,559541.03,5734179.54
demo-costa,2025-11-29,2025-11-30,Food And Beverage Revenue,3861.91,109241.82,1114482.77
demo-costa,2025-11-29,2025-11-30,Other Revenue,474.93,0,0
demo-centro,2025-11-30,2025-12-01,Total Rooms in Hotel,220,6600,73480
demo-centro,2025-11-30,2025-12-01,Rooms Occupied minus House Use,143,4795,49091
demo-centro,2025-11-30,2025-12-01,Room Revenue,23130.79,811006.7,8168866.19
demo-centro,2025-11-30,2025-12-01,Total Revenue,30353.39,1038857.19,10455756.98
demo-centro,2025-11-30,2025-12-01,Food And Beverage Revenue,6528.68,203520.29,2041824.8
demo-centro,2025-11-30,2025-12-01,Other Revenue,693.92,0,0
demo-costa,2025-11-30,2025-12-01,Total Rooms in Hotel,140,4200,46760
demo-costa,2025-11-30,2025-12-01,Rooms Occupied minus House Use,91,2852,28830
demo-costa,2025-11-30,2025-12-01,Room Revenue,14933.57,452117.28,4500076.06
demo-costa,2025-11-30,2025-12-01,Total Revenue,19269.2,578810.23,5753448.74
demo-costa,2025-11-30,2025-12-01,Food And Beverage Revenue,3887.62,113129.44,1118370.4
demo-costa,2025-11-30,2025-12-01,Other Revenue,448.01,0,0
demo-centro,2025-12-01,2025-12-02,Total Rooms in Hotel,220,220,73700
demo-centro,2025-12-01,2025-12-02,Rooms Occupied minus House Use,130,130,49221
demo-centro,2025-12-01,2025-12-02,Room Revenue,22074.04,22074.04,8190940.23
demo-centro,2025-12-01,2025-12-02,Total Revenue,29125.33,29125.33,10484882.31
demo-centro,2025-12-01,2025-12-02,Food And Beverage Revenue,6389.07,6389.07,2048213.87
demo-centro,2025-12-01,2025-12-02,Other Revenue,662.22,0,0
demo-costa,2025-12-01,2025-12-02,Total Rooms in Hotel,140,140,46900
demo-costa,2025-12-01,2025-12-02,Rooms Occupied minus House Use,129,129,28959
demo-costa,2025-12-01,2025-12-02,Room Revenue,20963.21,20963.21,4521039.27
demo-costa,2025-12-01,2025-12-02,Total Revenue,27491.22,27491.22,5780939.96
demo-costa,2025-12-01,2025-12-02,Food And Beverage Revenue,5899.12,5899.12,1124269.52
demo-costa,2025-12-01,2025-12-02,Other Revenue,628.9,0,0
demo-centro,2025-12-02,2025-12-03,Total Rooms in Hotel,220,440,73920
demo-centro,2025-12-02,2025-12-03,Rooms Occupied minus House Use,148,278,49369
demo-centro,2025-12-02,2025-12-03,Room Revenue,23293.73,45367.77,8214233.96
demo-centro,2025-12-02,2025-12-03,Total Revenue,30648.6,59773.94,10515530.91
demo-centro,2025-12-02,2025-12-03,Food And Beverage Revenue,6656.06,13045.13,2054869.93
demo-centro,2025-12-02,2025-12-03,Other Revenue,698.81,0,0
demo-costa,2025-12-02,2025-12-03,Total Rooms in Hotel,140,280,47040
demo-costa,2025-12-02,2025-12-03,Rooms Occupied minus House Use,110,239,29069
demo-costa,2025-12-02,2025-12-03,Room Revenue,17197.65,38160.85,4538236.92
demo-costa,2025-12-02,2025-12-03,Total Revenue,21687.03,49178.25,5802626.99
demo-costa,2025-12-02,2025-12-03,Food And Beverage Revenue,3973.45,9872.57,1128242.97
demo-costa,2025-12-02,2025-12-03,Other Revenue,515.93,0,0
demo-centro,2025-12-03,2025-12-04,Total Rooms in Hotel,220,660,74140
demo-centro,2025-12-03,2025-12-04,Rooms Occupied minus House Use,125,403,49494
demo-centro,2025-12-03,2025-12-04,Room Revenue,20528.21,65895.98,8234762.17
demo-centro,2025-12-03,2025-12-04,Total Revenue,25791.33,85565.27,10541322.24
demo-centro,2025-12-03,2025-12-04,Food And Beverage Revenue,4647.28,17692.41,2059517.21
demo-centro,2025-12-03,2025-12-04,Other Revenue,615.85,0,0
demo-costa,2025-12-03,2025-12-04,Total Rooms in Hotel,140,420,47180
demo-costa,2025-12-03,2025-12-04,Rooms Occupied minus House Use,119,358,29188
demo-costa,2025-12-03,2025-12-04,Room Revenue,19473.03,57633.88,4557709.94
demo-costa,2025-12-03,2025-12-04,Total Revenue,25062.74,74240.99,5827689.73
demo-costa,2025-12-03,2025-12-04,Food And Beverage Revenue,5005.52,14878.09,1133248.49
demo-costa,2025-12-03,2025-12-04,Other Revenue,584.19,0,0
demo-centro,2025-12-04,2025-12-05,Total Rooms in Hotel,220,880,74360
demo-centro,2025-12-04,2025-12-05,Rooms Occupied minus House Use,130,533,49624
demo-centro,2025-12-04,2025-12-05,Room Revenue,21266.26,87162.23,8256028.43
demo-centro,2025-12-04,2025-12-05,Total Revenue,27475.48,113040.75,10568797.73
demo-centro,2025-12-04,2025-12-05,Food And Beverage Revenue,5571.24,23263.65,2065088.45
demo-centro,2025-12-04,2025-12-05,Other Revenue,637.99,0,0
demo-costa,2025-12-04,2025-12-05,Total Rooms in Hotel,140,560,47320
demo-costa,2025-12-04,2025-12-05,Rooms Occupied minus House Use,128,486,29316
demo-costa,2025-12-04,2025-12-05,Room Revenue,20778.46,78412.34,4578488.4
demo-costa,2025-12-04,2025-12-05,Total Revenue,27508.28,101749.27,5855198.01
demo-costa,2025-12-04,2025-12-05,Food And Beverage Revenue,6106.47,20984.56,1139354.96
demo-costa,2025-12-04,2025-12-05,Other Revenue,623.35,0,0
demo-centro,2025-12-05,2025-12-06,Total Rooms in Hotel,220,1100,74580
demo-centro,2025-12-05,2025-12-06,Rooms Occupied minus House Use,137,670,49761
demo-centro,2025-12-05,2025-12-06,Room Revenue,21904.51,109066.75,8277932.94
demo-centro,2025-12-05,2025-12-06,Total Revenue,27863.44,140904.18,10596661.16
demo-centro,2025-12-05,2025-12-06,Food And Beverage Revenue,5301.79,28565.43,2070390.23
demo-centro,2025-12-05,2025-12-06,Other Revenue,657.14,0,0
demo-costa,2025-12-05,2025-12-06,Total Rooms in Hotel,140,700,47460
demo-costa,2025-12-05,2025-12-06,Rooms Occupied minus House Use,137,623,29453
demo-costa,2025-12-05,2025-12-06,Room Revenue,22502.4,100914.74,4600990.8
demo-costa,2025-12-05,2025-12-06,Total Revenue,29524.16,131273.43,5884722.18
demo-costa,2025-12-05,2025-12-06,Food And Beverage Revenue,6346.69,27331.25,1145701.65
demo-costa,2025-12-05,2025-12-06,Other Revenue,675.07,0,0
demo-centro,2025-12-06,2025-12-07,Total Rooms in Hotel,220,1320,74800
demo-centro,2025-12-06,2025-12-07,Rooms Occupied minus House Use,154,824,49915
demo-centro,2025-12-06,2025-12-07,Room Revenue,24625.51,133692.26,8302558.45
demo-centro,2025-12-06,2025-12-07,Total Revenue,30592.06,171496.24,10627253.22
demo-centro,2025-12-06,2025-12-07,Food And Beverage Revenue,5227.78,33793.22,2075618.02
demo-centro,2025-12-06,2025-12-07,Other Revenue,738.77,0,0
demo-costa,2025-12-06,2025-12-07,Total Rooms in Hotel,140,840,47600
demo-costa,2025-12-06,2025-12-07,Rooms Occupied minus House Use,137,760,29590
demo-costa,2025-12-06,2025-12-07,Room Revenue,21759.21,122673.95,4622750.01
demo-costa,2025-12-06,2025-12-07,Total Revenue,27478.58,158752.02,5912200.76
demo-costa,2025-12-06,2025-12-07,Food And Beverage Revenue,5066.59,32397.85,1150768.25
demo-costa,2025-12-06,2025-12-07,Other Revenue,652.78,0,0
demo-centro,2025-12-07,2025-12-08,Total Rooms in Hotel,220,1540,75020
demo-centro,2025-12-07,2025-12-08,Rooms Occupied minus House Use,125,949,50040
demo-centro,2025-12-07,2025-12-08,Room Revenue,20043.9,153736.15,8322602.35
demo-centro,2025-12-07,2025-12-08,Total Revenue,26057.52,197553.76,10653310.74
demo-centro,2025-12-07,2025-12-08,Food And Beverage Revenue,5412.31,39205.52,2081030.32
demo-centro,2025-12-07,2025-12-08,Other Revenue,601.32,0,0
demo-costa,2025-12-07,2025-12-08,Total Rooms in Hotel,140,980,47740
demo-costa,2025-12-07,2025-12-08,Rooms Occupied minus House Use,110,870,29700
demo-costa,2025-12-07,2025-12-08,Room Revenue,17481.93,140155.88,4640231.94
demo-costa,2025-12-07,2025-12-08,Total Revenue,22079.56,180831.58,5934280.32
demo-costa,2025-12-07,2025-12-08,Food And Beverage Revenue,4073.18,36471.02,1154841.42
demo-costa,2025-12-07,2025-12-08,Other Revenue,524.46,0,0
demo-centro,2025-12-08,2025-12-09,Total Rooms in Hotel,220,1760,75240
demo-centro,2025-12-08,2025-12-09,Rooms Occupied minus House Use,138,1087,50178
demo-centro,2025-12-08,2025-12-09,Room Revenue,22221.16,175957.31,8344823.5
demo-centro,2025-12-08,2025-12-09,Total Revenue,29404.84,226958.6,10682715.58
demo-centro,2025-12-08,2025-12-09,Food And Beverage Revenue,6517.05,45722.57,2087547.37
demo-centro,2025-12-08,2025-12-09,Other Revenue,666.63,0,0
demo-costa,2025-12-08,2025-12-09,Total Rooms in Hotel,140,1120,47880
demo-costa,2025-12-08,2025-12-09,Rooms Occupied minus House Use,126,996,29826
demo-costa,2025-12-08,2025-12-09,Room Revenue,20034.13,160190.01,4660266.07
demo-costa,2025-12-08,2025-12-09,Total Revenue,25160.5,205992.08,5959440.82
demo-costa,2025-12-08,2025-12-09,Food And Beverage Revenue,4525.35,40996.37,1159366.77
demo-costa,2025-12-08,2025-12-09,Other Revenue,601.02,0,0
demo-centro,2025-12-09,2025-12-10,Total Rooms in Hotel,220,1980,75460
demo-centro,2025-12-09,2025-12-10,Rooms Occupied minus House Use,155,1242,50333
demo-centro,2025-12-09,2025-12-10,Room Revenue,26546.02,202503.33,8371369.52
demo-centro,2025-12-09,2025-12-10,Total Revenue,34104.46,261063.06,10716820.04
demo-centro,2025-12-09,2025-12-10,Food And Beverage Revenue,6762.06,52484.63,2094309.43
demo-centro,2025-12-09,2025-12-10,Other Revenue,796.38,0,0
demo-costa,2025-12-09,2025-12-10,Total Rooms in Hotel,140,1260,48020
demo-costa,2025-12-09,2025-12-10,Rooms Occupied minus House Use,111,1107,29937
demo-costa,2025-12-09,2025-12-10,Room Revenue,17415.64,177605.65,4677681.71
demo-costa,2025-12-09,2025-12-10,Total Revenue,23019.23,229011.31,5982460.06
demo-costa,2025-12-09,2025-12-10,Food And Beverage Revenue,5081.12,46077.5,1164447.9
demo-costa,2025-12-09,2025-12-10,Other Revenue,522.47,0,0
demo-centro,2025-12-10,2025-12-11,Total Rooms in Hotel,220,2200,75680
demo-centro,2025-12-10,2025-12-11,Rooms Occupied minus House Use,117,1359,50450
demo-centro,2025-12-10,2025-12-11,Room Revenue,18512.58,221015.91,8389882.1
demo-centro,2025-12-10,2025-12-11,Total Revenue,23273.64,284336.7,10740093.68
demo-centro,2025-12-10,2025-12-11,Food And Beverage Revenue,4205.68,56690.32,2098515.11
demo-centro,2025-12-10,2025-12-11,Other Revenue,555.38,0,0
demo-costa,2025-12-10,2025-12-11,Total Rooms in Hotel,140,1400,48160
demo-costa,2025-12-10,2025-12-11,Rooms Occupied minus House Use,127,1234,30064
demo-costa,2025-12-10,2025-12-11,Room Revenue,21240.04,198845.68,4698921.75
demo-costa,2025-12-10,2025-12-11,Total Revenue,26322.51,255333.82,6008782.56
demo-costa,2025-12-10,2025-12-11,Food And Beverage Revenue,4445.27,50522.76,1168893.16
demo-costa,2025-12-10,2025-12-11,Other Revenue,637.2,0,0
demo-centro,2025-12-11,2025-12-12,Total Rooms in Hotel,220,2420,75900
demo-centro,2025-12-11,2025-12-12,Rooms Occupied minus House Use,132,1491,50582
demo-centro,2025-12-11,2025-12-12,Room Revenue,22203.48,243219.39,8412085.58
demo-centro,2025-12-11,2025-12-12,Total Revenue,29390.44,313727.15,10769484.12
demo-centro,2025-12-11,2025-12-12,Food And Beverage Revenue,6520.86,63211.17,2105035.97
demo-centro,2025-12-11,2025-12-12,Other Revenue,666.1,0,0
demo-costa,2025-12-11,2025-12-12,Total Rooms in Hotel,140,1540,48300
demo-costa,2025-12-11,2025-12-12,Rooms Occupied minus House Use,116,1350,30180
demo-costa,2025-12-11,2025-12-12,Room Revenue,19594.72,218440.41,4718516.47
demo-costa,2025-12-11,2025-12-12,Total Revenue,24733.64,280067.46,6033516.2
demo-costa,2025-12-11,2025-12-12,Food And Beverage Revenue,4551.08,55073.84,1173444.24
demo-costa,2025-12-11,2025-12-12,Other Revenue,587.84,0,0
demo-centro,2025-12-12,2025-12-13,Total Rooms in Hotel,220,2640,76120
demo-centro,2025-12-12,2025-12-13,Rooms Occupied minus House Use,155,1646,50737
demo-centro,2025-12-12,2025-12-13,Room Revenue,24860.56,268079.95,8436946.14
demo-centro,2025-12-12,2025-12-13,Total Revenue,31949.8,345676.95,10801433.93
demo-centro,2025-12-12,2025-12-13,Food And Beverage Revenue,6343.43,69554.6,2111379.4
demo-centro,2025-12-12,2025-12-13,Other Revenue,745.82,0,0
demo-costa,2025-12-12,2025-12-13,Total Rooms in Hotel,140,1680,48440
demo-costa,2025-12-12,2025-12-13,Rooms Occupied minus House Use,137,1487,30317
demo-costa,2025-12-12,2025-12-13,Room Revenue,21482.62,239923.03,4739999.09
demo-costa,2025-12-12,2025-12-13,Total Revenue,27881.59,307949.05,6061397.79
demo-costa,2025-12-12,2025-12-13,Food And Beverage Revenue,5754.49,60828.33,1179198.73
demo-costa,2025-12-12,2025-12-13,Other Revenue,644.48,0,0
demo-centro,2025-12-13,2025-12-14,Total Rooms in Hotel,220,2860,76340
demo-centro,2025-12-13,2025-12-14,Rooms Occupied minus House Use,166,1812,50903
demo-centro,2025-12-13,2025-12-14,Room Revenue,26920.05,295000.0,8463866.19
demo-centro,2025-12-13,2025-12-14,Total Revenue,33871.06,379548.0,10835304.98
demo-centro,2025-12-13,2025-12-14,Food And Beverage Revenue,6143.41,75698.0,2117522.8
demo-centro,2025-12-13,2025-12-14,Other Revenue,807.6,0,0
demo-costa,2025-12-13,2025-12-14,Total Rooms in Hotel,140,1820,48580
demo-costa,2025-12-13,2025-12-14,Rooms Occupied minus House Use,134,1621,30451
demo-costa,2025-12-13,2025-12-14,Room Revenue,22077.53,262000.56,4762076.62
demo-costa,2025-12-13,2025-12-14,Total Revenue,28594.43,336543.47,6089992.22
demo-costa,2025-12-13,2025-12-14,Food And Beverage Revenue,5854.57,66682.9,1185053.3
demo-costa,2025-12-13,2025-12-14,Other Revenue,662.33,0,0
demo-centro,2025-12-14,2025-12-15,Total Rooms in Hotel,220,3080,76560
demo-centro,2025-12-14,2025-12-15,Rooms Occupied minus House Use,135,1947,51038
demo-centro,2025-12-14,2025-12-15,Room Revenue,23053.84,318053.84,8486920.04
demo-centro,2025-12-14,2025-12-15,Total Revenue,29402.56,408950.56,10864707.54
demo-centro,2025-12-14,2025-12-15,Food And Beverage Revenue,5657.1,81355.11,2123179.91
demo-centro,2025-12-14,2025-12-15,Other Revenue,691.62,0,0
demo-costa,2025-12-14,2025-12-15,Total Rooms in Hotel,140,1960,48720
demo-costa,2025-12-14,2025-12-15,Rooms Occupied minus House Use,101,1722,30552
demo-costa,2025-12-14,2025-12-15,Room Revenue,16512.42,278512.98,4778589.05
demo-costa,2025-12-14,2025-12-15,Total Revenue,20467.87,357011.35,6110460.09
demo-costa,2025-12-14,2025-12-15,Food And Beverage Revenue,3460.08,70142.97,1188513.37
demo-costa,2025-12-14,2025-12-15,Other Revenue,495.37,0,0
demo-centro,2025-12-15,2025-12-16,Total Rooms in Hotel,220,3300,76780
demo-centro,2025-12-15,2025-12-16,Rooms Occupied minus House Use,143,2090,51181
demo-centro,2025-12-15,2025-12-16,Room Revenue,23941.54,341995.39,8510861.58
demo-centro,2025-12-15,2025-12-16,Total Revenue,29727.49,438678.05,10894435.03
demo-centro,2025-12-15,2025-12-16,Food And Beverage Revenue,5067.7,86422.8,2128247.6
demo-centro,2025-12-15,2025-12-16,Other Revenue,718.25,0,0
demo-costa,2025-12-15,2025-12-16,Total Rooms in Hotel,140,2100,48860
demo-costa,2025-12-15,2025-12-16,Rooms Occupied minus House Use,121,1843,30673
demo-costa,2025-12-15,2025-12-16,Room Revenue,20001.49,298514.48,4798590.54
demo-costa,2025-12-15,2025-12-16,Total Revenue,25098.58,382109.93,6135558.67
demo-costa,2025-12-15,2025-12-16,Food And Beverage Revenue,4497.04,74640.02,1193010.41
demo-costa,2025-12-15,2025-12-16,Other Revenue,600.04,0,0
demo-centro,2025-12-16,2025-12-17,Total Rooms in Hotel,220,3520,77000
demo-centro,2025-12-16,2025-12-17,Rooms Occupied minus House Use,140,2230,51321
demo-centro,2025-12-16,2025-12-17,Room Revenue,22413.63,364409.02,8533275.21
demo-centro,2025-12-16,2025-12-17,Total Revenue,28036.0,466714.05,10922471.03
demo-centro,2025-12-16,2025-12-17,Food And Beverage Revenue,4949.96,91372.76,2133197.56
demo-centro,2025-12-16,2025-12-17,Other Revenue,672.41,0,0
demo-costa,2025-12-16,2025-12-17,Total Rooms in Hotel,140,2240,49000
demo-costa,2025-12-16,2025-12-17,Rooms Occupied minus House Use,118,1961,30791
demo-costa,2025-12-16,2025-12-17,Room Revenue,19549.82,318064.3,4818140.36
demo-costa,2025-12-16,2025-12-17,Total Revenue,24566.94,406676.86,6160125.61
demo-costa,2025-12-16,2025-12-17,Food And Beverage Revenue,4430.62,79070.63,1197441.03
demo-costa,2025-12-16,2025-12-17,Other Revenue,586.49,0,0
demo-centro,2025-12-17,2025-12-18,Total Rooms in Hotel,220,3740,77220
demo-centro,2025-12-17,2025-12-18,Rooms Occupied minus House Use,128,2358,51449
demo-centro,2025-12-17,2025-12-18,Room Revenue,20438.33,384847.35,8553713.54
demo-centro,2025-12-17,2025-12-18,Total Revenue,25770.3,492484.35,10948241.33
demo-centro,2025-12-17,2025-12-18,Food And Beverage Revenue,4718.82,96091.58,2137916.38
demo-centro,2025-12-17,2025-12-18,Other Revenue,613.15,0,0
demo-costa,2025-12-17,2025-12-18,Total Rooms in Hotel,140,2380,49140
demo-costa,2025-12-17,2025-12-18,Rooms Occupied minus House Use,127,2088,30918
demo-costa,2025-12-17,2025-12-18,Room Revenue,20553.04,338617.33,4838693.4
demo-costa,2025-12-17,2025-12-18,Total Revenue,25390.65,432067.51,6185516.26
demo-costa,2025-12-17,2025-12-18,Food And Beverage Revenue,4221.02,83291.66,1201662.06
demo-costa,2025-12-17,2025-12-18,Other Revenue,616.59,0,0
demo-centro,2025-12-18,2025-12-19,Total Rooms in Hotel,220,3960,77440
demo-centro,2025-12-18,2025-12-19,Rooms Occupied minus House Use,124,2482,51573
demo-centro,2025-12-18,2025-12-19,Room Revenue,21392.83,406240.18,8575106.37
demo-centro,2025-12-18,2025-12-19,Total Revenue,26509.29,518993.64,10974750.62
demo-centro,2025-12-18,2025-12-19,Food And Beverage Revenue,4474.68,100566.26,2142391.06
demo-centro,2025-12-18,2025-12-19,Other Revenue,641.78,0,0
demo-costa,2025-12-18,2025-12-19,Total Rooms in Hotel,140,2520,49280
demo-costa,2025-12-18,2025-12-19,Rooms Occupied minus House Use,124,2212,31042
demo-costa,2025-12-18,2025-12-19,Room Revenue,19852.86,358470.19,4858546.26
demo-costa,2025-12-18,2025-12-19,Total Revenue,24736.73,456804.24,6210252.98
demo-costa,2025-12-18,2025-12-19,Food And Beverage Revenue,4288.28,87579.94,1205950.34
demo-costa,2025-12-18,2025-12-19,Other Revenue,595.59,0,0
demo-centro,2025-12-19,2025-12-20,Total Rooms in Hotel,220,4180,77660
demo-centro,2025-12-19,2025-12-20,Rooms Occupied minus House Use,154,2636,51727
demo-centro,2025-12-19,2025-12-20,Room Revenue,24686.71,430926.89,8599793.08
demo-centro,2025-12-19,2025-12-20,Total Revenue,30469.14,549462.78,11005219.76
demo-centro,2025-12-19,2025-12-20,Food And Beverage Revenue,5041.83,105608.09,2147432.89
demo-centro,2025-12-19,2025-12-20,Other Revenue,740.6,0,0
demo-costa,2025-12-19,2025-12-20,Total Rooms in Hotel,140,2660,49420
demo-costa,2025-12-19,2025-12-20,Rooms Occupied minus House Use,137,2349,31179
demo-costa,2025-12-19,2025-12-20,Room Revenue,23197.41,381667.6,4881743.66
demo-costa,2025-12-19,2025-12-20,Total Revenue,29920.89,486725.13,6240173.87
demo-costa,2025-12-19,2025-12-20,Food And Beverage Revenue,6027.56,93607.5,1211977.9
demo-costa,2025-12-19,2025-12-20,Other Revenue,695.92,0,0
demo-centro,2025-12-20,2025-12-21,Total Rooms in Hotel,220,4400,77880
demo-centro,2025-12-20,2025-12-21,Rooms Occupied minus House Use,166,2802,51893
demo-centro,2025-12-20,2025-12-21,Room Revenue,27855.87,458782.76,8627648.95
demo-centro,2025-12-20,2025-12-21,Total Revenue,34396.58,583859.37,11039616.34
demo-centro,2025-12-20,2025-12-21,Food And Beverage Revenue,5705.03,111313.12,2153137.92
demo-centro,2025-12-20,2025-12-21,Other Revenue,835.68,0,0
demo-costa,2025-12-20,2025-12-21,Total Rooms in Hotel,140,2800,49560
demo-costa,2025-12-20,2025-12-21,Rooms Occupied minus House Use,122,2471,31301
demo-costa,2025-12-20,2025-12-21,Room Revenue,20650.63,402318.23,4902394.3
demo-costa,2025-12-20,2025-12-21,Total Revenue,25890.34,512615.47,6266064.21
demo-costa,2025-12-20,2025-12-21,Food And Beverage Revenue,4620.18,98227.69,1216598.08
demo-costa,2025-12-20,2025-12-21,Other Revenue,619.52,0,0
demo-centro,2025-12-21,2025-12-22,Total Rooms in Hotel,220,4620,78100
demo-centro,2025-12-21,2025-12-22,Rooms Occupied minus House Use,125,2927,52018
demo-centro,2025-12-21,2025-12-22,Room Revenue,21510.75,480293.51,8649159.7
demo-centro,2025-12-21,2025-12-22,Total Revenue,27404.99,611264.35,11067021.33
demo-centro,2025-12-21,2025-12-22,Food And Beverage Revenue,5248.92,116562.04,2158386.84
demo-centro,2025-12-21,2025-12-22,Other Revenue,645.32,0,0
demo-costa,2025-12-21,2025-12-22,Total Rooms in Hotel,140,2940,49700
demo-costa,2025-12-21,2025-12-22,Rooms Occupied minus House Use,123,2594,31424
demo-costa,2025-12-21,2025-12-22,Room Revenue,20540.01,422858.25,4922934.31
demo-costa,2025-12-21,2025-12-22,Total Revenue,25628.1,538243.57,6291692.31
demo-costa,2025-12-21,2025-12-22,Food And Beverage Revenue,4471.89,102699.58,1221069.97
demo-costa,2025-12-21,2025-12-22,Other Revenue,616.2,0,0
demo-centro,2025-12-22,2025-12-23,Total Rooms in Hotel,220,4840,78320
demo-centro,2025-12-22,2025-12-23,Rooms Occupied minus House Use,116,3043,52134
demo-centro,2025-12-22,2025-12-23,Room Revenue,19657.43,499950.94,8668817.13
demo-centro,2025-12-22,2025-12-23,Total Revenue,25533.71,636798.06,11092555.04
demo-centro,2025-12-22,2025-12-23,Food And Beverage Revenue,5286.55,121848.59,2163673.39
demo-centro,2025-12-22,2025-12-23,Other Revenue,589.72,0,0
demo-costa,2025-12-22,2025-12-23,Total Rooms in Hotel,140,3080,49840
demo-costa,2025-12-22,2025-12-23,Rooms Occupied minus House Use,115,2709,31539
demo-costa,2025-12-22,2025-12-23,Room Revenue,19328.62,442186.86,4942262.93
demo-costa,2025-12-22,2025-12-23,Total Revenue,25681.34,563924.91,6317373.65
demo-costa,2025-12-22,2025-12-23,Food And Beverage Revenue,5772.86,108472.44,1226842.84
demo-costa,2025-12-22,2025-12-23,Other Revenue,579.86,0,0
demo-centro,2025-12-23,2025-12-24,Total Rooms in Hotel,220,5060,78540
demo-centro,2025-12-23,2025-12-24,Rooms Occupied minus House Use,128,3171,52262
demo-centro,2025-12-23,2025-12-24,Room Revenue,20569.19,520520.13,8689386.32
demo-centro,2025-12-23,2025-12-24,Total Revenue,25835.85,662633.91,11118390.89
demo-centro,2025-12-23,2025-12-24,Food And Beverage Revenue,4649.59,126498.18,2168322.98
demo-centro,2025-12-23,2025-12-24,Other Revenue,617.08,0,0
demo-costa,2025-12-23,2025-12-24,Total Rooms in Hotel,140,3220,49980
demo-costa,2025-12-23,2025-12-24,Rooms Occupied minus House Use,123,2832,31662
demo-costa,2025-12-23,2025-12-24,Room Revenue,19208.13,461394.99,4961471.06
demo-costa,2025-12-23,2025-12-24,Total Revenue,24806.16,588731.07,6342179.81
demo-costa,2025-12-23,2025-12-24,Food And Beverage Revenue,5021.79,113494.23,1231864.62
demo-costa,2025-12-23,2025-12-24,Other Revenue,576.24,0,0
demo-centro,2025-12-24,2025-12-25,Total Rooms in Hotel,220,5280,78760
demo-centro,2025-12-24,2025-12-25,Rooms Occupied minus House Use,136,3307,52398
demo-centro,2025-12-24,2025-12-25,Room Revenue,22094.17,542614.3,8711480.49
demo-centro,2025-12-24,2025-12-25,Total Revenue,28389.05,691022.97,11146779.94
demo-centro,2025-12-24,2025-12-25,Food And Beverage Revenue,5632.06,132130.24,2173955.04
demo-centro,2025-12-24,2025-12-25,Other Revenue,662.82,0,0
demo-costa,2025-12-24,2025-12-25,Total Rooms in Hotel,140,3360,50120
demo-costa,2025-12-24,2025-12-25,Rooms Occupied minus House Use,133,2965,31795
demo-costa,2025-12-24,2025-12-25,Room Revenue,22586.85,483981.84,4984057.91
demo-costa,2025-12-24,2025-12-25,Total Revenue,28367.29,617098.36,6370547.1
demo-costa,2025-12-24,2025-12-25,Food And Beverage Revenue,5102.83,118597.06,1236967.46
demo-costa,2025-12-24,2025-12-25,Other Revenue,677.61,0,0
demo-centro,2025-12-25,2025-12-26,Total Rooms in Hotel,220,5500,78980
demo-centro,2025-12-25,2025-12-26,Rooms Occupied minus House Use,158,3465,52556
demo-centro,2025-12-25,2025-12-26,Room Revenue,25946.2,568560.5,8737426.69
demo-centro,2025-12-25,2025-12-26,Total Revenue,34489.15,725512.12,11181269.1
demo-centro,2025-12-25,2025-12-26,Food And Beverage Revenue,7764.56,139894.81,2181719.6
demo-centro,2025-12-25,2025-12-26,Other Revenue,778.39,0,0
demo-costa,2025-12-25,2025-12-26,Total Rooms in Hotel,140,3500,50260
demo-costa,2025-12-25,2025-12-26,Rooms Occupied minus House Use,115,3080,31910
demo-costa,2025-12-25,2025-12-26,Room Revenue,19662.81,503644.66,5003720.72
demo-costa,2025-12-25,2025-12-26,Total Revenue,25510.83,642609.19,6396057.93
demo-costa,2025-12-25,2025-12-26,Food And Beverage Revenue,5258.13,123855.19,1242225.59
demo-costa,2025-12-25,2025-12-26,Other Revenue,589.88,0,0
demo-centro,2025-12-26,2025-12-27,Total Rooms in Hotel,220,5720,79200
demo-centro,2025-12-26,2025-12-27,Rooms Occupied minus House Use,150,3615,52706
demo-centro,2025-12-26,2025-12-27,Room Revenue,25039.85,593600.35,8762466.55
demo-centro,2025-12-26,2025-12-27,Total Revenue,32389.87,757901.99,11213658.97
demo-centro,2025-12-26,2025-12-27,Food And Beverage Revenue,6598.82,146493.63,2188318.43
demo-centro,2025-12-26,2025-12-27,Other Revenue,751.2,0,0
demo-costa,2025-12-26,2025-12-27,Total Rooms in Hotel,140,3640,50400
demo-costa,2025-12-26,2025-12-27,Rooms Occupied minus House Use,133,3213,32043
demo-costa,2025-12-26,2025-12-27,Room Revenue,21878.8,525523.45,5025599.52
demo-costa,2025-12-26,2025-12-27,Total Revenue,27520.86,670130.05,6423578.79
demo-costa,2025-12-26,2025-12-27,Food And Beverage Revenue,4985.7,128840.89,1247211.29
demo-costa,2025-12-26,2025-12-27,Other Revenue,656.36,0,0
demo-centro,2025-12-27,2025-12-28,Total Rooms in Hotel,220,5940,79420
demo-centro,2025-12-27,2025-12-28,Rooms Occupied minus House Use,161,3776,52867
demo-centro,2025-12-27,2025-12-28,Room Revenue,27600.06,621200.42,8790066.61
demo-centro,2025-12-27,2025-12-28,Total Revenue,36588.44,794490.43,11250247.41
demo-centro,2025-12-27,2025-12-28,Food And Beverage Revenue,8160.37,154654.0,2196478.8
demo-centro,2025-12-27,2025-12-28,Other Revenue,828.0,0,0
demo-costa,2025-12-27,2025-12-28,Total Rooms in Hotel,140,3780,50540
demo-costa,2025-12-27,2025-12-28,Rooms Occupied minus House Use,127,3340,32170
demo-costa,2025-12-27,2025-12-28,Room Revenue,20792.37,546315.82,5046391.88
demo-costa,2025-12-27,2025-12-28,Total Revenue,26211.96,696342.01,6449790.75
demo-costa,2025-12-27,2025-12-28,Food And Beverage Revenue,4795.82,133636.71,1252007.11
demo-costa,2025-12-27,2025-12-28,Other Revenue,623.77,0,0
demo-centro,2025-12-28,2025-12-29,Total Rooms in Hotel,220,6160,79640
demo-centro,2025-12-28,2025-12-29,Rooms Occupied minus House Use,112,3888,52979
demo-centro,2025-12-28,2025-12-29,Room Revenue,17613.13,638813.54,8807679.74
demo-centro,2025-12-28,2025-12-29,Total Revenue,21775.43,816265.86,11272022.84
demo-centro,2025-12-28,2025-12-29,Food And Beverage Revenue,3633.91,158287.91,2200112.71
demo-centro,2025-12-28,2025-12-29,Other Revenue,528.39,0,0
demo-costa,2025-12-28,2025-12-29,Total Rooms in Hotel,140,3920,50680
demo-costa,2025-12-28,2025-12-29,Rooms Occupied minus House Use,122,3462,32292
demo-costa,2025-12-28,2025-12-29,Room Revenue,19864.36,566180.18,5066256.24
demo-costa,2025-12-28,2025-12-29,Total Revenue,25107.33,721449.34,6474898.09
demo-costa,2025-12-28,2025-12-29,Food And Beverage Revenue,4647.04,138283.76,1256654.16
demo-costa,2025-12-28,2025-12-29,Other Revenue,595.93,0,0
demo-centro,2025-12-29,2025-12-30,Total Rooms in Hotel,220,6380,79860
demo-centro,2025-12-29,2025-12-30,Rooms Occupied minus House Use,138,4026,53117
demo-centro,2025-12-29,2025-12-30,Room Revenue,22556.4,661369.95,8830236.14
demo-centro,2025-12-29,2025-12-30,Total Revenue,28091.88,844357.74,11300114.72
demo-centro,2025-12-29,2025-12-30,Food And Beverage Revenue,4858.79,163146.69,2204971.49
demo-centro,2025-12-29,2025-12-30,Other Revenue,676.69,0,0
demo-costa,2025-12-29,2025-12-30,Total Rooms in Hotel,140,4060,50820
demo-costa,2025-12-29,2025-12-30,Rooms Occupied minus House Use,119,3581,32411
demo-costa,2025-12-29,2025-12-30,Room Revenue,19811.8,585991.98,5086068.05
demo-costa,2025-12-29,2025-12-30,Total Revenue,24468.65,745917.99,6499366.74
demo-costa,2025-12-29,2025-12-30,Food And Beverage Revenue,4062.49,142346.25,1260716.65
demo-costa,2025-12-29,2025-12-30,Other Revenue,594.35,0,0
demo-centro,2025-12-30,2025-12-31,Total Rooms in Hotel,220,6600,80080
demo-centro,2025-12-30,2025-12-31,Rooms Occupied minus House Use,134,4160,53251
demo-centro,2025-12-30,2025-12-31,Room Revenue,21340.74,682710.69,8851576.88
demo-centro,2025-12-30,2025-12-31,Total Revenue,26613.85,870971.59,11326728.57
demo-centro,2025-12-30,2025-12-31,Food And Beverage Revenue,4632.89,167779.58,2209604.38
demo-centro,2025-12-30,2025-12-31,Other Revenue,640.22,0,0
demo-costa,2025-12-30,2025-12-31,Total Rooms in Hotel,140,4200,50960
demo-costa,2025-12-30,2025-12-31,Rooms Occupied minus House Use,117,3698,32528
demo-costa,2025-12-30,2025-12-31,Room Revenue,18437.57,604429.55,5104505.61
demo-costa,2025-12-30,2025-12-31,Total Revenue,23223.14,769141.13,6522589.88
demo-costa,2025-12-30,2025-12-31,Food And Beverage Revenue,4232.45,146578.7,1264949.1
demo-costa,2025-12-30,2025-12-31,Other Revenue,553.13,0,0
demo-centro,2025-12-31,2026-01-01,Total Rooms in Hotel,220,6820,80300
demo-centro,2025-12-31,2026-01-01,Rooms Occupied minus House Use,128,4288,53379
demo-centro,2025-12-31,2026-01-01,Room Revenue,21427.8,704138.49,8873004.69
demo-centro,2025-12-31,2026-01-01,Total Revenue,28356.37,899327.96,11355084.94
demo-centro,2025-12-31,2026-01-01,Food And Beverage Revenue,6285.73,174065.31,2215890.11
demo-centro,2025-12-31,2026-01-01,Other Revenue,642.83,0,0
demo-costa,2025-12-31,2026-01-01,Total Rooms in Hotel,140,4340,51100
demo-costa,2025-12-31,2026-01-01,Rooms Occupied minus House Use,121,3819,32649
demo-costa,2025-12-31,2026-01-01,Room Revenue,20193.64,624623.19,5124699.25
demo-costa,2025-12-31,2026-01-01,Total Revenue,26264.08,795405.22,6548853.96
demo-costa,2025-12-31,2026-01-01,Food And Beverage Revenue,5464.63,152043.33,1270413.73
demo-costa,2025-12-31,2026-01-01,Other Revenue,605.81,0,0
demo-centro,2026-01-01,2026-01-02,Total Rooms in Hotel,220,220,220
demo-centro,2026-01-01,2026-01-02,Rooms Occupied minus House Use,124,124,124
demo-centro,2026-01-01,2026-01-02,Room Revenue,20170.39,20170.39,20170.39
demo-centro,2026-01-01,2026-01-02,Total Revenue,26806.57,26806.57,26806.57
demo-centro,2026-01-01,2026-01-02,Food And Beverage Revenue,6031.06,6031.06,6031.06
demo-centro,2026-01-01,2026-01-02,Other Revenue,605.11,0,0
demo-costa,2026-01-01,2026-01-02,Total Rooms in Hotel,140,140,140
demo-costa,2026-01-01,2026-01-02,Rooms Occupied minus House Use,137,137,137
demo-costa,2026-01-01,2026-01-02,Room Revenue,23244.48,23244.48,23244.48
demo-costa,2026-01-01,2026-01-02,Total Revenue,30493.77,30493.77,30493.77
demo-costa,2026-01-01,2026-01-02,Food And Beverage Revenue,6551.96,6551.96,6551.96
demo-costa,2026-01-01,2026-01-02,Other Revenue,697.33,0,0
demo-centro,2026-01-02,2026-01-03,Total Rooms in Hotel,220,440,440
demo-centro,2026-01-02,2026-01-03,Rooms Occupied minus House Use,138,262,262
demo-centro,2026-01-02,2026-01-03,Room Revenue,23958.13,44128.52,44128.52
demo-centro,2026-01-02,2026-01-03,Total Revenue,31486.45,58293.02,58293.02
demo-centro,2026-01-02,2026-01-03,Food And Beverage Revenue,6809.58,12840.64,12840.64
demo-centro,2026-01-02,2026-01-03,Other Revenue,718.74,0,0
demo-costa,2026-01-02,2026-01-03,Total Rooms in Hotel,140,280,280
demo-costa,2026-01-02,2026-01-03,Rooms Occupied minus House Use,137,274,274
demo-costa,2026-01-02,2026-01-03,Room Revenue,22794.44,46038.92,46038.92
demo-costa,2026-01-02,2026-01-03,Total Revenue,28983.82,59477.59,59477.59
demo-costa,2026-01-02,2026-01-03,Food And Beverage Revenue,5505.55,12057.5,12057.5
demo-costa,2026-01-02,2026-01-03,Other Revenue,683.83,0,0
demo-centro,2026-01-03,2026-01-04,Total Rooms in Hotel,220,660,660
demo-centro,2026-01-03,2026-01-04,Rooms Occupied minus House Use,125,387,387
demo-centro,2026-01-03,2026-01-04,Room Revenue,20459.6,64588.12,64588.12
demo-centro,2026-01-03,2026-01-04,Total Revenue,25688.58,83981.59,83981.59
demo-centro,2026-01-03,2026-01-04,Food And Beverage Revenue,4615.19,17455.83,17455.83
demo-centro,2026-01-03,2026-01-04,Other Revenue,613.79,0,0
demo-costa,2026-01-03,2026-01-04,Total Rooms in Hotel,140,420,420
demo-costa,2026-01-03,2026-01-04,Rooms Occupied minus House Use,137,411,411
demo-costa,2026-01-03,2026-01-04,Room Revenue,24266.52,70305.44,70305.44
demo-costa,2026-01-03,2026-01-04,Total Revenue,31195.69,90673.29,90673.29
demo-costa,2026-01-03,2026-01-04,Food And Beverage Revenue,6201.17,18258.68,18258.68
demo-costa,2026-01-03,2026-01-04,Other Revenue,728.0,0,0
demo-centro,2026-01-04,2026-01-05,Total Rooms in Hotel,220,880,880
demo-centro,2026-01-04,2026-01-05,Rooms Occupied minus House Use,102,489,489
demo-centro,2026-01-04,2026-01-05,Room Revenue,16956.39,81544.51,81544.51
demo-centro,2026-01-04,2026-01-05,Total Revenue,22379.76,106361.35,106361.35
demo-centro,2026-01-04,2026-01-05,Food And Beverage Revenue,4914.67,22370.5,22370.5
demo-centro,2026-01-04,2026-01-05,Other Revenue,508.69,0,0
demo-costa,2026-01-04,2026-01-05,Total Rooms in Hotel,140,560,560
demo-costa,2026-01-04,2026-01-05,Rooms Occupied minus House Use,128,539,539
demo-costa,2026-01-04,2026-01-05,Room Revenue,22370.07,92675.51,92675.51
demo-costa,2026-01-04,2026-01-05,Total Revenue,28626.62,119299.91,119299.91
demo-costa,2026-01-04,2026-01-05,Food And Beverage Revenue,5585.45,23844.13,23844.13
demo-costa,2026-01-04,2026-01-05,Other Revenue,671.1,0,0
demo-centro,2026-01-05,2026-01-06,Total Rooms in Hotel,220,1100,1100
demo-centro,2026-01-05,2026-01-06,Rooms Occupied minus House Use,124,613,613
demo-centro,2026-01-05,2026-01-06,Room Revenue,20079.43,101623.94,101623.94
demo-centro,2026-01-05,2026-01-06,Total Revenue,26012.7,132374.05,132374.05
demo-centro,2026-01-05,2026-01-06,Food And Beverage Revenue,5330.89,27701.39,27701.39
demo-centro,2026-01-05,2026-01-06,Other Revenue,602.38,0,0
demo-costa,2026-01-05,2026-01-06,Total Rooms in Hotel,140,700,700
demo-costa,2026-01-05,2026-01-06,Rooms Occupied minus House Use,134,673,673
demo-costa,2026-01-05,2026-01-06,Room Revenue,24050.83,116726.34,116726.34
demo-costa,2026-01-05,2026-01-06,Total Revenue,29888.16,149188.06,149188.06
demo-costa,2026-01-05,2026-01-06,Food And Beverage Revenue,5115.8,28959.93,28959.93
demo-costa,2026-01-05,2026-01-06,Other Revenue,721.52,0,0
demo-centro,2026-01-06,2026-01-07,Total Rooms in Hotel,220,1320,1320
demo-centro,2026-01-06,2026-01-07,Rooms Occupied minus House Use,124,737,737
demo-centro,2026-01-06,2026-01-07,Room Revenue,21596.94,123220.88,123220.88
demo-centro,2026-01-06,2026-01-07,Total Revenue,28335.34,160709.39,160709.39
demo-centro,2026-01-06,2026-01-07,Food And Beverage Revenue,6090.5,33791.89,33791.89
demo-centro,2026-01-06,2026-01-07,Other Revenue,647.91,0,0
demo-costa,2026-01-06,2026-01-07,Total Rooms in Hotel,140,840,840
demo-costa,2026-01-06,2026-01-07,Rooms Occupied minus House Use,132,805,805
demo-costa,2026-01-06,2026-01-07,Room Revenue,22797.35,139523.69,139523.69
demo-costa,2026-01-06,2026-01-07,Total Revenue,28151.93,177340.0,177340.0
demo-costa,2026-01-06,2026-01-07,Food And Beverage Revenue,4670.66,33630.59,33630.59
demo-costa,2026-01-06,2026-01-07,Other Revenue,683.92,0,0
demo-centro,2026-01-07,2026-01-08,Total Rooms in Hotel,220,1540,1540
demo-centro,2026-01-07,2026-01-08,Rooms Occupied minus House Use,122,859,859
demo-centro,2026-01-07,2026-01-08,Room Revenue,20722.78,143943.66,143943.66
demo-centro,2026-01-07,2026-01-08,Total Revenue,26702.12,187411.52,187411.52
demo-centro,2026-01-07,2026-01-08,Food And Beverage Revenue,5357.66,39149.54,39149.54
demo-centro,2026-01-07,2026-01-08,Other Revenue,621.68,0,0
demo-costa,2026-01-07,2026-01-08,Total Rooms in Hotel,140,980,980
demo-costa,2026-01-07,2026-01-08,Rooms Occupied minus House Use,136,941,941
demo-costa,2026-01-07,2026-01-08,Room Revenue,24187.26,163710.96,163710.96
demo-costa,2026-01-07,2026-01-08,Total Revenue,30958.58,208298.58,208298.58
demo-costa,2026-01-07,2026-01-08,Food And Beverage Revenue,6045.7,39676.29,39676.29
demo-costa,2026-01-07,2026-01-08,Other Revenue,725.62,0,0
demo-centro,2026-01-08,2026-01-09,Total Rooms in Hotel,220,1760,1760
demo-centro,2026-01-08,2026-01-09,Rooms Occupied minus House Use,129,988,988
demo-centro,2026-01-08,2026-01-09,Room Revenue,21658.3,165601.96,165601.96
demo-centro,2026-01-08,2026-01-09,Total Revenue,27968.65,215380.17,215380.17
demo-centro,2026-01-08,2026-01-09,Food And Beverage Revenue,5660.6,44810.15,44810.15
demo-centro,2026-01-08,2026-01-09,Other Revenue,649.75,0,0
demo-costa,2026-01-08,2026-01-09,Total Rooms in Hotel,140,1120,1120
demo-costa,2026-01-08,2026-01-09,Rooms Occupied minus House Use,129,1070,1070
demo-costa,2026-01-08,2026-01-09,Room Revenue,23297.65,187008.61,187008.61
demo-costa,2026-01-08,2026-01-09,Total Revenue,29986.5,238285.08,238285.08
demo-costa,2026-01-08,2026-01-09,Food And Beverage Revenue,5989.92,45666.21,45666.21
demo-costa,2026-01-08,2026-01-09,Other Revenue,698.93,0,0
demo-centro,2026-01-09,2026-01-10,Total Rooms in Hotel,220,1980,1980
demo-centro,2026-01-09,2026-01-10,Rooms Occupied minus House Use,136,1124,1124
demo-centro,2026-01-09,2026-01-10,Room Revenue,22453.58,188055.54,188055.54
demo-centro,2026-01-09,2026-01-10,Total Revenue,29386.11,244766.28,244766.28
demo-centro,2026-01-09,2026-01-10,Food And Beverage Revenue,6258.92,51069.07,51069.07
demo-centro,2026-01-09,2026-01-10,Other Revenue,673.61,0,0
demo-costa,2026-01-09,2026-01-10,Total Rooms in Hotel,140,1260,1260
demo-costa,2026-01-09,2026-01-10,Rooms Occupied minus House Use,137,1207,1207
demo-costa,2026-01-09,2026-01-10,Room Revenue,23095.5,210104.11,210104.11
demo-costa,2026-01-09,2026-01-10,Total Revenue,30085.65,268370.73,268370.73
demo-costa,2026-01-09,2026-01-10,Food And Beverage Revenue,6297.28,51963.5,51963.5
demo-costa,2026-01-09,2026-01-10,Other Revenue,692.87,0,0
demo-centro,2026-01-10,2026-01-11,Total Rooms in Hotel,220,2200,2200
demo-centro,2026-01-10,2026-01-11,Rooms Occupied minus House Use,139,1263,1263
demo-centro,2026-01-10,2026-01-11,Room Revenue,23614.38,211669.92,211669.92
demo-centro,2026-01-10,2026-01-11,Total Revenue,29341.34,274107.62,274107.62
demo-centro,2026-01-10,2026-01-11,Food And Beverage Revenue,5018.52,56087.6,56087.6
demo-centro,2026-01-10,2026-01-11,Other Revenue,708.43,0,0
demo-costa,2026-01-10,2026-01-11,Total Rooms in Hotel,140,1400,1400
demo-costa,2026-01-10,2026-01-11,Rooms Occupied minus House Use,137,1344,1344
demo-costa,2026-01-10,2026-01-11,Room Revenue,23131.39,233235.5,233235.5
demo-costa,2026-01-10,2026-01-11,Total Revenue,29205.24,297575.97,297575.97
demo-costa,2026-01-10,2026-01-11,Food And Beverage Revenue,5379.91,57343.4,57343.4
demo-costa,2026-01-10,2026-01-11,Other Revenue,693.94,0,0
demo-centro,2026-01-11,2026-01-12,Total Rooms in Hotel,220,2420,2420
demo-centro,2026-01-11,2026-01-12,Rooms Occupied minus House Use,101,1364,1364
demo-centro,2026-01-11,2026-01-12,Room Revenue,16647.29,228317.21,228317.21
demo-centro,2026-01-11,2026-01-12,Total Revenue,21998.91,296106.53,296106.53
demo-centro,2026-01-11,2026-01-12,Food And Beverage Revenue,4852.2,60939.8,60939.8
demo-centro,2026-01-11,2026-01-12,Other Revenue,499.42,0,0
demo-costa,2026-01-11,2026-01-12,Total Rooms in Hotel,140,1540,1540
demo-costa,2026-01-11,2026-01-12,Rooms Occupied minus House Use,111,1455,1455
demo-costa,2026-01-11,2026-01-12,Room Revenue,18878.59,252114.1,252114.1
demo-costa,2026-01-11,2026-01-12,Total Revenue,23968.15,321544.12,321544.12
demo-costa,2026-01-11,2026-01-12,Food And Beverage Revenue,4523.2,61866.6,61866.6
demo-costa,2026-01-11,2026-01-12,Other Revenue,566.36,0,0
demo-centro,2026-01-12,2026-01-13,Total Rooms in Hotel,220,2640,2640
demo-centro,2026-01-12,2026-01-13,Rooms Occupied minus House Use,101,1465,1465
demo-centro,2026-01-12,2026-01-13,Room Revenue,16751.28,245068.49,245068.49
demo-centro,2026-01-12,2026-01-13,Total Revenue,22096.05,318202.57,318202.57
demo-centro,2026-01-12,2026-01-13,Food And Beverage Revenue,4842.23,65782.03,65782.03
demo-centro,2026-01-12,2026-01-13,Other Revenue,502.54,0,0
demo-costa,2026-01-12,2026-01-13,Total Rooms in Hotel,140,1680,1680
demo-costa,2026-01-12,2026-01-13,Rooms Occupied minus House Use,137,1592,1592
demo-costa,2026-01-12,2026-01-13,Room Revenue,24370.93,276485.02,276485.02
demo-costa,2026-01-12,2026-01-13,Total Revenue,31711.77,353255.9,353255.9
demo-costa,2026-01-12,2026-01-13,Food And Beverage Revenue,6609.72,68476.32,68476.32
demo-costa,2026-01-12,2026-01-13,Other Revenue,731.13,0,0
demo-centro,2026-01-13,2026-01-14,Total Rooms in Hotel,220,2860,2860
demo-centro,2026-01-13,2026-01-14,Rooms Occupied minus House Use,116,1581,1581
demo-centro,2026-01-13,2026-01-14,Room Revenue,20388.73,265457.22,265457.22
demo-centro,2026-01-13,2026-01-14,Total Revenue,25913.48,344116.05,344116.05
demo-centro,2026-01-13,2026-01-14,Food And Beverage Revenue,4913.09,70695.12,70695.12
demo-centro,2026-01-13,2026-01-14,Other Revenue,611.66,0,0
demo-costa,2026-01-13,2026-01-14,Total Rooms in Hotel,140,1820,1820
demo-costa,2026-01-13,2026-01-14,Rooms Occupied minus House Use,134,1726,1726
demo-costa,2026-01-13,2026-01-14,Room Revenue,22025.14,298510.16,298510.16
demo-costa,2026-01-13,2026-01-14,Total Revenue,27465.26,380721.15,380721.15
demo-costa,2026-01-13,2026-01-14,Food And Beverage Revenue,4779.36,73255.69,73255.69
demo-costa,2026-01-13,2026-01-14,Other Revenue,660.75,0,0
demo-centro,2026-01-14,2026-01-15,Total Rooms in Hotel,220,3080,3080
demo-centro,2026-01-14,2026-01-15,Rooms Occupied minus House Use,112,1693,1693
demo-centro,2026-01-14,2026-01-15,Room Revenue,19256.83,284714.05,284714.05
demo-centro,2026-01-14,2026-01-15,Total Revenue,23824.0,367940.06,367940.06
demo-centro,2026-01-14,2026-01-15,Food And Beverage Revenue,3989.47,74684.58,74684.58
demo-centro,2026-01-14,2026-01-15,Other Revenue,577.7,0,0
demo-costa,2026-01-14,2026-01-15,Total Rooms in Hotel,140,1960,1960
demo-costa,2026-01-14,2026-01-15,Rooms Occupied minus House Use,137,1863,1863
demo-costa,2026-01-14,2026-01-15,Room Revenue,22778.24,321288.4,321288.4
demo-costa,2026-01-14,2026-01-15,Total Revenue,28327.14,409048.29,409048.29
demo-costa,2026-01-14,2026-01-15,Food And Beverage Revenue,4865.55,78121.24,78121.24
demo-costa,2026-01-14,2026-01-15,Other Revenue,683.35,0,0
demo-centro,2026-01-15,2026-01-16,Total Rooms in Hotel,220,3300,3300
demo-centro,2026-01-15,2026-01-16,Rooms Occupied minus House Use,118,1811,1811
demo-centro,2026-01-15,2026-01-16,Room Revenue,19814.32,304528.37,304528.37
demo-centro,2026-01-15,2026-01-16,Total Revenue,24601.01,392541.07,392541.07
demo-centro,2026-01-15,2026-01-16,Food And Beverage Revenue,4192.26,78876.84,78876.84
demo-centro,2026-01-15,2026-01-16,Other Revenue,594.43,0,0
demo-costa,2026-01-15,2026-01-16,Total Rooms in Hotel,140,2100,2100
demo-costa,2026-01-15,2026-01-16,Rooms Occupied minus House Use,137,2000,2000
demo-costa,2026-01-15,2026-01-16,Room Revenue,24004.62,345293.02,345293.02
demo-costa,2026-01-15,2026-01-16,Total Revenue,29644.01,438692.3,438692.3
demo-costa,2026-01-15,2026-01-16,Food And Beverage Revenue,4919.25,83040.49,83040.49
demo-costa,2026-01-15,2026-01-16,Other Revenue,720.14,0,0
demo-centro,2026-01-16,2026-01-17,Total Rooms in Hotel,220,3520,3520
demo-centro,2026-01-16,2026-01-17,Rooms Occupied minus House Use,122,1933,1933
demo-centro,2026-01-16,2026-01-17,Room Revenue,19778.2,324306.58,324306.58
demo-centro,2026-01-16,2026-01-17,Total Revenue,25119.63,417660.69,417660.69
demo-centro,2026-01-16,2026-01-17,Food And Beverage Revenue,4748.08,83624.92,83624.92
demo-centro,2026-01-16,2026-01-17,Other Revenue,593.35,0,0
demo-costa,2026-01-16,2026-01-17,Total Rooms in Hotel,140,2240,2240
demo-costa,2026-01-16,2026-01-17,Rooms Occupied minus House Use,137,2137,2137
demo-costa,2026-01-16,2026-01-17,Room Revenue,23114.35,368407.37,368407.37
demo-costa,2026-01-16,2026-01-17,Total Revenue,28565.41,467257.71,467257.71
demo-costa,2026-01-16,2026-01-17,Food And Beverage Revenue,4757.63,87798.12,87798.12
demo-costa,2026-01-16,2026-01-17,Other Revenue,693.43,0,0
demo-centro,2026-01-17,2026-01-18,Total Rooms in Hotel,220,3740,3740
demo-centro,2026-01-17,2026-01-18,Rooms Occupied minus House Use,132,2065,2065
demo-centro,2026-01-17,2026-01-18,Room Revenue,21945.79,346252.37,346252.37
demo-centro,2026-01-17,2026-01-18,Total Revenue,27249.92,444910.61,444910.61
demo-centro,2026-01-17,2026-01-18,Food And Beverage Revenue,4645.75,88270.67,88270.67
demo-centro,2026-01-17,2026-01-18,Other Revenue,658.37,0,0
demo-costa,2026-01-17,2026-01-18,Total Rooms in Hotel,140,2380,2380
demo-costa,2026-01-17,2026-01-18,Rooms Occupied minus House Use,137,2274,2274
demo-costa,2026-01-17,2026-01-18,Room Revenue,22791.23,391198.59,391198.59
demo-costa,2026-01-17,2026-01-18,Total Revenue,28752.87,496010.58,496010.58
demo-costa,2026-01-17,2026-01-18,Food And Beverage Revenue,5277.9,93076.03,93076.03
demo-costa,2026-01-17,2026-01-18,Other Revenue,683.74,0,0
demo-centro,2026-01-18,2026-01-19,Total Rooms in Hotel,220,3960,3960
demo-centro,2026-01-18,2026-01-19,Rooms Occupied minus House Use,110,2175,2175
demo-centro,2026-01-18,2026-01-19,Room Revenue,18345.08,364597.45,364597.45
demo-centro,2026-01-18,2026-01-19,Total Revenue,22968.38,467879.0,467879.0
demo-centro,2026-01-18,2026-01-19,Food And Beverage Revenue,4072.95,92343.62,92343.62
demo-centro,2026-01-18,2026-01-19,Other Revenue,550.35,0,0
demo-costa,2026-01-18,2026-01-19,Total Rooms in Hotel,140,2520,2520
demo-costa,2026-01-18,2026-01-19,Rooms Occupied minus House Use,129,2403,2403
demo-costa,2026-01-18,2026-01-19,Room Revenue,23406.24,414604.84,414604.84
demo-costa,2026-01-18,2026-01-19,Total Revenue,30052.86,526063.44,526063.44
demo-costa,2026-01-18,2026-01-19,Food And Beverage Revenue,5944.43,99020.46,99020.46
demo-costa,2026-01-18,2026-01-19,Other Revenue,702.19,0,0
demo-centro,2026-01-19,2026-01-20,Total Rooms in Hotel,220,4180,4180
demo-centro,2026-01-19,2026-01-20,Rooms Occupied minus House Use,114,2289,2289
demo-centro,2026-01-19,2026-01-20,Room Revenue,18714.01,383311.46,383311.46
demo-centro,2026-01-19,2026-01-20,Total Revenue,24801.07,492680.07,492680.07
demo-centro,2026-01-19,2026-01-20,Food And Beverage Revenue,5525.64,97869.26,97869.26
demo-centro,2026-01-19,2026-01-20,Other Revenue,561.42,0,0
demo-costa,2026-01-19,2026-01-20,Total Rooms in Hotel,140,2660,2660
demo-costa,2026-01-19,2026-01-20,Rooms Occupied minus House Use,132,2535,2535
demo-costa,2026-01-19,2026-01-20,Room Revenue,22812.73,437417.57,437417.57
demo-costa,2026-01-19,2026-01-20,Total Revenue,28780.28,554843.72,554843.72
demo-costa,2026-01-19,2026-01-20,Food And Beverage Revenue,5283.16,104303.62,104303.62
demo-costa,2026-01-19,2026-01-20,Other Revenue,684.38,0,0
demo-centro,2026-01-20,2026-01-21,Total Rooms in Hotel,220,4400,4400
demo-centro,2026-01-20,2026-01-21,Rooms Occupied minus House Use,116,2405,2405
demo-centro,2026-01-20,2026-01-21,Room Revenue,19410.87,402722.33,402722.33
demo-centro,2026-01-20,2026-01-21,Total Revenue,24355.53,517035.6,517035.6
demo-centro,2026-01-20,2026-01-21,Food And Beverage Revenue,4362.33,102231.59,102231.59
demo-centro,2026-01-20,2026-01-21,Other Revenue,582.33,0,0
demo-costa,2026-01-20,2026-01-21,Total Rooms in Hotel,140,2800,2800
demo-costa,2026-01-20,2026-01-21,Rooms Occupied minus House Use,137,2672,2672
demo-costa,2026-01-20,2026-01-21,Room Revenue,23400.11,460817.68,460817.68
demo-costa,2026-01-20,2026-01-21,Total Revenue,29971.0,584814.72,584814.72
demo-costa,2026-01-20,2026-01-21,Food And Beverage Revenue,5868.89,110172.51,110172.51
demo-costa,2026-01-20,2026-01-21,Other Revenue,702.0,0,0
demo-centro,2026-01-21,2026-01-22,Total Rooms in Hotel,220,4620,4620
demo-centro,2026-01-21,2026-01-22,Rooms Occupied minus House Use,110,2515,2515
demo-centro,2026-01-21,2026-01-22,Room Revenue,19319.34,422041.68,422041.68
demo-centro,2026-01-21,2026-01-22,Total Revenue,24620.13,541655.73,541655.73
demo-centro,2026-01-21,2026-01-22,Food And Beverage Revenue,4721.21,106952.8,106952.8
demo-centro,2026-01-21,2026-01-22,Other Revenue,579.58,0,0
demo-costa,2026-01-21,2026-01-22,Total Rooms in Hotel,140,2940,2940
demo-costa,2026-01-21,2026-01-22,Rooms Occupied minus House Use,133,2805,2805
demo-costa,2026-01-21,2026-01-22,Room Revenue,22198.32,483016.0,483016.0
demo-costa,2026-01-21,2026-01-22,Total Revenue,27600.86,612415.58,612415.58
demo-costa,2026-01-21,2026-01-22,Food And Beverage Revenue,4736.59,114909.1,114909.1
demo-costa,2026-01-21,2026-01-22,Other Revenue,665.95,0,0
demo-centro,2026-01-22,2026-01-23,Total Rooms in Hotel,220,4840,4840
demo-centro,2026-01-22,2026-01-23,Rooms Occupied minus House Use,126,2641,2641
demo-centro,2026-01-22,2026-01-23,Room Revenue,21989.58,444031.25,444031.25
demo-centro,2026-01-22,2026-01-23,Total Revenue,27103.12,568758.85,568758.85
demo-centro,2026-01-22,2026-01-23,Food And Beverage Revenue,4453.85,111406.66,111406.66
demo-centro,2026-01-22,2026-01-23,Other Revenue,659.69,0,0
demo-costa,2026-01-22,2026-01-23,Total Rooms in Hotel,140,3080,3080
demo-costa,2026-01-22,2026-01-23,Rooms Occupied minus House Use,133,2938,2938
demo-costa,2026-01-22,2026-01-23,Room Revenue,24103.09,507119.09,507119.09
demo-costa,2026-01-22,2026-01-23,Total Revenue,30729.33,643144.92,643144.92
demo-costa,2026-01-22,2026-01-23,Food And Beverage Revenue,5903.15,120812.25,120812.25
demo-costa,2026-01-22,2026-01-23,Other Revenue,723.09,0,0
demo-centro,2026-01-23,2026-01-24,Total Rooms in Hotel,220,5060,5060
demo-centro,2026-01-23,2026-01-24,Rooms Occupied minus House Use,130,2771,2771
demo-centro,2026-01-23,2026-01-24,Room Revenue,22482.74,466513.99,466513.99
demo-centro,2026-01-23,2026-01-24,Total Revenue,29097.1,597855.95,597855.95
demo-centro,2026-01-23,2026-01-24,Food And Beverage Revenue,5939.88,117346.54,117346.54
demo-centro,2026-01-23,2026-01-24,Other Revenue,674.48,0,0
demo-costa,2026-01-23,2026-01-24,Total Rooms in Hotel,140,3220,3220
demo-costa,2026-01-23,2026-01-24,Rooms Occupied minus House Use,137,3075,3075
demo-costa,2026-01-23,2026-01-24,Room Revenue,24271.32,531390.41,531390.41
demo-costa,2026-01-23,2026-01-24,Total Revenue,31791.4,674936.32,674936.32
demo-costa,2026-01-23,2026-01-24,Food And Beverage Revenue,6791.94,127604.2,127604.2
demo-costa,2026-01-23,2026-01-24,Other Revenue,728.14,0,0
demo-centro,2026-01-24,2026-01-25,Total Rooms in Hotel,220,5280,5280
demo-centro,2026-01-24,2026-01-25,Rooms Occupied minus House Use,132,2903,2903
demo-centro,2026-01-24,2026-01-25,Room Revenue,22599.73,489113.72,489113.72
demo-centro,2026-01-24,2026-01-25,Total Revenue,29729.62,627585.57,627585.57
demo-centro,2026-01-24,2026-01-25,Food And Beverage Revenue,6451.9,123798.44,123798.44
demo-centro,2026-01-24,2026-01-25,Other Revenue,677.99,0,0
demo-costa,2026-01-24,2026-01-25,Total Rooms in Hotel,140,3360,3360
demo-costa,2026-01-24,2026-01-25,Rooms Occupied minus House Use,137,3212,3212
demo-costa,2026-01-24,2026-01-25,Room Revenue,24520.27,555910.68,555910.68
demo-costa,2026-01-24,2026-01-25,Total Revenue,32255.6,707191.92,707191.92
demo-costa,2026-01-24,2026-01-25,Food And Beverage Revenue,6999.73,134603.92,134603.92
demo-costa,2026-01-24,2026-01-25,Other Revenue,735.61,0,0
demo-centro,2026-01-25,2026-01-26,Total Rooms in Hotel,220,5500,5500
demo-centro,2026-01-25,2026-01-26,Rooms Occupied minus House Use,110,3013,3013
demo-centro,2026-01-25,2026-01-26,Room Revenue,18971.16,508084.88,508084.88
demo-centro,2026-01-25,2026-01-26,Total Revenue,24576.36,652161.93,652161.93
demo-centro,2026-01-25,2026-01-26,Food And Beverage Revenue,5036.06,128834.5,128834.5
demo-centro,2026-01-25,2026-01-26,Other Revenue,569.13,0,0
demo-costa,2026-01-25,2026-01-26,Total Rooms in Hotel,140,3500,3500
demo-costa,2026-01-25,2026-01-26,Rooms Occupied minus House Use,137,3349,3349
demo-costa,2026-01-25,2026-01-26,Room Revenue,23514.04,579424.72,579424.72
demo-costa,2026-01-25,2026-01-26,Total Revenue,30735.83,737927.75,737927.75
demo-costa,2026-01-25,2026-01-26,Food And Beverage Revenue,6516.37,141120.29,141120.29
demo-costa,2026-01-25,2026-01-26,Other Revenue,705.42,0,0
demo-centro,2026-01-26,2026-01-27,Total Rooms in Hotel,220,5720,5720
demo-centro,2026-01-26,2026-01-27,Rooms Occupied minus House Use,114,3127,3127
demo-centro,2026-01-26,2026-01-27,Room Revenue,18174.93,526259.81,526259.81
demo-centro,2026-01-26,2026-01-27,Total Revenue,22565.92,674727.85,674727.85
demo-centro,2026-01-26,2026-01-27,Food And Beverage Revenue,3845.74,132680.24,132680.24
demo-centro,2026-01-26,2026-01-27,Other Revenue,545.25,0,0
demo-costa,2026-01-26,2026-01-27,Total Rooms in Hotel,140,3640,3640
demo-costa,2026-01-26,2026-01-27,Rooms Occupied minus House Use,137,3486,3486
demo-costa,2026-01-26,2026-01-27,Room Revenue,23034.87,602459.59,602459.59
demo-costa,2026-01-26,2026-01-27,Total Revenue,30033.29,767961.04,767961.04
demo-costa,2026-01-26,2026-01-27,Food And Beverage Revenue,6307.38,147427.66,147427.66
demo-costa,2026-01-26,2026-01-27,Other Revenue,691.05,0,0
demo-centro,2026-01-27,2026-01-28,Total Rooms in Hotel,220,5940,5940
demo-centro,2026-01-27,2026-01-28,Rooms Occupied minus House Use,127,3254,3254
demo-centro,2026-01-27,2026-01-28,Room Revenue,22000.7,548260.51,548260.51
demo-centro,2026-01-27,2026-01-28,Total Revenue,28883.24,703611.09,703611.09
demo-centro,2026-01-27,2026-01-28,Food And Beverage Revenue,6222.53,138902.77,138902.77
demo-centro,2026-01-27,2026-01-28,Other Revenue,660.02,0,0
demo-costa,2026-01-27,2026-01-28,Total Rooms in Hotel,140,3780,3780
demo-costa,2026-01-27,2026-01-28,Rooms Occupied minus House Use,135,3621,3621
demo-costa,2026-01-27,2026-01-28,Room Revenue,24186.05,626645.64,626645.64
demo-costa,2026-01-27,2026-01-28,Total Revenue,31640.13,799601.16,799601.16
demo-costa,2026-01-27,2026-01-28,Food And Beverage Revenue,6728.5,154156.16,154156.16
demo-costa,2026-01-27,2026-01-28,Other Revenue,725.58,0,0
demo-centro,2026-01-28,2026-01-29,Total Rooms in Hotel,220,6160,6160
demo-centro,2026-01-28,2026-01-29,Rooms Occupied minus House Use,144,3398,3398
demo-centro,2026-01-28,2026-01-29,Room Revenue,25043.83,573304.34,573304.34
demo-centro,2026-01-28,2026-01-29,Total Revenue,30931.85,734542.94,734542.94
demo-centro,2026-01-28,2026-01-29,Food And Beverage Revenue,5136.71,144039.47,144039.47
demo-centro,2026-01-28,2026-01-29,Other Revenue,751.31,0,0
demo-costa,2026-01-28,2026-01-29,Total Rooms in Hotel,140,3920,3920
demo-costa,2026-01-28,2026-01-29,Rooms Occupied minus House Use,130,3751,3751
demo-costa,2026-01-28,2026-01-29,Room Revenue,23507.42,650153.06,650153.06
demo-costa,2026-01-28,2026-01-29,Total Revenue,30996.1,830597.26,830597.26
demo-costa,2026-01-28,2026-01-29,Food And Beverage Revenue,6783.45,160939.61,160939.61
demo-costa,2026-01-28,2026-01-29,Other Revenue,705.22,0,0
demo-centro,2026-01-29,2026-01-30,Total Rooms in Hotel,220,6380,6380
demo-centro,2026-01-29,2026-01-30,Rooms Occupied minus House Use,118,3516,3516
demo-centro,2026-01-29,2026-01-30,Room Revenue,19508.37,592812.71,592812.71
demo-centro,2026-01-29,2026-01-30,Total Revenue,25223.47,759766.41,759766.41
demo-centro,2026-01-29,2026-01-30,Food And Beverage Revenue,5129.84,149169.31,149169.31
demo-centro,2026-01-29,2026-01-30,Other Revenue,585.25,0,0
demo-costa,2026-01-29,2026-01-30,Total Rooms in Hotel,140,4060,4060
demo-costa,2026-01-29,2026-01-30,Rooms Occupied minus House Use,137,3888,3888
demo-costa,2026-01-29,2026-01-30,Room Revenue,23697.42,673850.48,673850.48
demo-costa,2026-01-29,2026-01-30,Total Revenue,29169.57,859766.83,859766.83
demo-costa,2026-01-29,2026-01-30,Food And Beverage Revenue,4761.23,165700.84,165700.84
demo-costa,2026-01-29,2026-01-30,Other Revenue,710.92,0,0
demo-centro,2026-01-30,2026-01-31,Total Rooms in Hotel,220,6600,6600
demo-centro,2026-01-30,2026-01-31,Rooms Occupied minus House Use,134,3650,3650
demo-centro,2026-01-30,2026-01-31,Room Revenue,22099.51,614912.22,614912.22
demo-centro,2026-01-30,2026-01-31,Total Revenue,29168.48,788934.89,788934.89
demo-centro,2026-01-30,2026-01-31,Food And Beverage Revenue,6405.98,155575.3,155575.3
demo-centro,2026-01-30,2026-01-31,Other Revenue,662.99,0,0
demo-costa,2026-01-30,2026-01-31,Total Rooms in Hotel,140,4200,4200
demo-costa,2026-01-30,2026-01-31,Rooms Occupied minus House Use,137,4025,4025
demo-costa,2026-01-30,2026-01-31,Room Revenue,23371.55,697222.03,697222.03
demo-costa,2026-01-30,2026-01-31,Total Revenue,29336.23,889103.07,889103.07
demo-costa,2026-01-30,2026-01-31,Food And Beverage Revenue,5263.53,170964.37,170964.37
demo-costa,2026-01-30,2026-01-31,Other Revenue,701.15,0,0
demo-centro,2026-01-31,2026-02-01,Total Rooms in Hotel,220,6820,6820
demo-centro,2026-01-31,2026-02-01,Rooms Occupied minus House Use,157,3807,3807
demo-centro,2026-01-31,2026-02-01,Room Revenue,27341.74,642253.97,642253.97
demo-centro,2026-01-31,2026-02-01,Total Revenue,36006.75,824941.64,824941.64
demo-centro,2026-01-31,2026-02-01,Food And Beverage Revenue,7844.76,163420.06,163420.06
demo-centro,2026-01-31,2026-02-01,Other Revenue,820.25,0,0
demo-costa,2026-01-31,2026-02-01,Total Rooms in Hotel,140,4340,4340
demo-costa,2026-01-31,2026-02-01,Rooms Occupied minus House Use,137,4162,4162
demo-costa,2026-01-31,2026-02-01,Room Revenue,23606.45,720828.49,720828.49
demo-costa,2026-01-31,2026-02-01,Total Revenue,30760.76,919863.83,919863.83
demo-costa,2026-01-31,2026-02-01,Food And Beverage Revenue,6446.12,177410.49,177410.49
demo-costa,2026-01-31,2026-02-01,Other Revenue,708.19,0,0
demo-centro,2026-02-01,2026-02-02,Total Rooms in Hotel,220,220,7040
demo-centro,2026-02-01,2026-02-02,Rooms Occupied minus House Use,114,114,3921
demo-centro,2026-02-01,2026-02-02,Room Revenue,19874.61,19874.61,662128.58
demo-centro,2026-02-01,2026-02-02,Total Revenue,25161.77,25161.77,850103.41
demo-centro,2026-02-01,2026-02-02,Food And Beverage Revenue,4690.92,4690.92,168110.98
demo-centro,2026-02-01,2026-02-02,Other Revenue,596.24,0,0
demo-costa,2026-02-01,2026-02-02,Total Rooms in Hotel,140,140,4480
demo-costa,2026-02-01,2026-02-02,Rooms Occupied minus House Use,113,113,4275
demo-costa,2026-02-01,2026-02-02,Room Revenue,18522.15,18522.15,739350.64
demo-costa,2026-02-01,2026-02-02,Total Revenue,24104.16,24104.16,943967.99
demo-costa,2026-02-01,2026-02-02,Food And Beverage Revenue,5026.35,5026.35,182436.83
demo-costa,2026-02-01,2026-02-02,Other Revenue,555.66,0,0
demo-centro,2026-02-02,2026-02-03,Total Rooms in Hotel,220,440,7260
demo-centro,2026-02-02,2026-02-03,Rooms Occupied minus House Use,114,228,4035
demo-centro,2026-02-02,2026-02-03,Room Revenue,19512.28,39386.9,681640.86
demo-centro,2026-02-02,2026-02-03,Total Revenue,25714.29,50876.06,875817.7
demo-centro,2026-02-02,2026-02-03,Food And Beverage Revenue,5616.64,10307.56,173727.61
demo-centro,2026-02-02,2026-02-03,Other Revenue,585.37,0,0
demo-costa,2026-02-02,2026-02-03,Total Rooms in Hotel,140,280,4620
demo-costa,2026-02-02,2026-02-03,Rooms Occupied minus House Use,128,241,4403
demo-costa,2026-02-02,2026-02-03,Room Revenue,22119.75,40641.9,761470.38
demo-costa,2026-02-02,2026-02-03,Total Revenue,28419.05,52523.21,972387.04
demo-costa,2026-02-02,2026-02-03,Food And Beverage Revenue,5635.71,10662.05,188072.54
demo-costa,2026-02-02,2026-02-03,Other Revenue,663.59,0,0
demo-centro,2026-02-03,2026-02-04,Total Rooms in Hotel,220,660,7480
demo-centro,2026-02-03,2026-02-04,Rooms Occupied minus House Use,111,339,4146
demo-centro,2026-02-03,2026-02-04,Room Revenue,18976.25,58363.14,700617.11
demo-centro,2026-02-03,2026-02-04,Total Revenue,24312.53,75188.59,900130.23
demo-centro,2026-02-03,2026-02-04,Food And Beverage Revenue,4766.99,15074.55,178494.61
demo-centro,2026-02-03,2026-02-04,Other Revenue,569.29,0,0
demo-costa,2026-02-03,2026-02-04,Total Rooms in Hotel,140,420,4760
demo-costa,2026-02-03,2026-02-04,Rooms Occupied minus House Use,134,375,4537
demo-costa,2026-02-03,2026-02-04,Room Revenue,23312.03,63953.92,784782.41
demo-costa,2026-02-03,2026-02-04,Total Revenue,29397.35,81920.56,1001784.39
demo-costa,2026-02-03,2026-02-04,Food And Beverage Revenue,5385.96,16048.02,193458.5
demo-costa,2026-02-03,2026-02-04,Other Revenue,699.36,0,0
demo-centro,2026-02-04,2026-02-05,Total Rooms in Hotel,220,880,7700
demo-centro,2026-02-04,2026-02-05,Rooms Occupied minus House Use,116,455,4262
demo-centro,2026-02-04,2026-02-05,Room Revenue,20306.05,78669.2,720923.16
demo-centro,2026-02-04,2026-02-05,Total Revenue,26878.8,102067.39,927009.03
demo-centro,2026-02-04,2026-02-05,Food And Beverage Revenue,5963.57,21038.12,184458.17
demo-centro,2026-02-04,2026-02-05,Other Revenue,609.18,0,0
demo-costa,2026-02-04,2026-02-05,Total Rooms in Hotel,140,560,4900
demo-costa,2026-02-04,2026-02-05,Rooms Occupied minus House Use,136,511,4673
demo-costa,2026-02-04,2026-02-05,Room Revenue,22221.09,86175.01,807003.5
demo-costa,2026-02-04,2026-02-05,Total Revenue,27776.36,109696.91,1029560.74
demo-costa,2026-02-04,2026-02-05,Food And Beverage Revenue,4888.63,20936.65,198347.14
demo-costa,2026-02-04,2026-02-05,Other Revenue,666.63,0,0
demo-centro,2026-02-05,2026-02-06,Total Rooms in Hotel,220,1100,7920
demo-centro,2026-02-05,2026-02-06,Rooms Occupied minus House Use,128,583,4390
demo-centro,2026-02-05,2026-02-06,Room Revenue,20930.99,99600.18,741854.15
demo-centro,2026-02-05,2026-02-06,Total Revenue,26818.91,128886.3,953827.94
demo-centro,2026-02-05,2026-02-06,Food And Beverage Revenue,5259.99,26298.11,189718.16
demo-centro,2026-02-05,2026-02-06,Other Revenue,627.93,0,0
demo-costa,2026-02-05,2026-02-06,Total Rooms in Hotel,140,700,5040
demo-costa,2026-02-05,2026-02-06,Rooms Occupied minus House Use,122,633,4795
demo-costa,2026-02-05,2026-02-06,Room Revenue,20094.18,106269.2,827097.68
demo-costa,2026-02-05,2026-02-06,Total Revenue,25183.88,134880.79,1054744.62
demo-costa,2026-02-05,2026-02-06,Food And Beverage Revenue,4486.87,25423.52,202834.01
demo-costa,2026-02-05,2026-02-06,Other Revenue,602.83,0,0
demo-centro,2026-02-06,2026-02-07,Total Rooms in Hotel,220,1320,8140
demo-centro,2026-02-06,2026-02-07,Rooms Occupied minus House Use,108,691,4498
demo-centro,2026-02-06,2026-02-07,Room Revenue,18109.91,117710.09,759964.06
demo-centro,2026-02-06,2026-02-07,Total Revenue,23986.51,152872.8,977814.44
demo-centro,2026-02-06,2026-02-07,Food And Beverage Revenue,5333.3,31631.41,195051.46
demo-centro,2026-02-06,2026-02-07,Other Revenue,543.3,0,0
demo-costa,2026-02-06,2026-02-07,Total Rooms in Hotel,140,840,5180
demo-costa,2026-02-06,2026-02-07,Rooms Occupied minus House Use,137,770,4932
demo-costa,2026-02-06,2026-02-07,Room Revenue,23211.36,129480.56,850309.04
demo-costa,2026-02-06,2026-02-07,Total Revenue,30007.66,164888.45,1084752.28
demo-costa,2026-02-06,2026-02-07,Food And Beverage Revenue,6099.96,31523.48,208933.97
demo-costa,2026-02-06,2026-02-07,Other Revenue,696.34,0,0
demo-centro,2026-02-07,2026-02-08,Total Rooms in Hotel,220,1540,8360
demo-centro,2026-02-07,2026-02-08,Rooms Occupied minus House Use,142,833,4640
demo-centro,2026-02-07,2026-02-08,Room Revenue,23324.17,141034.27,783288.23
demo-centro,2026-02-07,2026-02-08,Total Revenue,30801.04,183673.84,1008615.49
demo-centro,2026-02-07,2026-02-08,Food And Beverage Revenue,6777.14,38408.55,201828.61
demo-centro,2026-02-07,2026-02-08,Other Revenue,699.73,0,0
demo-costa,2026-02-07,2026-02-08,Total Rooms in Hotel,140,980,5320
demo-costa,2026-02-07,2026-02-08,Rooms Occupied minus House Use,137,907,5069
demo-costa,2026-02-07,2026-02-08,Room Revenue,23389.23,152869.79,873698.28
demo-costa,2026-02-07,2026-02-08,Total Revenue,30634.12,195522.57,1115386.4
demo-costa,2026-02-07,2026-02-08,Food And Beverage Revenue,6543.21,38066.69,215477.18
demo-costa,2026-02-07,2026-02-08,Other Revenue,701.68,0,0
demo-centro,2026-02-08,2026-02-09,Total Rooms in Hotel,220,1760,8580
demo-centro,2026-02-08,2026-02-09,Rooms Occupied minus House Use,108,941,4748
demo-centro,2026-02-08,2026-02-09,Room Revenue,18489.87,159524.14,801778.11
demo-centro,2026-02-08,2026-02-09,Total Revenue,24265.12,207938.97,1032880.61
demo-centro,2026-02-08,2026-02-09,Food And Beverage Revenue,5220.56,43629.11,207049.16
demo-centro,2026-02-08,2026-02-09,Other Revenue,554.7,0,0
demo-costa,2026-02-08,2026-02-09,Total Rooms in Hotel,140,1120,5460
demo-costa,2026-02-08,2026-02-09,Rooms Occupied minus House Use,119,1026,5188
demo-costa,2026-02-08,2026-02-09,Room Revenue,20063.77,172933.56,893762.05
demo-costa,2026-02-08,2026-02-09,Total Revenue,25002.2,220524.77,1140388.6
demo-costa,2026-02-08,2026-02-09,Food And Beverage Revenue,4336.51,42403.2,219813.69
demo-costa,2026-02-08,2026-02-09,Other Revenue,601.91,0,0
demo-centro,2026-02-09,2026-02-10,Total Rooms in Hotel,220,1980,8800
demo-centro,2026-02-09,2026-02-10,Rooms Occupied minus House Use,130,1071,4878
demo-centro,2026-02-09,2026-02-10,Room Revenue,21712.84,181236.98,823490.95
demo-centro,2026-02-09,2026-02-10,Total Revenue,27646.78,235585.75,1060527.39
demo-centro,2026-02-09,2026-02-10,Food And Beverage Revenue,5282.55,48911.66,212331.71
demo-centro,2026-02-09,2026-02-10,Other Revenue,651.39,0,0
demo-costa,2026-02-09,2026-02-10,Total Rooms in Hotel,140,1260,5600
demo-costa,2026-02-09,2026-02-10,Rooms Occupied minus House Use,125,1151,5313
demo-costa,2026-02-09,2026-02-10,Room Revenue,20833.34,193766.9,914595.39
demo-costa,2026-02-09,2026-02-10,Total Revenue,26506.38,247031.15,1166894.98
demo-costa,2026-02-09,2026-02-10,Food And Beverage Revenue,5048.04,47451.24,224861.73
demo-costa,2026-02-09,2026-02-10,Other Revenue,625.0,0,0
demo-centro,2026-02-10,2026-02-11,Total Rooms in Hotel,220,2200,9020
demo-centro,2026-02-10,2026-02-11,Rooms Occupied minus House Use,107,1178,4985
demo-centro,2026-02-10,2026-02-11,Room Revenue,17560.81,198797.79,841051.76
demo-centro,2026-02-10,2026-02-11,Total Revenue,23334.96,258920.71,1083862.35
demo-centro,2026-02-10,2026-02-11,Food And Beverage Revenue,5247.33,54158.98,217579.04
demo-centro,2026-02-10,2026-02-11,Other Revenue,526.82,0,0
demo-costa,2026-02-10,2026-02-11,Total Rooms in Hotel,140,1400,5740
demo-costa,2026-02-10,2026-02-11,Rooms Occupied minus House Use,131,1282,5444
demo-costa,2026-02-10,2026-02-11,Room Revenue,21646.58,215413.48,936241.97
demo-costa,2026-02-10,2026-02-11,Total Revenue,26657.48,273688.62,1193552.45
demo-costa,2026-02-10,2026-02-11,Food And Beverage Revenue,4361.5,51812.74,229223.23
demo-costa,2026-02-10,2026-02-11,Other Revenue,649.4,0,0
demo-centro,2026-02-11,2026-02-12,Total Rooms in Hotel,220,2420,9240
demo-centro,2026-02-11,2026-02-12,Rooms Occupied minus House Use,91,1269,5076
demo-centro,2026-02-11,2026-02-12,Room Revenue,15677.86,214475.65,856729.62
demo-centro,2026-02-11,2026-02-12,Total Revenue,20613.61,279534.32,1104475.96
demo-centro,2026-02-11,2026-02-12,Food And Beverage Revenue,4465.41,58624.4,222044.45
demo-centro,2026-02-11,2026-02-12,Other Revenue,470.34,0,0
demo-costa,2026-02-11,2026-02-12,Total Rooms in Hotel,140,1540,5880
demo-costa,2026-02-11,2026-02-12,Rooms Occupied minus House Use,133,1415,5577
demo-costa,2026-02-11,2026-02-12,Room Revenue,22852.47,238265.95,959094.43
demo-costa,2026-02-11,2026-02-12,Total Revenue,28511.04,302199.67,1222063.49
demo-costa,2026-02-11,2026-02-12,Food And Beverage Revenue,4973.0,56785.74,234196.23
demo-costa,2026-02-11,2026-02-12,Other Revenue,685.57,0,0
demo-centro,2026-02-12,2026-02-13,Total Rooms in Hotel,220,2640,9460
demo-centro,2026-02-12,2026-02-13,Rooms Occupied minus House Use,103,1372,5179
demo-centro,2026-02-12,2026-02-13,Room Revenue,17499.98,231975.63,874229.6
demo-centro,2026-02-12,2026-02-13,Total Revenue,22489.03,302023.35,1126964.99
demo-centro,2026-02-12,2026-02-13,Food And Beverage Revenue,4464.05,63088.45,226508.51
demo-centro,2026-02-12,2026-02-13,Other Revenue,525.0,0,0
demo-costa,2026-02-12,2026-02-13,Total Rooms in Hotel,140,1680,6020
demo-costa,2026-02-12,2026-02-13,Rooms Occupied minus House Use,137,1552,5714
demo-costa,2026-02-12,2026-02-13,Room Revenue,24349.36,262615.31,983443.79
demo-costa,2026-02-12,2026-02-13,Total Revenue,32186.04,334385.7,1254249.53
demo-costa,2026-02-12,2026-02-13,Food And Beverage Revenue,7106.19,63891.94,241302.42
demo-costa,2026-02-12,2026-02-13,Other Revenue,730.48,0,0
demo-centro,2026-02-13,2026-02-14,Total Rooms in Hotel,220,2860,9680
demo-centro,2026-02-13,2026-02-14,Rooms Occupied minus House Use,123,1495,5302
demo-centro,2026-02-13,2026-02-14,Room Revenue,20751.59,252727.22,894981.18
demo-centro,2026-02-13,2026-02-14,Total Revenue,25995.09,328018.44,1152960.08
demo-centro,2026-02-13,2026-02-14,Food And Beverage Revenue,4620.95,67709.4,231129.46
demo-centro,2026-02-13,2026-02-14,Other Revenue,622.55,0,0
demo-costa,2026-02-13,2026-02-14,Total Rooms in Hotel,140,1820,6160
demo-costa,2026-02-13,2026-02-14,Rooms Occupied minus House Use,137,1689,5851
demo-costa,2026-02-13,2026-02-14,Room Revenue,24695.4,287310.7,1008139.19
demo-costa,2026-02-13,2026-02-14,Total Revenue,31539.1,365924.8,1285788.63
demo-costa,2026-02-13,2026-02-14,Food And Beverage Revenue,6102.84,69994.77,247405.26
demo-costa,2026-02-13,2026-02-14,Other Revenue,740.86,0,0
demo-centro,2026-02-14,2026-02-15,Total Rooms in Hotel,220,3080,9900
demo-centro,2026-02-14,2026-02-15,Rooms Occupied minus House Use,153,1648,5455
demo-centro,2026-02-14,2026-02-15,Room Revenue,26201.9,278929.11,921183.08
demo-centro,2026-02-14,2026-02-15,Total Revenue,32668.22,360686.66,1185628.3
demo-centro,2026-02-14,2026-02-15,Food And Beverage Revenue,5680.27,73389.67,236809.73
demo-centro,2026-02-14,2026-02-15,Other Revenue,786.06,0,0
demo-costa,2026-02-14,2026-02-15,Total Rooms in Hotel,140,1960,6300
demo-costa,2026-02-14,2026-02-15,Rooms Occupied minus House Use,137,1826,5988
demo-costa,2026-02-14,2026-02-15,Room Revenue,22588.12,309898.82,1030727.3
demo-costa,2026-02-14,2026-02-15,Total Revenue,29509.65,395434.45,1315298.28
demo-costa,2026-02-14,2026-02-15,Food And Beverage Revenue,6243.89,76238.67,253649.16
demo-costa,2026-02-14,2026-02-15,Other Revenue,677.64,0,0
demo-centro,2026-02-15,2026-02-16,Total Rooms in Hotel,220,3300,10120
demo-centro,2026-02-15,2026-02-16,Rooms Occupied minus House Use,101,1749,5556
demo-centro,2026-02-15,2026-02-16,Room Revenue,17342.81,296271.92,938525.89
demo-centro,2026-02-15,2026-02-16,Total Revenue,21585.22,382271.88,1207213.52
demo-centro,2026-02-15,2026-02-16,Food And Beverage Revenue,3722.13,77111.8,240531.86
demo-centro,2026-02-15,2026-02-16,Other Revenue,520.28,0,0
demo-costa,2026-02-15,2026-02-16,Total Rooms in Hotel,140,2100,6440
demo-costa,2026-02-15,2026-02-16,Rooms Occupied minus House Use,124,1950,6112
demo-costa,2026-02-15,2026-02-16,Room Revenue,20899.38,330798.2,1051626.69
demo-costa,2026-02-15,2026-02-16,Total Revenue,26816.03,422250.49,1342114.31
demo-costa,2026-02-15,2026-02-16,Food And Beverage Revenue,5289.67,81528.34,258938.82
demo-costa,2026-02-15,2026-02-16,Other Revenue,626.98,0,0
demo-centro,2026-02-16,2026-02-17,Total Rooms in Hotel,220,3520,10340
demo-centro,2026-02-16,2026-02-17,Rooms Occupied minus House Use,122,1871,5678
demo-centro,2026-02-16,2026-02-17,Room Revenue,21268.65,317540.57,959794.54
demo-centro,2026-02-16,2026-02-17,Total Revenue,26642.8,408914.68,1233856.32
demo-centro,2026-02-16,2026-02-17,Food And Beverage Revenue,4736.09,81847.89,245267.95
demo-centro,2026-02-16,2026-02-17,Other Revenue,638.06,0,0
demo-costa,2026-02-16,2026-02-17,Total Rooms in Hotel,140,2240,6580
demo-costa,2026-02-16,2026-02-17,Rooms Occupied minus House Use,124,2074,6236
demo-costa,2026-02-16,2026-02-17,Room Revenue,21981.43,352779.63,1073608.12
demo-costa,2026-02-16,2026-02-17,Total Revenue,27358.74,449609.22,1369473.05
demo-costa,2026-02-16,2026-02-17,Food And Beverage Revenue,4717.87,86246.2,263656.69
demo-costa,2026-02-16,2026-02-17,Other Revenue,659.44,0,0
demo-centro,2026-02-17,2026-02-18,Total Rooms in Hotel,220,3740,10560
demo-centro,2026-02-17,2026-02-18,Rooms Occupied minus House Use,116,1987,5794
demo-centro,2026-02-17,2026-02-18,Room Revenue,19451.94,336992.51,979246.47
demo-centro,2026-02-17,2026-02-18,Total Revenue,24150.01,433064.69,1258006.33
demo-centro,2026-02-17,2026-02-18,Food And Beverage Revenue,4114.51,85962.4,249382.46
demo-centro,2026-02-17,2026-02-18,Other Revenue,583.56,0,0
demo-costa,2026-02-17,2026-02-18,Total Rooms in Hotel,140,2380,6720
demo-costa,2026-02-17,2026-02-18,Rooms Occupied minus House Use,137,2211,6373
demo-costa,2026-02-17,2026-02-18,Room Revenue,23449.0,376228.63,1097057.12
demo-costa,2026-02-17,2026-02-18,Total Revenue,29988.01,479597.24,1399461.07
demo-costa,2026-02-17,2026-02-18,Food And Beverage Revenue,5835.55,92081.75,269492.24
demo-costa,2026-02-17,2026-02-18,Other Revenue,703.47,0,0
demo-centro,2026-02-18,2026-02-19,Total Rooms in Hotel,220,3960,10780
demo-centro,2026-02-18,2026-02-19,Rooms Occupied minus House Use,112,2099,5906
demo-centro,2026-02-18,2026-02-19,Room Revenue,18987.33,355979.83,998233.8
demo-centro,2026-02-18,2026-02-19,Total Revenue,23760.17,456824.86,1281766.5
demo-centro,2026-02-18,2026-02-19,Food And Beverage Revenue,4203.23,90165.63,253585.69
demo-centro,2026-02-18,2026-02-19,Other Revenue,569.62,0,0
demo-costa,2026-02-18,2026-02-19,Total Rooms in Hotel,140,2520,6860
demo-costa,2026-02-18,2026-02-19,Rooms Occupied minus House Use,137,2348,6510
demo-costa,2026-02-18,2026-02-19,Room Revenue,24437.37,400666.0,1121494.49
demo-costa,2026-02-18,2026-02-19,Total Revenue,32371.92,511969.15,1431832.98
demo-costa,2026-02-18,2026-02-19,Food And Beverage Revenue,7201.43,99283.18,276693.66
demo-costa,2026-02-18,2026-02-19,Other Revenue,733.12,0,0
demo-centro,2026-02-19,2026-02-20,Total Rooms in Hotel,220,4180,11000
demo-centro,2026-02-19,2026-02-20,Rooms Occupied minus House Use,112,2211,6018
demo-centro,2026-02-19,2026-02-20,Room Revenue,18439.19,374419.03,1016672.99
demo-centro,2026-02-19,2026-02-20,Total Revenue,22828.38,479653.24,1304594.88
demo-centro,2026-02-19,2026-02-20,Food And Beverage Revenue,3836.01,94001.64,257421.7
demo-centro,2026-02-19,2026-02-20,Other Revenue,553.18,0,0
demo-costa,2026-02-19,2026-02-20,Total Rooms in Hotel,140,2660,7000
demo-costa,2026-02-19,2026-02-20,Rooms Occupied minus House Use,137,2485,6647
demo-costa,2026-02-19,2026-02-20,Room Revenue,24345.55,425011.55,1145840.03
demo-costa,2026-02-19,2026-02-20,Total Revenue,30654.45,542623.61,1462487.44
demo-costa,2026-02-19,2026-02-20,Food And Beverage Revenue,5578.54,104861.71,282272.2
demo-costa,2026-02-19,2026-02-20,Other Revenue,730.37,0,0
demo-centro,2026-02-20,2026-02-21,Total Rooms in Hotel,220,4400,11220
demo-centro,2026-02-20,2026-02-21,Rooms Occupied minus House Use,144,2355,6162
demo-centro,2026-02-20,2026-02-21,Room Revenue,24955.74,399374.76,1041628.73
demo-centro,2026-02-20,2026-02-21,Total Revenue,30826.0,510479.24,1335420.88
demo-centro,2026-02-20,2026-02-21,Food And Beverage Revenue,5121.59,99123.23,262543.29
demo-centro,2026-02-20,2026-02-21,Other Revenue,748.67,0,0
demo-costa,2026-02-20,2026-02-21,Total Rooms in Hotel,140,2800,7140
demo-costa,2026-02-20,2026-02-21,Rooms Occupied minus House Use,137,2622,6784
demo-costa,2026-02-20,2026-02-21,Room Revenue,23239.4,448250.95,1169079.44
demo-costa,2026-02-20,2026-02-21,Total Revenue,28910.89,571534.5,1491398.33
demo-costa,2026-02-20,2026-02-21,Food And Beverage Revenue,4974.3,109836.02,287246.51
demo-costa,2026-02-20,2026-02-21,Other Revenue,697.18,0,0
demo-centro,2026-02-21,2026-02-22,Total Rooms in Hotel,220,4620,11440
demo-centro,2026-02-21,2026-02-22,Rooms Occupied minus House Use,130,2485,6292
demo-centro,2026-02-21,2026-02-22,Room Revenue,20988.1,420362.86,1062616.83
demo-centro,2026-02-21,2026-02-22,Total Revenue,26987.77,537467.01,1362408.65
demo-centro,2026-02-21,2026-02-22,Food And Beverage Revenue,5370.03,104493.27,267913.32
demo-centro,2026-02-21,2026-02-22,Other Revenue,629.64,0,0
demo-costa,2026-02-21,2026-02-22,Total Rooms in Hotel,140,2940,7280
demo-costa,2026-02-21,2026-02-22,Rooms Occupied minus House Use,137,2759,6921
demo-costa,2026-02-21,2026-02-22,Room Revenue,23720.83,471971.78,1192800.27
demo-costa,2026-02-21,2026-02-22,Total Revenue,29473.94,601008.44,1520872.27
demo-costa,2026-02-21,2026-02-22,Food And Beverage Revenue,5041.49,114877.51,292288.0
demo-costa,2026-02-21,2026-02-22,Other Revenue,711.62,0,0
demo-centro,2026-02-22,2026-02-23,Total Rooms in Hotel,220,4840,11660
demo-centro,2026-02-22,2026-02-23,Rooms Occupied minus House Use,103,2588,6395
demo-centro,2026-02-22,2026-02-23,Room Revenue,18051.42,438414.27,1080668.24
demo-centro,2026-02-22,2026-02-23,Total Revenue,22976.62,560443.63,1385385.27
demo-centro,2026-02-22,2026-02-23,Food And Beverage Revenue,4383.66,108876.93,272296.99
demo-centro,2026-02-22,2026-02-23,Other Revenue,541.54,0,0
demo-costa,2026-02-22,2026-02-23,Total Rooms in Hotel,140,3080,7420
demo-costa,2026-02-22,2026-02-23,Rooms Occupied minus House Use,125,2884,7046
demo-costa,2026-02-22,2026-02-23,Room Revenue,20559.2,492530.98,1213359.46
demo-costa,2026-02-22,2026-02-23,Total Revenue,26550.41,627558.85,1547422.68
demo-costa,2026-02-22,2026-02-23,Food And Beverage Revenue,5374.44,120251.94,297662.43
demo-costa,2026-02-22,2026-02-23,Other Revenue,616.78,0,0
demo-centro,2026-02-23,2026-02-24,Total Rooms in Hotel,220,5060,11880
demo-centro,2026-02-23,2026-02-24,Rooms Occupied minus House Use,117,2705,6512
demo-centro,2026-02-23,2026-02-24,Room Revenue,19530.27,457944.55,1100198.51
demo-centro,2026-02-23,2026-02-24,Total Revenue,25441.65,585885.28,1410826.92
demo-centro,2026-02-23,2026-02-24,Food And Beverage Revenue,5325.47,114202.4,277622.45
demo-centro,2026-02-23,2026-02-24,Other Revenue,585.91,0,0
demo-costa,2026-02-23,2026-02-24,Total Rooms in Hotel,140,3220,7560
demo-costa,2026-02-23,2026-02-24,Rooms Occupied minus House Use,137,3021,7183
demo-costa,2026-02-23,2026-02-24,Room Revenue,24147.14,516678.12,1237506.6
demo-costa,2026-02-23,2026-02-24,Total Revenue,30469.63,658028.47,1577892.3
demo-costa,2026-02-23,2026-02-24,Food And Beverage Revenue,5598.07,125850.01,303260.5
demo-costa,2026-02-23,2026-02-24,Other Revenue,724.41,0,0
demo-centro,2026-02-24,2026-02-25,Total Rooms in Hotel,220,5280,12100
demo-centro,2026-02-24,2026-02-25,Rooms Occupied minus House Use,127,2832,6639
demo-centro,2026-02-24,2026-02-25,Room Revenue,20562.07,478506.62,1120760.59
demo-centro,2026-02-24,2026-02-25,Total Revenue,26770.2,612655.48,1437597.12
demo-centro,2026-02-24,2026-02-25,Food And Beverage Revenue,5591.27,119793.66,283213.72
demo-centro,2026-02-24,2026-02-25,Other Revenue,616.86,0,0
demo-costa,2026-02-24,2026-02-25,Total Rooms in Hotel,140,3360,7700
demo-costa,2026-02-24,2026-02-25,Rooms Occupied minus House Use,137,3158,7320
demo-costa,2026-02-24,2026-02-25,Room Revenue,22786.11,539464.23,1260292.72
demo-costa,2026-02-24,2026-02-25,Total Revenue,28592.08,686620.55,1606484.38
demo-costa,2026-02-24,2026-02-25,Food And Beverage Revenue,5122.38,130972.39,308382.88
demo-costa,2026-02-24,2026-02-25,Other Revenue,683.58,0,0
demo-centro,2026-02-25,2026-02-26,Total Rooms in Hotel,220,5500,12320
demo-centro,2026-02-25,2026-02-26,Rooms Occupied minus House Use,100,2932,6739
demo-centro,2026-02-25,2026-02-26,Room Revenue,17521.04,496027.66,1138281.63
demo-centro,2026-02-25,2026-02-26,Total Revenue,21739.75,634395.23,1459336.87
demo-centro,2026-02-25,2026-02-26,Food And Beverage Revenue,3693.08,123486.74,286906.79
demo-centro,2026-02-25,2026-02-26,Other Revenue,525.63,0,0
demo-costa,2026-02-25,2026-02-26,Total Rooms in Hotel,140,3500,7840
demo-costa,2026-02-25,2026-02-26,Rooms Occupied minus House Use,131,3289,7451
demo-costa,2026-02-25,2026-02-26,Room Revenue,23014.63,562478.86,1283307.34
demo-costa,2026-02-25,2026-02-26,Total Revenue,28337.84,714958.39,1634822.21
demo-costa,2026-02-25,2026-02-26,Food And Beverage Revenue,4632.77,135605.16,313015.65
demo-costa,2026-02-25,2026-02-26,Other Revenue,690.44,0,0
demo-centro,2026-02-26,2026-02-27,Total Rooms in Hotel,220,5720,12540
demo-centro,2026-02-26,2026-02-27,Rooms Occupied minus House Use,113,3045,6852
demo-centro,2026-02-26,2026-02-27,Room Revenue,19477.66,515505.32,1157759.29
demo-centro,2026-02-26,2026-02-27,Total Revenue,25189.13,659584.36,1484526.0
demo-centro,2026-02-26,2026-02-27,Food And Beverage Revenue,5127.15,128613.88,292033.94
demo-centro,2026-02-26,2026-02-27,Other Revenue,584.33,0,0
demo-costa,2026-02-26,2026-02-27,Total Rooms in Hotel,140,3640,7980
demo-costa,2026-02-26,2026-02-27,Rooms Occupied minus House Use,137,3426,7588
demo-costa,2026-02-26,2026-02-27,Room Revenue,22976.34,585455.19,1306283.68
demo-costa,2026-02-26,2026-02-27,Total Revenue,29779.11,744737.5,1664601.33
demo-costa,2026-02-26,2026-02-27,Food And Beverage Revenue,6113.49,141718.65,319129.14
demo-costa,2026-02-26,2026-02-27,Other Revenue,689.29,0,0
demo-centro,2026-02-27,2026-02-28,Total Rooms in Hotel,220,5940,12760
demo-centro,2026-02-27,2026-02-28,Rooms Occupied minus House Use,111,3156,6963
demo-centro,2026-02-27,2026-02-28,Room Revenue,18171.76,533677.08,1175931.05
demo-centro,2026-02-27,2026-02-28,Total Revenue,22960.09,682544.45,1507486.09
demo-centro,2026-02-27,2026-02-28,Food And Beverage Revenue,4243.17,132857.06,296277.11
demo-centro,2026-02-27,2026-02-28,Other Revenue,545.15,0,0
demo-costa,2026-02-27,2026-02-28,Total Rooms in Hotel,140,3780,8120
demo-costa,2026-02-27,2026-02-28,Rooms Occupied minus House Use,137,3563,7725
demo-costa,2026-02-27,2026-02-28,Room Revenue,23510.94,608966.14,1329794.62
demo-costa,2026-02-27,2026-02-28,Total Revenue,30561.42,775298.91,1695162.74
demo-costa,2026-02-27,2026-02-28,Food And Beverage Revenue,6345.15,148063.79,325474.28
demo-costa,2026-02-27,2026-02-28,Other Revenue,705.33,0,0
demo-centro,2026-02-28,2026-03-01,Total Rooms in Hotel,220,6160,12980
demo-centro,2026-02-28,2026-03-01,Rooms Occupied minus House Use,126,3282,7089
demo-centro,2026-02-28,2026-03-01,Room Revenue,20126.25,553803.33,1196057.29
demo-centro,2026-02-28,2026-03-01,Total Revenue,24896.24,707440.69,1532382.34
demo-centro,2026-02-28,2026-03-01,Food And Beverage Revenue,4166.21,137023.27,300443.32
demo-centro,2026-02-28,2026-03-01,Other Revenue,603.79,0,0
demo-costa,2026-02-28,2026-03-01,Total Rooms in Hotel,140,3920,8260
demo-costa,2026-02-28,2026-03-01,Rooms Occupied minus House Use,137,3700,7862
demo-costa,2026-02-28,2026-03-01,Room Revenue,24247.48,633213.61,1354042.1
demo-costa,2026-02-28,2026-03-01,Total Revenue,30378.5,805677.42,1725541.24
demo-costa,2026-02-28,2026-03-01,Food And Beverage Revenue,5403.6,153467.4,330877.89
demo-costa,2026-02-28,2026-03-01,Other Revenue,727.42,0,0
demo-centro,2026-03-01,2026-03-02,Total Rooms in Hotel,220,220,13200
demo-centro,2026-03-01,2026-03-02,Rooms Occupied minus House Use,125,125,7214
demo-centro,2026-03-01,2026-03-02,Room Revenue,21921.24,21921.24,1217978.53
demo-centro,2026-03-01,2026-03-02,Total Revenue,27198.28,27198.28,1559580.62
demo-centro,2026-03-01,2026-03-02,Food And Beverage Revenue,4619.41,4619.41,305062.73
demo-centro,2026-03-01,2026-03-02,Other Revenue,657.64,0,0
demo-costa,2026-03-01,2026-03-02,Total Rooms in Hotel,140,140,8400
demo-costa,2026-03-01,2026-03-02,Rooms Occupied minus House Use,90,90,7952
demo-costa,2026-03-01,2026-03-02,Room Revenue,15178.35,15178.35,1369220.45
demo-costa,2026-03-01,2026-03-02,Total Revenue,20091.35,20091.35,1745632.59
demo-costa,2026-03-01,2026-03-02,Food And Beverage Revenue,4457.64,4457.64,335335.53
demo-costa,2026-03-01,2026-03-02,Other Revenue,455.35,0,0
demo-centro,2026-03-02,2026-03-03,Total Rooms in Hotel,220,440,13420
demo-centro,2026-03-02,2026-03-03,Rooms Occupied minus House Use,130,255,7344
demo-centro,2026-03-02,2026-03-03,Room Revenue,22008.27,43929.51,1239986.8
demo-centro,2026-03-02,2026-03-03,Total Revenue,27544.51,54742.8,1587125.13
demo-centro,2026-03-02,2026-03-03,Food And Beverage Revenue,4875.99,9495.4,309938.73
demo-centro,2026-03-02,2026-03-03,Other Revenue,660.25,0,0
demo-costa,2026-03-02,2026-03-03,Total Rooms in Hotel,140,280,8540
demo-costa,2026-03-02,2026-03-03,Rooms Occupied minus House Use,96,186,8048
demo-costa,2026-03-02,2026-03-03,Room Revenue,15884.3,31062.65,1385104.75
demo-costa,2026-03-02,2026-03-03,Total Revenue,21008.14,41099.48,1766640.73
demo-costa,2026-03-02,2026-03-03,Food And Beverage Revenue,4647.31,9104.95,339982.84
demo-costa,2026-03-02,2026-03-03,Other Revenue,476.53,0,0
demo-centro,2026-03-03,2026-03-04,Total Rooms in Hotel,220,660,13640
demo-centro,2026-03-03,2026-03-04,Rooms Occupied minus House Use,157,412,7501
demo-centro,2026-03-03,2026-03-04,Room Revenue,26433.02,70362.53,1266419.82
demo-centro,2026-03-03,2026-03-04,Total Revenue,33758.15,88500.94,1620883.28
demo-centro,2026-03-03,2026-03-04,Food And Beverage Revenue,6532.14,16027.54,316470.87
demo-centro,2026-03-03,2026-03-04,Other Revenue,792.99,0,0
demo-costa,2026-03-03,2026-03-04,Total Rooms in Hotel,140,420,8680
demo-costa,2026-03-03,2026-03-04,Rooms Occupied minus House Use,98,284,8146
demo-costa,2026-03-03,2026-03-04,Room Revenue,16130.14,47192.79,1401234.89
demo-costa,2026-03-03,2026-03-04,Total Revenue,20878.75,61978.23,1787519.47
demo-costa,2026-03-03,2026-03-04,Food And Beverage Revenue,4264.7,13369.65,344247.54
demo-costa,2026-03-03,2026-03-04,Other Revenue,483.9,0,0
demo-centro,2026-03-04,2026-03-05,Total Rooms in Hotel,220,880,13860
demo-centro,2026-03-04,2026-03-05,Rooms Occupied minus House Use,130,542,7631
demo-centro,2026-03-04,2026-03-05,Room Revenue,21319.81,91682.34,1287739.63
demo-centro,2026-03-04,2026-03-05,Total Revenue,27787.8,116288.75,1648671.08
demo-centro,2026-03-04,2026-03-05,Food And Beverage Revenue,5828.39,21855.94,322299.26
demo-centro,2026-03-04,2026-03-05,Other Revenue,639.59,0,0
demo-costa,2026-03-04,2026-03-05,Total Rooms in Hotel,140,560,8820
demo-costa,2026-03-04,2026-03-05,Rooms Occupied minus House Use,113,397,8259
demo-costa,2026-03-04,2026-03-05,Room Revenue,18383.49,65576.28,1419618.38
demo-costa,2026-03-04,2026-03-05,Total Revenue,23070.84,85049.07,1810590.31
demo-costa,2026-03-04,2026-03-05,Food And Beverage Revenue,4135.85,17505.5,348383.38
demo-costa,2026-03-04,2026-03-05,Other Revenue,551.5,0,0
demo-centro,2026-03-05,2026-03-06,Total Rooms in Hotel,220,1100,14080
demo-centro,2026-03-05,2026-03-06,Rooms Occupied minus House Use,144,686,7775
demo-centro,2026-03-05,2026-03-06,Room Revenue,25246.08,116928.41,1312985.71
demo-centro,2026-03-05,2026-03-06,Total Revenue,33373.96,149662.7,1682045.04
demo-centro,2026-03-05,2026-03-06,Food And Beverage Revenue,7370.5,29226.44,329669.76
demo-centro,2026-03-05,2026-03-06,Other Revenue,757.38,0,0
demo-costa,2026-03-05,2026-03-06,Total Rooms in Hotel,140,700,8960
demo-costa,2026-03-05,2026-03-06,Rooms Occupied minus House Use,96,493,8355
demo-costa,2026-03-05,2026-03-06,Room Revenue,15091.53,80667.81,1434709.91
demo-costa,2026-03-05,2026-03-06,Total Revenue,19265.39,104314.46,1829855.7
demo-costa,2026-03-05,2026-03-06,Food And Beverage Revenue,3721.11,21226.61,352104.49
demo-costa,2026-03-05,2026-03-06,Other Revenue,452.75,0,0
demo-centro,2026-03-06,2026-03-07,Total Rooms in Hotel,220,1320,14300
demo-centro,2026-03-06,2026-03-07,Rooms Occupied minus House Use,160,846,7935
demo-centro,2026-03-06,2026-03-07,Room Revenue,28359.02,145287.43,1341344.72
demo-centro,2026-03-06,2026-03-07,Total Revenue,36098.01,185760.71,1718143.05
demo-centro,2026-03-06,2026-03-07,Food And Beverage Revenue,6888.22,36114.66,336557.98
demo-centro,2026-03-06,2026-03-07,Other Revenue,850.77,0,0
demo-costa,2026-03-06,2026-03-07,Total Rooms in Hotel,140,840,9100
demo-costa,2026-03-06,2026-03-07,Rooms Occupied minus House Use,114,607,8469
demo-costa,2026-03-06,2026-03-07,Room Revenue,18882.95,99550.76,1453592.86
demo-costa,2026-03-06,2026-03-07,Total Revenue,24123.79,128438.25,1853979.49
demo-costa,2026-03-06,2026-03-07,Food And Beverage Revenue,4674.35,25900.96,356778.85
demo-costa,2026-03-06,2026-03-07,Other Revenue,566.49,0,0
demo-centro,2026-03-07,2026-03-08,Total Rooms in Hotel,220,1540,14520
demo-centro,2026-03-07,2026-03-08,Rooms Occupied minus House Use,161,1007,8096
demo-centro,2026-03-07,2026-03-08,Room Revenue,28974.33,174261.76,1370319.06
demo-centro,2026-03-07,2026-03-08,Total Revenue,37564.94,223325.65,1755707.99
demo-centro,2026-03-07,2026-03-08,Food And Beverage Revenue,7721.38,43836.04,344279.36
demo-centro,2026-03-07,2026-03-08,Other Revenue,869.23,0,0
demo-costa,2026-03-07,2026-03-08,Total Rooms in Hotel,140,980,9240
demo-costa,2026-03-07,2026-03-08,Rooms Occupied minus House Use,122,729,8591
demo-costa,2026-03-07,2026-03-08,Room Revenue,19524.09,119074.85,1473116.95
demo-costa,2026-03-07,2026-03-08,Total Revenue,24273.78,152712.03,1878253.27
demo-costa,2026-03-07,2026-03-08,Food And Beverage Revenue,4163.97,30064.93,360942.82
demo-costa,2026-03-07,2026-03-08,Other Revenue,585.72,0,0
demo-centro,2026-03-08,2026-03-09,Total Rooms in Hotel,220,1760,14740
demo-centro,2026-03-08,2026-03-09,Rooms Occupied minus House Use,153,1160,8249
demo-centro,2026-03-08,2026-03-09,Room Revenue,25429.91,199691.67,1395748.97
demo-centro,2026-03-08,2026-03-09,Total Revenue,32819.99,256145.64,1788527.97
demo-centro,2026-03-08,2026-03-09,Food And Beverage Revenue,6627.18,50463.21,350906.54
demo-centro,2026-03-08,2026-03-09,Other Revenue,762.9,0,0
demo-costa,2026-03-08,2026-03-09,Total Rooms in Hotel,140,1120,9380
demo-costa,2026-03-08,2026-03-09,Rooms Occupied minus House Use,92,821,8683
demo-costa,2026-03-08,2026-03-09,Room Revenue,14725.56,133800.42,1487842.52
demo-costa,2026-03-08,2026-03-09,Total Revenue,19493.46,172205.49,1897746.74
demo-costa,2026-03-08,2026-03-09,Food And Beverage Revenue,4326.13,34391.06,365268.95
demo-costa,2026-03-08,2026-03-09,Other Revenue,441.77,0,0
demo-centro,2026-03-09,2026-03-10,Total Rooms in Hotel,220,1980,14960
demo-centro,2026-03-09,2026-03-10,Rooms Occupied minus House Use,139,1299,8388
demo-centro,2026-03-09,2026-03-10,Room Revenue,24756.05,224447.72,1420505.02
demo-centro,2026-03-09,2026-03-10,Total Revenue,31729.13,287874.77,1820257.11
demo-centro,2026-03-09,2026-03-10,Food And Beverage Revenue,6230.4,56693.62,357136.94
demo-centro,2026-03-09,2026-03-10,Other Revenue,742.68,0,0
demo-costa,2026-03-09,2026-03-10,Total Rooms in Hotel,140,1260,9520
demo-costa,2026-03-09,2026-03-10,Rooms Occupied minus House Use,89,910,8772
demo-costa,2026-03-09,2026-03-10,Room Revenue,14693.08,148493.5,1502535.59
demo-costa,2026-03-09,2026-03-10,Total Revenue,19492.51,191698.0,1917239.24
demo-costa,2026-03-09,2026-03-10,Food And Beverage Revenue,4358.64,38749.7,369627.58
demo-costa,2026-03-09,2026-03-10,Other Revenue,440.79,0,0
demo-centro,2026-03-10,2026-03-11,Total Rooms in Hotel,220,2200,15180
demo-centro,2026-03-10,2026-03-11,Rooms Occupied minus House Use,145,1444,8533
demo-centro,2026-03-10,2026-03-11,Room Revenue,25717.47,250165.19,1446222.49
demo-centro,2026-03-10,2026-03-11,Total Revenue,31896.46,319771.23,1852153.56
demo-centro,2026-03-10,2026-03-11,Food And Beverage Revenue,5407.46,62101.08,362544.4
demo-centro,2026-03-10,2026-03-11,Other Revenue,771.52,0,0
demo-costa,2026-03-10,2026-03-11,Total Rooms in Hotel,140,1400,9660
demo-costa,2026-03-10,2026-03-11,Rooms Occupied minus House Use,107,1017,8879
demo-costa,2026-03-10,2026-03-11,Room Revenue,16936.5,165430.0,1519472.09
demo-costa,2026-03-10,2026-03-11,Total Revenue,21430.15,213128.15,1938669.4
demo-costa,2026-03-10,2026-03-11,Food And Beverage Revenue,3985.56,42735.26,373613.14
demo-costa,2026-03-10,2026-03-11,Other Revenue,508.1,0,0
demo-centro,2026-03-11,2026-03-12,Total Rooms in Hotel,220,2420,15400
demo-centro,2026-03-11,2026-03-12,Rooms Occupied minus House Use,149,1593,8682
demo-centro,2026-03-11,2026-03-12,Room Revenue,24971.76,275136.96,1471194.25
demo-centro,2026-03-11,2026-03-12,Total Revenue,31005.45,350776.68,1883159.01
demo-centro,2026-03-11,2026-03-12,Food And Beverage Revenue,5284.53,67385.61,367828.93
demo-centro,2026-03-11,2026-03-12,Other Revenue,749.15,0,0
demo-costa,2026-03-11,2026-03-12,Total Rooms in Hotel,140,1540,9800
demo-costa,2026-03-11,2026-03-12,Rooms Occupied minus House Use,107,1124,8986
demo-costa,2026-03-11,2026-03-12,Room Revenue,16759.4,182189.39,1536231.49
demo-costa,2026-03-11,2026-03-12,Total Revenue,20658.98,233787.13,1959328.37
demo-costa,2026-03-11,2026-03-12,Food And Beverage Revenue,3396.8,46132.05,377009.94
demo-costa,2026-03-11,2026-03-12,Other Revenue,502.78,0,0
demo-centro,2026-03-12,2026-03-13,Total Rooms in Hotel,220,2640,15620
demo-centro,2026-03-12,2026-03-13,Rooms Occupied minus House Use,139,1732,8821
demo-centro,2026-03-12,2026-03-13,Room Revenue,22759.64,297896.6,1493953.89
demo-centro,2026-03-12,2026-03-13,Total Revenue,30146.68,380923.35,1913305.69
demo-centro,2026-03-12,2026-03-13,Food And Beverage Revenue,6704.25,74089.86,374533.18
demo-centro,2026-03-12,2026-03-13,Other Revenue,682.79,0,0
demo-costa,2026-03-12,2026-03-13,Total Rooms in Hotel,140,1680,9940
demo-costa,2026-03-12,2026-03-13,Rooms Occupied minus House Use,98,1222,9084
demo-costa,2026-03-12,2026-03-13,Room Revenue,16625.86,198815.25,1552857.35
demo-costa,2026-03-12,2026-03-13,Total Revenue,21677.05,255464.18,1981005.42
demo-costa,2026-03-12,2026-03-13,Food And Beverage Revenue,4552.42,50684.47,381562.35
demo-costa,2026-03-12,2026-03-13,Other Revenue,498.78,0,0
demo-centro,2026-03-13,2026-03-14,Total Rooms in Hotel,220,2860,15840
demo-centro,2026-03-13,2026-03-14,Rooms Occupied minus House Use,155,1887,8976
demo-centro,2026-03-13,2026-03-14,Room Revenue,27870.47,325767.07,1521824.36
demo-centro,2026-03-13,2026-03-14,Total Revenue,35542.79,416466.14,1948848.48
demo-centro,2026-03-13,2026-03-14,Food And Beverage Revenue,6836.2,80926.06,381369.38
demo-centro,2026-03-13,2026-03-14,Other Revenue,836.11,0,0
demo-costa,2026-03-13,2026-03-14,Total Rooms in Hotel,140,1820,10080
demo-costa,2026-03-13,2026-03-14,Rooms Occupied minus House Use,105,1327,9189
demo-costa,2026-03-13,2026-03-14,Room Revenue,17386.34,216201.59,1570243.69
demo-costa,2026-03-13,2026-03-14,Total Revenue,22070.88,277535.06,2003076.3
demo-costa,2026-03-13,2026-03-14,Food And Beverage Revenue,4162.95,54847.42,385725.3
demo-costa,2026-03-13,2026-03-14,Other Revenue,521.59,0,0
demo-centro,2026-03-14,2026-03-15,Total Rooms in Hotel,220,3080,16060
demo-centro,2026-03-14,2026-03-15,Rooms Occupied minus House Use,143,2030,9119
demo-centro,2026-03-14,2026-03-15,Room Revenue,24327.01,350094.08,1546151.37
demo-centro,2026-03-14,2026-03-15,Total Revenue,30735.25,447201.39,1979583.73
demo-centro,2026-03-14,2026-03-15,Food And Beverage Revenue,5678.43,86604.49,387047.81
demo-centro,2026-03-14,2026-03-15,Other Revenue,729.81,0,0
demo-costa,2026-03-14,2026-03-15,Total Rooms in Hotel,140,1960,10220
demo-costa,2026-03-14,2026-03-15,Rooms Occupied minus House Use,106,1433,9295
demo-costa,2026-03-14,2026-03-15,Room Revenue,17373.12,233574.71,1587616.8
demo-costa,2026-03-14,2026-03-15,Total Revenue,22738.01,300273.06,2025814.31
demo-costa,2026-03-14,2026-03-15,Food And Beverage Revenue,4843.7,59691.11,390569.0
demo-costa,2026-03-14,2026-03-15,Other Revenue,521.19,0,0
demo-centro,2026-03-15,2026-03-16,Total Rooms in Hotel,220,3300,16280
demo-centro,2026-03-15,2026-03-16,Rooms Occupied minus House Use,143,2173,9262
demo-centro,2026-03-15,2026-03-16,Room Revenue,24117.62,374211.7,1570268.99
demo-centro,2026-03-15,2026-03-16,Total Revenue,30682.62,477884.01,2010266.35
demo-centro,2026-03-15,2026-03-16,Food And Beverage Revenue,5841.48,92445.97,392889.29
demo-centro,2026-03-15,2026-03-16,Other Revenue,723.53,0,0
demo-costa,2026-03-15,2026-03-16,Total Rooms in Hotel,140,2100,10360
demo-costa,2026-03-15,2026-03-16,Rooms Occupied minus House Use,95,1528,9390
demo-costa,2026-03-15,2026-03-16,Room Revenue,16104.04,249678.75,1603720.85
demo-costa,2026-03-15,2026-03-16,Total Revenue,21207.26,321480.32,2047021.57
demo-costa,2026-03-15,2026-03-16,Food And Beverage Revenue,4620.09,64311.21,395189.09
demo-costa,2026-03-15,2026-03-16,Other Revenue,483.12,0,0
demo-centro,2026-03-16,2026-03-17,Total Rooms in Hotel,220,3520,16500
demo-centro,2026-03-16,2026-03-17,Rooms Occupied minus House Use,137,2310,9399
demo-centro,2026-03-16,2026-03-17,Room Revenue,23553.81,397765.51,1593822.8
demo-centro,2026-03-16,2026-03-17,Total Revenue,29667.34,507551.35,2039933.69
demo-centro,2026-03-16,2026-03-17,Food And Beverage Revenue,5406.92,97852.88,398296.21
demo-centro,2026-03-16,2026-03-17,Other Revenue,706.61,0,0
demo-costa,2026-03-16,2026-03-17,Total Rooms in Hotel,140,2240,10500
demo-costa,2026-03-16,2026-03-17,Rooms Occupied minus House Use,101,1629,9491
demo-costa,2026-03-16,2026-03-17,Room Revenue,15934.85,265613.6,1619655.69
demo-costa,2026-03-16,2026-03-17,Total Revenue,20665.38,342145.7,2067686.94
demo-costa,2026-03-16,2026-03-17,Food And Beverage Revenue,4252.49,68563.69,399441.58
demo-costa,2026-03-16,2026-03-17,Other Revenue,478.05,0,0
demo-centro,2026-03-17,2026-03-18,Total Rooms in Hotel,220,3740,16720
demo-centro,2026-03-17,2026-03-18,Rooms Occupied minus House Use,136,2446,9535
demo-centro,2026-03-17,2026-03-18,Room Revenue,24441.24,422206.74,1618264.04
demo-centro,2026-03-17,2026-03-18,Total Revenue,32063.74,539615.09,2071997.43
demo-centro,2026-03-17,2026-03-18,Food And Beverage Revenue,6889.26,104742.15,405185.47
demo-centro,2026-03-17,2026-03-18,Other Revenue,733.24,0,0
demo-costa,2026-03-17,2026-03-18,Total Rooms in Hotel,140,2380,10640
demo-costa,2026-03-17,2026-03-18,Rooms Occupied minus House Use,103,1732,9594
demo-costa,2026-03-17,2026-03-18,Room Revenue,17477.19,283090.78,1637132.88
demo-costa,2026-03-17,2026-03-18,Total Revenue,22149.8,364295.5,2089836.75
demo-costa,2026-03-17,2026-03-18,Food And Beverage Revenue,4148.3,72711.99,403589.88
demo-costa,2026-03-17,2026-03-18,Other Revenue,524.32,0,0
demo-centro,2026-03-18,2026-03-19,Total Rooms in Hotel,220,3960,16940
demo-centro,2026-03-18,2026-03-19,Rooms Occupied minus House Use,120,2566,9655
demo-centro,2026-03-18,2026-03-19,Room Revenue,19656.61,441863.35,1637920.65
demo-centro,2026-03-18,2026-03-19,Total Revenue,24514.47,564129.56,2096511.9
demo-centro,2026-03-18,2026-03-19,Food And Beverage Revenue,4268.16,109010.31,409453.63
demo-centro,2026-03-18,2026-03-19,Other Revenue,589.7,0,0
demo-costa,2026-03-18,2026-03-19,Total Rooms in Hotel,140,2520,10780
demo-costa,2026-03-18,2026-03-19,Rooms Occupied minus House Use,110,1842,9704
demo-costa,2026-03-18,2026-03-19,Room Revenue,17087.42,300178.21,1654220.3
demo-costa,2026-03-18,2026-03-19,Total Revenue,22032.79,386328.3,2111869.54
demo-costa,2026-03-18,2026-03-19,Food And Beverage Revenue,4432.75,77144.74,408022.63
demo-costa,2026-03-18,2026-03-19,Other Revenue,512.62,0,0
demo-centro,2026-03-19,2026-03-20,Total Rooms in Hotel,220,4180,17160
demo-centro,2026-03-19,2026-03-20,Rooms Occupied minus House Use,143,2709,9798
demo-centro,2026-03-19,2026-03-20,Room Revenue,25656.44,467519.79,1663577.09
demo-centro,2026-03-19,2026-03-20,Total Revenue,33186.77,597316.33,2129698.67
demo-centro,2026-03-19,2026-03-20,Food And Beverage Revenue,6760.64,115770.95,416214.27
demo-centro,2026-03-19,2026-03-20,Other Revenue,769.69,0,0
demo-costa,2026-03-19,2026-03-20,Total Rooms in Hotel,140,2660,10920
demo-costa,2026-03-19,2026-03-20,Rooms Occupied minus House Use,97,1939,9801
demo-costa,2026-03-19,2026-03-20,Room Revenue,16305.88,316484.09,1670526.18
demo-costa,2026-03-19,2026-03-20,Total Revenue,21217.51,407545.81,2133087.05
demo-costa,2026-03-19,2026-03-20,Food And Beverage Revenue,4422.45,81567.19,412445.08
demo-costa,2026-03-19,2026-03-20,Other Revenue,489.18,0,0
demo-centro,2026-03-20,2026-03-21,Total Rooms in Hotel,220,4400,17380
demo-centro,2026-03-20,2026-03-21,Rooms Occupied minus House Use,153,2862,9951
demo-centro,2026-03-20,2026-03-21,Room Revenue,27185.77,494705.56,1690762.86
demo-centro,2026-03-20,2026-03-21,Total Revenue,33615.75,630932.08,2163314.42
demo-centro,2026-03-20,2026-03-21,Food And Beverage Revenue,5614.41,121385.35,421828.68
demo-centro,2026-03-20,2026-03-21,Other Revenue,815.57,0,0
demo-costa,2026-03-20,2026-03-21,Total Rooms in Hotel,140,2800,11060
demo-costa,2026-03-20,2026-03-21,Rooms Occupied minus House Use,103,2042,9904
demo-costa,2026-03-20,2026-03-21,Room Revenue,16476.64,332960.73,1687002.82
demo-costa,2026-03-20,2026-03-21,Total Revenue,20974.29,428520.1,2154061.34
demo-costa,2026-03-20,2026-03-21,Food And Beverage Revenue,4003.36,85570.55,416448.44
demo-costa,2026-03-20,2026-03-21,Other Revenue,494.3,0,0
demo-centro,2026-03-21,2026-03-22,Total Rooms in Hotel,220,4620,17600
demo-centro,2026-03-21,2026-03-22,Rooms Occupied minus House Use,152,3014,10103
demo-centro,2026-03-21,2026-03-22,Room Revenue,24916.12,519621.68,1715678.98
demo-centro,2026-03-21,2026-03-22,Total Revenue,32285.15,663217.23,2195599.57
demo-centro,2026-03-21,2026-03-22,Food And Beverage Revenue,6621.54,128006.9,428450.22
demo-centro,2026-03-21,2026-03-22,Other Revenue,747.48,0,0
demo-costa,2026-03-21,2026-03-22,Total Rooms in Hotel,140,2940,11200
demo-costa,2026-03-21,2026-03-22,Rooms Occupied minus House Use,115,2157,10019
demo-costa,2026-03-21,2026-03-22,Room Revenue,17892.37,350853.1,1704895.19
demo-costa,2026-03-21,2026-03-22,Total Revenue,22963.02,451483.12,2177024.36
demo-costa,2026-03-21,2026-03-22,Food And Beverage Revenue,4533.88,90104.43,420982.31
demo-costa,2026-03-21,2026-03-22,Other Revenue,536.77,0,0
demo-centro,2026-03-22,2026-03-23,Total Rooms in Hotel,220,4840,17820
demo-centro,2026-03-22,2026-03-23,Rooms Occupied minus House Use,135,3149,10238
demo-centro,2026-03-22,2026-03-23,Room Revenue,23087.67,542709.35,1738766.64
demo-centro,2026-03-22,2026-03-23,Total Revenue,28802.93,692020.16,2224402.5
demo-centro,2026-03-22,2026-03-23,Food And Beverage Revenue,5022.64,133029.54,433472.86
demo-centro,2026-03-22,2026-03-23,Other Revenue,692.63,0,0
demo-costa,2026-03-22,2026-03-23,Total Rooms in Hotel,140,3080,11340
demo-costa,2026-03-22,2026-03-23,Rooms Occupied minus House Use,85,2242,10104
demo-costa,2026-03-22,2026-03-23,Room Revenue,14006.38,364859.47,1718901.57
demo-costa,2026-03-22,2026-03-23,Total Revenue,18491.98,469975.1,2195516.34
demo-costa,2026-03-22,2026-03-23,Food And Beverage Revenue,4065.41,94169.84,425047.72
demo-costa,2026-03-22,2026-03-23,Other Revenue,420.19,0,0
demo-centro,2026-03-23,2026-03-24,Total Rooms in Hotel,220,5060,18040
demo-centro,2026-03-23,2026-03-24,Rooms Occupied minus House Use,154,3303,10392
demo-centro,2026-03-23,2026-03-24,Room Revenue,26870.29,569579.64,1765636.93
demo-centro,2026-03-23,2026-03-24,Total Revenue,34455.67,726475.83,2258858.17
demo-centro,2026-03-23,2026-03-24,Food And Beverage Revenue,6779.27,139808.81,440252.13
demo-centro,2026-03-23,2026-03-24,Other Revenue,806.11,0,0
demo-costa,2026-03-23,2026-03-24,Total Rooms in Hotel,140,3220,11480
demo-costa,2026-03-23,2026-03-24,Rooms Occupied minus House Use,99,2341,10203
demo-costa,2026-03-23,2026-03-24,Room Revenue,15606.38,380465.85,1734507.95
demo-costa,2026-03-23,2026-03-24,Total Revenue,20200.44,490175.54,2215716.78
demo-costa,2026-03-23,2026-03-24,Food And Beverage Revenue,4125.87,98295.71,429173.6
demo-costa,2026-03-23,2026-03-24,Other Revenue,468.19,0,0
demo-centro,2026-03-24,2026-03-25,Total Rooms in Hotel,220,5280,18260
demo-centro,2026-03-24,2026-03-25,Rooms Occupied minus House Use,122,3425,10514
demo-centro,2026-03-24,2026-03-25,Room Revenue,21457.13,591036.77,1787094.06
demo-centro,2026-03-24,2026-03-25,Total Revenue,27499.88,753975.72,2286358.05
demo-centro,2026-03-24,2026-03-25,Food And Beverage Revenue,5399.04,145207.85,445651.17
demo-centro,2026-03-24,2026-03-25,Other Revenue,643.71,0,0
demo-costa,2026-03-24,2026-03-25,Total Rooms in Hotel,140,3360,11620
demo-costa,2026-03-24,2026-03-25,Rooms Occupied minus House Use,104,2445,10307
demo-costa,2026-03-24,2026-03-25,Room Revenue,16435.93,396901.78,1750943.88
demo-costa,2026-03-24,2026-03-25,Total Revenue,21083.97,511259.5,2236800.75
demo-costa,2026-03-24,2026-03-25,Food And Beverage Revenue,4154.96,102450.67,433328.55
demo-costa,2026-03-24,2026-03-25,Other Revenue,493.08,0,0
demo-centro,2026-03-25,2026-03-26,Total Rooms in Hotel,220,5500,18480
demo-centro,2026-03-25,2026-03-26,Rooms Occupied minus House Use,149,3574,10663
demo-centro,2026-03-25,2026-03-26,Room Revenue,25369.52,616406.29,1812463.58
demo-centro,2026-03-25,2026-03-26,Total Revenue,31983.82,785959.54,2318341.87
demo-centro,2026-03-25,2026-03-26,Food And Beverage Revenue,5853.21,151061.06,451504.38
demo-centro,2026-03-25,2026-03-26,Other Revenue,761.09,0,0
demo-costa,2026-03-25,2026-03-26,Total Rooms in Hotel,140,3500,11760
demo-costa,2026-03-25,2026-03-26,Rooms Occupied minus House Use,93,2538,10400
demo-costa,2026-03-25,2026-03-26,Room Revenue,14839.7,411741.48,1765783.58
demo-costa,2026-03-25,2026-03-26,Total Revenue,18936.37,530195.87,2255737.12
demo-costa,2026-03-25,2026-03-26,Food And Beverage Revenue,3651.48,106102.15,436980.03
demo-costa,2026-03-25,2026-03-26,Other Revenue,445.19,0,0
demo-centro,2026-03-26,2026-03-27,Total Rooms in Hotel,220,5720,18700
demo-centro,2026-03-26,2026-03-27,Rooms Occupied minus House Use,124,3698,10787
demo-centro,2026-03-26,2026-03-27,Room Revenue,20610.15,637016.44,1833073.73
demo-centro,2026-03-26,2026-03-27,Total Revenue,25826.96,811786.5,2344168.84
demo-centro,2026-03-26,2026-03-27,Food And Beverage Revenue,4598.51,155659.57,456102.89
demo-centro,2026-03-26,2026-03-27,Other Revenue,618.3,0,0
demo-costa,2026-03-26,2026-03-27,Total Rooms in Hotel,140,3640,11900
demo-costa,2026-03-26,2026-03-27,Rooms Occupied minus House Use,97,2635,10497
demo-costa,2026-03-26,2026-03-27,Room Revenue,15415.5,427156.99,1781199.08
demo-costa,2026-03-26,2026-03-27,Total Revenue,19056.93,549252.81,2274794.05
demo-costa,2026-03-26,2026-03-27,Food And Beverage Revenue,3178.97,109281.11,440159.0
demo-costa,2026-03-26,2026-03-27,Other Revenue,462.47,0,0
demo-centro,2026-03-27,2026-03-28,Total Rooms in Hotel,220,5940,18920
demo-centro,2026-03-27,2026-03-28,Rooms Occupied minus House Use,164,3862,10951
demo-centro,2026-03-27,2026-03-28,Room Revenue,27394.75,664411.19,1860468.48
demo-centro,2026-03-27,2026-03-28,Total Revenue,34719.93,846506.42,2378888.76
demo-centro,2026-03-27,2026-03-28,Food And Beverage Revenue,6503.33,162162.9,462606.22
demo-centro,2026-03-27,2026-03-28,Other Revenue,821.84,0,0
demo-costa,2026-03-27,2026-03-28,Total Rooms in Hotel,140,3780,12040
demo-costa,2026-03-27,2026-03-28,Rooms Occupied minus House Use,96,2731,10593
demo-costa,2026-03-27,2026-03-28,Room Revenue,15262.29,442419.27,1796461.37
demo-costa,2026-03-27,2026-03-28,Total Revenue,20033.22,569286.03,2294827.27
demo-costa,2026-03-27,2026-03-28,Food And Beverage Revenue,4313.07,113594.18,444472.06
demo-costa,2026-03-27,2026-03-28,Other Revenue,457.87,0,0
demo-centro,2026-03-28,2026-03-29,Total Rooms in Hotel,220,6160,19140
demo-centro,2026-03-28,2026-03-29,Rooms Occupied minus House Use,150,4012,11101
demo-centro,2026-03-28,2026-03-29,Room Revenue,25597.33,690008.52,1886065.81
demo-centro,2026-03-28,2026-03-29,Total Revenue,33912.94,880419.37,2412801.7
demo-centro,2026-03-28,2026-03-29,Food And Beverage Revenue,7547.69,169710.59,470153.92
demo-centro,2026-03-28,2026-03-29,Other Revenue,767.92,0,0
demo-costa,2026-03-28,2026-03-29,Total Rooms in Hotel,140,3920,12180
demo-costa,2026-03-28,2026-03-29,Rooms Occupied minus House Use,93,2824,10686
demo-costa,2026-03-28,2026-03-29,Room Revenue,15500.28,457919.55,1811961.65
demo-costa,2026-03-28,2026-03-29,Total Revenue,19958.84,589244.87,2314786.11
demo-costa,2026-03-28,2026-03-29,Food And Beverage Revenue,3993.55,117587.73,448465.62
demo-costa,2026-03-28,2026-03-29,Other Revenue,465.01,0,0
demo-centro,2026-03-29,2026-03-30,Total Rooms in Hotel,220,6380,19360
demo-centro,2026-03-29,2026-03-30,Rooms Occupied minus House Use,130,4142,11231
demo-centro,2026-03-29,2026-03-30,Room Revenue,21598.7,711607.22,1907664.52
demo-centro,2026-03-29,2026-03-30,Total Revenue,27670.63,908090.0,2440472.33
demo-centro,2026-03-29,2026-03-30,Food And Beverage Revenue,5423.96,175134.56,475577.88
demo-centro,2026-03-29,2026-03-30,Other Revenue,647.96,0,0
demo-costa,2026-03-29,2026-03-30,Total Rooms in Hotel,140,4060,12320
demo-costa,2026-03-29,2026-03-30,Rooms Occupied minus House Use,92,2916,10778
demo-costa,2026-03-29,2026-03-30,Room Revenue,15696.36,473615.91,1827658.01
demo-costa,2026-03-29,2026-03-30,Total Revenue,20294.03,609538.9,2335080.14
demo-costa,2026-03-29,2026-03-30,Food And Beverage Revenue,4126.77,121714.51,452592.39
demo-costa,2026-03-29,2026-03-30,Other Revenue,470.89,0,0
demo-centro,2026-03-30,2026-03-31,Total Rooms in Hotel,220,6600,19580
demo-centro,2026-03-30,2026-03-31,Rooms Occupied minus House Use,146,4288,11377
demo-centro,2026-03-30,2026-03-31,Room Revenue,24848.6,736455.82,1932513.11
demo-centro,2026-03-30,2026-03-31,Total Revenue,31665.93,939755.93,2472138.26
demo-centro,2026-03-30,2026-03-31,Food And Beverage Revenue,6071.88,181206.43,481649.76
demo-centro,2026-03-30,2026-03-31,Other Revenue,745.46,0,0
demo-costa,2026-03-30,2026-03-31,Total Rooms in Hotel,140,4200,12460
demo-costa,2026-03-30,2026-03-31,Rooms Occupied minus House Use,89,3005,10867
demo-costa,2026-03-30,2026-03-31,Room Revenue,13974.13,487590.05,1841632.14
demo-costa,2026-03-30,2026-03-31,Total Revenue,17576.08,627114.98,2352656.22
demo-costa,2026-03-30,2026-03-31,Food And Beverage Revenue,3182.72,124897.23,455775.11
demo-costa,2026-03-30,2026-03-31,Other Revenue,419.22,0,0
demo-centro,2026-03-31,2026-04-01,Total Rooms in Hotel,220,6820,19800
demo-centro,2026-03-31,2026-04-01,Rooms Occupied minus House Use,147,4435,11524
demo-centro,2026-03-31,2026-04-01,Room Revenue,25403.45,761859.27,1957916.57
demo-centro,2026-03-31,2026-04-01,Total Revenue,32497.08,972253.01,2504635.35
demo-centro,2026-03-31,2026-04-01,Food And Beverage Revenue,6331.53,187537.96,487981.28
demo-centro,2026-03-31,2026-04-01,Other Revenue,762.1,0,0
demo-costa,2026-03-31,2026-04-01,Total Rooms in Hotel,140,4340,12600
demo-costa,2026-03-31,2026-04-01,Rooms Occupied minus House Use,102,3107,10969
demo-costa,2026-03-31,2026-04-01,Room Revenue,16290.86,503880.9,1857923.0
demo-costa,2026-03-31,2026-04-01,Total Revenue,21497.19,648612.16,2374153.41
demo-costa,2026-03-31,2026-04-01,Food And Beverage Revenue,4717.6,129614.83,460492.72
demo-costa,2026-03-31,2026-04-01,Other Revenue,488.73,0,0
demo-centro,2026-04-01,2026-04-02,Total Rooms in Hotel,220,220,20020
demo-centro,2026-04-01,2026-04-02,Rooms Occupied minus House Use,145,145,11669
demo-centro,2026-04-01,2026-04-02,Room Revenue,23906.99,23906.99,1981823.55
demo-centro,2026-04-01,2026-04-02,Total Revenue,30920.01,30920.01,2535555.35
demo-centro,2026-04-01,2026-04-02,Food And Beverage Revenue,6295.81,6295.81,494277.09
demo-centro,2026-04-01,2026-04-02,Other Revenue,717.21,0,0
demo-costa,2026-04-01,2026-04-02,Total Rooms in Hotel,140,140,12740
demo-costa,2026-04-01,2026-04-02,Rooms Occupied minus House Use,83,83,11052
demo-costa,2026-04-01,2026-04-02,Room Revenue,13616.06,13616.06,1871539.06
demo-costa,2026-04-01,2026-04-02,Total Revenue,17381.75,17381.75,2391535.15
demo-costa,2026-04-01,2026-04-02,Food And Beverage Revenue,3357.21,3357.21,463849.92
demo-costa,2026-04-01,2026-04-02,Other Revenue,408.48,0,0
demo-centro,2026-04-02,2026-04-03,Total Rooms in Hotel,220,440,20240
demo-centro,2026-04-02,2026-04-03,Rooms Occupied minus House Use,143,288,11812
demo-centro,2026-04-02,2026-04-03,Room Revenue,24117.31,48024.3,2005940.86
demo-centro,2026-04-02,2026-04-03,Total Revenue,31664.18,62584.19,2567219.53
demo-centro,2026-04-02,2026-04-03,Food And Beverage Revenue,6823.35,13119.16,501100.44
demo-centro,2026-04-02,2026-04-03,Other Revenue,723.52,0,0
demo-costa,2026-04-02,2026-04-03,Total Rooms in Hotel,140,280,12880
demo-costa,2026-04-02,2026-04-03,Rooms Occupied minus House Use,77,160,11129
demo-costa,2026-04-02,2026-04-03,Room Revenue,12669.55,26285.61,1884208.61
demo-costa,2026-04-02,2026-04-03,Total Revenue,16135.35,33517.1,2407670.51
demo-costa,2026-04-02,2026-04-03,Food And Beverage Revenue,3085.72,6442.92,466935.64
demo-costa,2026-04-02,2026-04-03,Other Revenue,380.09,0,0
demo-centro,2026-04-03,2026-04-04,Total Rooms in Hotel,220,660,20460
demo-centro,2026-04-03,2026-04-04,Rooms Occupied minus House Use,163,451,11975
demo-centro,2026-04-03,2026-04-04,Room Revenue,28114.28,76138.57,2034055.14
demo-centro,2026-04-03,2026-04-04,Total Revenue,34673.44,97257.63,2601892.97
demo-centro,2026-04-03,2026-04-04,Food And Beverage Revenue,5715.74,18834.9,506816.18
demo-centro,2026-04-03,2026-04-04,Other Revenue,843.43,0,0
demo-costa,2026-04-03,2026-04-04,Total Rooms in Hotel,140,420,13020
demo-costa,2026-04-03,2026-04-04,Rooms Occupied minus House Use,93,253,11222
demo-costa,2026-04-03,2026-04-04,Room Revenue,15175.65,41461.26,1899384.26
demo-costa,2026-04-03,2026-04-04,Total Revenue,18977.87,52494.97,2426648.38
demo-costa,2026-04-03,2026-04-04,Food And Beverage Revenue,3346.96,9789.88,470282.6
demo-costa,2026-04-03,2026-04-04,Other Revenue,455.27,0,0
demo-centro,2026-04-04,2026-04-05,Total Rooms in Hotel,220,880,20680
demo-centro,2026-04-04,2026-04-05,Rooms Occupied minus House Use,167,618,12142
demo-centro,2026-04-04,2026-04-05,Room Revenue,28644.95,104783.52,2062700.09
demo-centro,2026-04-04,2026-04-05,Total Revenue,36189.63,133447.26,2638082.6
demo-centro,2026-04-04,2026-04-05,Food And Beverage Revenue,6685.33,25520.23,513501.51
demo-centro,2026-04-04,2026-04-05,Other Revenue,859.35,0,0
demo-costa,2026-04-04,2026-04-05,Total Rooms in Hotel,140,560,13160
demo-costa,2026-04-04,2026-04-05,Rooms Occupied minus House Use,90,343,11312
demo-costa,2026-04-04,2026-04-05,Room Revenue,14880.25,56341.51,1914264.51
demo-costa,2026-04-04,2026-04-05,Total Revenue,18947.96,71442.93,2445596.34
demo-costa,2026-04-04,2026-04-05,Food And Beverage Revenue,3621.29,13411.17,473903.89
demo-costa,2026-04-04,2026-04-05,Other Revenue,446.41,0,0
demo-centro,2026-04-05,2026-04-06,Total Rooms in Hotel,220,1100,20900
demo-centro,2026-04-05,2026-04-06,Rooms Occupied minus House Use,123,741,12265
demo-centro,2026-04-05,2026-04-06,Room Revenue,20214.65,124998.17,2082914.74
demo-centro,2026-04-05,2026-04-06,Total Revenue,25231.54,158678.8,2663314.15
demo-centro,2026-04-05,2026-04-06,Food And Beverage Revenue,4410.46,29930.69,517911.97
demo-centro,2026-04-05,2026-04-06,Other Revenue,606.44,0,0
demo-costa,2026-04-05,2026-04-06,Total Rooms in Hotel,140,700,13300
demo-costa,2026-04-05,2026-04-06,Rooms Occupied minus House Use,68,411,11380
demo-costa,2026-04-05,2026-04-06,Room Revenue,10300.02,66641.52,1924564.53
demo-costa,2026-04-05,2026-04-06,Total Revenue,12985.5,84428.43,2458581.84
demo-costa,2026-04-05,2026-04-06,Food And Beverage Revenue,2376.49,15787.66,476280.38
demo-costa,2026-04-05,2026-04-06,Other Revenue,309.0,0,0
demo-centro,2026-04-06,2026-04-07,Total Rooms in Hotel,220,1320,21120
demo-centro,2026-04-06,2026-04-07,Rooms Occupied minus House Use,146,887,12411
demo-centro,2026-04-06,2026-04-07,Room Revenue,25437.34,150435.51,2108352.08
demo-centro,2026-04-06,2026-04-07,Total Revenue,32343.41,191022.21,2695657.55
demo-centro,2026-04-06,2026-04-07,Food And Beverage Revenue,6142.95,36073.63,524054.92
demo-centro,2026-04-06,2026-04-07,Other Revenue,763.12,0,0
demo-costa,2026-04-06,2026-04-07,Total Rooms in Hotel,140,840,13440
demo-costa,2026-04-06,2026-04-07,Rooms Occupied minus House Use,86,497,11466
demo-costa,2026-04-06,2026-04-07,Room Revenue,13526.76,80168.28,1938091.28
demo-costa,2026-04-06,2026-04-07,Total Revenue,16975.61,101404.04,2475557.45
demo-costa,2026-04-06,2026-04-07,Food And Beverage Revenue,3043.05,18830.71,479323.43
demo-costa,2026-04-06,2026-04-07,Other Revenue,405.8,0,0
demo-centro,2026-04-07,2026-04-08,Total Rooms in Hotel,220,1540,21340
demo-centro,2026-04-07,2026-04-08,Rooms Occupied minus House Use,154,1041,12565
demo-centro,2026-04-07,2026-04-08,Room Revenue,25402.62,175838.13,2133754.7
demo-centro,2026-04-07,2026-04-08,Total Revenue,31948.09,222970.3,2727605.64
demo-centro,2026-04-07,2026-04-08,Food And Beverage Revenue,5783.39,41857.02,529838.3
demo-centro,2026-04-07,2026-04-08,Other Revenue,762.08,0,0
demo-costa,2026-04-07,2026-04-08,Total Rooms in Hotel,140,980,13580
demo-costa,2026-04-07,2026-04-08,Rooms Occupied minus House Use,86,583,11552
demo-costa,2026-04-07,2026-04-08,Room Revenue,14041.42,94209.71,1952132.71
demo-costa,2026-04-07,2026-04-08,Total Revenue,17720.95,119125.0,2493278.4
demo-costa,2026-04-07,2026-04-08,Food And Beverage Revenue,3258.29,22089.0,482581.72
demo-costa,2026-04-07,2026-04-08,Other Revenue,421.24,0,0
demo-centro,2026-04-08,2026-04-09,Total Rooms in Hotel,220,1760,21560
demo-centro,2026-04-08,2026-04-09,Rooms Occupied minus House Use,139,1180,12704
demo-centro,2026-04-08,2026-04-09,Room Revenue,23156.25,198994.39,2156910.95
demo-centro,2026-04-08,2026-04-09,Total Revenue,28679.29,251649.58,2756284.93
demo-centro,2026-04-08,2026-04-09,Food And Beverage Revenue,4828.35,46685.37,534666.65
demo-centro,2026-04-08,2026-04-09,Other Revenue,694.69,0,0
demo-costa,2026-04-08,2026-04-09,Total Rooms in Hotel,140,1120,13720
demo-costa,2026-04-08,2026-04-09,Rooms Occupied minus House Use,89,672,11641
demo-costa,2026-04-08,2026-04-09,Room Revenue,14726.22,108935.93,1966858.93
demo-costa,2026-04-08,2026-04-09,Total Revenue,18907.65,138032.64,2512186.05
demo-costa,2026-04-08,2026-04-09,Food And Beverage Revenue,3739.64,25828.64,486321.36
demo-costa,2026-04-08,2026-04-09,Other Revenue,441.79,0,0
demo-centro,2026-04-09,2026-04-10,Total Rooms in Hotel,220,1980,21780
demo-centro,2026-04-09,2026-04-10,Rooms Occupied minus House Use,142,1322,12846
demo-centro,2026-04-09,2026-04-10,Room Revenue,25543.68,224538.07,2182454.63
demo-centro,2026-04-09,2026-04-10,Total Revenue,31873.19,283522.78,2788158.12
demo-centro,2026-04-09,2026-04-10,Food And Beverage Revenue,5563.2,52248.57,540229.85
demo-centro,2026-04-09,2026-04-10,Other Revenue,766.31,0,0
demo-costa,2026-04-09,2026-04-10,Total Rooms in Hotel,140,1260,13860
demo-costa,2026-04-09,2026-04-10,Rooms Occupied minus House Use,95,767,11736
demo-costa,2026-04-09,2026-04-10,Room Revenue,15699.12,124635.05,1982558.05
demo-costa,2026-04-09,2026-04-10,Total Revenue,19709.02,157741.66,2531895.07
demo-costa,2026-04-09,2026-04-10,Food And Beverage Revenue,3538.93,29367.57,489860.28
demo-costa,2026-04-09,2026-04-10,Other Revenue,470.97,0,0
demo-centro,2026-04-10,2026-04-11,Total Rooms in Hotel,220,2200,22000
demo-centro,2026-04-10,2026-04-11,Rooms Occupied minus House Use,162,1484,13008
demo-centro,2026-04-10,2026-04-11,Room Revenue,27424.61,251962.67,2209879.24
demo-centro,2026-04-10,2026-04-11,Total Revenue,35764.01,319286.79,2823922.13
demo-centro,2026-04-10,2026-04-11,Food And Beverage Revenue,7516.66,59765.23,547746.51
demo-centro,2026-04-10,2026-04-11,Other Revenue,822.74,0,0
demo-costa,2026-04-10,2026-04-11,Total Rooms in Hotel,140,1400,14000
demo-costa,2026-04-10,2026-04-11,Rooms Occupied minus House Use,73,840,11809
demo-costa,2026-04-10,2026-04-11,Room Revenue,11150.84,135785.88,1993708.89
demo-costa,2026-04-10,2026-04-11,Total Revenue,14154.22,171895.89,2546049.29
demo-costa,2026-04-10,2026-04-11,Food And Beverage Revenue,2668.86,32036.42,492529.14
demo-costa,2026-04-10,2026-04-11,Other Revenue,334.53,0,0
demo-centro,2026-04-11,2026-04-12,Total Rooms in Hotel,220,2420,22220
demo-centro,2026-04-11,2026-04-12,Rooms Occupied minus House Use,171,1655,13179
demo-centro,2026-04-11,2026-04-12,Room Revenue,28102.03,280064.7,2237981.27
demo-centro,2026-04-11,2026-04-12,Total Revenue,35960.06,355246.84,2859882.19
demo-centro,2026-04-11,2026-04-12,Food And Beverage Revenue,7014.97,66780.2,554761.49
demo-centro,2026-04-11,2026-04-12,Other Revenue,843.06,0,0
demo-costa,2026-04-11,2026-04-12,Total Rooms in Hotel,140,1540,14140
demo-costa,2026-04-11,2026-04-12,Rooms Occupied minus House Use,90,930,11899
demo-costa,2026-04-11,2026-04-12,Room Revenue,13581.01,149366.9,2007289.9
demo-costa,2026-04-11,2026-04-12,Total Revenue,17794.92,189690.81,2563844.21
demo-costa,2026-04-11,2026-04-12,Food And Beverage Revenue,3806.48,35842.9,496335.62
demo-costa,2026-04-11,2026-04-12,Other Revenue,407.43,0,0
demo-centro,2026-04-12,2026-04-13,Total Rooms in Hotel,220,2640,22440
demo-centro,2026-04-12,2026-04-13,Rooms Occupied minus House Use,141,1796,13320
demo-centro,2026-04-12,2026-04-13,Room Revenue,25284.76,305349.46,2263266.03
demo-centro,2026-04-12,2026-04-13,Total Revenue,31230.94,386477.78,2891113.13
demo-centro,2026-04-12,2026-04-13,Food And Beverage Revenue,5187.64,71967.84,559949.12
demo-centro,2026-04-12,2026-04-13,Other Revenue,758.54,0,0
demo-costa,2026-04-12,2026-04-13,Total Rooms in Hotel,140,1680,14280
demo-costa,2026-04-12,2026-04-13,Rooms Occupied minus House Use,79,1009,11978
demo-costa,2026-04-12,2026-04-13,Room Revenue,12685.42,162052.32,2019975.32
demo-costa,2026-04-12,2026-04-13,Total Revenue,16308.4,205999.2,2580152.61
demo-costa,2026-04-12,2026-04-13,Food And Beverage Revenue,3242.41,39085.31,499578.03
demo-costa,2026-04-12,2026-04-13,Other Revenue,380.56,0,0
demo-centro,2026-04-13,2026-04-14,Total Rooms in Hotel,220,2860,22660
demo-centro,2026-04-13,2026-04-14,Rooms Occupied minus House Use,142,1938,13462
demo-centro,2026-04-13,2026-04-14,Room Revenue,23931.41,329280.87,2287197.43
demo-centro,2026-04-13,2026-04-14,Total Revenue,31484.87,417962.66,2922598.0
demo-centro,2026-04-13,2026-04-14,Food And Beverage Revenue,6835.53,78803.37,566784.65
demo-centro,2026-04-13,2026-04-14,Other Revenue,717.94,0,0
demo-costa,2026-04-13,2026-04-14,Total Rooms in Hotel,140,1820,14420
demo-costa,2026-04-13,2026-04-14,Rooms Occupied minus House Use,79,1088,12057
demo-costa,2026-04-13,2026-04-14,Room Revenue,12368.74,174421.06,2032344.06
demo-costa,2026-04-13,2026-04-14,Total Revenue,15717.03,221716.23,2595869.64
demo-costa,2026-04-13,2026-04-14,Food And Beverage Revenue,2977.23,42062.54,502555.25
demo-costa,2026-04-13,2026-04-14,Other Revenue,371.06,0,0
demo-centro,2026-04-14,2026-04-15,Total Rooms in Hotel,220,3080,22880
demo-centro,2026-04-14,2026-04-15,Rooms Occupied minus House Use,141,2079,13603
demo-centro,2026-04-14,2026-04-15,Room Revenue,23439.89,352720.76,2310637.32
demo-centro,2026-04-14,2026-04-15,Total Revenue,29444.35,447407.01,2952042.36
demo-centro,2026-04-14,2026-04-15,Food And Beverage Revenue,5301.27,84104.63,572085.92
demo-centro,2026-04-14,2026-04-15,Other Revenue,703.2,0,0
demo-costa,2026-04-14,2026-04-15,Total Rooms in Hotel,140,1960,14560
demo-costa,2026-04-14,2026-04-15,Rooms Occupied minus House Use,79,1167,12136
demo-costa,2026-04-14,2026-04-15,Room Revenue,12347.76,186768.81,2044691.81
demo-costa,2026-04-14,2026-04-15,Total Revenue,15597.15,237313.38,2611466.78
demo-costa,2026-04-14,2026-04-15,Food And Beverage Revenue,2878.96,44941.5,505434.22
demo-costa,2026-04-14,2026-04-15,Other Revenue,370.43,0,0
demo-centro,2026-04-15,2026-04-16,Total Rooms in Hotel,220,3300,23100
demo-centro,2026-04-15,2026-04-16,Rooms Occupied minus House Use,149,2228,13752
demo-centro,2026-04-15,2026-04-16,Room Revenue,25091.0,377811.75,2335728.32
demo-centro,2026-04-15,2026-04-16,Total Revenue,31062.07,478469.08,2983104.43
demo-centro,2026-04-15,2026-04-16,Food And Beverage Revenue,5218.35,89322.98,577304.26
demo-centro,2026-04-15,2026-04-16,Other Revenue,752.73,0,0
demo-costa,2026-04-15,2026-04-16,Total Rooms in Hotel,140,2100,14700
demo-costa,2026-04-15,2026-04-16,Rooms Occupied minus House Use,78,1245,12214
demo-costa,2026-04-15,2026-04-16,Room Revenue,11767.59,198536.4,2056459.4
demo-costa,2026-04-15,2026-04-16,Total Revenue,14779.39,252092.77,2626246.18
demo-costa,2026-04-15,2026-04-16,Food And Beverage Revenue,2658.78,47600.28,508092.99
demo-costa,2026-04-15,2026-04-16,Other Revenue,353.03,0,0
demo-centro,2026-04-16,2026-04-17,Total Rooms in Hotel,220,3520,23320
demo-centro,2026-04-16,2026-04-17,Rooms Occupied minus House Use,137,2365,13889
demo-centro,2026-04-16,2026-04-17,Room Revenue,23455.56,401267.31,2359183.87
demo-centro,2026-04-16,2026-04-17,Total Revenue,29053.31,507522.4,3012157.74
demo-centro,2026-04-16,2026-04-17,Food And Beverage Revenue,4894.09,94217.07,582198.35
demo-centro,2026-04-16,2026-04-17,Other Revenue,703.67,0,0
demo-costa,2026-04-16,2026-04-17,Total Rooms in Hotel,140,2240,14840
demo-costa,2026-04-16,2026-04-17,Rooms Occupied minus House Use,86,1331,12300
demo-costa,2026-04-16,2026-04-17,Room Revenue,13338.55,211874.95,2069797.95
demo-costa,2026-04-16,2026-04-17,Total Revenue,16972.16,269064.93,2643218.34
demo-costa,2026-04-16,2026-04-17,Food And Beverage Revenue,3233.46,50833.74,511326.45
demo-costa,2026-04-16,2026-04-17,Other Revenue,400.16,0,0
demo-centro,2026-04-17,2026-04-18,Total Rooms in Hotel,220,3740,23540
demo-centro,2026-04-17,2026-04-18,Rooms Occupied minus House Use,177,2542,14066
demo-centro,2026-04-17,2026-04-18,Room Revenue,31922.19,433189.5,2391106.07
demo-centro,2026-04-17,2026-04-18,Total Revenue,41842.11,549364.5,3053999.85
demo-centro,2026-04-17,2026-04-18,Food And Beverage Revenue,8962.25,103179.32,591160.6
demo-centro,2026-04-17,2026-04-18,Other Revenue,957.67,0,0
demo-costa,2026-04-17,2026-04-18,Total Rooms in Hotel,140,2380,14980
demo-costa,2026-04-17,2026-04-18,Rooms Occupied minus House Use,111,1442,12411
demo-costa,2026-04-17,2026-04-18,Room Revenue,18153.74,230028.69,2087951.69
demo-costa,2026-04-17,2026-04-18,Total Revenue,23858.67,292923.6,2667077.01
demo-costa,2026-04-17,2026-04-18,Food And Beverage Revenue,5160.32,55994.05,516486.77
demo-costa,2026-04-17,2026-04-18,Other Revenue,544.61,0,0
demo-centro,2026-04-18,2026-04-19,Total Rooms in Hotel,220,3960,23760
demo-centro,2026-04-18,2026-04-19,Rooms Occupied minus House Use,179,2721,14245
demo-centro,2026-04-18,2026-04-19,Room Revenue,29438.73,462628.23,2420544.8
demo-centro,2026-04-18,2026-04-19,Total Revenue,37247.3,586611.8,3091247.14
demo-centro,2026-04-18,2026-04-19,Food And Beverage Revenue,6925.4,110104.72,598086.0
demo-centro,2026-04-18,2026-04-19,Other Revenue,883.16,0,0
demo-costa,2026-04-18,2026-04-19,Total Rooms in Hotel,140,2520,15120
demo-costa,2026-04-18,2026-04-19,Rooms Occupied minus House Use,89,1531,12500
demo-costa,2026-04-18,2026-04-19,Room Revenue,14241.96,244270.65,2102193.65
demo-costa,2026-04-18,2026-04-19,Total Revenue,17631.14,310554.74,2684708.15
demo-costa,2026-04-18,2026-04-19,Food And Beverage Revenue,2961.92,58955.98,519448.69
demo-costa,2026-04-18,2026-04-19,Other Revenue,427.26,0,0
demo-centro,2026-04-19,2026-04-20,Total Rooms in Hotel,220,4180,23980
demo-centro,2026-04-19,2026-04-20,Rooms Occupied minus House Use,116,2837,14361
demo-centro,2026-04-19,2026-04-20,Room Revenue,19515.77,482144.01,2440060.57
demo-centro,2026-04-19,2026-04-20,Total Revenue,25372.99,611984.79,3116620.14
demo-centro,2026-04-19,2026-04-20,Food And Beverage Revenue,5271.75,115376.46,603357.75
demo-centro,2026-04-19,2026-04-20,Other Revenue,585.47,0,0
demo-costa,2026-04-19,2026-04-20,Total Rooms in Hotel,140,2660,15260
demo-costa,2026-04-19,2026-04-20,Rooms Occupied minus House Use,81,1612,12581
demo-costa,2026-04-19,2026-04-20,Room Revenue,12574.27,256844.91,2114767.91
demo-costa,2026-04-19,2026-04-20,Total Revenue,15908.2,326462.94,2700616.35
demo-costa,2026-04-19,2026-04-20,Food And Beverage Revenue,2956.7,61912.68,522405.4
demo-costa,2026-04-19,2026-04-20,Other Revenue,377.23,0,0
demo-centro,2026-04-20,2026-04-21,Total Rooms in Hotel,220,4400,24200
demo-centro,2026-04-20,2026-04-21,Rooms Occupied minus House Use,167,3004,14528
demo-centro,2026-04-20,2026-04-21,Room Revenue,29620.44,511764.45,2469681.02
demo-centro,2026-04-20,2026-04-21,Total Revenue,37952.49,649937.28,3154572.63
demo-centro,2026-04-20,2026-04-21,Food And Beverage Revenue,7443.43,122819.9,610801.18
demo-centro,2026-04-20,2026-04-21,Other Revenue,888.61,0,0
demo-costa,2026-04-20,2026-04-21,Total Rooms in Hotel,140,2800,15400
demo-costa,2026-04-20,2026-04-21,Rooms Occupied minus House Use,87,1699,12668
demo-costa,2026-04-20,2026-04-21,Room Revenue,13137.23,269982.14,2127905.14
demo-costa,2026-04-20,2026-04-21,Total Revenue,16431.96,342894.91,2717048.31
demo-costa,2026-04-20,2026-04-21,Food And Beverage Revenue,2900.62,64813.3,525306.02
demo-costa,2026-04-20,2026-04-21,Other Revenue,394.12,0,0
demo-centro,2026-04-21,2026-04-22,Total Rooms in Hotel,220,4620,24420
demo-centro,2026-04-21,2026-04-22,Rooms Occupied minus House Use,152,3156,14680
demo-centro,2026-04-21,2026-04-22,Room Revenue,25928.88,537693.33,2495609.9
demo-centro,2026-04-21,2026-04-22,Total Revenue,32742.04,682679.33,3187314.67
demo-centro,2026-04-21,2026-04-22,Food And Beverage Revenue,6035.3,128855.19,616836.48
demo-centro,2026-04-21,2026-04-22,Other Revenue,777.87,0,0
demo-costa,2026-04-21,2026-04-22,Total Rooms in Hotel,140,2940,15540
demo-costa,2026-04-21,2026-04-22,Rooms Occupied minus House Use,92,1791,12760
demo-costa,2026-04-21,2026-04-22,Room Revenue,14049.59,284031.73,2141954.73
demo-costa,2026-04-21,2026-04-22,Total Revenue,17451.18,360346.09,2734499.49
demo-costa,2026-04-21,2026-04-22,Food And Beverage Revenue,2980.1,67793.4,528286.12
demo-costa,2026-04-21,2026-04-22,Other Revenue,421.49,0,0
demo-centro,2026-04-22,2026-04-23,Total Rooms in Hotel,220,4840,24640
demo-centro,2026-04-22,2026-04-23,Rooms Occupied minus House Use,154,3310,14834
demo-centro,2026-04-22,2026-04-23,Room Revenue,27159.47,564852.81,2522769.37
demo-centro,2026-04-22,2026-04-23,Total Revenue,34960.42,717639.75,3222275.09
demo-centro,2026-04-22,2026-04-23,Food And Beverage Revenue,6986.16,135841.35,623822.64
demo-centro,2026-04-22,2026-04-23,Other Revenue,814.78,0,0
demo-costa,2026-04-22,2026-04-23,Total Rooms in Hotel,140,3080,15680
demo-costa,2026-04-22,2026-04-23,Rooms Occupied minus House Use,74,1865,12834
demo-costa,2026-04-22,2026-04-23,Room Revenue,12054.83,296086.56,2154009.56
demo-costa,2026-04-22,2026-04-23,Total Revenue,15383.45,375729.53,2749882.94
demo-costa,2026-04-22,2026-04-23,Food And Beverage Revenue,2966.97,70760.37,531253.09
demo-costa,2026-04-22,2026-04-23,Other Revenue,361.64,0,0
demo-centro,2026-04-23,2026-04-24,Total Rooms in Hotel,220,5060,24860
demo-centro,2026-04-23,2026-04-24,Rooms Occupied minus House Use,145,3455,14979
demo-centro,2026-04-23,2026-04-24,Room Revenue,24108.16,588960.97,2546877.54
demo-centro,2026-04-23,2026-04-24,Total Revenue,30025.34,747665.08,3252300.43
demo-centro,2026-04-23,2026-04-24,Food And Beverage Revenue,5193.93,141035.28,629016.57
demo-centro,2026-04-23,2026-04-24,Other Revenue,723.24,0,0
demo-costa,2026-04-23,2026-04-24,Total Rooms in Hotel,140,3220,15820
demo-costa,2026-04-23,2026-04-24,Rooms Occupied minus House Use,71,1936,12905
demo-costa,2026-04-23,2026-04-24,Room Revenue,10844.51,306931.08,2164854.08
demo-costa,2026-04-23,2026-04-24,Total Revenue,13886.52,389616.05,2763769.46
demo-costa,2026-04-23,2026-04-24,Food And Beverage Revenue,2716.67,73477.04,533969.76
demo-costa,2026-04-23,2026-04-24,Other Revenue,325.34,0,0
demo-centro,2026-04-24,2026-04-25,Total Rooms in Hotel,220,5280,25080
demo-centro,2026-04-24,2026-04-25,Rooms Occupied minus House Use,157,3612,15136
demo-centro,2026-04-24,2026-04-25,Room Revenue,27884.33,616845.3,2574761.86
demo-centro,2026-04-24,2026-04-25,Total Revenue,35829.67,783494.75,3288130.1
demo-centro,2026-04-24,2026-04-25,Food And Beverage Revenue,7108.81,148144.1,636125.38
demo-centro,2026-04-24,2026-04-25,Other Revenue,836.53,0,0
demo-costa,2026-04-24,2026-04-25,Total Rooms in Hotel,140,3360,15960
demo-costa,2026-04-24,2026-04-25,Rooms Occupied minus House Use,89,2025,12994
demo-costa,2026-04-24,2026-04-25,Room Revenue,13446.25,320377.33,2178300.33
demo-costa,2026-04-24,2026-04-25,Total Revenue,16795.1,406411.15,2780564.56
demo-costa,2026-04-24,2026-04-25,Food And Beverage Revenue,2945.46,76422.5,536915.22
demo-costa,2026-04-24,2026-04-25,Other Revenue,403.39,0,0
demo-centro,2026-04-25,2026-04-26,Total Rooms in Hotel,220,5500,25300
demo-centro,2026-04-25,2026-04-26,Rooms Occupied minus House Use,173,3785,15309
demo-centro,2026-04-25,2026-04-26,Room Revenue,29435.0,646280.29,2604196.86
demo-centro,2026-04-25,2026-04-26,Total Revenue,38991.02,822485.78,3327121.12
demo-centro,2026-04-25,2026-04-26,Food And Beverage Revenue,8672.98,156817.07,644798.36
demo-centro,2026-04-25,2026-04-26,Other Revenue,883.05,0,0
demo-costa,2026-04-25,2026-04-26,Total Rooms in Hotel,140,3500,16100
demo-costa,2026-04-25,2026-04-26,Rooms Occupied minus House Use,87,2112,13081
demo-costa,2026-04-25,2026-04-26,Room Revenue,14248.25,334625.58,2192548.58
demo-costa,2026-04-25,2026-04-26,Total Revenue,18683.11,425094.26,2799247.66
demo-costa,2026-04-25,2026-04-26,Food And Beverage Revenue,4007.41,80429.91,540922.63
demo-costa,2026-04-25,2026-04-26,Other Revenue,427.45,0,0
demo-centro,2026-04-26,2026-04-27,Total Rooms in Hotel,220,5720,25520
demo-centro,2026-04-26,2026-04-27,Rooms Occupied minus House Use,156,3941,15465
demo-centro,2026-04-26,2026-04-27,Room Revenue,27182.81,673463.1,2631379.67
demo-centro,2026-04-26,2026-04-27,Total Revenue,33597.09,856082.87,3360718.21
demo-centro,2026-04-26,2026-04-27,Food And Beverage Revenue,5598.8,162415.87,650397.16
demo-centro,2026-04-26,2026-04-27,Other Revenue,815.48,0,0
demo-costa,2026-04-26,2026-04-27,Total Rooms in Hotel,140,3640,16240
demo-costa,2026-04-26,2026-04-27,Rooms Occupied minus House Use,62,2174,13143
demo-costa,2026-04-26,2026-04-27,Room Revenue,9684.22,344309.8,2202232.8
demo-costa,2026-04-26,2026-04-27,Total Revenue,12154.55,437248.81,2811402.22
demo-costa,2026-04-26,2026-04-27,Food And Beverage Revenue,2179.81,82609.72,543102.43
demo-costa,2026-04-26,2026-04-27,Other Revenue,290.53,0,0
demo-centro,2026-04-27,2026-04-28,Total Rooms in Hotel,220,5940,25740
demo-centro,2026-04-27,2026-04-28,Rooms Occupied minus House Use,152,4093,15617
demo-centro,2026-04-27,2026-04-28,Room Revenue,25680.25,699143.35,2657059.92
demo-centro,2026-04-27,2026-04-28,Total Revenue,32937.11,889019.98,3393655.33
demo-centro,2026-04-27,2026-04-28,Food And Beverage Revenue,6486.45,168902.33,656883.61
demo-centro,2026-04-27,2026-04-28,Other Revenue,770.41,0,0
demo-costa,2026-04-27,2026-04-28,Total Rooms in Hotel,140,3780,16380
demo-costa,2026-04-27,2026-04-28,Rooms Occupied minus House Use,80,2254,13223
demo-costa,2026-04-27,2026-04-28,Room Revenue,13071.66,357381.46,2215304.46
demo-costa,2026-04-27,2026-04-28,Total Revenue,16996.07,454244.88,2828398.28
demo-costa,2026-04-27,2026-04-28,Food And Beverage Revenue,3532.25,86141.97,546634.69
demo-costa,2026-04-27,2026-04-28,Other Revenue,392.15,0,0
demo-centro,2026-04-28,2026-04-29,Total Rooms in Hotel,220,6160,25960
demo-centro,2026-04-28,2026-04-29,Rooms Occupied minus House Use,154,4247,15771
demo-centro,2026-04-28,2026-04-29,Room Revenue,25412.99,724556.35,2682472.91
demo-centro,2026-04-28,2026-04-29,Total Revenue,32279.23,921299.21,3425934.55
demo-centro,2026-04-28,2026-04-29,Food And Beverage Revenue,6103.84,175006.17,662987.45
demo-centro,2026-04-28,2026-04-29,Other Revenue,762.39,0,0
demo-costa,2026-04-28,2026-04-29,Total Rooms in Hotel,140,3920,16520
demo-costa,2026-04-28,2026-04-29,Rooms Occupied minus House Use,80,2334,13303
demo-costa,2026-04-28,2026-04-29,Room Revenue,12983.86,370365.32,2228288.33
demo-costa,2026-04-28,2026-04-29,Total Revenue,15985.61,470230.49,2844383.89
demo-costa,2026-04-28,2026-04-29,Food And Beverage Revenue,2612.23,88754.2,549246.92
demo-costa,2026-04-28,2026-04-29,Other Revenue,389.52,0,0
demo-centro,2026-04-29,2026-04-30,Total Rooms in Hotel,220,6380,26180
demo-centro,2026-04-29,2026-04-30,Rooms Occupied minus House Use,147,4394,15918
demo-centro,2026-04-29,2026-04-30,Room Revenue,25793.86,750350.21,2708266.77
demo-centro,2026-04-29,2026-04-30,Total Revenue,34176.57,955475.77,3460111.12
demo-centro,2026-04-29,2026-04-30,Food And Beverage Revenue,7608.89,182615.06,670596.35
demo-centro,2026-04-29,2026-04-30,Other Revenue,773.82,0,0
demo-costa,2026-04-29,2026-04-30,Total Rooms in Hotel,140,4060,16660
demo-costa,2026-04-29,2026-04-30,Rooms Occupied minus House Use,88,2422,13391
demo-costa,2026-04-29,2026-04-30,Room Revenue,14565.16,384930.48,2242853.48
demo-costa,2026-04-29,2026-04-30,Total Revenue,18962.48,489192.97,2863346.38
demo-costa,2026-04-29,2026-04-30,Food And Beverage Revenue,3960.37,92714.57,553207.29
demo-costa,2026-04-29,2026-04-30,Other Revenue,436.95,0,0
demo-centro,2026-04-30,2026-05-01,Total Rooms in Hotel,220,6600,26400
demo-centro,2026-04-30,2026-05-01,Rooms Occupied minus House Use,152,4546,16070
demo-centro,2026-04-30,2026-05-01,Room Revenue,27560.19,777910.4,2735826.97
demo-centro,2026-04-30,2026-05-01,Total Revenue,36526.57,992002.34,3496637.69
demo-centro,2026-04-30,2026-05-01,Food And Beverage Revenue,8139.57,190754.63,678735.91
demo-centro,2026-04-30,2026-05-01,Other Revenue,826.81,0,0
demo-costa,2026-04-30,2026-05-01,Total Rooms in Hotel,140,4200,16800
demo-costa,2026-04-30,2026-05-01,Rooms Occupied minus House Use,71,2493,13462
demo-costa,2026-04-30,2026-05-01,Room Revenue,10771.62,395702.11,2253625.11
demo-costa,2026-04-30,2026-05-01,Total Revenue,13774.35,502967.32,2877120.73
demo-costa,2026-04-30,2026-05-01,Food And Beverage Revenue,2679.58,95394.15,555886.87
demo-costa,2026-04-30,2026-05-01,Other Revenue,323.15,0,0
demo-centro,2026-05-01,2026-05-02,Total Rooms in Hotel,220,220,26620
demo-centro,2026-05-01,2026-05-02,Rooms Occupied minus House Use,155,155,16225
demo-centro,2026-05-01,2026-05-02,Room Revenue,27300.49,27300.49,2763127.46
demo-centro,2026-05-01,2026-05-02,Total Revenue,34477.54,34477.54,3531115.22
demo-centro,2026-05-01,2026-05-02,Food And Beverage Revenue,6358.03,6358.03,685093.94
demo-centro,2026-05-01,2026-05-02,Other Revenue,819.01,0,0
demo-costa,2026-05-01,2026-05-02,Total Rooms in Hotel,140,140,16940
demo-costa,2026-05-01,2026-05-02,Rooms Occupied minus House Use,72,72,13534
demo-costa,2026-05-01,2026-05-02,Room Revenue,11463.38,11463.38,2265088.48
demo-costa,2026-05-01,2026-05-02,Total Revenue,14307.07,14307.07,2891427.8
demo-costa,2026-05-01,2026-05-02,Food And Beverage Revenue,2499.79,2499.79,558386.66
demo-costa,2026-05-01,2026-05-02,Other Revenue,343.9,0,0
demo-centro,2026-05-02,2026-05-03,Total Rooms in Hotel,220,440,26840
demo-centro,2026-05-02,2026-05-03,Rooms Occupied minus House Use,183,338,16408
demo-centro,2026-05-02,2026-05-03,Room Revenue,33080.87,60381.36,2796208.33
demo-centro,2026-05-02,2026-05-03,Total Revenue,41107.06,75584.6,3572222.29
demo-centro,2026-05-02,2026-05-03,Food And Beverage Revenue,7033.77,13391.8,692127.71
demo-centro,2026-05-02,2026-05-03,Other Revenue,992.43,0,0
demo-costa,2026-05-02,2026-05-03,Total Rooms in Hotel,140,280,17080
demo-costa,2026-05-02,2026-05-03,Rooms Occupied minus House Use,73,145,13607
demo-costa,2026-05-02,2026-05-03,Room Revenue,11045.47,22508.85,2276133.96
demo-costa,2026-05-02,2026-05-03,Total Revenue,14583.81,28890.88,2906011.6
demo-costa,2026-05-02,2026-05-03,Food And Beverage Revenue,3206.97,5706.76,561593.63
demo-costa,2026-05-02,2026-05-03,Other Revenue,331.36,0,0
demo-centro,2026-05-03,2026-05-04,Total Rooms in Hotel,220,660,27060
demo-centro,2026-05-03,2026-05-04,Rooms Occupied minus House Use,127,465,16535
demo-centro,2026-05-03,2026-05-04,Room Revenue,22145.89,82527.25,2818354.22
demo-centro,2026-05-03,2026-05-04,Total Revenue,27753.95,103338.55,3599976.24
demo-centro,2026-05-03,2026-05-04,Food And Beverage Revenue,4943.68,18335.48,697071.4
demo-centro,2026-05-03,2026-05-04,Other Revenue,664.38,0,0
demo-costa,2026-05-03,2026-05-04,Total Rooms in Hotel,140,420,17220
demo-costa,2026-05-03,2026-05-04,Rooms Occupied minus House Use,52,197,13659
demo-costa,2026-05-03,2026-05-04,Room Revenue,8139.5,30648.35,2284273.46
demo-costa,2026-05-03,2026-05-04,Total Revenue,10145.67,39036.55,2916157.28
demo-costa,2026-05-03,2026-05-04,Food And Beverage Revenue,1761.99,7468.75,563355.61
demo-costa,2026-05-03,2026-05-04,Other Revenue,244.19,0,0
demo-centro,2026-05-04,2026-05-05,Total Rooms in Hotel,220,880,27280
demo-centro,2026-05-04,2026-05-05,Rooms Occupied minus House Use,152,617,16687
demo-centro,2026-05-04,2026-05-05,Room Revenue,25070.58,107597.83,2843424.8
demo-centro,2026-05-04,2026-05-05,Total Revenue,32824.0,136162.55,3632800.24
demo-centro,2026-05-04,2026-05-05,Food And Beverage Revenue,7001.3,25336.78,704072.7
demo-centro,2026-05-04,2026-05-05,Other Revenue,752.12,0,0
demo-costa,2026-05-04,2026-05-05,Total Rooms in Hotel,140,560,17360
demo-costa,2026-05-04,2026-05-05,Rooms Occupied minus House Use,50,247,13709
demo-costa,2026-05-04,2026-05-05,Room Revenue,7958.26,38606.62,2292231.72
demo-costa,2026-05-04,2026-05-05,Total Revenue,10496.17,49532.72,2926653.44
demo-costa,2026-05-04,2026-05-05,Food And Beverage Revenue,2299.16,9767.9,565654.77
demo-costa,2026-05-04,2026-05-05,Other Revenue,238.75,0,0
demo-centro,2026-05-05,2026-05-06,Total Rooms in Hotel,220,1100,27500
demo-centro,2026-05-05,2026-05-06,Rooms Occupied minus House Use,168,785,16855
demo-centro,2026-05-05,2026-05-06,Room Revenue,29130.91,136728.74,2872555.71
demo-centro,2026-05-05,2026-05-06,Total Revenue,37468.56,173631.11,3670268.8
demo-centro,2026-05-05,2026-05-06,Food And Beverage Revenue,7463.72,32800.5,711536.42
demo-centro,2026-05-05,2026-05-06,Other Revenue,873.93,0,0
demo-costa,2026-05-05,2026-05-06,Total Rooms in Hotel,140,700,17500
demo-costa,2026-05-05,2026-05-06,Rooms Occupied minus House Use,54,301,13763
demo-costa,2026-05-05,2026-05-06,Room Revenue,7957.63,46564.24,2300189.35
demo-costa,2026-05-05,2026-05-06,Total Revenue,9869.17,59401.89,2936522.61
demo-costa,2026-05-05,2026-05-06,Food And Beverage Revenue,1672.82,11440.72,567327.58
demo-costa,2026-05-05,2026-05-06,Other Revenue,238.73,0,0
demo-centro,2026-05-06,2026-05-07,Total Rooms in Hotel,220,1320,27720
demo-centro,2026-05-06,2026-05-07,Rooms Occupied minus House Use,140,925,16995
demo-centro,2026-05-06,2026-05-07,Room Revenue,24935.4,161664.14,2897491.11
demo-centro,2026-05-06,2026-05-07,Total Revenue,31530.53,205161.64,3701799.33
demo-centro,2026-05-06,2026-05-07,Food And Beverage Revenue,5847.07,38647.57,717383.48
demo-centro,2026-05-06,2026-05-07,Other Revenue,748.06,0,0
demo-costa,2026-05-06,2026-05-07,Total Rooms in Hotel,140,840,17640
demo-costa,2026-05-06,2026-05-07,Rooms Occupied minus House Use,64,365,13827
demo-costa,2026-05-06,2026-05-07,Room Revenue,9754.29,56318.53,2309943.64
demo-costa,2026-05-06,2026-05-07,Total Revenue,12931.23,72333.12,2949453.84
demo-costa,2026-05-06,2026-05-07,Food And Beverage Revenue,2884.31,14325.03,570211.89
demo-costa,2026-05-06,2026-05-07,Other Revenue,292.63,0,0
demo-centro,2026-05-07,2026-05-08,Total Rooms in Hotel,220,1540,27940
demo-centro,2026-05-07,2026-05-08,Rooms Occupied minus House Use,162,1087,17157
demo-centro,2026-05-07,2026-05-08,Room Revenue,28830.44,190494.59,2926321.55
demo-centro,2026-05-07,2026-05-08,Total Revenue,36723.55,241885.19,3738522.88
demo-centro,2026-05-07,2026-05-08,Food And Beverage Revenue,7028.19,45675.76,724411.68
demo-centro,2026-05-07,2026-05-08,Other Revenue,864.91,0,0
demo-costa,2026-05-07,2026-05-08,Total Rooms in Hotel,140,980,17780
demo-costa,2026-05-07,2026-05-08,Rooms Occupied minus House Use,66,431,13893
demo-costa,2026-05-07,2026-05-08,Room Revenue,10167.87,66486.41,2320111.51
demo-costa,2026-05-07,2026-05-08,Total Revenue,12662.26,84995.38,2962116.1
demo-costa,2026-05-07,2026-05-08,Food And Beverage Revenue,2189.35,16514.38,572401.24
demo-costa,2026-05-07,2026-05-08,Other Revenue,305.04,0,0
demo-centro,2026-05-08,2026-05-09,Total Rooms in Hotel,220,1760,28160
demo-centro,2026-05-08,2026-05-09,Rooms Occupied minus House Use,165,1252,17322
demo-centro,2026-05-08,2026-05-09,Room Revenue,27300.25,217794.83,2953621.8
demo-centro,2026-05-08,2026-05-09,Total Revenue,34463.82,276349.0,3772986.69
demo-centro,2026-05-08,2026-05-09,Food And Beverage Revenue,6344.56,52020.32,730756.24
demo-centro,2026-05-08,2026-05-09,Other Revenue,819.01,0,0
demo-costa,2026-05-08,2026-05-09,Total Rooms in Hotel,140,1120,17920
demo-costa,2026-05-08,2026-05-09,Rooms Occupied minus House Use,75,506,13968
demo-costa,2026-05-08,2026-05-09,Room Revenue,11104.52,77590.93,2331216.03
demo-costa,2026-05-08,2026-05-09,Total Revenue,14746.92,99742.3,2976863.02
demo-costa,2026-05-08,2026-05-09,Food And Beverage Revenue,3309.27,19823.64,575710.51
demo-costa,2026-05-08,2026-05-09,Other Revenue,333.14,0,0
demo-centro,2026-05-09,2026-05-10,Total Rooms in Hotel,220,1980,28380
demo-centro,2026-05-09,2026-05-10,Rooms Occupied minus House Use,168,1420,17490
demo-centro,2026-05-09,2026-05-10,Room Revenue,28988.51,246783.35,2982610.32
demo-centro,2026-05-09,2026-05-10,Total Revenue,36883.15,313232.16,3809869.85
demo-centro,2026-05-09,2026-05-10,Food And Beverage Revenue,7024.98,59045.31,737781.22
demo-centro,2026-05-09,2026-05-10,Other Revenue,869.66,0,0
demo-costa,2026-05-09,2026-05-10,Total Rooms in Hotel,140,1260,18060
demo-costa,2026-05-09,2026-05-10,Rooms Occupied minus House Use,63,569,14031
demo-costa,2026-05-09,2026-05-10,Room Revenue,9713.43,87304.36,2340929.46
demo-costa,2026-05-09,2026-05-10,Total Revenue,12041.69,111783.99,2988904.71
demo-costa,2026-05-09,2026-05-10,Food And Beverage Revenue,2036.86,21860.5,577747.36
demo-costa,2026-05-09,2026-05-10,Other Revenue,291.4,0,0
demo-centro,2026-05-10,2026-05-11,Total Rooms in Hotel,220,2200,28600
demo-centro,2026-05-10,2026-05-11,Rooms Occupied minus House Use,172,1592,17662
demo-centro,2026-05-10,2026-05-11,Room Revenue,28680.27,275463.62,3011290.59
demo-centro,2026-05-10,2026-05-11,Total Revenue,36801.27,350033.43,3846671.12
demo-centro,2026-05-10,2026-05-11,Food And Beverage Revenue,7260.6,66305.9,745041.82
demo-centro,2026-05-10,2026-05-11,Other Revenue,860.41,0,0
demo-costa,2026-05-10,2026-05-11,Total Rooms in Hotel,140,1400,18200
demo-costa,2026-05-10,2026-05-11,Rooms Occupied minus House Use,41,610,14072
demo-costa,2026-05-10,2026-05-11,Room Revenue,6097.44,93401.8,2347026.91
demo-costa,2026-05-10,2026-05-11,Total Revenue,7615.89,119399.88,2996520.6
demo-costa,2026-05-10,2026-05-11,Food And Beverage Revenue,1335.52,23196.02,579082.89
demo-costa,2026-05-10,2026-05-11,Other Revenue,182.92,0,0
demo-centro,2026-05-11,2026-05-12,Total Rooms in Hotel,220,2420,28820
demo-centro,2026-05-11,2026-05-12,Rooms Occupied minus House Use,167,1759,17829
demo-centro,2026-05-11,2026-05-12,Room Revenue,28980.84,304444.46,3040271.43
demo-centro,2026-05-11,2026-05-12,Total Revenue,37543.64,387577.07,3884214.76
demo-centro,2026-05-11,2026-05-12,Food And Beverage Revenue,7693.38,73999.28,752735.19
demo-centro,2026-05-11,2026-05-12,Other Revenue,869.43,0,0
demo-costa,2026-05-11,2026-05-12,Total Rooms in Hotel,140,1540,18340
demo-costa,2026-05-11,2026-05-12,Rooms Occupied minus House Use,60,670,14132
demo-costa,2026-05-11,2026-05-12,Room Revenue,9555.67,102957.47,2356582.57
demo-costa,2026-05-11,2026-05-12,Total Revenue,12077.14,131477.01,3008597.74
demo-costa,2026-05-11,2026-05-12,Food And Beverage Revenue,2234.8,25430.82,581317.69
demo-costa,2026-05-11,2026-05-12,Other Revenue,286.67,0,0
demo-centro,2026-05-12,2026-05-13,Total Rooms in Hotel,220,2640,29040
demo-centro,2026-05-12,2026-05-13,Rooms Occupied minus House Use,149,1908,17978
demo-centro,2026-05-12,2026-05-13,Room Revenue,25816.05,330260.51,3066087.48
demo-centro,2026-05-12,2026-05-13,Total Revenue,34251.36,421828.43,3918466.12
demo-centro,2026-05-12,2026-05-13,Food And Beverage Revenue,7660.83,81660.11,760396.02
demo-centro,2026-05-12,2026-05-13,Other Revenue,774.48,0,0
demo-costa,2026-05-12,2026-05-13,Total Rooms in Hotel,140,1680,18480
demo-costa,2026-05-12,2026-05-13,Rooms Occupied minus House Use,61,731,14193
demo-costa,2026-05-12,2026-05-13,Room Revenue,9465.09,112422.56,2366047.67
demo-costa,2026-05-12,2026-05-13,Total Revenue,11743.66,143220.67,3020341.4
demo-costa,2026-05-12,2026-05-13,Food And Beverage Revenue,1994.62,27425.44,583312.3
demo-costa,2026-05-12,2026-05-13,Other Revenue,283.95,0,0
demo-centro,2026-05-13,2026-05-14,Total Rooms in Hotel,220,2860,29260
demo-centro,2026-05-13,2026-05-14,Rooms Occupied minus House Use,157,2065,18135
demo-centro,2026-05-13,2026-05-14,Room Revenue,26534.17,356794.69,3092621.65
demo-centro,2026-05-13,2026-05-14,Total Revenue,34428.7,456257.13,3952894.82
demo-centro,2026-05-13,2026-05-14,Food And Beverage Revenue,7098.5,88758.6,767494.52
demo-centro,2026-05-13,2026-05-14,Other Revenue,796.03,0,0
demo-costa,2026-05-13,2026-05-14,Total Rooms in Hotel,140,1820,18620
demo-costa,2026-05-13,2026-05-14,Rooms Occupied minus House Use,59,790,14252
demo-costa,2026-05-13,2026-05-14,Room Revenue,8967.26,121389.82,2375014.93
demo-costa,2026-05-13,2026-05-14,Total Revenue,11853.89,155074.57,3032195.29
demo-costa,2026-05-13,2026-05-14,Food And Beverage Revenue,2617.61,30043.05,585929.91
demo-costa,2026-05-13,2026-05-14,Other Revenue,269.02,0,0
demo-centro,2026-05-14,2026-05-15,Total Rooms in Hotel,220,3080,29480
demo-centro,2026-05-14,2026-05-15,Rooms Occupied minus House Use,144,2209,18279
demo-centro,2026-05-14,2026-05-15,Room Revenue,26062.92,382857.6,3118684.57
demo-centro,2026-05-14,2026-05-15,Total Revenue,32892.69,489149.82,3985787.51
demo-centro,2026-05-14,2026-05-15,Food And Beverage Revenue,6047.89,94806.49,773542.4
demo-centro,2026-05-14,2026-05-15,Other Revenue,781.89,0,0
demo-costa,2026-05-14,2026-05-15,Total Rooms in Hotel,140,1960,18760
demo-costa,2026-05-14,2026-05-15,Rooms Occupied minus House Use,61,851,14313
demo-costa,2026-05-14,2026-05-15,Room Revenue,9228.06,130617.88,2384242.99
demo-costa,2026-05-14,2026-05-15,Total Revenue,11766.17,166840.74,3043961.47
demo-costa,2026-05-14,2026-05-15,Food And Beverage Revenue,2261.28,32304.33,588191.19
demo-costa,2026-05-14,2026-05-15,Other Revenue,276.84,0,0
demo-centro,2026-05-15,2026-05-16,Total Rooms in Hotel,220,3300,29700
demo-centro,2026-05-15,2026-05-16,Rooms Occupied minus House Use,182,2391,18461
demo-centro,2026-05-15,2026-05-16,Room Revenue,31596.92,414454.53,3150281.49
demo-centro,2026-05-15,2026-05-16,Total Revenue,39924.58,529074.4,4025712.09
demo-centro,2026-05-15,2026-05-16,Food And Beverage Revenue,7379.75,102186.24,780922.15
demo-centro,2026-05-15,2026-05-16,Other Revenue,947.91,0,0
demo-costa,2026-05-15,2026-05-16,Total Rooms in Hotel,140,2100,18900
demo-costa,2026-05-15,2026-05-16,Rooms Occupied minus House Use,61,912,14374
demo-costa,2026-05-15,2026-05-16,Room Revenue,9663.45,140281.33,2393906.44
demo-costa,2026-05-15,2026-05-16,Total Revenue,11954.06,178794.8,3055915.52
demo-costa,2026-05-15,2026-05-16,Food And Beverage Revenue,2000.7,34305.03,590191.89
demo-costa,2026-05-15,2026-05-16,Other Revenue,289.9,0,0
demo-centro,2026-05-16,2026-05-17,Total Rooms in Hotel,220,3520,29920
demo-centro,2026-05-16,2026-05-17,Rooms Occupied minus House Use,174,2565,18635
demo-centro,2026-05-16,2026-05-17,Room Revenue,29396.72,443851.25,3179678.21
demo-centro,2026-05-16,2026-05-17,Total Revenue,37748.75,566823.14,4063460.83
demo-centro,2026-05-16,2026-05-17,Food And Beverage Revenue,7470.13,109656.36,788392.28
demo-centro,2026-05-16,2026-05-17,Other Revenue,881.9,0,0
demo-costa,2026-05-16,2026-05-17,Total Rooms in Hotel,140,2240,19040
demo-costa,2026-05-16,2026-05-17,Rooms Occupied minus House Use,90,1002,14464
demo-costa,2026-05-16,2026-05-17,Room Revenue,14262.06,154543.39,2408168.5
demo-costa,2026-05-16,2026-05-17,Total Revenue,18692.94,197487.74,3074608.46
demo-costa,2026-05-16,2026-05-17,Food And Beverage Revenue,4003.02,38308.04,594194.91
demo-costa,2026-05-16,2026-05-17,Other Revenue,427.86,0,0
demo-centro,2026-05-17,2026-05-18,Total Rooms in Hotel,220,3740,30140
demo-centro,2026-05-17,2026-05-18,Rooms Occupied minus House Use,136,2701,18771
demo-centro,2026-05-17,2026-05-18,Room Revenue,23951.0,467802.24,3203629.21
demo-centro,2026-05-17,2026-05-18,Total Revenue,29567.45,596390.59,4093028.28
demo-centro,2026-05-17,2026-05-18,Food And Beverage Revenue,4897.92,114554.28,793290.2
demo-centro,2026-05-17,2026-05-18,Other Revenue,718.53,0,0
demo-costa,2026-05-17,2026-05-18,Total Rooms in Hotel,140,2380,19180
demo-costa,2026-05-17,2026-05-18,Rooms Occupied minus House Use,63,1065,14527
demo-costa,2026-05-17,2026-05-18,Room Revenue,10079.12,164622.51,2418247.62
demo-costa,2026-05-17,2026-05-18,Total Revenue,13174.15,210661.89,3087782.61
demo-costa,2026-05-17,2026-05-18,Food And Beverage Revenue,2792.65,41100.7,596987.56
demo-costa,2026-05-17,2026-05-18,Other Revenue,302.37,0,0
demo-centro,2026-05-18,2026-05-19,Total Rooms in Hotel,220,3960,30360
demo-centro,2026-05-18,2026-05-19,Rooms Occupied minus House Use,148,2849,18919
demo-centro,2026-05-18,2026-05-19,Room Revenue,24993.03,492795.27,3228622.24
demo-centro,2026-05-18,2026-05-19,Total Revenue,32637.26,629027.85,4125665.54
demo-centro,2026-05-18,2026-05-19,Food And Beverage Revenue,6894.44,121448.72,800184.63
demo-centro,2026-05-18,2026-05-19,Other Revenue,749.79,0,0
demo-costa,2026-05-18,2026-05-19,Total Rooms in Hotel,140,2520,19320
demo-costa,2026-05-18,2026-05-19,Rooms Occupied minus House Use,61,1126,14588
demo-costa,2026-05-18,2026-05-19,Room Revenue,9250.13,173872.64,2427497.75
demo-costa,2026-05-18,2026-05-19,Total Revenue,11767.81,222429.69,3099550.42
demo-costa,2026-05-18,2026-05-19,Food And Beverage Revenue,2240.18,43340.87,599227.74
demo-costa,2026-05-18,2026-05-19,Other Revenue,277.5,0,0
demo-centro,2026-05-19,2026-05-20,Total Rooms in Hotel,220,4180,30580
demo-centro,2026-05-19,2026-05-20,Rooms Occupied minus House Use,145,2994,19064
demo-centro,2026-05-19,2026-05-20,Room Revenue,25933.37,518728.65,3254555.62
demo-centro,2026-05-19,2026-05-20,Total Revenue,32133.7,661161.55,4157799.24
demo-centro,2026-05-19,2026-05-20,Food And Beverage Revenue,5422.32,126871.04,805606.95
demo-centro,2026-05-19,2026-05-20,Other Revenue,778.0,0,0
demo-costa,2026-05-19,2026-05-20,Total Rooms in Hotel,140,2660,19460
demo-costa,2026-05-19,2026-05-20,Rooms Occupied minus House Use,51,1177,14639
demo-costa,2026-05-19,2026-05-20,Room Revenue,8161.11,182033.76,2435658.86
demo-costa,2026-05-19,2026-05-20,Total Revenue,10686.9,233116.6,3110237.32
demo-costa,2026-05-19,2026-05-20,Food And Beverage Revenue,2280.96,45621.83,601508.69
demo-costa,2026-05-19,2026-05-20,Other Revenue,244.83,0,0
demo-centro,2026-05-20,2026-05-21,Total Rooms in Hotel,220,4400,30800
demo-centro,2026-05-20,2026-05-21,Rooms Occupied minus House Use,150,3144,19214
demo-centro,2026-05-20,2026-05-21,Room Revenue,25546.84,544275.48,3280102.45
demo-centro,2026-05-20,2026-05-21,Total Revenue,32070.31,693231.86,4189869.55
demo-centro,2026-05-20,2026-05-21,Food And Beverage Revenue,5757.07,132628.11,811364.02
demo-centro,2026-05-20,2026-05-21,Other Revenue,766.41,0,0
demo-costa,2026-05-20,2026-05-21,Total Rooms in Hotel,140,2800,19600
demo-costa,2026-05-20,2026-05-21,Rooms Occupied minus House Use,58,1235,14697
demo-costa,2026-05-20,2026-05-21,Room Revenue,8547.53,190581.29,2444206.39
demo-costa,2026-05-20,2026-05-21,Total Revenue,10894.78,244011.38,3121132.1
demo-costa,2026-05-20,2026-05-21,Food And Beverage Revenue,2090.82,47712.65,603599.51
demo-costa,2026-05-20,2026-05-21,Other Revenue,256.43,0,0
demo-centro,2026-05-21,2026-05-22,Total Rooms in Hotel,220,4620,31020
demo-centro,2026-05-21,2026-05-22,Rooms Occupied minus House Use,157,3301,19371
demo-centro,2026-05-21,2026-05-22,Room Revenue,27317.21,571592.7,3307419.66
demo-centro,2026-05-21,2026-05-22,Total Revenue,34681.36,727913.22,4224550.91
demo-centro,2026-05-21,2026-05-22,Food And Beverage Revenue,6544.63,139172.74,817908.65
demo-centro,2026-05-21,2026-05-22,Other Revenue,819.52,0,0
demo-costa,2026-05-21,2026-05-22,Total Rooms in Hotel,140,2940,19740
demo-costa,2026-05-21,2026-05-22,Rooms Occupied minus House Use,61,1296,14758
demo-costa,2026-05-21,2026-05-22,Room Revenue,9223.93,199805.22,2453430.32
demo-costa,2026-05-21,2026-05-22,Total Revenue,12111.14,256122.52,3133243.24
demo-costa,2026-05-21,2026-05-22,Food And Beverage Revenue,2610.49,50323.14,606210.01
demo-costa,2026-05-21,2026-05-22,Other Revenue,276.72,0,0
demo-centro,2026-05-22,2026-05-23,Total Rooms in Hotel,220,4840,31240
demo-centro,2026-05-22,2026-05-23,Rooms Occupied minus House Use,180,3481,19551
demo-centro,2026-05-22,2026-05-23,Room Revenue,30215.43,601808.13,3337635.09
demo-centro,2026-05-22,2026-05-23,Total Revenue,38491.01,766404.23,4263041.92
demo-centro,2026-05-22,2026-05-23,Food And Beverage Revenue,7369.12,146541.86,825277.77
demo-centro,2026-05-22,2026-05-23,Other Revenue,906.46,0,0
demo-costa,2026-05-22,2026-05-23,Total Rooms in Hotel,140,3080,19880
demo-costa,2026-05-22,2026-05-23,Rooms Occupied minus House Use,78,1374,14836
demo-costa,2026-05-22,2026-05-23,Room Revenue,11884.6,211689.82,2465314.92
demo-costa,2026-05-22,2026-05-23,Total Revenue,15031.03,271153.55,3148274.28
demo-costa,2026-05-22,2026-05-23,Food And Beverage Revenue,2789.9,53113.04,608999.91
demo-costa,2026-05-22,2026-05-23,Other Revenue,356.54,0,0
demo-centro,2026-05-23,2026-05-24,Total Rooms in Hotel,220,5060,31460
demo-centro,2026-05-23,2026-05-24,Rooms Occupied minus House Use,180,3661,19731
demo-centro,2026-05-23,2026-05-24,Room Revenue,31811.4,633619.53,3369446.5
demo-centro,2026-05-23,2026-05-24,Total Revenue,40679.61,807083.83,4303721.52
demo-centro,2026-05-23,2026-05-24,Food And Beverage Revenue,7913.86,154455.72,833191.63
demo-centro,2026-05-23,2026-05-24,Other Revenue,954.34,0,0
demo-costa,2026-05-23,2026-05-24,Total Rooms in Hotel,140,3220,20020
demo-costa,2026-05-23,2026-05-24,Rooms Occupied minus House Use,64,1438,14900
demo-costa,2026-05-23,2026-05-24,Room Revenue,10297.99,221987.81,2475612.91
demo-costa,2026-05-23,2026-05-24,Total Revenue,13217.05,284370.6,3161491.33
demo-costa,2026-05-23,2026-05-24,Food And Beverage Revenue,2610.12,55723.16,611610.03
demo-costa,2026-05-23,2026-05-24,Other Revenue,308.94,0,0
demo-centro,2026-05-24,2026-05-25,Total Rooms in Hotel,220,5280,31680
demo-centro,2026-05-24,2026-05-25,Rooms Occupied minus House Use,146,3807,19877
demo-centro,2026-05-24,2026-05-25,Room Revenue,24079.71,657699.24,3393526.2
demo-centro,2026-05-24,2026-05-25,Total Revenue,31706.43,838790.26,4335427.95
demo-centro,2026-05-24,2026-05-25,Food And Beverage Revenue,6904.33,161360.05,840095.96
demo-centro,2026-05-24,2026-05-25,Other Revenue,722.39,0,0
demo-costa,2026-05-24,2026-05-25,Total Rooms in Hotel,140,3360,20160
demo-costa,2026-05-24,2026-05-25,Rooms Occupied minus House Use,47,1485,14947
demo-costa,2026-05-24,2026-05-25,Room Revenue,7518.97,229506.78,2483131.88
demo-costa,2026-05-24,2026-05-25,Total Revenue,9825.46,294196.07,3171316.79
demo-costa,2026-05-24,2026-05-25,Food And Beverage Revenue,2080.93,57804.09,613690.95
demo-costa,2026-05-24,2026-05-25,Other Revenue,225.57,0,0
demo-centro,2026-05-25,2026-05-26,Total Rooms in Hotel,220,5500,31900
demo-centro,2026-05-25,2026-05-26,Rooms Occupied minus House Use,145,3952,20022
demo-centro,2026-05-25,2026-05-26,Room Revenue,25616.69,683315.92,3419142.89
demo-centro,2026-05-25,2026-05-26,Total Revenue,33700.25,872490.51,4369128.2
demo-centro,2026-05-25,2026-05-26,Food And Beverage Revenue,7315.06,168675.11,847411.02
demo-centro,2026-05-25,2026-05-26,Other Revenue,768.5,0,0
demo-costa,2026-05-25,2026-05-26,Total Rooms in Hotel,140,3500,20300
demo-costa,2026-05-25,2026-05-26,Rooms Occupied minus House Use,52,1537,14999
demo-costa,2026-05-25,2026-05-26,Room Revenue,7666.27,237173.04,2490798.15
demo-costa,2026-05-25,2026-05-26,Total Revenue,9852.46,304048.52,3181169.25
demo-costa,2026-05-25,2026-05-26,Food And Beverage Revenue,1956.2,59760.29,615647.15
demo-costa,2026-05-25,2026-05-26,Other Revenue,229.99,0,0
demo-centro,2026-05-26,2026-05-27,Total Rooms in Hotel,220,5720,32120
demo-centro,2026-05-26,2026-05-27,Rooms Occupied minus House Use,162,4114,20184
demo-centro,2026-05-26,2026-05-27,Room Revenue,27996.18,711312.1,3447139.07
demo-centro,2026-05-26,2026-05-27,Total Revenue,35366.65,907857.16,4404494.85
demo-centro,2026-05-26,2026-05-27,Food And Beverage Revenue,6530.59,175205.69,853941.61
demo-centro,2026-05-26,2026-05-27,Other Revenue,839.89,0,0
demo-costa,2026-05-26,2026-05-27,Total Rooms in Hotel,140,3640,20440
demo-costa,2026-05-26,2026-05-27,Rooms Occupied minus House Use,55,1592,15054
demo-costa,2026-05-26,2026-05-27,Room Revenue,8487.75,245660.79,2499285.9
demo-costa,2026-05-26,2026-05-27,Total Revenue,10927.29,314975.81,3192096.53
demo-costa,2026-05-26,2026-05-27,Food And Beverage Revenue,2184.91,61945.19,617832.06
demo-costa,2026-05-26,2026-05-27,Other Revenue,254.63,0,0
demo-centro,2026-05-27,2026-05-28,Total Rooms in Hotel,220,5940,32340
demo-centro,2026-05-27,2026-05-28,Rooms Occupied minus House Use,166,4280,20350
demo-centro,2026-05-27,2026-05-28,Room Revenue,27376.58,738688.68,3474515.64
demo-centro,2026-05-27,2026-05-28,Total Revenue,35737.47,943594.63,4440232.32
demo-centro,2026-05-27,2026-05-28,Food And Beverage Revenue,7539.6,182745.29,861481.2
demo-centro,2026-05-27,2026-05-28,Other Revenue,821.3,0,0
demo-costa,2026-05-27,2026-05-28,Total Rooms in Hotel,140,3780,20580
demo-costa,2026-05-27,2026-05-28,Rooms Occupied minus House Use,49,1641,15103
demo-costa,2026-05-27,2026-05-28,Room Revenue,7430.96,253091.75,2506716.85
demo-costa,2026-05-27,2026-05-28,Total Revenue,9207.54,324183.35,3201304.07
demo-costa,2026-05-27,2026-05-28,Food And Beverage Revenue,1553.65,63498.85,619385.71
demo-costa,2026-05-27,2026-05-28,Other Revenue,222.93,0,0
demo-centro,2026-05-28,2026-05-29,Total Rooms in Hotel,220,6160,32560
demo-centro,2026-05-28,2026-05-29,Rooms Occupied minus House Use,156,4436,20506
demo-centro,2026-05-28,2026-05-29,Room Revenue,25842.69,764531.37,3500358.34
demo-centro,2026-05-28,2026-05-29,Total Revenue,32668.5,976263.12,4472900.81
demo-centro,2026-05-28,2026-05-29,Food And Beverage Revenue,6050.52,188795.81,867531.73
demo-centro,2026-05-28,2026-05-29,Other Revenue,775.28,0,0
demo-costa,2026-05-28,2026-05-29,Total Rooms in Hotel,140,3920,20720
demo-costa,2026-05-28,2026-05-29,Rooms Occupied minus House Use,67,1708,15170
demo-costa,2026-05-28,2026-05-29,Room Revenue,10309.85,263401.6,2517026.7
demo-costa,2026-05-28,2026-05-29,Total Revenue,12884.83,337068.18,3214188.91
demo-costa,2026-05-28,2026-05-29,Food And Beverage Revenue,2265.69,65764.54,621651.4
demo-costa,2026-05-28,2026-05-29,Other Revenue,309.3,0,0
demo-centro,2026-05-29,2026-05-30,Total Rooms in Hotel,220,6380,32780
demo-centro,2026-05-29,2026-05-30,Rooms Occupied minus House Use,166,4602,20672
demo-centro,2026-05-29,2026-05-30,Room Revenue,28000.86,792532.23,3528359.2
demo-centro,2026-05-29,2026-05-30,Total Revenue,35019.74,1011282.87,4507920.56
demo-centro,2026-05-29,2026-05-30,Food And Beverage Revenue,6178.86,194974.67,873710.58
demo-centro,2026-05-29,2026-05-30,Other Revenue,840.03,0,0
demo-costa,2026-05-29,2026-05-30,Total Rooms in Hotel,140,4060,20860
demo-costa,2026-05-29,2026-05-30,Rooms Occupied minus House Use,70,1778,15240
demo-costa,2026-05-29,2026-05-30,Room Revenue,10767.2,274168.8,2527793.9
demo-costa,2026-05-29,2026-05-30,Total Revenue,14170.12,351238.3,3228359.02
demo-costa,2026-05-29,2026-05-30,Food And Beverage Revenue,3079.9,68844.44,624731.3
demo-costa,2026-05-29,2026-05-30,Other Revenue,323.02,0,0
demo-centro,2026-05-30,2026-05-31,Total Rooms in Hotel,220,6600,33000
demo-centro,2026-05-30,2026-05-31,Rooms Occupied minus House Use,160,4762,20832
demo-centro,2026-05-30,2026-05-31,Room Revenue,27589.68,820121.91,3555948.87
demo-centro,2026-05-30,2026-05-31,Total Revenue,36244.43,1047527.3,4544164.99
demo-centro,2026-05-30,2026-05-31,Food And Beverage Revenue,7827.06,202801.73,881537.65
demo-centro,2026-05-30,2026-05-31,Other Revenue,827.69,0,0
demo-costa,2026-05-30,2026-05-31,Total Rooms in Hotel,140,4200,21000
demo-costa,2026-05-30,2026-05-31,Rooms Occupied minus House Use,75,1853,15315
demo-costa,2026-05-30,2026-05-31,Room Revenue,10952.5,285121.3,2538746.4
demo-costa,2026-05-30,2026-05-31,Total Revenue,13568.14,364806.44,3241927.16
demo-costa,2026-05-30,2026-05-31,Food And Beverage Revenue,2287.06,71131.5,627018.37
demo-costa,2026-05-30,2026-05-31,Other Revenue,328.57,0,0
demo-centro,2026-05-31,2026-06-01,Total Rooms in Hotel,220,6820,33220
demo-centro,2026-05-31,2026-06-01,Rooms Occupied minus House Use,149,4911,20981
demo-centro,2026-05-31,2026-06-01,Room Revenue,25678.89,845800.8,3581627.77
demo-centro,2026-05-31,2026-06-01,Total Revenue,33315.62,1080842.92,4577480.61
demo-centro,2026-05-31,2026-06-01,Food And Beverage Revenue,6866.36,209668.09,888404.0
demo-centro,2026-05-31,2026-06-01,Other Revenue,770.37,0,0
demo-costa,2026-05-31,2026-06-01,Total Rooms in Hotel,140,4340,21140
demo-costa,2026-05-31,2026-06-01,Rooms Occupied minus House Use,57,1910,15372
demo-costa,2026-05-31,2026-06-01,Room Revenue,8867.1,293988.39,2547613.5
demo-costa,2026-05-31,2026-06-01,Total Revenue,10938.34,375744.78,3252865.5
demo-costa,2026-05-31,2026-06-01,Food And Beverage Revenue,1805.23,72936.73,628823.6
demo-costa,2026-05-31,2026-06-01,Other Revenue,266.01,0,0
demo-centro,2026-06-01,2026-06-02,Total Rooms in Hotel,220,220,33440
demo-centro,2026-06-01,2026-06-02,Rooms Occupied minus House Use,123,123,21104
demo-centro,2026-06-01,2026-06-02,Room Revenue,22214.44,22214.44,3603842.21
demo-centro,2026-06-01,2026-06-02,Total Revenue,28183.89,28183.89,4605664.49
demo-centro,2026-06-01,2026-06-02,Food And Beverage Revenue,5303.02,5303.02,893707.02
demo-centro,2026-06-01,2026-06-02,Other Revenue,666.43,0,0
demo-costa,2026-06-01,2026-06-02,Total Rooms in Hotel,140,140,21280
demo-costa,2026-06-01,2026-06-02,Rooms Occupied minus House Use,67,67,15439
demo-costa,2026-06-01,2026-06-02,Room Revenue,10709.69,10709.69,2558323.19
demo-costa,2026-06-01,2026-06-02,Total Revenue,14207.23,14207.23,3267072.73
demo-costa,2026-06-01,2026-06-02,Food And Beverage Revenue,3176.25,3176.25,631999.85
demo-costa,2026-06-01,2026-06-02,Other Revenue,321.29,0,0
demo-centro,2026-06-02,2026-06-03,Total Rooms in Hotel,220,440,33660
demo-centro,2026-06-02,2026-06-03,Rooms Occupied minus House Use,153,276,21257
demo-centro,2026-06-02,2026-06-03,Room Revenue,25044.03,47258.46,3628886.23
demo-centro,2026-06-02,2026-06-03,Total Revenue,30884.97,59068.86,4636549.46
demo-centro,2026-06-02,2026-06-03,Food And Beverage Revenue,5089.62,10392.64,898796.64
demo-centro,2026-06-02,2026-06-03,Other Revenue,751.32,0,0
demo-costa,2026-06-02,2026-06-03,Total Rooms in Hotel,140,280,21420
demo-costa,2026-06-02,2026-06-03,Rooms Occupied minus House Use,43,110,15482
demo-costa,2026-06-02,2026-06-03,Room Revenue,6431.2,17140.89,2564754.38
demo-costa,2026-06-02,2026-06-03,Total Revenue,8209.34,22416.57,3275282.07
demo-costa,2026-06-02,2026-06-03,Food And Beverage Revenue,1585.21,4761.46,633585.06
demo-costa,2026-06-02,2026-06-03,Other Revenue,192.94,0,0
demo-centro,2026-06-03,2026-06-04,Total Rooms in Hotel,220,660,33880
demo-centro,2026-06-03,2026-06-04,Rooms Occupied minus House Use,147,423,21404
demo-centro,2026-06-03,2026-06-04,Room Revenue,25508.91,72767.37,3654395.14
demo-centro,2026-06-03,2026-06-04,Total Revenue,32237.08,91305.94,4668786.54
demo-centro,2026-06-03,2026-06-04,Food And Beverage Revenue,5962.9,16355.54,904759.55
demo-centro,2026-06-03,2026-06-04,Other Revenue,765.27,0,0
demo-costa,2026-06-03,2026-06-04,Total Rooms in Hotel,140,420,21560
demo-costa,2026-06-03,2026-06-04,Rooms Occupied minus House Use,56,166,15538
demo-costa,2026-06-03,2026-06-04,Room Revenue,8689.35,25830.24,2573443.73
demo-costa,2026-06-03,2026-06-04,Total Revenue,10821.58,33238.15,3286103.65
demo-costa,2026-06-03,2026-06-04,Food And Beverage Revenue,1871.55,6633.01,635456.61
demo-costa,2026-06-03,2026-06-04,Other Revenue,260.68,0,0
demo-centro,2026-06-04,2026-06-05,Total Rooms in Hotel,220,880,34100
demo-centro,2026-06-04,2026-06-05,Rooms Occupied minus House Use,147,570,21551
demo-centro,2026-06-04,2026-06-05,Room Revenue,26495.23,99262.6,3680890.37
demo-centro,2026-06-04,2026-06-05,Total Revenue,32957.74,124263.67,4701744.28
demo-centro,2026-06-04,2026-06-05,Food And Beverage Revenue,5667.65,22023.19,910427.2
demo-centro,2026-06-04,2026-06-05,Other Revenue,794.86,0,0
demo-costa,2026-06-04,2026-06-05,Total Rooms in Hotel,140,560,21700
demo-costa,2026-06-04,2026-06-05,Rooms Occupied minus House Use,47,213,15585
demo-costa,2026-06-04,2026-06-05,Room Revenue,6958.96,32789.19,2580402.69
demo-costa,2026-06-04,2026-06-05,Total Revenue,8678.07,41916.22,3294781.72
demo-costa,2026-06-04,2026-06-05,Food And Beverage Revenue,1510.35,8143.35,636966.95
demo-costa,2026-06-04,2026-06-05,Other Revenue,208.77,0,0
demo-centro,2026-06-05,2026-06-06,Total Rooms in Hotel,220,1100,34320
demo-centro,2026-06-05,2026-06-06,Rooms Occupied minus House Use,164,734,21715
demo-centro,2026-06-05,2026-06-06,Room Revenue,28511.58,127774.19,3709401.95
demo-centro,2026-06-05,2026-06-06,Total Revenue,35710.6,159974.27,4737454.88
demo-centro,2026-06-05,2026-06-06,Food And Beverage Revenue,6343.67,28366.86,916770.86
demo-centro,2026-06-05,2026-06-06,Other Revenue,855.35,0,0
demo-costa,2026-06-05,2026-06-06,Total Rooms in Hotel,140,700,21840
demo-costa,2026-06-05,2026-06-06,Rooms Occupied minus House Use,62,275,15647
demo-costa,2026-06-05,2026-06-06,Room Revenue,9695.61,42484.8,2590098.3
demo-costa,2026-06-05,2026-06-06,Total Revenue,12891.97,54808.19,3307673.69
demo-costa,2026-06-05,2026-06-06,Food And Beverage Revenue,2905.5,11048.85,639872.45
demo-costa,2026-06-05,2026-06-06,Other Revenue,290.87,0,0
demo-centro,2026-06-06,2026-06-07,Total Rooms in Hotel,220,1320,34540
demo-centro,2026-06-06,2026-06-07,Rooms Occupied minus House Use,178,912,21893
demo-centro,2026-06-06,2026-06-07,Room Revenue,30746.05,158520.23,3740148.0
demo-centro,2026-06-06,2026-06-07,Total Revenue,40705.69,200679.96,4778160.57
demo-centro,2026-06-06,2026-06-07,Food And Beverage Revenue,9037.27,37404.13,925808.13
demo-centro,2026-06-06,2026-06-07,Other Revenue,922.38,0,0
demo-costa,2026-06-06,2026-06-07,Total Rooms in Hotel,140,840,21980
demo-costa,2026-06-06,2026-06-07,Rooms Occupied minus House Use,60,335,15707
demo-costa,2026-06-06,2026-06-07,Room Revenue,9176.72,51661.52,2599275.02
demo-costa,2026-06-06,2026-06-07,Total Revenue,12080.87,66889.06,3319754.57
demo-costa,2026-06-06,2026-06-07,Food And Beverage Revenue,2628.85,13677.69,642501.29
demo-costa,2026-06-06,2026-06-07,Other Revenue,275.3,0,0
demo-centro,2026-06-07,2026-06-08,Total Rooms in Hotel,220,1540,34760
demo-centro,2026-06-07,2026-06-08,Rooms Occupied minus House Use,124,1036,22017
demo-centro,2026-06-07,2026-06-08,Room Revenue,21105.35,179625.58,3761253.35
demo-centro,2026-06-07,2026-06-08,Total Revenue,26086.98,226766.94,4804247.55
demo-centro,2026-06-07,2026-06-08,Food And Beverage Revenue,4348.47,41752.59,930156.6
demo-centro,2026-06-07,2026-06-08,Other Revenue,633.16,0,0
demo-costa,2026-06-07,2026-06-08,Total Rooms in Hotel,140,980,22120
demo-costa,2026-06-07,2026-06-08,Rooms Occupied minus House Use,59,394,15766
demo-costa,2026-06-07,2026-06-08,Room Revenue,8980.62,60642.15,2608255.64
demo-costa,2026-06-07,2026-06-08,Total Revenue,11772.18,78661.25,3331526.75
demo-costa,2026-06-07,2026-06-08,Food And Beverage Revenue,2522.14,16199.84,645023.44
demo-costa,2026-06-07,2026-06-08,Other Revenue,269.42,0,0
demo-centro,2026-06-08,2026-06-09,Total Rooms in Hotel,220,1760,34980
demo-centro,2026-06-08,2026-06-09,Rooms Occupied minus House Use,148,1184,22165
demo-centro,2026-06-08,2026-06-09,Room Revenue,25699.86,205325.44,3786953.21
demo-centro,2026-06-08,2026-06-09,Total Revenue,33245.85,260012.8,4837493.4
demo-centro,2026-06-08,2026-06-09,Food And Beverage Revenue,6775.0,48527.6,936931.6
demo-centro,2026-06-08,2026-06-09,Other Revenue,771.0,0,0
demo-costa,2026-06-08,2026-06-09,Total Rooms in Hotel,140,1120,22260
demo-costa,2026-06-08,2026-06-09,Rooms Occupied minus House Use,51,445,15817
demo-costa,2026-06-08,2026-06-09,Room Revenue,7627.99,68270.14,2615883.64
demo-costa,2026-06-08,2026-06-09,Total Revenue,9448.29,88109.54,3340975.04
demo-costa,2026-06-08,2026-06-09,Food And Beverage Revenue,1591.46,17791.29,646614.89
demo-costa,2026-06-08,2026-06-09,Other Revenue,228.84,0,0
demo-centro,2026-06-09,2026-06-10,Total Rooms in Hotel,220,1980,35200
demo-centro,2026-06-09,2026-06-10,Rooms Occupied minus House Use,140,1324,22305
demo-centro,2026-06-09,2026-06-10,Room Revenue,24682.42,230007.86,3811635.63
demo-centro,2026-06-09,2026-06-10,Total Revenue,30764.74,290777.54,4868258.14
demo-centro,2026-06-09,2026-06-10,Food And Beverage Revenue,5341.85,53869.44,942273.44
demo-centro,2026-06-09,2026-06-10,Other Revenue,740.47,0,0
demo-costa,2026-06-09,2026-06-10,Total Rooms in Hotel,140,1260,22400
demo-costa,2026-06-09,2026-06-10,Rooms Occupied minus House Use,61,506,15878
demo-costa,2026-06-09,2026-06-10,Room Revenue,9446.2,77716.34,2625329.84
demo-costa,2026-06-09,2026-06-10,Total Revenue,12135.97,100245.5,3353111.0
demo-costa,2026-06-09,2026-06-10,Food And Beverage Revenue,2406.38,20197.67,649021.27
demo-costa,2026-06-09,2026-06-10,Other Revenue,283.39,0,0
demo-centro,2026-06-10,2026-06-11,Total Rooms in Hotel,220,2200,35420
demo-centro,2026-06-10,2026-06-11,Rooms Occupied minus House Use,144,1468,22449
demo-centro,2026-06-10,2026-06-11,Room Revenue,23626.8,253634.66,3835262.43
demo-centro,2026-06-10,2026-06-11,Total Revenue,29147.39,319924.92,4897405.53
demo-centro,2026-06-10,2026-06-11,Food And Beverage Revenue,4811.78,58681.22,947085.23
demo-centro,2026-06-10,2026-06-11,Other Revenue,708.8,0,0
demo-costa,2026-06-10,2026-06-11,Total Rooms in Hotel,140,1400,22540
demo-costa,2026-06-10,2026-06-11,Rooms Occupied minus House Use,57,563,15935
demo-costa,2026-06-10,2026-06-11,Room Revenue,8844.99,86561.33,2634174.83
demo-costa,2026-06-10,2026-06-11,Total Revenue,11763.13,112008.63,3364874.13
demo-costa,2026-06-10,2026-06-11,Food And Beverage Revenue,2652.79,22850.46,651674.06
demo-costa,2026-06-10,2026-06-11,Other Revenue,265.35,0,0
demo-centro,2026-06-11,2026-06-12,Total Rooms in Hotel,220,2420,35640
demo-centro,2026-06-11,2026-06-12,Rooms Occupied minus House Use,140,1608,22589
demo-centro,2026-06-11,2026-06-12,Room Revenue,23624.84,277259.5,3858887.27
demo-centro,2026-06-11,2026-06-12,Total Revenue,29719.43,349644.35,4927124.95
demo-centro,2026-06-11,2026-06-12,Food And Beverage Revenue,5385.84,64067.07,952471.07
demo-centro,2026-06-11,2026-06-12,Other Revenue,708.75,0,0
demo-costa,2026-06-11,2026-06-12,Total Rooms in Hotel,140,1540,22680
demo-costa,2026-06-11,2026-06-12,Rooms Occupied minus House Use,75,638,16010
demo-costa,2026-06-11,2026-06-12,Room Revenue,11883.24,98444.57,2646058.07
demo-costa,2026-06-11,2026-06-12,Total Revenue,15502.51,127511.14,3380376.64
demo-costa,2026-06-11,2026-06-12,Food And Beverage Revenue,3262.77,26113.23,654936.83
demo-costa,2026-06-11,2026-06-12,Other Revenue,356.5,0,0
demo-centro,2026-06-12,2026-06-13,Total Rooms in Hotel,220,2640,35860
demo-centro,2026-06-12,2026-06-13,Rooms Occupied minus House Use,169,1777,22758
demo-centro,2026-06-12,2026-06-13,Room Revenue,28241.27,305500.77,3887128.54
demo-centro,2026-06-12,2026-06-13,Total Revenue,36067.54,385711.89,4963192.5
demo-centro,2026-06-12,2026-06-13,Food And Beverage Revenue,6979.03,71046.1,959450.1
demo-centro,2026-06-12,2026-06-13,Other Revenue,847.24,0,0
demo-costa,2026-06-12,2026-06-13,Total Rooms in Hotel,140,1680,22820
demo-costa,2026-06-12,2026-06-13,Rooms Occupied minus House Use,70,708,16080
demo-costa,2026-06-12,2026-06-13,Room Revenue,10491.09,108935.66,2656549.16
demo-costa,2026-06-12,2026-06-13,Total Revenue,12992.98,140504.12,3393369.62
demo-costa,2026-06-12,2026-06-13,Food And Beverage Revenue,2187.16,28300.39,657123.99
demo-costa,2026-06-12,2026-06-13,Other Revenue,314.73,0,0
demo-centro,2026-06-13,2026-06-14,Total Rooms in Hotel,220,2860,36080
demo-centro,2026-06-13,2026-06-14,Rooms Occupied minus House Use,149,1926,22907
demo-centro,2026-06-13,2026-06-14,Room Revenue,24698.28,330199.05,3911826.82
demo-centro,2026-06-13,2026-06-14,Total Revenue,31572.88,417284.78,4994765.38
demo-centro,2026-06-13,2026-06-14,Food And Beverage Revenue,6133.66,77179.75,965583.76
demo-centro,2026-06-13,2026-06-14,Other Revenue,740.95,0,0
demo-costa,2026-06-13,2026-06-14,Total Rooms in Hotel,140,1820,22960
demo-costa,2026-06-13,2026-06-14,Rooms Occupied minus House Use,59,767,16139
demo-costa,2026-06-13,2026-06-14,Room Revenue,8831.92,117767.58,2665381.08
demo-costa,2026-06-13,2026-06-14,Total Revenue,11419.36,151923.47,3404788.98
demo-costa,2026-06-13,2026-06-14,Food And Beverage Revenue,2322.47,30622.86,659446.46
demo-costa,2026-06-13,2026-06-14,Other Revenue,264.96,0,0
demo-centro,2026-06-14,2026-06-15,Total Rooms in Hotel,220,3080,36300
demo-centro,2026-06-14,2026-06-15,Rooms Occupied minus House Use,131,2057,23038
demo-centro,2026-06-14,2026-06-15,Room Revenue,21457.35,351656.4,3933284.17
demo-centro,2026-06-14,2026-06-15,Total Revenue,27400.6,444685.37,5022165.98
demo-centro,2026-06-14,2026-06-15,Food And Beverage Revenue,5299.53,82479.28,970883.28
demo-centro,2026-06-14,2026-06-15,Other Revenue,643.72,0,0
demo-costa,2026-06-14,2026-06-15,Total Rooms in Hotel,140,1960,23100
demo-costa,2026-06-14,2026-06-15,Rooms Occupied minus House Use,54,821,16193
demo-costa,2026-06-14,2026-06-15,Room Revenue,8283.49,126051.08,2673664.57
demo-costa,2026-06-14,2026-06-15,Total Revenue,10272.19,162195.66,3415061.17
demo-costa,2026-06-14,2026-06-15,Food And Beverage Revenue,1740.19,32363.06,661186.66
demo-costa,2026-06-14,2026-06-15,Other Revenue,248.5,0,0
demo-centro,2026-06-15,2026-06-16,Total Rooms in Hotel,220,3300,36520
demo-centro,2026-06-15,2026-06-16,Rooms Occupied minus House Use,139,2196,23177
demo-centro,2026-06-15,2026-06-16,Room Revenue,24743.41,376399.81,3958027.58
demo-centro,2026-06-15,2026-06-16,Total Revenue,32300.82,476986.2,5054466.8
demo-centro,2026-06-15,2026-06-16,Food And Beverage Revenue,6815.12,89294.4,977698.4
demo-centro,2026-06-15,2026-06-16,Other Revenue,742.3,0,0
demo-costa,2026-06-15,2026-06-16,Total Rooms in Hotel,140,2100,23240
demo-costa,2026-06-15,2026-06-16,Rooms Occupied minus House Use,46,867,16239
demo-costa,2026-06-15,2026-06-16,Room Revenue,7308.72,133359.79,2680973.29
demo-costa,2026-06-15,2026-06-16,Total Revenue,9036.89,171232.56,3424098.06
demo-costa,2026-06-15,2026-06-16,Food And Beverage Revenue,1508.91,33871.97,662695.57
demo-costa,2026-06-15,2026-06-16,Other Revenue,219.26,0,0
demo-centro,2026-06-16,2026-06-17,Total Rooms in Hotel,220,3520,36740
demo-centro,2026-06-16,2026-06-17,Rooms Occupied minus House Use,164,2360,23341
demo-centro,2026-06-16,2026-06-17,Room Revenue,27236.92,403636.73,3985264.5
demo-centro,2026-06-16,2026-06-17,Total Revenue,34558.67,511544.87,5089025.47
demo-centro,2026-06-16,2026-06-17,Food And Beverage Revenue,6504.64,95799.03,984203.04
demo-centro,2026-06-16,2026-06-17,Other Revenue,817.11,0,0
demo-costa,2026-06-16,2026-06-17,Total Rooms in Hotel,140,2240,23380
demo-costa,2026-06-16,2026-06-17,Rooms Occupied minus House Use,51,918,16290
demo-costa,2026-06-16,2026-06-17,Room Revenue,7882.16,141241.96,2688855.46
demo-costa,2026-06-16,2026-06-17,Total Revenue,9844.96,181077.51,3433943.02
demo-costa,2026-06-16,2026-06-17,Food And Beverage Revenue,1726.33,35598.3,664421.9
demo-costa,2026-06-16,2026-06-17,Other Revenue,236.46,0,0
demo-centro,2026-06-17,2026-06-18,Total Rooms in Hotel,220,3740,36960
demo-centro,2026-06-17,2026-06-18,Rooms Occupied minus House Use,148,2508,23489
demo-centro,2026-06-17,2026-06-18,Room Revenue,26090.81,429727.54,4011355.31
demo-centro,2026-06-17,2026-06-18,Total Revenue,33169.78,544714.64,5122195.25
demo-centro,2026-06-17,2026-06-18,Food And Beverage Revenue,6296.24,102095.28,990499.28
demo-centro,2026-06-17,2026-06-18,Other Revenue,782.72,0,0
demo-costa,2026-06-17,2026-06-18,Total Rooms in Hotel,140,2380,23520
demo-costa,2026-06-17,2026-06-18,Rooms Occupied minus House Use,56,974,16346
demo-costa,2026-06-17,2026-06-18,Room Revenue,8418.21,149660.17,2697273.66
demo-costa,2026-06-17,2026-06-18,Total Revenue,10796.85,191874.36,3444739.86
demo-costa,2026-06-17,2026-06-18,Food And Beverage Revenue,2126.09,37724.39,666547.99
demo-costa,2026-06-17,2026-06-18,Other Revenue,252.55,0,0
demo-centro,2026-06-18,2026-06-19,Total Rooms in Hotel,220,3960,37180
demo-centro,2026-06-18,2026-06-19,Rooms Occupied minus House Use,142,2650,23631
demo-centro,2026-06-18,2026-06-19,Room Revenue,23989.27,453716.82,4035344.58
demo-centro,2026-06-18,2026-06-19,Total Revenue,30953.23,575667.88,5153148.48
demo-centro,2026-06-18,2026-06-19,Food And Beverage Revenue,6244.28,108339.56,996743.56
demo-centro,2026-06-18,2026-06-19,Other Revenue,719.68,0,0
demo-costa,2026-06-18,2026-06-19,Total Rooms in Hotel,140,2520,23660
demo-costa,2026-06-18,2026-06-19,Rooms Occupied minus House Use,58,1032,16404
demo-costa,2026-06-18,2026-06-19,Room Revenue,8527.31,158187.48,2705800.98
demo-costa,2026-06-18,2026-06-19,Total Revenue,11310.2,203184.56,3456050.06
demo-costa,2026-06-18,2026-06-19,Food And Beverage Revenue,2527.07,40251.46,669075.06
demo-costa,2026-06-18,2026-06-19,Other Revenue,255.82,0,0
demo-centro,2026-06-19,2026-06-20,Total Rooms in Hotel,220,4180,37400
demo-centro,2026-06-19,2026-06-20,Rooms Occupied minus House Use,172,2822,23803
demo-centro,2026-06-19,2026-06-20,Room Revenue,29260.06,482976.88,4064604.65
demo-centro,2026-06-19,2026-06-20,Total Revenue,37665.04,613332.92,5190813.52
demo-centro,2026-06-19,2026-06-20,Food And Beverage Revenue,7527.18,115866.73,1004270.74
demo-centro,2026-06-19,2026-06-20,Other Revenue,877.8,0,0
demo-costa,2026-06-19,2026-06-20,Total Rooms in Hotel,140,2660,23800
demo-costa,2026-06-19,2026-06-20,Rooms Occupied minus House Use,65,1097,16469
demo-costa,2026-06-19,2026-06-20,Room Revenue,10184.97,168372.45,2715985.95
demo-costa,2026-06-19,2026-06-20,Total Revenue,12677.78,215862.34,3468727.85
demo-costa,2026-06-19,2026-06-20,Food And Beverage Revenue,2187.26,42438.72,671262.32
demo-costa,2026-06-19,2026-06-20,Other Revenue,305.55,0,0
demo-centro,2026-06-20,2026-06-21,Total Rooms in Hotel,220,4400,37620
demo-centro,2026-06-20,2026-06-21,Rooms Occupied minus House Use,170,2992,23973
demo-centro,2026-06-20,2026-06-21,Room Revenue,29744.69,512721.57,4094349.34
demo-centro,2026-06-20,2026-06-21,Total Revenue,37165.71,650498.63,5227979.23
demo-centro,2026-06-20,2026-06-21,Food And Beverage Revenue,6528.67,122395.4,1010799.41
demo-centro,2026-06-20,2026-06-21,Other Revenue,892.34,0,0
demo-costa,2026-06-20,2026-06-21,Total Rooms in Hotel,140,2800,23940
demo-costa,2026-06-20,2026-06-21,Rooms Occupied minus House Use,65,1162,16534
demo-costa,2026-06-20,2026-06-21,Room Revenue,9897.05,178269.5,2725883.0
demo-costa,2026-06-20,2026-06-21,Total Revenue,12822.55,228684.9,3481550.4
demo-costa,2026-06-20,2026-06-21,Food And Beverage Revenue,2628.59,45067.31,673890.91
demo-costa,2026-06-20,2026-06-21,Other Revenue,296.91,0,0
demo-centro,2026-06-21,2026-06-22,Total Rooms in Hotel,220,4620,37840
demo-centro,2026-06-21,2026-06-22,Rooms Occupied minus House Use,140,3132,24113
demo-centro,2026-06-21,2026-06-22,Room Revenue,23628.33,536349.9,4117977.67
demo-centro,2026-06-21,2026-06-22,Total Revenue,29203.1,679701.73,5257182.33
demo-centro,2026-06-21,2026-06-22,Food And Beverage Revenue,4865.93,127261.33,1015665.33
demo-centro,2026-06-21,2026-06-22,Other Revenue,708.85,0,0
demo-costa,2026-06-21,2026-06-22,Total Rooms in Hotel,140,2940,24080
demo-costa,2026-06-21,2026-06-22,Rooms Occupied minus House Use,56,1218,16590
demo-costa,2026-06-21,2026-06-22,Room Revenue,8882.04,187151.54,2734765.04
demo-costa,2026-06-21,2026-06-22,Total Revenue,11378.98,240063.88,3492929.38
demo-costa,2026-06-21,2026-06-22,Food And Beverage Revenue,2230.48,47297.79,676121.39
demo-costa,2026-06-21,2026-06-22,Other Revenue,266.46,0,0
demo-centro,2026-06-22,2026-06-23,Total Rooms in Hotel,220,4840,38060
demo-centro,2026-06-22,2026-06-23,Rooms Occupied minus House Use,167,3299,24280
demo-centro,2026-06-22,2026-06-23,Room Revenue,28951.01,565300.91,4146928.68
demo-centro,2026-06-22,2026-06-23,Total Revenue,36168.05,715869.78,5293350.39
demo-centro,2026-06-22,2026-06-23,Food And Beverage Revenue,6348.51,133609.84,1022013.84
demo-centro,2026-06-22,2026-06-23,Other Revenue,868.53,0,0
demo-costa,2026-06-22,2026-06-23,Total Rooms in Hotel,140,3080,24220
demo-costa,2026-06-22,2026-06-23,Rooms Occupied minus House Use,52,1270,16642
demo-costa,2026-06-22,2026-06-23,Room Revenue,7553.78,194705.32,2742318.82
demo-costa,2026-06-22,2026-06-23,Total Revenue,9826.54,249890.42,3502755.92
demo-costa,2026-06-22,2026-06-23,Food And Beverage Revenue,2046.15,49343.94,678167.54
demo-costa,2026-06-22,2026-06-23,Other Revenue,226.61,0,0
demo-centro,2026-06-23,2026-06-24,Total Rooms in Hotel,220,5060,38280
demo-centro,2026-06-23,2026-06-24,Rooms Occupied minus House Use,141,3440,24421
demo-centro,2026-06-23,2026-06-24,Room Revenue,24410.33,589711.24,4171339.01
demo-centro,2026-06-23,2026-06-24,Total Revenue,31794.51,747664.29,5325144.9
demo-centro,2026-06-23,2026-06-24,Food And Beverage Revenue,6651.87,140261.71,1028665.72
demo-centro,2026-06-23,2026-06-24,Other Revenue,732.31,0,0
demo-costa,2026-06-23,2026-06-24,Total Rooms in Hotel,140,3220,24360
demo-costa,2026-06-23,2026-06-24,Rooms Occupied minus House Use,53,1323,16695
demo-costa,2026-06-23,2026-06-24,Room Revenue,7846.5,202551.82,2750165.32
demo-costa,2026-06-23,2026-06-24,Total Revenue,9904.23,259794.64,3512660.15
demo-costa,2026-06-23,2026-06-24,Food And Beverage Revenue,1822.33,51166.27,679989.87
demo-costa,2026-06-23,2026-06-24,Other Revenue,235.4,0,0
demo-centro,2026-06-24,2026-06-25,Total Rooms in Hotel,220,5280,38500
demo-centro,2026-06-24,2026-06-25,Rooms Occupied minus House Use,136,3576,24557
demo-centro,2026-06-24,2026-06-25,Room Revenue,22765.65,612476.89,4194104.66
demo-centro,2026-06-24,2026-06-25,Total Revenue,30190.06,777854.35,5355334.96
demo-centro,2026-06-24,2026-06-25,Food And Beverage Revenue,6741.44,147003.15,1035407.15
demo-centro,2026-06-24,2026-06-25,Other Revenue,682.97,0,0
demo-costa,2026-06-24,2026-06-25,Total Rooms in Hotel,140,3360,24500
demo-costa,2026-06-24,2026-06-25,Rooms Occupied minus House Use,62,1385,16757
demo-costa,2026-06-24,2026-06-25,Room Revenue,9059.05,211610.87,2759224.37
demo-costa,2026-06-24,2026-06-25,Total Revenue,11727.84,271522.48,3524387.98
demo-costa,2026-06-24,2026-06-25,Food And Beverage Revenue,2397.01,53563.28,682386.88
demo-costa,2026-06-24,2026-06-25,Other Revenue,271.77,0,0
demo-centro,2026-06-25,2026-06-26,Total Rooms in Hotel,220,5500,38720
demo-centro,2026-06-25,2026-06-26,Rooms Occupied minus House Use,166,3742,24723
demo-centro,2026-06-25,2026-06-26,Room Revenue,29035.24,641512.13,4223139.9
demo-centro,2026-06-25,2026-06-26,Total Revenue,36804.83,814659.18,5392139.79
demo-centro,2026-06-25,2026-06-26,Food And Beverage Revenue,6898.54,153901.69,1042305.69
demo-centro,2026-06-25,2026-06-26,Other Revenue,871.06,0,0
demo-costa,2026-06-25,2026-06-26,Total Rooms in Hotel,140,3500,24640
demo-costa,2026-06-25,2026-06-26,Rooms Occupied minus House Use,62,1447,16819
demo-costa,2026-06-25,2026-06-26,Room Revenue,9362.5,220973.37,2768586.86
demo-costa,2026-06-25,2026-06-26,Total Revenue,11984.03,283506.51,3536372.01
demo-costa,2026-06-25,2026-06-26,Food And Beverage Revenue,2340.66,55903.94,684727.54
demo-costa,2026-06-25,2026-06-26,Other Revenue,280.87,0,0
demo-centro,2026-06-26,2026-06-27,Total Rooms in Hotel,220,5720,38940
demo-centro,2026-06-26,2026-06-27,Rooms Occupied minus House Use,171,3913,24894
demo-centro,2026-06-26,2026-06-27,Room Revenue,30489.26,672001.39,4253629.16
demo-centro,2026-06-26,2026-06-27,Total Revenue,38255.73,852914.91,5430395.51
demo-centro,2026-06-26,2026-06-27,Food And Beverage Revenue,6851.79,160753.48,1049157.48
demo-centro,2026-06-26,2026-06-27,Other Revenue,914.68,0,0
demo-costa,2026-06-26,2026-06-27,Total Rooms in Hotel,140,3640,24780
demo-costa,2026-06-26,2026-06-27,Rooms Occupied minus House Use,67,1514,16886
demo-costa,2026-06-26,2026-06-27,Room Revenue,10110.35,231083.72,2778697.21
demo-costa,2026-06-26,2026-06-27,Total Revenue,12960.75,296467.25,3549332.76
demo-costa,2026-06-26,2026-06-27,Food And Beverage Revenue,2547.09,58451.03,687274.63
demo-costa,2026-06-26,2026-06-27,Other Revenue,303.31,0,0
demo-centro,2026-06-27,2026-06-28,Total Rooms in Hotel,220,5940,39160
demo-centro,2026-06-27,2026-06-28,Rooms Occupied minus House Use,168,4081,25062
demo-centro,2026-06-27,2026-06-28,Room Revenue,29878.11,701879.5,4283507.27
demo-centro,2026-06-27,2026-06-28,Total Revenue,37898.04,890812.94,5468293.55
demo-centro,2026-06-27,2026-06-28,Food And Beverage Revenue,7123.58,167877.06,1056281.06
demo-centro,2026-06-27,2026-06-28,Other Revenue,896.34,0,0
demo-costa,2026-06-27,2026-06-28,Total Rooms in Hotel,140,3780,24920
demo-costa,2026-06-27,2026-06-28,Rooms Occupied minus House Use,68,1582,16954
demo-costa,2026-06-27,2026-06-28,Room Revenue,10108.57,241192.29,2788805.78
demo-costa,2026-06-27,2026-06-28,Total Revenue,12747.81,309215.07,3562080.57
demo-costa,2026-06-27,2026-06-28,Food And Beverage Revenue,2335.99,60787.01,689610.61
demo-costa,2026-06-27,2026-06-28,Other Revenue,303.26,0,0
demo-centro,2026-06-28,2026-06-29,Total Rooms in Hotel,220,6160,39380
demo-centro,2026-06-28,2026-06-29,Rooms Occupied minus House Use,125,4206,25187
demo-centro,2026-06-28,2026-06-29,Room Revenue,21417.03,723296.54,4304924.3
demo-centro,2026-06-28,2026-06-29,Total Revenue,27278.86,918091.8,5495572.41
demo-centro,2026-06-28,2026-06-29,Food And Beverage Revenue,5219.31,173096.37,1061500.37
demo-centro,2026-06-28,2026-06-29,Other Revenue,642.51,0,0
demo-costa,2026-06-28,2026-06-29,Total Rooms in Hotel,140,3920,25060
demo-costa,2026-06-28,2026-06-29,Rooms Occupied minus House Use,52,1634,17006
demo-costa,2026-06-28,2026-06-29,Room Revenue,7633.89,248826.18,2796439.67
demo-costa,2026-06-28,2026-06-29,Total Revenue,9729.21,318944.28,3571809.78
demo-costa,2026-06-28,2026-06-29,Food And Beverage Revenue,1866.3,62653.32,691476.92
demo-costa,2026-06-28,2026-06-29,Other Revenue,229.02,0,0
demo-centro,2026-06-29,2026-06-30,Total Rooms in Hotel,220,6380,39600
demo-centro,2026-06-29,2026-06-30,Rooms Occupied minus House Use,136,4342,25323
demo-centro,2026-06-29,2026-06-30,Room Revenue,23153.51,746450.05,4328077.82
demo-centro,2026-06-29,2026-06-30,Total Revenue,30380.4,948472.2,5525952.81
demo-centro,2026-06-29,2026-06-30,Food And Beverage Revenue,6532.28,179628.65,1068032.65
demo-centro,2026-06-29,2026-06-30,Other Revenue,694.61,0,0
demo-costa,2026-06-29,2026-06-30,Total Rooms in Hotel,140,4060,25200
demo-costa,2026-06-29,2026-06-30,Rooms Occupied minus House Use,52,1686,17058
demo-costa,2026-06-29,2026-06-30,Room Revenue,7606.2,256432.37,2804045.87
demo-costa,2026-06-29,2026-06-30,Total Revenue,9630.45,328574.73,3581440.24
demo-costa,2026-06-29,2026-06-30,Food And Beverage Revenue,1796.07,64449.39,693272.99
demo-costa,2026-06-29,2026-06-30,Other Revenue,228.19,0,0
demo-centro,2026-06-30,2026-07-01,Total Rooms in Hotel,220,6600,39820
demo-centro,2026-06-30,2026-07-01,Rooms Occupied minus House Use,154,4496,25477
demo-centro,2026-06-30,2026-07-01,Room Revenue,25690.18,772140.22,4353767.99
demo-centro,2026-06-30,2026-07-01,Total Revenue,32608.03,981080.23,5558560.83
demo-centro,2026-06-30,2026-07-01,Food And Beverage Revenue,6147.14,185775.8,1074179.8
demo-centro,2026-06-30,2026-07-01,Other Revenue,770.71,0,0
demo-costa,2026-06-30,2026-07-01,Total Rooms in Hotel,140,4200,25340
demo-costa,2026-06-30,2026-07-01,Rooms Occupied minus House Use,75,1761,17133
demo-costa,2026-06-30,2026-07-01,Room Revenue,11760.88,268193.25,2815806.75
demo-costa,2026-06-30,2026-07-01,Total Revenue,14722.03,343296.76,3596162.26
demo-costa,2026-06-30,2026-07-01,Food And Beverage Revenue,2608.32,67057.71,695881.31
demo-costa,2026-06-30,2026-07-01,Other Revenue,352.83,0,0
demo-centro,2026-07-01,2026-07-02,Total Rooms in Hotel,220,220,40040
demo-centro,2026-07-01,2026-07-02,Rooms Occupied minus House Use,182,182,25659
demo-centro,2026-07-01,2026-07-02,Room Revenue,31642.43,31642.43,4385410.42
demo-centro,2026-07-01,2026-07-02,Total Revenue,41670.58,41670.58,5600231.42
demo-centro,2026-07-01,2026-07-02,Food And Beverage Revenue,9078.88,9078.88,1083258.68
demo-centro,2026-07-01,2026-07-02,Other Revenue,949.27,0,0
demo-costa,2026-07-01,2026-07-02,Total Rooms in Hotel,140,140,25480
demo-costa,2026-07-01,2026-07-02,Rooms Occupied minus House Use,65,65,17198
demo-costa,2026-07-01,2026-07-02,Room Revenue,10583.67,10583.67,2826390.41
demo-costa,2026-07-01,2026-07-02,Total Revenue,13901.73,13901.73,3610063.99
demo-costa,2026-07-01,2026-07-02,Food And Beverage Revenue,3000.55,3000.55,698881.86
demo-costa,2026-07-01,2026-07-02,Other Revenue,317.51,0,0
demo-centro,2026-07-02,2026-07-03,Total Rooms in Hotel,220,440,40260
demo-centro,2026-07-02,2026-07-03,Rooms Occupied minus House Use,173,355,25832
demo-centro,2026-07-02,2026-07-03,Room Revenue,31717.46,63359.89,4417127.88
demo-centro,2026-07-02,2026-07-03,Total Revenue,40676.19,82346.77,5640907.6
demo-centro,2026-07-02,2026-07-03,Food And Beverage Revenue,8007.2,17086.09,1091265.89
demo-centro,2026-07-02,2026-07-03,Other Revenue,951.52,0,0
demo-costa,2026-07-02,2026-07-03,Total Rooms in Hotel,140,280,25620
demo-costa,2026-07-02,2026-07-03,Rooms Occupied minus House Use,73,138,17271
demo-costa,2026-07-02,2026-07-03,Room Revenue,11312.23,21895.9,2837702.65
demo-costa,2026-07-02,2026-07-03,Total Revenue,14260.74,28162.47,3624324.73
demo-costa,2026-07-02,2026-07-03,Food And Beverage Revenue,2609.14,5609.69,701491.01
demo-costa,2026-07-02,2026-07-03,Other Revenue,339.37,0,0
demo-centro,2026-07-03,2026-07-04,Total Rooms in Hotel,220,660,40480
demo-centro,2026-07-03,2026-07-04,Rooms Occupied minus House Use,197,552,26029
demo-centro,2026-07-03,2026-07-04,Room Revenue,35890.78,99250.67,4453018.66
demo-centro,2026-07-03,2026-07-04,Total Revenue,46751.68,129098.45,5687659.28
demo-centro,2026-07-03,2026-07-04,Food And Beverage Revenue,9784.18,26870.27,1101050.07
demo-centro,2026-07-03,2026-07-04,Other Revenue,1076.72,0,0
demo-costa,2026-07-03,2026-07-04,Total Rooms in Hotel,140,420,25760
demo-costa,2026-07-03,2026-07-04,Rooms Occupied minus House Use,73,211,17344
demo-costa,2026-07-03,2026-07-04,Room Revenue,11109.82,33005.72,2848812.47
demo-costa,2026-07-03,2026-07-04,Total Revenue,14297.18,42459.65,3638621.91
demo-costa,2026-07-03,2026-07-04,Food And Beverage Revenue,2854.06,8463.76,704345.07
demo-costa,2026-07-03,2026-07-04,Other Revenue,333.29,0,0
demo-centro,2026-07-04,2026-07-05,Total Rooms in Hotel,220,880,40700
demo-centro,2026-07-04,2026-07-05,Rooms Occupied minus House Use,171,723,26200
demo-centro,2026-07-04,2026-07-05,Room Revenue,31569.25,130819.92,4484587.91
demo-centro,2026-07-04,2026-07-05,Total Revenue,41846.6,170945.05,5729505.88
demo-centro,2026-07-04,2026-07-05,Food And Beverage Revenue,9330.27,36200.54,1110380.34
demo-centro,2026-07-04,2026-07-05,Other Revenue,947.08,0,0
demo-costa,2026-07-04,2026-07-05,Total Rooms in Hotel,140,560,25900
demo-costa,2026-07-04,2026-07-05,Rooms Occupied minus House Use,87,298,17431
demo-costa,2026-07-04,2026-07-05,Room Revenue,13528.51,46534.23,2862340.98
demo-costa,2026-07-04,2026-07-05,Total Revenue,17405.86,59865.51,3656027.77
demo-costa,2026-07-04,2026-07-05,Food And Beverage Revenue,3471.5,11935.26,707816.57
demo-costa,2026-07-04,2026-07-05,Other Revenue,405.86,0,0
demo-centro,2026-07-05,2026-07-06,Total Rooms in Hotel,220,1100,40920
demo-centro,2026-07-05,2026-07-06,Rooms Occupied minus House Use,177,900,26377
demo-centro,2026-07-05,2026-07-06,Room Revenue,30804.65,161624.56,4515392.56
demo-centro,2026-07-05,2026-07-06,Total Revenue,38723.14,209668.19,5768229.02
demo-centro,2026-07-05,2026-07-06,Food And Beverage Revenue,6994.35,43194.89,1117374.69
demo-centro,2026-07-05,2026-07-06,Other Revenue,924.14,0,0
demo-costa,2026-07-05,2026-07-06,Total Rooms in Hotel,140,700,26040
demo-costa,2026-07-05,2026-07-06,Rooms Occupied minus House Use,75,373,17506
demo-costa,2026-07-05,2026-07-06,Room Revenue,11812.09,58346.31,2874153.06
demo-costa,2026-07-05,2026-07-06,Total Revenue,14734.5,74600.01,3670762.27
demo-costa,2026-07-05,2026-07-06,Food And Beverage Revenue,2568.05,14503.31,710384.62
demo-costa,2026-07-05,2026-07-06,Other Revenue,354.36,0,0
demo-centro,2026-07-06,2026-07-07,Total Rooms in Hotel,220,1320,41140
demo-centro,2026-07-06,2026-07-07,Rooms Occupied minus House Use,150,1050,26527
demo-centro,2026-07-06,2026-07-07,Room Revenue,26032.83,187657.4,4541425.39
demo-centro,2026-07-06,2026-07-07,Total Revenue,33355.38,243023.57,5801584.4
demo-centro,2026-07-06,2026-07-07,Food And Beverage Revenue,6541.56,49736.45,1123916.25
demo-centro,2026-07-06,2026-07-07,Other Revenue,780.98,0,0
demo-costa,2026-07-06,2026-07-07,Total Rooms in Hotel,140,840,26180
demo-costa,2026-07-06,2026-07-07,Rooms Occupied minus House Use,74,447,17580
demo-costa,2026-07-06,2026-07-07,Room Revenue,12197.2,70543.51,2886350.26
demo-costa,2026-07-06,2026-07-07,Total Revenue,15661.78,90261.79,3686424.05
demo-costa,2026-07-06,2026-07-07,Food And Beverage Revenue,3098.66,17601.97,713483.28
demo-costa,2026-07-06,2026-07-07,Other Revenue,365.92,0,0
demo-centro,2026-07-07,2026-07-08,Total Rooms in Hotel,220,1540,41360
demo-centro,2026-07-07,2026-07-08,Rooms Occupied minus House Use,176,1226,26703
demo-centro,2026-07-07,2026-07-08,Room Revenue,31001.45,218658.84,4572426.84
demo-centro,2026-07-07,2026-07-08,Total Revenue,40638.83,283662.4,5842223.23
demo-centro,2026-07-07,2026-07-08,Food And Beverage Revenue,8707.34,58443.79,1132623.59
demo-centro,2026-07-07,2026-07-08,Other Revenue,930.04,0,0
demo-costa,2026-07-07,2026-07-08,Total Rooms in Hotel,140,980,26320
demo-costa,2026-07-07,2026-07-08,Rooms Occupied minus House Use,66,513,17646
demo-costa,2026-07-07,2026-07-08,Room Revenue,9924.1,80467.62,2896274.36
demo-costa,2026-07-07,2026-07-08,Total Revenue,13024.71,103286.5,3699448.76
demo-costa,2026-07-07,2026-07-08,Food And Beverage Revenue,2802.89,20404.86,716286.17
demo-costa,2026-07-07,2026-07-08,Other Revenue,297.72,0,0
demo-centro,2026-07-08,2026-07-09,Total Rooms in Hotel,220,1760,41580
demo-centro,2026-07-08,2026-07-09,Rooms Occupied minus House Use,162,1388,26865
demo-centro,2026-07-08,2026-07-09,Room Revenue,29768.53,248427.37,4602195.37
demo-centro,2026-07-08,2026-07-09,Total Revenue,38336.8,321999.2,5880560.03
demo-centro,2026-07-08,2026-07-09,Food And Beverage Revenue,7675.22,66119.0,1140298.8
demo-centro,2026-07-08,2026-07-09,Other Revenue,893.06,0,0
demo-costa,2026-07-08,2026-07-09,Total Rooms in Hotel,140,1120,26460
demo-costa,2026-07-08,2026-07-09,Rooms Occupied minus House Use,81,594,17727
demo-costa,2026-07-08,2026-07-09,Room Revenue,12414.4,92882.02,2908688.77
demo-costa,2026-07-08,2026-07-09,Total Revenue,16493.43,119779.93,3715942.19
demo-costa,2026-07-08,2026-07-09,Food And Beverage Revenue,3706.59,24111.45,719992.76
demo-costa,2026-07-08,2026-07-09,Other Revenue,372.43,0,0
demo-centro,2026-07-09,2026-07-10,Total Rooms in Hotel,220,1980,41800
demo-centro,2026-07-09,2026-07-10,Rooms Occupied minus House Use,169,1557,27034
demo-centro,2026-07-09,2026-07-10,Room Revenue,29788.03,278215.41,4631983.4
demo-centro,2026-07-09,2026-07-10,Total Revenue,37418.2,359417.4,5917978.23
demo-centro,2026-07-09,2026-07-10,Food And Beverage Revenue,6736.52,72855.53,1147035.33
demo-centro,2026-07-09,2026-07-10,Other Revenue,893.64,0,0
demo-costa,2026-07-09,2026-07-10,Total Rooms in Hotel,140,1260,26600
demo-costa,2026-07-09,2026-07-10,Rooms Occupied minus House Use,79,673,17806
demo-costa,2026-07-09,2026-07-10,Room Revenue,12113.75,104995.77,2920802.52
demo-costa,2026-07-09,2026-07-10,Total Revenue,15638.18,135418.11,3731580.37
demo-costa,2026-07-09,2026-07-10,Food And Beverage Revenue,3161.02,27272.47,723153.78
demo-costa,2026-07-09,2026-07-10,Other Revenue,363.41,0,0
demo-centro,2026-07-10,2026-07-11,Total Rooms in Hotel,220,2200,42020
demo-centro,2026-07-10,2026-07-11,Rooms Occupied minus House Use,186,1743,27220
demo-centro,2026-07-10,2026-07-11,Room Revenue,31480.49,309695.89,4663463.89
demo-centro,2026-07-10,2026-07-11,Total Revenue,39196.56,398613.96,5957174.79
demo-centro,2026-07-10,2026-07-11,Food And Beverage Revenue,6771.66,79627.19,1153806.99
demo-centro,2026-07-10,2026-07-11,Other Revenue,944.41,0,0
demo-costa,2026-07-10,2026-07-11,Total Rooms in Hotel,140,1400,26740
demo-costa,2026-07-10,2026-07-11,Rooms Occupied minus House Use,92,765,17898
demo-costa,2026-07-10,2026-07-11,Room Revenue,14854.77,119850.54,2935657.28
demo-costa,2026-07-10,2026-07-11,Total Revenue,19019.26,154437.37,3750599.63
demo-costa,2026-07-10,2026-07-11,Food And Beverage Revenue,3718.85,30991.32,726872.63
demo-costa,2026-07-10,2026-07-11,Other Revenue,445.64,0,0
demo-centro,2026-07-11,2026-07-12,Total Rooms in Hotel,220,2420,42240
demo-centro,2026-07-11,2026-07-12,Rooms Occupied minus House Use,182,1925,27402
demo-centro,2026-07-11,2026-07-12,Room Revenue,33293.3,342989.19,4696757.18
demo-centro,2026-07-11,2026-07-12,Total Revenue,44166.52,442780.47,6001341.31
demo-centro,2026-07-11,2026-07-12,Food And Beverage Revenue,9874.42,89501.61,1163681.41
demo-centro,2026-07-11,2026-07-12,Other Revenue,998.8,0,0
demo-costa,2026-07-11,2026-07-12,Total Rooms in Hotel,140,1540,26880
demo-costa,2026-07-11,2026-07-12,Rooms Occupied minus House Use,81,846,17979
demo-costa,2026-07-11,2026-07-12,Room Revenue,12262.9,132113.44,2947920.18
demo-costa,2026-07-11,2026-07-12,Total Revenue,15296.76,169734.13,3765896.4
demo-costa,2026-07-11,2026-07-12,Food And Beverage Revenue,2665.98,33657.29,729538.61
demo-costa,2026-07-11,2026-07-12,Other Revenue,367.89,0,0
demo-centro,2026-07-12,2026-07-13,Total Rooms in Hotel,220,2640,42460
demo-centro,2026-07-12,2026-07-13,Rooms Occupied minus House Use,162,2087,27564
demo-centro,2026-07-12,2026-07-13,Room Revenue,27940.13,370929.32,4724697.32
demo-centro,2026-07-12,2026-07-13,Total Revenue,36501.72,479282.2,6037843.03
demo-centro,2026-07-12,2026-07-13,Food And Beverage Revenue,7723.39,97224.99,1171404.79
demo-centro,2026-07-12,2026-07-13,Other Revenue,838.2,0,0
demo-costa,2026-07-12,2026-07-13,Total Rooms in Hotel,140,1680,27020
demo-costa,2026-07-12,2026-07-13,Rooms Occupied minus House Use,76,922,18055
demo-costa,2026-07-12,2026-07-13,Room Revenue,11669.84,143783.27,2959590.02
demo-costa,2026-07-12,2026-07-13,Total Revenue,14699.46,184433.59,3780595.85
demo-costa,2026-07-12,2026-07-13,Food And Beverage Revenue,2679.52,36336.82,732218.13
demo-costa,2026-07-12,2026-07-13,Other Revenue,350.1,0,0
demo-centro,2026-07-13,2026-07-14,Total Rooms in Hotel,220,2860,42680
demo-centro,2026-07-13,2026-07-14,Rooms Occupied minus House Use,158,2245,27722
demo-centro,2026-07-13,2026-07-14,Room Revenue,28984.05,399913.37,4753681.36
demo-centro,2026-07-13,2026-07-14,Total Revenue,37063.39,516345.58,6074906.42
demo-centro,2026-07-13,2026-07-14,Food And Beverage Revenue,7209.82,104434.81,1178614.61
demo-centro,2026-07-13,2026-07-14,Other Revenue,869.52,0,0
demo-costa,2026-07-13,2026-07-14,Total Rooms in Hotel,140,1820,27160
demo-costa,2026-07-13,2026-07-14,Rooms Occupied minus House Use,72,994,18127
demo-costa,2026-07-13,2026-07-14,Room Revenue,11528.65,155311.93,2971118.68
demo-costa,2026-07-13,2026-07-14,Total Revenue,15130.67,199564.26,3795726.53
demo-costa,2026-07-13,2026-07-14,Food And Beverage Revenue,3256.16,39592.98,735474.29
demo-costa,2026-07-13,2026-07-14,Other Revenue,345.86,0,0
demo-centro,2026-07-14,2026-07-15,Total Rooms in Hotel,220,3080,42900
demo-centro,2026-07-14,2026-07-15,Rooms Occupied minus House Use,166,2411,27888
demo-centro,2026-07-14,2026-07-15,Room Revenue,29035.3,428948.67,4782716.66
demo-centro,2026-07-14,2026-07-15,Total Revenue,38277.37,554622.96,6113183.79
demo-centro,2026-07-14,2026-07-15,Food And Beverage Revenue,8371.01,112805.83,1186985.63
demo-centro,2026-07-14,2026-07-15,Other Revenue,871.06,0,0
demo-costa,2026-07-14,2026-07-15,Total Rooms in Hotel,140,1960,27300
demo-costa,2026-07-14,2026-07-15,Rooms Occupied minus House Use,80,1074,18207
demo-costa,2026-07-14,2026-07-15,Room Revenue,12824.57,168136.5,2983943.25
demo-costa,2026-07-14,2026-07-15,Total Revenue,16265.15,215829.41,3811991.67
demo-costa,2026-07-14,2026-07-15,Food And Beverage Revenue,3055.84,42648.82,738530.13
demo-costa,2026-07-14,2026-07-15,Other Revenue,384.74,0,0
demo-centro,2026-07-15,2026-07-16,Total Rooms in Hotel,220,3300,43120
demo-centro,2026-07-15,2026-07-16,Rooms Occupied minus House Use,160,2571,28048
demo-centro,2026-07-15,2026-07-16,Room Revenue,27843.05,456791.72,4810559.71
demo-centro,2026-07-15,2026-07-16,Total Revenue,35705.98,590328.93,6148889.77
demo-centro,2026-07-15,2026-07-16,Food And Beverage Revenue,7027.63,119833.46,1194013.26
demo-centro,2026-07-15,2026-07-16,Other Revenue,835.29,0,0
demo-costa,2026-07-15,2026-07-16,Total Rooms in Hotel,140,2100,27440
demo-costa,2026-07-15,2026-07-16,Rooms Occupied minus House Use,72,1146,18279
demo-costa,2026-07-15,2026-07-16,Room Revenue,10810.4,178946.9,2994753.65
demo-costa,2026-07-15,2026-07-16,Total Revenue,13907.85,229737.26,3825899.52
demo-costa,2026-07-15,2026-07-16,Food And Beverage Revenue,2773.13,45421.95,741303.26
demo-costa,2026-07-15,2026-07-16,Other Revenue,324.31,0,0
demo-centro,2026-07-16,2026-07-17,Total Rooms in Hotel,220,3520,43340
demo-centro,2026-07-16,2026-07-17,Rooms Occupied minus House Use,179,2750,28227
demo-centro,2026-07-16,2026-07-17,Room Revenue,32148.59,488940.31,4842708.31
demo-centro,2026-07-16,2026-07-17,Total Revenue,40376.22,630705.15,6189265.98
demo-centro,2026-07-16,2026-07-17,Food And Beverage Revenue,7263.16,127096.63,1201276.42
demo-centro,2026-07-16,2026-07-17,Other Revenue,964.46,0,0
demo-costa,2026-07-16,2026-07-17,Total Rooms in Hotel,140,2240,27580
demo-costa,2026-07-16,2026-07-17,Rooms Occupied minus House Use,75,1221,18354
demo-costa,2026-07-16,2026-07-17,Room Revenue,11363.76,190310.65,3006117.4
demo-costa,2026-07-16,2026-07-17,Total Revenue,14564.79,244302.05,3840464.31
demo-costa,2026-07-16,2026-07-17,Food And Beverage Revenue,2860.12,48282.07,744163.39
demo-costa,2026-07-16,2026-07-17,Other Revenue,340.91,0,0
demo-centro,2026-07-17,2026-07-18,Total Rooms in Hotel,220,3740,43560
demo-centro,2026-07-17,2026-07-18,Rooms Occupied minus House Use,198,2948,28425
demo-centro,2026-07-17,2026-07-18,Room Revenue,34331.56,523271.88,4877039.87
demo-centro,2026-07-17,2026-07-18,Total Revenue,45008.22,675713.37,6234274.2
demo-centro,2026-07-17,2026-07-18,Food And Beverage Revenue,9646.71,136743.33,1210923.13
demo-centro,2026-07-17,2026-07-18,Other Revenue,1029.95,0,0
demo-costa,2026-07-17,2026-07-18,Total Rooms in Hotel,140,2380,27720
demo-costa,2026-07-17,2026-07-18,Rooms Occupied minus House Use,79,1300,18433
demo-costa,2026-07-17,2026-07-18,Room Revenue,12592.11,202902.76,3018709.51
demo-costa,2026-07-17,2026-07-18,Total Revenue,16119.34,260421.39,3856583.65
demo-costa,2026-07-17,2026-07-18,Food And Beverage Revenue,3149.47,51431.54,747312.86
demo-costa,2026-07-17,2026-07-18,Other Revenue,377.76,0,0
demo-centro,2026-07-18,2026-07-19,Total Rooms in Hotel,220,3960,43780
demo-centro,2026-07-18,2026-07-19,Rooms Occupied minus House Use,175,3123,28600
demo-centro,2026-07-18,2026-07-19,Room Revenue,30004.92,553276.79,4907044.79
demo-centro,2026-07-18,2026-07-19,Total Revenue,37046.9,712760.26,6271321.1
demo-centro,2026-07-18,2026-07-19,Food And Beverage Revenue,6141.83,142885.17,1217064.97
demo-centro,2026-07-18,2026-07-19,Other Revenue,900.15,0,0
demo-costa,2026-07-18,2026-07-19,Total Rooms in Hotel,140,2520,27860
demo-costa,2026-07-18,2026-07-19,Rooms Occupied minus House Use,98,1398,18531
demo-costa,2026-07-18,2026-07-19,Room Revenue,15407.23,218309.99,3034116.74
demo-costa,2026-07-18,2026-07-19,Total Revenue,19353.02,279774.41,3875936.67
demo-costa,2026-07-18,2026-07-19,Food And Beverage Revenue,3483.57,54915.12,750796.43
demo-costa,2026-07-18,2026-07-19,Other Revenue,462.22,0,0
demo-centro,2026-07-19,2026-07-20,Total Rooms in Hotel,220,4180,44000
demo-centro,2026-07-19,2026-07-20,Rooms Occupied minus House Use,162,3285,28762
demo-centro,2026-07-19,2026-07-20,Room Revenue,29288.31,582565.11,4936333.1
demo-centro,2026-07-19,2026-07-20,Total Revenue,38126.53,750886.79,6309447.63
demo-centro,2026-07-19,2026-07-20,Food And Beverage Revenue,7959.57,150844.73,1225024.53
demo-centro,2026-07-19,2026-07-20,Other Revenue,878.65,0,0
demo-costa,2026-07-19,2026-07-20,Total Rooms in Hotel,140,2660,28000
demo-costa,2026-07-19,2026-07-20,Rooms Occupied minus House Use,60,1458,18591
demo-costa,2026-07-19,2026-07-20,Room Revenue,9545.65,227855.65,3043662.4
demo-costa,2026-07-19,2026-07-20,Total Revenue,11820.32,291594.73,3887756.99
demo-costa,2026-07-19,2026-07-20,Food And Beverage Revenue,1988.3,56903.42,752784.73
demo-costa,2026-07-19,2026-07-20,Other Revenue,286.37,0,0
demo-centro,2026-07-20,2026-07-21,Total Rooms in Hotel,220,4400,44220
demo-centro,2026-07-20,2026-07-21,Rooms Occupied minus House Use,156,3441,28918
demo-centro,2026-07-20,2026-07-21,Room Revenue,28664.12,611229.23,4964997.22
demo-centro,2026-07-20,2026-07-21,Total Revenue,35964.37,786851.17,6345412.0
demo-centro,2026-07-20,2026-07-21,Food And Beverage Revenue,6440.33,157285.06,1231464.86
demo-centro,2026-07-20,2026-07-21,Other Revenue,859.92,0,0
demo-costa,2026-07-20,2026-07-21,Total Rooms in Hotel,140,2800,28140
demo-costa,2026-07-20,2026-07-21,Rooms Occupied minus House Use,74,1532,18665
demo-costa,2026-07-20,2026-07-21,Room Revenue,11250.84,239106.48,3054913.23
demo-costa,2026-07-20,2026-07-21,Total Revenue,14017.71,305612.45,3901774.71
demo-costa,2026-07-20,2026-07-21,Food And Beverage Revenue,2429.35,59332.77,755214.08
demo-costa,2026-07-20,2026-07-21,Other Revenue,337.53,0,0
demo-centro,2026-07-21,2026-07-22,Total Rooms in Hotel,220,4620,44440
demo-centro,2026-07-21,2026-07-22,Rooms Occupied minus House Use,166,3607,29084
demo-centro,2026-07-21,2026-07-22,Room Revenue,28736.76,639965.99,4993733.98
demo-centro,2026-07-21,2026-07-22,Total Revenue,36219.39,823070.56,6381631.39
demo-centro,2026-07-21,2026-07-22,Food And Beverage Revenue,6620.52,163905.59,1238085.39
demo-centro,2026-07-21,2026-07-22,Other Revenue,862.1,0,0
demo-costa,2026-07-21,2026-07-22,Total Rooms in Hotel,140,2940,28280
demo-costa,2026-07-21,2026-07-22,Rooms Occupied minus House Use,82,1614,18747
demo-costa,2026-07-21,2026-07-22,Room Revenue,13083.33,252189.81,3067996.56
demo-costa,2026-07-21,2026-07-22,Total Revenue,16097.53,321709.98,3917872.24
demo-costa,2026-07-21,2026-07-22,Food And Beverage Revenue,2621.7,61954.47,757835.78
demo-costa,2026-07-21,2026-07-22,Other Revenue,392.5,0,0
demo-centro,2026-07-22,2026-07-23,Total Rooms in Hotel,220,4840,44660
demo-centro,2026-07-22,2026-07-23,Rooms Occupied minus House Use,174,3781,29258
demo-centro,2026-07-22,2026-07-23,Room Revenue,30287.64,670253.63,5024021.63
demo-centro,2026-07-22,2026-07-23,Total Revenue,39974.36,863044.92,6421605.75
demo-centro,2026-07-22,2026-07-23,Food And Beverage Revenue,8778.09,172683.67,1246863.47
demo-centro,2026-07-22,2026-07-23,Other Revenue,908.63,0,0
demo-costa,2026-07-22,2026-07-23,Total Rooms in Hotel,140,3080,28420
demo-costa,2026-07-22,2026-07-23,Rooms Occupied minus House Use,75,1689,18822
demo-costa,2026-07-22,2026-07-23,Room Revenue,12033.07,264222.88,3080029.63
demo-costa,2026-07-22,2026-07-23,Total Revenue,15407.44,337117.42,3933279.68
demo-costa,2026-07-22,2026-07-23,Food And Beverage Revenue,3013.38,64967.85,760849.16
demo-costa,2026-07-22,2026-07-23,Other Revenue,360.99,0,0
demo-centro,2026-07-23,2026-07-24,Total Rooms in Hotel,220,5060,44880
demo-centro,2026-07-23,2026-07-24,Rooms Occupied minus House Use,180,3961,29438
demo-centro,2026-07-23,2026-07-24,Room Revenue,31836.55,702090.18,5055858.18
demo-centro,2026-07-23,2026-07-24,Total Revenue,42127.36,905172.28,6463733.11
demo-centro,2026-07-23,2026-07-24,Food And Beverage Revenue,9335.71,182019.39,1256199.18
demo-centro,2026-07-23,2026-07-24,Other Revenue,955.1,0,0
demo-costa,2026-07-23,2026-07-24,Total Rooms in Hotel,140,3220,28560
demo-costa,2026-07-23,2026-07-24,Rooms Occupied minus House Use,61,1750,18883
demo-costa,2026-07-23,2026-07-24,Room Revenue,9704.59,273927.47,3089734.22
demo-costa,2026-07-23,2026-07-24,Total Revenue,12887.3,350004.72,3946166.99
demo-costa,2026-07-23,2026-07-24,Food And Beverage Revenue,2891.57,67859.43,763740.74
demo-costa,2026-07-23,2026-07-24,Other Revenue,291.14,0,0
demo-centro,2026-07-24,2026-07-25,Total Rooms in Hotel,220,5280,45100
demo-centro,2026-07-24,2026-07-25,Rooms Occupied minus House Use,190,4151,29628
demo-centro,2026-07-24,2026-07-25,Room Revenue,33932.4,736022.59,5089790.58
demo-centro,2026-07-24,2026-07-25,Total Revenue,41939.28,947111.56,6505672.39
demo-centro,2026-07-24,2026-07-25,Food And Beverage Revenue,6988.91,189008.3,1263188.09
demo-centro,2026-07-24,2026-07-25,Other Revenue,1017.97,0,0
demo-costa,2026-07-24,2026-07-25,Total Rooms in Hotel,140,3360,28700
demo-costa,2026-07-24,2026-07-25,Rooms Occupied minus House Use,96,1846,18979
demo-costa,2026-07-24,2026-07-25,Room Revenue,14719.59,288647.06,3104453.81
demo-costa,2026-07-24,2026-07-25,Total Revenue,18775.62,368780.34,3964942.6
demo-costa,2026-07-24,2026-07-25,Food And Beverage Revenue,3614.44,71473.86,767355.18
demo-costa,2026-07-24,2026-07-25,Other Revenue,441.59,0,0
demo-centro,2026-07-25,2026-07-26,Total Rooms in Hotel,220,5500,45320
demo-centro,2026-07-25,2026-07-26,Rooms Occupied minus House Use,182,4333,29810
demo-centro,2026-07-25,2026-07-26,Room Revenue,30988.37,767010.96,5120778.95
demo-centro,2026-07-25,2026-07-26,Total Revenue,38197.87,985309.43,6543870.26
demo-centro,2026-07-25,2026-07-26,Food And Beverage Revenue,6279.85,195288.14,1269467.94
demo-centro,2026-07-25,2026-07-26,Other Revenue,929.65,0,0
demo-costa,2026-07-25,2026-07-26,Total Rooms in Hotel,140,3500,28840
demo-costa,2026-07-25,2026-07-26,Rooms Occupied minus House Use,79,1925,19058
demo-costa,2026-07-25,2026-07-26,Room Revenue,12339.49,300986.56,3116793.31
demo-costa,2026-07-25,2026-07-26,Total Revenue,15945.63,384725.97,3980888.24
demo-costa,2026-07-25,2026-07-26,Food And Beverage Revenue,3235.95,74709.82,770591.13
demo-costa,2026-07-25,2026-07-26,Other Revenue,370.18,0,0
demo-centro,2026-07-26,2026-07-27,Total Rooms in Hotel,220,5720,45540
demo-centro,2026-07-26,2026-07-27,Rooms Occupied minus House Use,152,4485,29962
demo-centro,2026-07-26,2026-07-27,Room Revenue,26553.34,793564.3,5147332.29
demo-centro,2026-07-26,2026-07-27,Total Revenue,34645.15,1019954.58,6578515.42
demo-centro,2026-07-26,2026-07-27,Food And Beverage Revenue,7295.21,202583.36,1276763.16
demo-centro,2026-07-26,2026-07-27,Other Revenue,796.6,0,0
demo-costa,2026-07-26,2026-07-27,Total Rooms in Hotel,140,3640,28980
demo-costa,2026-07-26,2026-07-27,Rooms Occupied minus House Use,64,1989,19122
demo-costa,2026-07-26,2026-07-27,Room Revenue,9665.29,310651.85,3126458.6
demo-costa,2026-07-26,2026-07-27,Total Revenue,12015.9,396741.88,3992904.14
demo-costa,2026-07-26,2026-07-27,Food And Beverage Revenue,2060.65,76770.47,772651.78
demo-costa,2026-07-26,2026-07-27,Other Revenue,289.96,0,0
demo-centro,2026-07-27,2026-07-28,Total Rooms in Hotel,220,5940,45760
demo-centro,2026-07-27,2026-07-28,Rooms Occupied minus House Use,171,4656,30133
demo-centro,2026-07-27,2026-07-28,Room Revenue,30925.79,824490.09,5178258.09
demo-centro,2026-07-27,2026-07-28,Total Revenue,39352.75,1059307.33,6617868.16
demo-centro,2026-07-27,2026-07-28,Food And Beverage Revenue,7499.18,210082.54,1284262.34
demo-centro,2026-07-27,2026-07-28,Other Revenue,927.77,0,0
demo-costa,2026-07-27,2026-07-28,Total Rooms in Hotel,140,3780,29120
demo-costa,2026-07-27,2026-07-28,Rooms Occupied minus House Use,69,2058,19191
demo-costa,2026-07-27,2026-07-28,Room Revenue,11038.28,321690.13,3137496.88
demo-costa,2026-07-27,2026-07-28,Total Revenue,14675.52,411417.4,4007579.66
demo-costa,2026-07-27,2026-07-28,Food And Beverage Revenue,3306.1,80076.57,775957.88
demo-costa,2026-07-27,2026-07-28,Other Revenue,331.15,0,0
demo-centro,2026-07-28,2026-07-29,Total Rooms in Hotel,220,6160,45980
demo-centro,2026-07-28,2026-07-29,Rooms Occupied minus House Use,170,4826,30303
demo-centro,2026-07-28,2026-07-29,Room Revenue,30144.09,854634.18,5208402.17
demo-centro,2026-07-28,2026-07-29,Total Revenue,39041.2,1098348.53,6656909.36
demo-centro,2026-07-28,2026-07-29,Food And Beverage Revenue,7992.79,218075.33,1292255.13
demo-centro,2026-07-28,2026-07-29,Other Revenue,904.32,0,0
demo-costa,2026-07-28,2026-07-29,Total Rooms in Hotel,140,3920,29260
demo-costa,2026-07-28,2026-07-29,Rooms Occupied minus House Use,64,2122,19255
demo-costa,2026-07-28,2026-07-29,Room Revenue,9555.14,331245.27,3147052.02
demo-costa,2026-07-28,2026-07-29,Total Revenue,12669.03,424086.43,4020248.69
demo-costa,2026-07-28,2026-07-29,Food And Beverage Revenue,2827.23,82903.8,778785.11
demo-costa,2026-07-28,2026-07-29,Other Revenue,286.65,0,0
demo-centro,2026-07-29,2026-07-30,Total Rooms in Hotel,220,6380,46200
demo-centro,2026-07-29,2026-07-30,Rooms Occupied minus House Use,164,4990,30467
demo-centro,2026-07-29,2026-07-30,Room Revenue,28651.55,883285.73,5237053.72
demo-centro,2026-07-29,2026-07-30,Total Revenue,35375.28,1133723.81,6692284.64
demo-centro,2026-07-29,2026-07-30,Food And Beverage Revenue,5864.18,223939.51,1298119.31
demo-centro,2026-07-29,2026-07-30,Other Revenue,859.55,0,0
demo-costa,2026-07-29,2026-07-30,Total Rooms in Hotel,140,4060,29400
demo-costa,2026-07-29,2026-07-30,Rooms Occupied minus House Use,65,2187,19320
demo-costa,2026-07-29,2026-07-30,Room Revenue,10457.49,341702.76,3157509.51
demo-costa,2026-07-29,2026-07-30,Total Revenue,13552.39,437638.82,4033801.08
demo-costa,2026-07-29,2026-07-30,Food And Beverage Revenue,2781.18,85684.98,781566.29
demo-costa,2026-07-29,2026-07-30,Other Revenue,313.72,0,0
demo-centro,2026-07-30,2026-07-31,Total Rooms in Hotel,220,6600,46420
demo-centro,2026-07-30,2026-07-31,Rooms Occupied minus House Use,154,5144,30621
demo-centro,2026-07-30,2026-07-31,Room Revenue,27593.71,910879.44,5264647.43
demo-centro,2026-07-30,2026-07-31,Total Revenue,35059.13,1168782.93,6727343.77
demo-centro,2026-07-30,2026-07-31,Food And Beverage Revenue,6637.61,230577.11,1304756.91
demo-centro,2026-07-30,2026-07-31,Other Revenue,827.81,0,0
demo-costa,2026-07-30,2026-07-31,Total Rooms in Hotel,140,4200,29540
demo-costa,2026-07-30,2026-07-31,Rooms Occupied minus House Use,74,2261,19394
demo-costa,2026-07-30,2026-07-31,Room Revenue,11500.54,353203.3,3169010.05
demo-costa,2026-07-30,2026-07-31,Total Revenue,14217.75,451856.57,4048018.83
demo-costa,2026-07-30,2026-07-31,Food And Beverage Revenue,2372.19,88057.17,783938.48
demo-costa,2026-07-30,2026-07-31,Other Revenue,345.02,0,0
demo-centro,2026-07-31,2026-08-01,Total Rooms in Hotel,220,6820,46640
demo-centro,2026-07-31,2026-08-01,Rooms Occupied minus House Use,180,5324,30801
demo-centro,2026-07-31,2026-08-01,Room Revenue,31919.47,942798.91,5296566.9
demo-centro,2026-07-31,2026-08-01,Total Revenue,39973.77,1208756.71,6767317.54
demo-centro,2026-07-31,2026-08-01,Food And Beverage Revenue,7096.72,237673.83,1311853.63
demo-centro,2026-07-31,2026-08-01,Other Revenue,957.58,0,0
demo-costa,2026-07-31,2026-08-01,Total Rooms in Hotel,140,4340,29680
demo-costa,2026-07-31,2026-08-01,Rooms Occupied minus House Use,85,2346,19479
demo-costa,2026-07-31,2026-08-01,Room Revenue,13521.8,366725.09,3182531.84
demo-costa,2026-07-31,2026-08-01,Total Revenue,16681.21,468537.78,4064700.04
demo-costa,2026-07-31,2026-08-01,Food And Beverage Revenue,2753.76,90810.93,786692.25
demo-costa,2026-07-31,2026-08-01,Other Revenue,405.65,0,0
demo-centro,2026-08-01,2026-08-02,Total Rooms in Hotel,220,220,46860
demo-centro,2026-08-01,2026-08-02,Rooms Occupied minus House Use,184,184,30985
demo-centro,2026-08-01,2026-08-02,Room Revenue,30558.83,30558.83,5327125.73
demo-centro,2026-08-01,2026-08-02,Total Revenue,38316.1,38316.1,6805633.64
demo-centro,2026-08-01,2026-08-02,Food And Beverage Revenue,6840.51,6840.51,1318694.14
demo-centro,2026-08-01,2026-08-02,Other Revenue,916.76,0,0
demo-costa,2026-08-01,2026-08-02,Total Rooms in Hotel,140,140,29820
demo-costa,2026-08-01,2026-08-02,Rooms Occupied minus House Use,77,77,19556
demo-costa,2026-08-01,2026-08-02,Room Revenue,12054.98,12054.98,3194586.82
demo-costa,2026-08-01,2026-08-02,Total Revenue,15844.34,15844.34,4080544.38
demo-costa,2026-08-01,2026-08-02,Food And Beverage Revenue,3427.71,3427.71,790119.96
demo-costa,2026-08-01,2026-08-02,Other Revenue,361.65,0,0
demo-centro,2026-08-02,2026-08-03,Total Rooms in Hotel,220,440,47080
demo-centro,2026-08-02,2026-08-03,Rooms Occupied minus House Use,138,322,31123
demo-centro,2026-08-02,2026-08-03,Room Revenue,24428.5,54987.32,5351554.22
demo-centro,2026-08-02,2026-08-03,Total Revenue,32301.26,70617.36,6837934.9
demo-centro,2026-08-02,2026-08-03,Food And Beverage Revenue,7139.9,13980.41,1325834.04
demo-centro,2026-08-02,2026-08-03,Other Revenue,732.85,0,0
demo-costa,2026-08-02,2026-08-03,Total Rooms in Hotel,140,280,29960
demo-costa,2026-08-02,2026-08-03,Rooms Occupied minus House Use,53,130,19609
demo-costa,2026-08-02,2026-08-03,Room Revenue,8251.75,20306.73,3202838.57
demo-costa,2026-08-02,2026-08-03,Total Revenue,10868.52,26712.86,4091412.91
demo-costa,2026-08-02,2026-08-03,Food And Beverage Revenue,2369.22,5796.93,792489.17
demo-costa,2026-08-02,2026-08-03,Other Revenue,247.55,0,0
demo-centro,2026-08-03,2026-08-04,Total Rooms in Hotel,220,660,47300
demo-centro,2026-08-03,2026-08-04,Rooms Occupied minus House Use,131,453,31254
demo-centro,2026-08-03,2026-08-04,Room Revenue,23301.98,78289.31,5374856.21
demo-centro,2026-08-03,2026-08-04,Total Revenue,29450.24,100067.6,6867385.14
demo-centro,2026-08-03,2026-08-04,Food And Beverage Revenue,5449.2,19429.61,1331283.24
demo-centro,2026-08-03,2026-08-04,Other Revenue,699.06,0,0
demo-costa,2026-08-03,2026-08-04,Total Rooms in Hotel,140,420,30100
demo-costa,2026-08-03,2026-08-04,Rooms Occupied minus House Use,73,203,19682
demo-costa,2026-08-03,2026-08-04,Room Revenue,10952.98,31259.72,3213791.56
demo-costa,2026-08-03,2026-08-04,Total Revenue,14280.01,40992.87,4105692.92
demo-costa,2026-08-03,2026-08-04,Food And Beverage Revenue,2998.44,8795.37,795487.61
demo-costa,2026-08-03,2026-08-04,Other Revenue,328.59,0,0
demo-centro,2026-08-04,2026-08-05,Total Rooms in Hotel,220,880,47520
demo-centro,2026-08-04,2026-08-05,Rooms Occupied minus House Use,149,602,31403
demo-centro,2026-08-04,2026-08-05,Room Revenue,24622.75,102912.06,5399478.96
demo-centro,2026-08-04,2026-08-05,Total Revenue,31164.43,131232.03,6898549.57
demo-centro,2026-08-04,2026-08-05,Food And Beverage Revenue,5803.0,25232.61,1337086.24
demo-centro,2026-08-04,2026-08-05,Other Revenue,738.68,0,0
demo-costa,2026-08-04,2026-08-05,Total Rooms in Hotel,140,560,30240
demo-costa,2026-08-04,2026-08-05,Rooms Occupied minus House Use,60,263,19742
demo-costa,2026-08-04,2026-08-05,Room Revenue,9619.23,40878.95,3223410.79
demo-costa,2026-08-04,2026-08-05,Total Revenue,12375.08,53367.95,4118067.99
demo-costa,2026-08-04,2026-08-05,Food And Beverage Revenue,2467.26,11262.63,797954.88
demo-costa,2026-08-04,2026-08-05,Other Revenue,288.58,0,0
demo-centro,2026-08-05,2026-08-06,Total Rooms in Hotel,220,1100,47740
demo-centro,2026-08-05,2026-08-06,Rooms Occupied minus House Use,161,763,31564
demo-centro,2026-08-05,2026-08-06,Room Revenue,29087.84,131999.9,5428566.8
demo-centro,2026-08-05,2026-08-06,Total Revenue,36487.72,167719.75,6935037.29
demo-centro,2026-08-05,2026-08-06,Food And Beverage Revenue,6527.24,31759.85,1343613.49
demo-centro,2026-08-05,2026-08-06,Other Revenue,872.64,0,0
demo-costa,2026-08-05,2026-08-06,Total Rooms in Hotel,140,700,30380
demo-costa,2026-08-05,2026-08-06,Rooms Occupied minus House Use,63,326,19805
demo-costa,2026-08-05,2026-08-06,Room Revenue,10057.85,50936.8,3233468.64
demo-costa,2026-08-05,2026-08-06,Total Revenue,13367.25,66735.2,4131435.24
demo-costa,2026-08-05,2026-08-06,Food And Beverage Revenue,3007.66,14270.29,800962.54
demo-costa,2026-08-05,2026-08-06,Other Revenue,301.74,0,0
demo-centro,2026-08-06,2026-08-07,Total Rooms in Hotel,220,1320,47960
demo-centro,2026-08-06,2026-08-07,Rooms Occupied minus House Use,139,902,31703
demo-centro,2026-08-06,2026-08-07,Room Revenue,22831.36,154831.26,5451398.16
demo-centro,2026-08-06,2026-08-07,Total Revenue,28515.48,196235.23,6963552.77
demo-centro,2026-08-06,2026-08-07,Food And Beverage Revenue,4999.18,36759.04,1348612.67
demo-centro,2026-08-06,2026-08-07,Other Revenue,684.94,0,0
demo-costa,2026-08-06,2026-08-07,Total Rooms in Hotel,140,840,30520
demo-costa,2026-08-06,2026-08-07,Rooms Occupied minus House Use,59,385,19864
demo-costa,2026-08-06,2026-08-07,Room Revenue,9181.22,60118.02,3242649.87
demo-costa,2026-08-06,2026-08-07,Total Revenue,12097.04,78832.24,4143532.28
demo-costa,2026-08-06,2026-08-07,Food And Beverage Revenue,2640.38,16910.67,803602.92
demo-costa,2026-08-06,2026-08-07,Other Revenue,275.44,0,0
demo-centro,2026-08-07,2026-08-08,Total Rooms in Hotel,220,1540,48180
demo-centro,2026-08-07,2026-08-08,Rooms Occupied minus House Use,166,1068,31869
demo-centro,2026-08-07,2026-08-08,Room Revenue,29489.43,184320.69,5480887.59
demo-centro,2026-08-07,2026-08-08,Total Revenue,36281.19,232516.43,6999833.97
demo-centro,2026-08-07,2026-08-08,Food And Beverage Revenue,5907.08,42666.12,1354519.75
demo-centro,2026-08-07,2026-08-08,Other Revenue,884.68,0,0
demo-costa,2026-08-07,2026-08-08,Total Rooms in Hotel,140,980,30660
demo-costa,2026-08-07,2026-08-08,Rooms Occupied minus House Use,67,452,19931
demo-costa,2026-08-07,2026-08-08,Room Revenue,10300.93,70418.95,3252950.79
demo-costa,2026-08-07,2026-08-08,Total Revenue,12778.03,91610.27,4156310.31
demo-costa,2026-08-07,2026-08-08,Food And Beverage Revenue,2168.08,19078.75,805771.0
demo-costa,2026-08-07,2026-08-08,Other Revenue,309.03,0,0
demo-centro,2026-08-08,2026-08-09,Total Rooms in Hotel,220,1760,48400
demo-centro,2026-08-08,2026-08-09,Rooms Occupied minus House Use,184,1252,32053
demo-centro,2026-08-08,2026-08-09,Room Revenue,31468.33,215789.01,5512355.92
demo-centro,2026-08-08,2026-08-09,Total Revenue,39053.14,271569.57,7038887.11
demo-centro,2026-08-08,2026-08-09,Food And Beverage Revenue,6640.76,49306.88,1361160.51
demo-centro,2026-08-08,2026-08-09,Other Revenue,944.05,0,0
demo-costa,2026-08-08,2026-08-09,Total Rooms in Hotel,140,1120,30800
demo-costa,2026-08-08,2026-08-09,Rooms Occupied minus House Use,70,522,20001
demo-costa,2026-08-08,2026-08-09,Room Revenue,10538.67,80957.62,3263489.47
demo-costa,2026-08-08,2026-08-09,Total Revenue,13945.03,105555.3,4170255.35
demo-costa,2026-08-08,2026-08-09,Food And Beverage Revenue,3090.2,22168.95,808861.19
demo-costa,2026-08-08,2026-08-09,Other Revenue,316.16,0,0
demo-centro,2026-08-09,2026-08-10,Total Rooms in Hotel,220,1980,48620
demo-centro,2026-08-09,2026-08-10,Rooms Occupied minus House Use,163,1415,32216
demo-centro,2026-08-09,2026-08-10,Room Revenue,29259.59,245048.6,5541615.5
demo-centro,2026-08-09,2026-08-10,Total Revenue,36361.1,307930.67,7075248.21
demo-centro,2026-08-09,2026-08-10,Food And Beverage Revenue,6223.73,55530.61,1367384.24
demo-centro,2026-08-09,2026-08-10,Other Revenue,877.79,0,0
demo-costa,2026-08-09,2026-08-10,Total Rooms in Hotel,140,1260,30940
demo-costa,2026-08-09,2026-08-10,Rooms Occupied minus House Use,52,574,20053
demo-costa,2026-08-09,2026-08-10,Room Revenue,8250.06,89207.68,3271739.52
demo-costa,2026-08-09,2026-08-10,Total Revenue,10262.17,115817.47,4180517.51
demo-costa,2026-08-09,2026-08-10,Food And Beverage Revenue,1764.61,23933.56,810625.8
demo-costa,2026-08-09,2026-08-10,Other Revenue,247.5,0,0
demo-centro,2026-08-10,2026-08-11,Total Rooms in Hotel,220,2200,48840
demo-centro,2026-08-10,2026-08-11,Rooms Occupied minus House Use,144,1559,32360
demo-centro,2026-08-10,2026-08-11,Room Revenue,24535.81,269584.41,5566151.31
demo-centro,2026-08-10,2026-08-11,Total Revenue,31297.12,339227.79,7106545.33
demo-centro,2026-08-10,2026-08-11,Food And Beverage Revenue,6025.24,61555.85,1373409.48
demo-centro,2026-08-10,2026-08-11,Other Revenue,736.07,0,0
demo-costa,2026-08-10,2026-08-11,Total Rooms in Hotel,140,1400,31080
demo-costa,2026-08-10,2026-08-11,Rooms Occupied minus House Use,61,635,20114
demo-costa,2026-08-10,2026-08-11,Room Revenue,9436.24,98643.92,3281175.77
demo-costa,2026-08-10,2026-08-11,Total Revenue,12243.17,128060.64,4192760.68
demo-costa,2026-08-10,2026-08-11,Food And Beverage Revenue,2523.84,26457.4,813149.65
demo-costa,2026-08-10,2026-08-11,Other Revenue,283.09,0,0
demo-centro,2026-08-11,2026-08-12,Total Rooms in Hotel,220,2420,49060
demo-centro,2026-08-11,2026-08-12,Rooms Occupied minus House Use,141,1700,32501
demo-centro,2026-08-11,2026-08-12,Room Revenue,24695.74,294280.15,5590847.05
demo-centro,2026-08-11,2026-08-12,Total Revenue,30401.67,369629.46,7136947.0
demo-centro,2026-08-11,2026-08-12,Food And Beverage Revenue,4965.05,66520.9,1378374.53
demo-centro,2026-08-11,2026-08-12,Other Revenue,740.87,0,0
demo-costa,2026-08-11,2026-08-12,Total Rooms in Hotel,140,1540,31220
demo-costa,2026-08-11,2026-08-12,Rooms Occupied minus House Use,49,684,20163
demo-costa,2026-08-11,2026-08-12,Room Revenue,7419.01,106062.93,3288594.78
demo-costa,2026-08-11,2026-08-12,Total Revenue,9834.32,137894.96,4202595.01
demo-costa,2026-08-11,2026-08-12,Food And Beverage Revenue,2192.74,28650.14,815342.38
demo-costa,2026-08-11,2026-08-12,Other Revenue,222.57,0,0
demo-centro,2026-08-12,2026-08-13,Total Rooms in Hotel,220,2640,49280
demo-centro,2026-08-12,2026-08-13,Rooms Occupied minus House Use,143,1843,32644
demo-centro,2026-08-12,2026-08-13,Room Revenue,24255.23,318535.38,5615102.28
demo-centro,2026-08-12,2026-08-13,Total Revenue,30207.18,399836.64,7167154.17
demo-centro,2026-08-12,2026-08-13,Food And Beverage Revenue,5224.3,71745.19,1383598.83
demo-centro,2026-08-12,2026-08-13,Other Revenue,727.66,0,0
demo-costa,2026-08-12,2026-08-13,Total Rooms in Hotel,140,1680,31360
demo-costa,2026-08-12,2026-08-13,Rooms Occupied minus House Use,59,743,20222
demo-costa,2026-08-12,2026-08-13,Room Revenue,9454.08,115517.01,3298048.86
demo-costa,2026-08-12,2026-08-13,Total Revenue,11712.71,149607.67,4214307.72
demo-costa,2026-08-12,2026-08-13,Food And Beverage Revenue,1975.01,30625.15,817317.4
demo-costa,2026-08-12,2026-08-13,Other Revenue,283.62,0,0
demo-centro,2026-08-13,2026-08-14,Total Rooms in Hotel,220,2860,49500
demo-centro,2026-08-13,2026-08-14,Rooms Occupied minus House Use,166,2009,32810
demo-centro,2026-08-13,2026-08-14,Room Revenue,28808.41,347343.79,5643910.69
demo-centro,2026-08-13,2026-08-14,Total Revenue,36904.4,436741.03,7204058.57
demo-centro,2026-08-13,2026-08-14,Food And Beverage Revenue,7231.73,78976.92,1390830.56
demo-centro,2026-08-13,2026-08-14,Other Revenue,864.25,0,0
demo-costa,2026-08-13,2026-08-14,Total Rooms in Hotel,140,1820,31500
demo-costa,2026-08-13,2026-08-14,Rooms Occupied minus House Use,72,815,20294
demo-costa,2026-08-13,2026-08-14,Room Revenue,10585.95,126102.96,3308634.81
demo-costa,2026-08-13,2026-08-14,Total Revenue,13502.87,163110.54,4227810.59
demo-costa,2026-08-13,2026-08-14,Food And Beverage Revenue,2599.34,33224.49,819916.74
demo-costa,2026-08-13,2026-08-14,Other Revenue,317.58,0,0
demo-centro,2026-08-14,2026-08-15,Total Rooms in Hotel,220,3080,49720
demo-centro,2026-08-14,2026-08-15,Rooms Occupied minus House Use,155,2164,32965
demo-centro,2026-08-14,2026-08-15,Room Revenue,27585.02,374928.82,5671495.72
demo-centro,2026-08-14,2026-08-15,Total Revenue,35350.03,472091.07,7239408.6
demo-centro,2026-08-14,2026-08-15,Food And Beverage Revenue,6937.46,85914.38,1397768.01
demo-centro,2026-08-14,2026-08-15,Other Revenue,827.55,0,0
demo-costa,2026-08-14,2026-08-15,Total Rooms in Hotel,140,1960,31640
demo-costa,2026-08-14,2026-08-15,Rooms Occupied minus House Use,73,888,20367
demo-costa,2026-08-14,2026-08-15,Room Revenue,10795.94,136898.91,3319430.75
demo-costa,2026-08-14,2026-08-15,Total Revenue,14331.33,177441.87,4242141.91
demo-costa,2026-08-14,2026-08-15,Food And Beverage Revenue,3211.5,36436.0,823128.24
demo-costa,2026-08-14,2026-08-15,Other Revenue,323.88,0,0
demo-centro,2026-08-15,2026-08-16,Total Rooms in Hotel,220,3300,49940
demo-centro,2026-08-15,2026-08-16,Rooms Occupied minus House Use,180,2344,33145
demo-centro,2026-08-15,2026-08-16,Room Revenue,31016.31,405945.12,5702512.02
demo-centro,2026-08-15,2026-08-16,Total Revenue,38583.33,510674.39,7277991.93
demo-centro,2026-08-15,2026-08-16,Food And Beverage Revenue,6636.53,92550.91,1404404.54
demo-centro,2026-08-15,2026-08-16,Other Revenue,930.49,0,0
demo-costa,2026-08-15,2026-08-16,Total Rooms in Hotel,140,2100,31780
demo-costa,2026-08-15,2026-08-16,Rooms Occupied minus House Use,73,961,20440
demo-costa,2026-08-15,2026-08-16,Room Revenue,11332.25,148231.16,3330763.0
demo-costa,2026-08-15,2026-08-16,Total Revenue,14415.87,191857.74,4256557.79
demo-costa,2026-08-15,2026-08-16,Food And Beverage Revenue,2743.66,39179.65,825871.9
demo-costa,2026-08-15,2026-08-16,Other Revenue,339.97,0,0
demo-centro,2026-08-16,2026-08-17,Total Rooms in Hotel,220,3520,50160
demo-centro,2026-08-16,2026-08-17,Rooms Occupied minus House Use,126,2470,33271
demo-centro,2026-08-16,2026-08-17,Room Revenue,22239.01,428184.13,5724751.03
demo-centro,2026-08-16,2026-08-17,Total Revenue,29466.43,540140.82,7307458.36
demo-centro,2026-08-16,2026-08-17,Food And Beverage Revenue,6560.25,99111.17,1410964.8
demo-centro,2026-08-16,2026-08-17,Other Revenue,667.17,0,0
demo-costa,2026-08-16,2026-08-17,Total Rooms in Hotel,140,2240,31920
demo-costa,2026-08-16,2026-08-17,Rooms Occupied minus House Use,38,999,20478
demo-costa,2026-08-16,2026-08-17,Room Revenue,6027.38,154258.53,3336790.37
demo-costa,2026-08-16,2026-08-17,Total Revenue,7956.22,199813.96,4264514.0
demo-costa,2026-08-16,2026-08-17,Food And Beverage Revenue,1748.02,40927.67,827619.92
demo-costa,2026-08-16,2026-08-17,Other Revenue,180.82,0,0
demo-centro,2026-08-17,2026-08-18,Total Rooms in Hotel,220,3740,50380
demo-centro,2026-08-17,2026-08-18,Rooms Occupied minus House Use,142,2612,33413
demo-centro,2026-08-17,2026-08-18,Room Revenue,24267.17,452451.3,5749018.2
demo-centro,2026-08-17,2026-08-18,Total Revenue,31558.59,571699.41,7339016.95
demo-centro,2026-08-17,2026-08-18,Food And Beverage Revenue,6563.41,105674.57,1417528.2
demo-centro,2026-08-17,2026-08-18,Other Revenue,728.01,0,0
demo-costa,2026-08-17,2026-08-18,Total Rooms in Hotel,140,2380,32060
demo-costa,2026-08-17,2026-08-18,Rooms Occupied minus House Use,69,1068,20547
demo-costa,2026-08-17,2026-08-18,Room Revenue,10686.49,164945.02,3347476.86
demo-costa,2026-08-17,2026-08-18,Total Revenue,13870.36,213684.32,4278384.36
demo-costa,2026-08-17,2026-08-18,Food And Beverage Revenue,2863.28,43790.95,830483.2
demo-costa,2026-08-17,2026-08-18,Other Revenue,320.59,0,0
demo-centro,2026-08-18,2026-08-19,Total Rooms in Hotel,220,3960,50600
demo-centro,2026-08-18,2026-08-19,Rooms Occupied minus House Use,160,2772,33573
demo-centro,2026-08-18,2026-08-19,Room Revenue,28513.91,480965.21,5777532.11
demo-centro,2026-08-18,2026-08-19,Total Revenue,37443.56,609142.97,7376460.5
demo-centro,2026-08-18,2026-08-19,Food And Beverage Revenue,8074.23,113748.8,1425602.43
demo-centro,2026-08-18,2026-08-19,Other Revenue,855.42,0,0
demo-costa,2026-08-18,2026-08-19,Total Rooms in Hotel,140,2520,32200
demo-costa,2026-08-18,2026-08-19,Rooms Occupied minus House Use,62,1130,20609
demo-costa,2026-08-18,2026-08-19,Room Revenue,9637.93,174582.95,3357114.79
demo-costa,2026-08-18,2026-08-19,Total Revenue,12022.58,225706.9,4290406.94
demo-costa,2026-08-18,2026-08-19,Food And Beverage Revenue,2095.51,45886.46,832578.71
demo-costa,2026-08-18,2026-08-19,Other Revenue,289.14,0,0
demo-centro,2026-08-19,2026-08-20,Total Rooms in Hotel,220,4180,50820
demo-centro,2026-08-19,2026-08-20,Rooms Occupied minus House Use,172,2944,33745
demo-centro,2026-08-19,2026-08-20,Room Revenue,29567.03,510532.24,5807099.14
demo-centro,2026-08-19,2026-08-20,Total Revenue,38167.36,647310.33,7414627.87
demo-centro,2026-08-19,2026-08-20,Food And Beverage Revenue,7713.32,121462.12,1433315.75
demo-centro,2026-08-19,2026-08-20,Other Revenue,887.01,0,0
demo-costa,2026-08-19,2026-08-20,Total Rooms in Hotel,140,2660,32340
demo-costa,2026-08-19,2026-08-20,Rooms Occupied minus House Use,71,1201,20680
demo-costa,2026-08-19,2026-08-20,Room Revenue,11184.12,185767.07,3368298.92
demo-costa,2026-08-19,2026-08-20,Total Revenue,14037.45,239744.35,4304444.39
demo-costa,2026-08-19,2026-08-20,Food And Beverage Revenue,2517.81,48404.27,835096.51
demo-costa,2026-08-19,2026-08-20,Other Revenue,335.52,0,0
demo-centro,2026-08-20,2026-08-21,Total Rooms in Hotel,220,4400,51040
demo-centro,2026-08-20,2026-08-21,Rooms Occupied minus House Use,152,3096,33897
demo-centro,2026-08-20,2026-08-21,Room Revenue,26506.74,537038.98,5833605.88
demo-centro,2026-08-20,2026-08-21,Total Revenue,34642.1,681952.43,7449269.97
demo-centro,2026-08-20,2026-08-21,Food And Beverage Revenue,7340.16,128802.28,1440655.91
demo-centro,2026-08-20,2026-08-21,Other Revenue,795.2,0,0
demo-costa,2026-08-20,2026-08-21,Total Rooms in Hotel,140,2800,32480
demo-costa,2026-08-20,2026-08-21,Rooms Occupied minus House Use,56,1257,20736
demo-costa,2026-08-20,2026-08-21,Room Revenue,8619.71,194386.78,3376918.62
demo-costa,2026-08-20,2026-08-21,Total Revenue,10874.43,250618.78,4315318.82
demo-costa,2026-08-20,2026-08-21,Food And Beverage Revenue,1996.13,50400.4,837092.64
demo-costa,2026-08-20,2026-08-21,Other Revenue,258.59,0,0
demo-centro,2026-08-21,2026-08-22,Total Rooms in Hotel,220,4620,51260
demo-centro,2026-08-21,2026-08-22,Rooms Occupied minus House Use,154,3250,34051
demo-centro,2026-08-21,2026-08-22,Room Revenue,25295.22,562334.2,5858901.1
demo-centro,2026-08-21,2026-08-22,Total Revenue,32607.74,714560.17,7481877.71
demo-centro,2026-08-21,2026-08-22,Food And Beverage Revenue,6553.66,135355.94,1447209.57
demo-centro,2026-08-21,2026-08-22,Other Revenue,758.86,0,0
demo-costa,2026-08-21,2026-08-22,Total Rooms in Hotel,140,2940,32620
demo-costa,2026-08-21,2026-08-22,Rooms Occupied minus House Use,69,1326,20805
demo-costa,2026-08-21,2026-08-22,Room Revenue,10599.59,204986.37,3387518.21
demo-costa,2026-08-21,2026-08-22,Total Revenue,13423.12,264041.9,4328741.94
demo-costa,2026-08-21,2026-08-22,Food And Beverage Revenue,2505.54,52905.94,839598.18
demo-costa,2026-08-21,2026-08-22,Other Revenue,317.99,0,0
demo-centro,2026-08-22,2026-08-23,Total Rooms in Hotel,220,4840,51480
demo-centro,2026-08-22,2026-08-23,Rooms Occupied minus House Use,174,3424,34225
demo-centro,2026-08-22,2026-08-23,Room Revenue,31392.17,593726.37,5890293.27
demo-centro,2026-08-22,2026-08-23,Total Revenue,39231.45,753791.62,7521109.16
demo-centro,2026-08-22,2026-08-23,Food And Beverage Revenue,6897.52,142253.46,1454107.09
demo-centro,2026-08-22,2026-08-23,Other Revenue,941.76,0,0
demo-costa,2026-08-22,2026-08-23,Total Rooms in Hotel,140,3080,32760
demo-costa,2026-08-22,2026-08-23,Rooms Occupied minus House Use,62,1388,20867
demo-costa,2026-08-22,2026-08-23,Room Revenue,9442.87,214429.24,3396961.09
demo-costa,2026-08-22,2026-08-23,Total Revenue,11811.23,275853.13,4340553.17
demo-costa,2026-08-22,2026-08-23,Food And Beverage Revenue,2085.07,54991.01,841683.25
demo-costa,2026-08-22,2026-08-23,Other Revenue,283.29,0,0
demo-centro,2026-08-23,2026-08-24,Total Rooms in Hotel,220,5060,51700
demo-centro,2026-08-23,2026-08-24,Rooms Occupied minus House Use,137,3561,34362
demo-centro,2026-08-23,2026-08-24,Room Revenue,22986.52,616712.89,5913279.79
demo-centro,2026-08-23,2026-08-24,Total Revenue,30049.31,783840.93,7551158.47
demo-centro,2026-08-23,2026-08-24,Food And Beverage Revenue,6373.2,148626.66,1460480.29
demo-centro,2026-08-23,2026-08-24,Other Revenue,689.6,0,0
demo-costa,2026-08-23,2026-08-24,Total Rooms in Hotel,140,3220,32900
demo-costa,2026-08-23,2026-08-24,Rooms Occupied minus House Use,54,1442,20921
demo-costa,2026-08-23,2026-08-24,Room Revenue,8579.1,223008.35,3405540.19
demo-costa,2026-08-23,2026-08-24,Total Revenue,11273.67,287126.8,4351826.84
demo-costa,2026-08-23,2026-08-24,Food And Beverage Revenue,2437.19,57428.2,844120.44
demo-costa,2026-08-23,2026-08-24,Other Revenue,257.37,0,0
demo-centro,2026-08-24,2026-08-25,Total Rooms in Hotel,220,5280,51920
demo-centro,2026-08-24,2026-08-25,Rooms Occupied minus House Use,136,3697,34498
demo-centro,2026-08-24,2026-08-25,Room Revenue,23147.05,639859.94,5936426.84
demo-centro,2026-08-24,2026-08-25,Total Revenue,29019.11,812860.05,7580177.59
demo-centro,2026-08-24,2026-08-25,Food And Beverage Revenue,5177.65,153804.31,1465657.94
demo-centro,2026-08-24,2026-08-25,Other Revenue,694.41,0,0
demo-costa,2026-08-24,2026-08-25,Total Rooms in Hotel,140,3360,33040
demo-costa,2026-08-24,2026-08-25,Rooms Occupied minus House Use,58,1500,20979
demo-costa,2026-08-24,2026-08-25,Room Revenue,9121.21,232129.56,3414661.4
demo-costa,2026-08-24,2026-08-25,Total Revenue,11751.57,298878.37,4363578.41
demo-costa,2026-08-24,2026-08-25,Food And Beverage Revenue,2356.72,59784.92,846477.17
demo-costa,2026-08-24,2026-08-25,Other Revenue,273.64,0,0
demo-centro,2026-08-25,2026-08-26,Total Rooms in Hotel,220,5500,52140
demo-centro,2026-08-25,2026-08-26,Rooms Occupied minus House Use,139,3836,34637
demo-centro,2026-08-25,2026-08-26,Room Revenue,24164.63,664024.56,5960591.46
demo-centro,2026-08-25,2026-08-26,Total Revenue,30807.79,843667.84,7610985.38
demo-centro,2026-08-25,2026-08-26,Food And Beverage Revenue,5918.23,159722.54,1471576.17
demo-centro,2026-08-25,2026-08-26,Other Revenue,724.94,0,0
demo-costa,2026-08-25,2026-08-26,Total Rooms in Hotel,140,3500,33180
demo-costa,2026-08-25,2026-08-26,Rooms Occupied minus House Use,73,1573,21052
demo-costa,2026-08-25,2026-08-26,Room Revenue,11530.28,243659.84,3426191.68
demo-costa,2026-08-25,2026-08-26,Total Revenue,14675.83,313554.2,4378254.25
demo-costa,2026-08-25,2026-08-26,Food And Beverage Revenue,2799.64,62584.57,849276.81
demo-costa,2026-08-25,2026-08-26,Other Revenue,345.91,0,0
demo-centro,2026-08-26,2026-08-27,Total Rooms in Hotel,220,5720,52360
demo-centro,2026-08-26,2026-08-27,Rooms Occupied minus House Use,140,3976,34777
demo-centro,2026-08-26,2026-08-27,Room Revenue,23063.12,687087.68,5983654.58
demo-centro,2026-08-26,2026-08-27,Total Revenue,30154.05,873821.89,7641139.43
demo-centro,2026-08-26,2026-08-27,Food And Beverage Revenue,6399.04,166121.57,1477975.21
demo-centro,2026-08-26,2026-08-27,Other Revenue,691.89,0,0
demo-costa,2026-08-26,2026-08-27,Total Rooms in Hotel,140,3640,33320
demo-costa,2026-08-26,2026-08-27,Rooms Occupied minus House Use,56,1629,21108
demo-costa,2026-08-26,2026-08-27,Room Revenue,8242.28,251902.12,3434433.97
demo-costa,2026-08-26,2026-08-27,Total Revenue,10457.48,324011.68,4388711.73
demo-costa,2026-08-26,2026-08-27,Food And Beverage Revenue,1967.93,64552.5,851244.74
demo-costa,2026-08-26,2026-08-27,Other Revenue,247.27,0,0
demo-centro,2026-08-27,2026-08-28,Total Rooms in Hotel,220,5940,52580
demo-centro,2026-08-27,2026-08-28,Rooms Occupied minus House Use,155,4131,34932
demo-centro,2026-08-27,2026-08-28,Room Revenue,28018.85,715106.54,6011673.44
demo-centro,2026-08-27,2026-08-28,Total Revenue,36973.95,910795.84,7678113.38
demo-centro,2026-08-27,2026-08-28,Food And Beverage Revenue,8114.53,174236.11,1486089.74
demo-centro,2026-08-27,2026-08-28,Other Revenue,840.57,0,0
demo-costa,2026-08-27,2026-08-28,Total Rooms in Hotel,140,3780,33460
demo-costa,2026-08-27,2026-08-28,Rooms Occupied minus House Use,58,1687,21166
demo-costa,2026-08-27,2026-08-28,Room Revenue,8606.51,260508.64,3443040.48
demo-costa,2026-08-27,2026-08-28,Total Revenue,11142.35,335154.04,4399854.08
demo-costa,2026-08-27,2026-08-28,Food And Beverage Revenue,2277.64,66830.14,853522.39
demo-costa,2026-08-27,2026-08-28,Other Revenue,258.2,0,0
demo-centro,2026-08-28,2026-08-29,Total Rooms in Hotel,220,6160,52800
demo-centro,2026-08-28,2026-08-29,Rooms Occupied minus House Use,169,4300,35101
demo-centro,2026-08-28,2026-08-29,Room Revenue,29702.27,744808.81,6041375.71
demo-centro,2026-08-28,2026-08-29,Total Revenue,38690.59,949486.43,7716803.97
demo-centro,2026-08-28,2026-08-29,Food And Beverage Revenue,8097.25,182333.36,1494186.99
demo-centro,2026-08-28,2026-08-29,Other Revenue,891.07,0,0
demo-costa,2026-08-28,2026-08-29,Total Rooms in Hotel,140,3920,33600
demo-costa,2026-08-28,2026-08-29,Rooms Occupied minus House Use,60,1747,21226
demo-costa,2026-08-28,2026-08-29,Room Revenue,9176.2,269684.84,3452216.68
demo-costa,2026-08-28,2026-08-29,Total Revenue,11812.83,346966.87,4411666.91
demo-costa,2026-08-28,2026-08-29,Food And Beverage Revenue,2361.34,69191.48,855883.73
demo-costa,2026-08-28,2026-08-29,Other Revenue,275.29,0,0
demo-centro,2026-08-29,2026-08-30,Total Rooms in Hotel,220,6380,53020
demo-centro,2026-08-29,2026-08-30,Rooms Occupied minus House Use,170,4470,35271
demo-centro,2026-08-29,2026-08-30,Room Revenue,28068.78,772877.59,6069444.49
demo-centro,2026-08-29,2026-08-30,Total Revenue,35442.57,984928.99,7752246.53
demo-centro,2026-08-29,2026-08-30,Food And Beverage Revenue,6531.72,188865.07,1500718.71
demo-centro,2026-08-29,2026-08-30,Other Revenue,842.06,0,0
demo-costa,2026-08-29,2026-08-30,Total Rooms in Hotel,140,4060,33740
demo-costa,2026-08-29,2026-08-30,Rooms Occupied minus House Use,73,1820,21299
demo-costa,2026-08-29,2026-08-30,Room Revenue,11600.82,281285.66,3463817.51
demo-costa,2026-08-29,2026-08-30,Total Revenue,15407.18,362374.05,4427074.09
demo-costa,2026-08-29,2026-08-30,Food And Beverage Revenue,3458.33,72649.81,859342.06
demo-costa,2026-08-29,2026-08-30,Other Revenue,348.02,0,0
demo-centro,2026-08-30,2026-08-31,Total Rooms in Hotel,220,6600,53240
demo-centro,2026-08-30,2026-08-31,Rooms Occupied minus House Use,139,4609,35410
demo-centro,2026-08-30,2026-08-31,Room Revenue,23335.8,796213.39,6092780.29
demo-centro,2026-08-30,2026-08-31,Total Revenue,30603.76,1015532.75,7782850.29
demo-centro,2026-08-30,2026-08-31,Food And Beverage Revenue,6567.89,195432.96,1507286.6
demo-centro,2026-08-30,2026-08-31,Other Revenue,700.07,0,0
demo-costa,2026-08-30,2026-08-31,Total Rooms in Hotel,140,4200,33880
demo-costa,2026-08-30,2026-08-31,Rooms Occupied minus House Use,57,1877,21356
demo-costa,2026-08-30,2026-08-31,Room Revenue,9133.27,290418.93,3472950.78
demo-costa,2026-08-30,2026-08-31,Total Revenue,11371.87,373745.92,4438445.96
demo-costa,2026-08-30,2026-08-31,Food And Beverage Revenue,1964.6,74614.42,861306.66
demo-costa,2026-08-30,2026-08-31,Other Revenue,274.0,0,0
demo-centro,2026-08-31,2026-09-01,Total Rooms in Hotel,220,6820,53460
demo-centro,2026-08-31,2026-09-01,Rooms Occupied minus House Use,137,4746,35547
demo-centro,2026-08-31,2026-09-01,Room Revenue,23571.56,819784.95,6116351.85
demo-centro,2026-08-31,2026-09-01,Total Revenue,30344.13,1045876.88,7813194.42
demo-centro,2026-08-31,2026-09-01,Food And Beverage Revenue,6065.42,201498.39,1513352.02
demo-centro,2026-08-31,2026-09-01,Other Revenue,707.15,0,0
demo-costa,2026-08-31,2026-09-01,Total Rooms in Hotel,140,4340,34020
demo-costa,2026-08-31,2026-09-01,Rooms Occupied minus House Use,65,1942,21421
demo-costa,2026-08-31,2026-09-01,Room Revenue,10257.36,300676.3,3483208.14
demo-costa,2026-08-31,2026-09-01,Total Revenue,13101.53,386847.45,4451547.49
demo-costa,2026-08-31,2026-09-01,Food And Beverage Revenue,2536.45,77150.86,863843.11
demo-costa,2026-08-31,2026-09-01,Other Revenue,307.72,0,0
demo-centro,2026-09-01,2026-09-02,Total Rooms in Hotel,220,220,53680
demo-centro,2026-09-01,2026-09-02,Rooms Occupied minus House Use,178,178,35725
demo-centro,2026-09-01,2026-09-02,Room Revenue,30305.0,30305.0,6146656.84
demo-centro,2026-09-01,2026-09-02,Total Revenue,38795.39,38795.39,7851989.81
demo-centro,2026-09-01,2026-09-02,Food And Beverage Revenue,7581.24,7581.24,1520933.26
demo-centro,2026-09-01,2026-09-02,Other Revenue,909.15,0,0
demo-costa,2026-09-01,2026-09-02,Total Rooms in Hotel,140,140,34160
demo-costa,2026-09-01,2026-09-02,Rooms Occupied minus House Use,73,73,21494
demo-costa,2026-09-01,2026-09-02,Room Revenue,11224.89,11224.89,3494433.03
demo-costa,2026-09-01,2026-09-02,Total Revenue,14896.31,14896.31,4466443.8
demo-costa,2026-09-01,2026-09-02,Food And Beverage Revenue,3334.67,3334.67,867177.78
demo-costa,2026-09-01,2026-09-02,Other Revenue,336.75,0,0
demo-centro,2026-09-02,2026-09-03,Total Rooms in Hotel,220,440,53900
demo-centro,2026-09-02,2026-09-03,Rooms Occupied minus House Use,180,358,35905
demo-centro,2026-09-02,2026-09-03,Room Revenue,30479.27,60784.26,6177136.11
demo-centro,2026-09-02,2026-09-03,Total Revenue,40239.61,79035.0,7892229.42
demo-centro,2026-09-02,2026-09-03,Food And Beverage Revenue,8845.97,16427.21,1529779.23
demo-centro,2026-09-02,2026-09-03,Other Revenue,914.38,0,0
demo-costa,2026-09-02,2026-09-03,Total Rooms in Hotel,140,280,34300
demo-costa,2026-09-02,2026-09-03,Rooms Occupied minus House Use,75,148,21569
demo-costa,2026-09-02,2026-09-03,Room Revenue,11909.15,23134.04,3506342.18
demo-costa,2026-09-02,2026-09-03,Total Revenue,15586.14,30482.45,4482029.94
demo-costa,2026-09-02,2026-09-03,Food And Beverage Revenue,3319.72,6654.39,870497.5
demo-costa,2026-09-02,2026-09-03,Other Revenue,357.27,0,0
demo-centro,2026-09-03,2026-09-04,Total Rooms in Hotel,220,660,54120
demo-centro,2026-09-03,2026-09-04,Rooms Occupied minus House Use,176,534,36081
demo-centro,2026-09-03,2026-09-04,Room Revenue,31678.12,92462.38,6208814.23
demo-centro,2026-09-03,2026-09-04,Total Revenue,40275.01,119310.01,7932504.43
demo-centro,2026-09-03,2026-09-04,Food And Beverage Revenue,7646.54,24073.75,1537425.77
demo-centro,2026-09-03,2026-09-04,Other Revenue,950.34,0,0
demo-costa,2026-09-03,2026-09-04,Total Rooms in Hotel,140,420,34440
demo-costa,2026-09-03,2026-09-04,Rooms Occupied minus House Use,71,219,21640
demo-costa,2026-09-03,2026-09-04,Room Revenue,11680.17,34814.21,3518022.35
demo-costa,2026-09-03,2026-09-04,Total Revenue,14522.85,45005.3,4496552.8
demo-costa,2026-09-03,2026-09-04,Food And Beverage Revenue,2492.28,9146.67,872989.78
demo-costa,2026-09-03,2026-09-04,Other Revenue,350.41,0,0
demo-centro,2026-09-04,2026-09-05,Total Rooms in Hotel,220,880,54340
demo-centro,2026-09-04,2026-09-05,Rooms Occupied minus House Use,204,738,36285
demo-centro,2026-09-04,2026-09-05,Room Revenue,36436.12,128898.5,6245250.35
demo-centro,2026-09-04,2026-09-05,Total Revenue,45368.68,164678.69,7977873.11
demo-centro,2026-09-04,2026-09-05,Food And Beverage Revenue,7839.48,31913.23,1545265.25
demo-centro,2026-09-04,2026-09-05,Other Revenue,1093.08,0,0
demo-costa,2026-09-04,2026-09-05,Total Rooms in Hotel,140,560,34580
demo-costa,2026-09-04,2026-09-05,Rooms Occupied minus House Use,89,308,21729
demo-costa,2026-09-04,2026-09-05,Room Revenue,14290.29,49104.5,3532312.64
demo-costa,2026-09-04,2026-09-05,Total Revenue,18632.72,63638.03,4515185.52
demo-costa,2026-09-04,2026-09-05,Food And Beverage Revenue,3913.72,13060.39,876903.5
demo-costa,2026-09-04,2026-09-05,Other Revenue,428.71,0,0
demo-centro,2026-09-05,2026-09-06,Total Rooms in Hotel,220,1100,54560
demo-centro,2026-09-05,2026-09-06,Rooms Occupied minus House Use,190,928,36475
demo-centro,2026-09-05,2026-09-06,Room Revenue,34719.13,163617.63,6279969.48
demo-centro,2026-09-05,2026-09-06,Total Revenue,43098.55,207777.25,8020971.66
demo-centro,2026-09-05,2026-09-06,Food And Beverage Revenue,7337.85,39251.09,1552603.1
demo-centro,2026-09-05,2026-09-06,Other Revenue,1041.57,0,0
demo-costa,2026-09-05,2026-09-06,Total Rooms in Hotel,140,700,34720
demo-costa,2026-09-05,2026-09-06,Rooms Occupied minus House Use,83,391,21812
demo-costa,2026-09-05,2026-09-06,Room Revenue,12439.01,61543.51,3544751.65
demo-costa,2026-09-05,2026-09-06,Total Revenue,16314.2,79952.23,4531499.72
demo-costa,2026-09-05,2026-09-06,Food And Beverage Revenue,3502.03,16562.42,880405.53
demo-costa,2026-09-05,2026-09-06,Other Revenue,373.17,0,0
demo-centro,2026-09-06,2026-09-07,Total Rooms in Hotel,220,1320,54780
demo-centro,2026-09-06,2026-09-07,Rooms Occupied minus House Use,159,1087,36634
demo-centro,2026-09-06,2026-09-07,Room Revenue,26511.05,190128.68,6306480.52
demo-centro,2026-09-06,2026-09-07,Total Revenue,33094.78,240872.03,8054066.45
demo-centro,2026-09-06,2026-09-07,Food And Beverage Revenue,5788.41,45039.49,1558391.51
demo-centro,2026-09-06,2026-09-07,Other Revenue,795.33,0,0
demo-costa,2026-09-06,2026-09-07,Total Rooms in Hotel,140,840,34860
demo-costa,2026-09-06,2026-09-07,Rooms Occupied minus House Use,75,466,21887
demo-costa,2026-09-06,2026-09-07,Room Revenue,12260.95,73804.46,3557012.6
demo-costa,2026-09-06,2026-09-07,Total Revenue,15761.67,95713.91,4547261.4
demo-costa,2026-09-06,2026-09-07,Food And Beverage Revenue,3132.9,19695.32,883538.42
demo-costa,2026-09-06,2026-09-07,Other Revenue,367.83,0,0
demo-centro,2026-09-07,2026-09-08,Total Rooms in Hotel,220,1540,55000
demo-centro,2026-09-07,2026-09-08,Rooms Occupied minus House Use,158,1245,36792
demo-centro,2026-09-07,2026-09-08,Room Revenue,28110.09,218238.77,6334590.62
demo-centro,2026-09-07,2026-09-08,Total Revenue,36354.46,277226.49,8090420.91
demo-centro,2026-09-07,2026-09-08,Food And Beverage Revenue,7401.06,52440.55,1565792.57
demo-centro,2026-09-07,2026-09-08,Other Revenue,843.3,0,0
demo-costa,2026-09-07,2026-09-08,Total Rooms in Hotel,140,980,35000
demo-costa,2026-09-07,2026-09-08,Rooms Occupied minus House Use,87,553,21974
demo-costa,2026-09-07,2026-09-08,Room Revenue,14027.61,87832.07,3571040.21
demo-costa,2026-09-07,2026-09-08,Total Revenue,17477.09,113191.0,4564738.49
demo-costa,2026-09-07,2026-09-08,Food And Beverage Revenue,3028.65,22723.97,886567.07
demo-costa,2026-09-07,2026-09-08,Other Revenue,420.83,0,0
demo-centro,2026-09-08,2026-09-09,Total Rooms in Hotel,220,1760,55220
demo-centro,2026-09-08,2026-09-09,Rooms Occupied minus House Use,165,1410,36957
demo-centro,2026-09-08,2026-09-09,Room Revenue,28091.59,246330.36,6362682.2
demo-centro,2026-09-08,2026-09-09,Total Revenue,35222.78,312449.27,8125643.69
demo-centro,2026-09-08,2026-09-09,Food And Beverage Revenue,6288.44,58729.0,1572081.01
demo-centro,2026-09-08,2026-09-09,Other Revenue,842.75,0,0
demo-costa,2026-09-08,2026-09-09,Total Rooms in Hotel,140,1120,35140
demo-costa,2026-09-08,2026-09-09,Rooms Occupied minus House Use,77,630,22051
demo-costa,2026-09-08,2026-09-09,Room Revenue,12694.25,100526.32,3583734.46
demo-costa,2026-09-08,2026-09-09,Total Revenue,16655.07,129846.07,4581393.56
demo-costa,2026-09-08,2026-09-09,Food And Beverage Revenue,3580.0,26303.97,890147.07
demo-costa,2026-09-08,2026-09-09,Other Revenue,380.83,0,0
demo-centro,2026-09-09,2026-09-10,Total Rooms in Hotel,220,1980,55440
demo-centro,2026-09-09,2026-09-10,Rooms Occupied minus House Use,164,1574,37121
demo-centro,2026-09-09,2026-09-10,Room Revenue,27887.76,274218.12,6390569.97
demo-centro,2026-09-09,2026-09-10,Total Revenue,36080.17,348529.44,8161723.85
demo-centro,2026-09-09,2026-09-10,Food And Beverage Revenue,7355.77,66084.77,1579436.79
demo-centro,2026-09-09,2026-09-10,Other Revenue,836.63,0,0
demo-costa,2026-09-09,2026-09-10,Total Rooms in Hotel,140,1260,35280
demo-costa,2026-09-09,2026-09-10,Rooms Occupied minus House Use,80,710,22131
demo-costa,2026-09-09,2026-09-10,Room Revenue,12409.9,112936.22,3596144.36
demo-costa,2026-09-09,2026-09-10,Total Revenue,15498.59,145344.66,4596892.15
demo-costa,2026-09-09,2026-09-10,Food And Beverage Revenue,2716.39,29020.36,892863.46
demo-costa,2026-09-09,2026-09-10,Other Revenue,372.3,0,0
demo-centro,2026-09-10,2026-09-11,Total Rooms in Hotel,220,2200,55660
demo-centro,2026-09-10,2026-09-11,Rooms Occupied minus House Use,152,1726,37273
demo-centro,2026-09-10,2026-09-11,Room Revenue,26189.28,300407.4,6416759.24
demo-centro,2026-09-10,2026-09-11,Total Revenue,32667.44,381196.87,8194391.29
demo-centro,2026-09-10,2026-09-11,Food And Beverage Revenue,5692.48,71777.25,1585129.27
demo-centro,2026-09-10,2026-09-11,Other Revenue,785.68,0,0
demo-costa,2026-09-10,2026-09-11,Total Rooms in Hotel,140,1400,35420
demo-costa,2026-09-10,2026-09-11,Rooms Occupied minus House Use,83,793,22214
demo-costa,2026-09-10,2026-09-11,Room Revenue,12546.65,125482.87,3608691.01
demo-costa,2026-09-10,2026-09-11,Total Revenue,15527.71,160872.37,4612419.86
demo-costa,2026-09-10,2026-09-11,Food And Beverage Revenue,2604.66,31625.02,895468.13
demo-costa,2026-09-10,2026-09-11,Other Revenue,376.4,0,0
demo-centro,2026-09-11,2026-09-12,Total Rooms in Hotel,220,2420,55880
demo-centro,2026-09-11,2026-09-12,Rooms Occupied minus House Use,159,1885,37432
demo-centro,2026-09-11,2026-09-12,Room Revenue,26833.7,327241.1,6443592.94
demo-centro,2026-09-11,2026-09-12,Total Revenue,34574.52,415771.39,8228965.81
demo-centro,2026-09-11,2026-09-12,Food And Beverage Revenue,6935.81,78713.06,1592065.08
demo-centro,2026-09-11,2026-09-12,Other Revenue,805.01,0,0
demo-costa,2026-09-11,2026-09-12,Total Rooms in Hotel,140,1540,35560
demo-costa,2026-09-11,2026-09-12,Rooms Occupied minus House Use,76,869,22290
demo-costa,2026-09-11,2026-09-12,Room Revenue,12268.53,137751.39,3620959.53
demo-costa,2026-09-11,2026-09-12,Total Revenue,16012.95,176885.32,4628432.81
demo-costa,2026-09-11,2026-09-12,Food And Beverage Revenue,3376.36,35001.38,898844.49
demo-costa,2026-09-11,2026-09-12,Other Revenue,368.06,0,0
demo-centro,2026-09-12,2026-09-13,Total Rooms in Hotel,220,2640,56100
demo-centro,2026-09-12,2026-09-13,Rooms Occupied minus House Use,186,2071,37618
demo-centro,2026-09-12,2026-09-13,Room Revenue,32521.26,359762.35,6476114.2
demo-centro,2026-09-12,2026-09-13,Total Revenue,40200.59,455971.98,8269166.39
demo-centro,2026-09-12,2026-09-13,Food And Beverage Revenue,6703.69,85416.75,1598768.77
demo-centro,2026-09-12,2026-09-13,Other Revenue,975.64,0,0
demo-costa,2026-09-12,2026-09-13,Total Rooms in Hotel,140,1680,35700
demo-costa,2026-09-12,2026-09-13,Rooms Occupied minus House Use,82,951,22372
demo-costa,2026-09-12,2026-09-13,Room Revenue,13509.12,151260.51,3634468.65
demo-costa,2026-09-12,2026-09-13,Total Revenue,17054.04,193939.36,4645486.85
demo-costa,2026-09-12,2026-09-13,Food And Beverage Revenue,3139.65,38141.03,901984.14
demo-costa,2026-09-12,2026-09-13,Other Revenue,405.27,0,0
demo-centro,2026-09-13,2026-09-14,Total Rooms in Hotel,220,2860,56320
demo-centro,2026-09-13,2026-09-14,Rooms Occupied minus House Use,159,2230,37777
demo-centro,2026-09-13,2026-09-14,Room Revenue,29078.57,388840.92,6505192.76
demo-centro,2026-09-13,2026-09-14,Total Revenue,37804.11,493776.09,8306970.5
demo-centro,2026-09-13,2026-09-14,Food And Beverage Revenue,7853.19,93269.94,1606621.96
demo-centro,2026-09-13,2026-09-14,Other Revenue,872.36,0,0
demo-costa,2026-09-13,2026-09-14,Total Rooms in Hotel,140,1820,35840
demo-costa,2026-09-13,2026-09-14,Rooms Occupied minus House Use,72,1023,22444
demo-costa,2026-09-13,2026-09-14,Room Revenue,11535.58,162796.09,3646004.23
demo-costa,2026-09-13,2026-09-14,Total Revenue,15095.81,209035.17,4660582.66
demo-costa,2026-09-13,2026-09-14,Food And Beverage Revenue,3214.16,41355.19,905198.3
demo-costa,2026-09-13,2026-09-14,Other Revenue,346.07,0,0
demo-centro,2026-09-14,2026-09-15,Total Rooms in Hotel,220,3080,56540
demo-centro,2026-09-14,2026-09-15,Rooms Occupied minus House Use,160,2390,37937
demo-centro,2026-09-14,2026-09-15,Room Revenue,27878.61,416719.53,6533071.38
demo-centro,2026-09-14,2026-09-15,Total Revenue,34756.59,528532.67,8341727.09
demo-centro,2026-09-14,2026-09-15,Food And Beverage Revenue,6041.62,99311.56,1612663.57
demo-centro,2026-09-14,2026-09-15,Other Revenue,836.36,0,0
demo-costa,2026-09-14,2026-09-15,Total Rooms in Hotel,140,1960,35980
demo-costa,2026-09-14,2026-09-15,Rooms Occupied minus House Use,76,1099,22520
demo-costa,2026-09-14,2026-09-15,Room Revenue,12422.49,175218.58,3658426.72
demo-costa,2026-09-14,2026-09-15,Total Revenue,15809.77,224844.94,4676392.43
demo-costa,2026-09-14,2026-09-15,Food And Beverage Revenue,3014.61,44369.8,908212.91
demo-costa,2026-09-14,2026-09-15,Other Revenue,372.67,0,0
demo-centro,2026-09-15,2026-09-16,Total Rooms in Hotel,220,3300,56760
demo-centro,2026-09-15,2026-09-16,Rooms Occupied minus House Use,159,2549,38096
demo-centro,2026-09-15,2026-09-16,Room Revenue,27728.91,444448.44,6560800.28
demo-centro,2026-09-15,2026-09-16,Total Revenue,35663.54,564196.21,8377390.63
demo-centro,2026-09-15,2026-09-16,Food And Beverage Revenue,7102.76,106414.32,1619766.33
demo-centro,2026-09-15,2026-09-16,Other Revenue,831.87,0,0
demo-costa,2026-09-15,2026-09-16,Total Rooms in Hotel,140,2100,36120
demo-costa,2026-09-15,2026-09-16,Rooms Occupied minus House Use,81,1180,22601
demo-costa,2026-09-15,2026-09-16,Room Revenue,13045.19,188263.77,3671471.91
demo-costa,2026-09-15,2026-09-16,Total Revenue,16070.88,240915.82,4692463.31
demo-costa,2026-09-15,2026-09-16,Food And Beverage Revenue,2634.33,47004.13,910847.24
demo-costa,2026-09-15,2026-09-16,Other Revenue,391.36,0,0
demo-centro,2026-09-16,2026-09-17,Total Rooms in Hotel,220,3520,56980
demo-centro,2026-09-16,2026-09-17,Rooms Occupied minus House Use,192,2741,38288
demo-centro,2026-09-16,2026-09-17,Room Revenue,34485.65,478934.09,6595285.94
demo-centro,2026-09-16,2026-09-17,Total Revenue,45369.53,609565.74,8422760.16
demo-centro,2026-09-16,2026-09-17,Food And Beverage Revenue,9849.31,116263.63,1629615.64
demo-centro,2026-09-16,2026-09-17,Other Revenue,1034.57,0,0
demo-costa,2026-09-16,2026-09-17,Total Rooms in Hotel,140,2240,36260
demo-costa,2026-09-16,2026-09-17,Rooms Occupied minus House Use,68,1248,22669
demo-costa,2026-09-16,2026-09-17,Room Revenue,11135.39,199399.16,3682607.3
demo-costa,2026-09-16,2026-09-17,Total Revenue,13707.33,254623.15,4706170.64
demo-costa,2026-09-16,2026-09-17,Food And Beverage Revenue,2237.88,49242.01,913085.12
demo-costa,2026-09-16,2026-09-17,Other Revenue,334.06,0,0
demo-centro,2026-09-17,2026-09-18,Total Rooms in Hotel,220,3740,57200
demo-centro,2026-09-17,2026-09-18,Rooms Occupied minus House Use,183,2924,38471
demo-centro,2026-09-17,2026-09-18,Room Revenue,33031.26,511965.35,6628317.2
demo-centro,2026-09-17,2026-09-18,Total Revenue,41397.24,650962.98,8464157.39
demo-centro,2026-09-17,2026-09-18,Food And Beverage Revenue,7375.04,123638.66,1636990.68
demo-centro,2026-09-17,2026-09-18,Other Revenue,990.94,0,0
demo-costa,2026-09-17,2026-09-18,Total Rooms in Hotel,140,2380,36400
demo-costa,2026-09-17,2026-09-18,Rooms Occupied minus House Use,72,1320,22741
demo-costa,2026-09-17,2026-09-18,Room Revenue,11710.9,211110.05,3694318.19
demo-costa,2026-09-17,2026-09-18,Total Revenue,15002.78,269625.92,4721173.42
demo-costa,2026-09-17,2026-09-18,Food And Beverage Revenue,2940.55,52182.57,916025.67
demo-costa,2026-09-17,2026-09-18,Other Revenue,351.33,0,0
demo-centro,2026-09-18,2026-09-19,Total Rooms in Hotel,220,3960,57420
demo-centro,2026-09-18,2026-09-19,Rooms Occupied minus House Use,173,3097,38644
demo-centro,2026-09-18,2026-09-19,Room Revenue,31357.51,543322.86,6659674.71
demo-centro,2026-09-18,2026-09-19,Total Revenue,41360.57,692323.55,8505517.96
demo-centro,2026-09-18,2026-09-19,Food And Beverage Revenue,9062.34,132701.0,1646053.02
demo-centro,2026-09-18,2026-09-19,Other Revenue,940.73,0,0
demo-costa,2026-09-18,2026-09-19,Total Rooms in Hotel,140,2520,36540
demo-costa,2026-09-18,2026-09-19,Rooms Occupied minus House Use,85,1405,22826
demo-costa,2026-09-18,2026-09-19,Room Revenue,12992.62,224102.67,3707310.81
demo-costa,2026-09-18,2026-09-19,Total Revenue,16428.08,286054.0,4737601.49
demo-costa,2026-09-18,2026-09-19,Food And Beverage Revenue,3045.68,55228.25,919071.36
demo-costa,2026-09-18,2026-09-19,Other Revenue,389.78,0,0
demo-centro,2026-09-19,2026-09-20,Total Rooms in Hotel,220,4180,57640
demo-centro,2026-09-19,2026-09-20,Rooms Occupied minus House Use,201,3298,38845
demo-centro,2026-09-19,2026-09-20,Room Revenue,36538.15,579861.01,6696212.85
demo-centro,2026-09-19,2026-09-20,Total Revenue,46344.07,738667.61,8551862.03
demo-centro,2026-09-19,2026-09-20,Food And Beverage Revenue,8709.78,141410.78,1654762.79
demo-centro,2026-09-19,2026-09-20,Other Revenue,1096.14,0,0
demo-costa,2026-09-19,2026-09-20,Total Rooms in Hotel,140,2660,36680
demo-costa,2026-09-19,2026-09-20,Rooms Occupied minus House Use,87,1492,22913
demo-costa,2026-09-19,2026-09-20,Room Revenue,14187.21,238289.89,3721498.03
demo-costa,2026-09-19,2026-09-20,Total Revenue,17628.92,303682.92,4755230.41
demo-costa,2026-09-19,2026-09-20,Food And Beverage Revenue,3016.09,58244.34,922087.44
demo-costa,2026-09-19,2026-09-20,Other Revenue,425.62,0,0
demo-centro,2026-09-20,2026-09-21,Total Rooms in Hotel,220,4400,57860
demo-centro,2026-09-20,2026-09-21,Rooms Occupied minus House Use,170,3468,39015
demo-centro,2026-09-20,2026-09-21,Room Revenue,28758.41,608619.41,6724971.26
demo-centro,2026-09-20,2026-09-21,Total Revenue,37638.94,776306.55,8589500.97
demo-centro,2026-09-20,2026-09-21,Food And Beverage Revenue,8017.78,149428.55,1662780.57
demo-centro,2026-09-20,2026-09-21,Other Revenue,862.75,0,0
demo-costa,2026-09-20,2026-09-21,Total Rooms in Hotel,140,2800,36820
demo-costa,2026-09-20,2026-09-21,Rooms Occupied minus House Use,66,1558,22979
demo-costa,2026-09-20,2026-09-21,Room Revenue,10732.27,249022.16,3732230.3
demo-costa,2026-09-20,2026-09-21,Total Revenue,13276.58,316959.5,4768507.0
demo-costa,2026-09-20,2026-09-21,Food And Beverage Revenue,2222.35,60466.68,924309.79
demo-costa,2026-09-20,2026-09-21,Other Revenue,321.97,0,0
demo-centro,2026-09-21,2026-09-22,Total Rooms in Hotel,220,4620,58080
demo-centro,2026-09-21,2026-09-22,Rooms Occupied minus House Use,163,3631,39178
demo-centro,2026-09-21,2026-09-22,Room Revenue,29914.21,638533.62,6754885.47
demo-centro,2026-09-21,2026-09-22,Total Revenue,37618.37,813924.92,8627119.34
demo-centro,2026-09-21,2026-09-22,Food And Beverage Revenue,6806.73,156235.28,1669587.3
demo-centro,2026-09-21,2026-09-22,Other Revenue,897.43,0,0
demo-costa,2026-09-21,2026-09-22,Total Rooms in Hotel,140,2940,36960
demo-costa,2026-09-21,2026-09-22,Rooms Occupied minus House Use,65,1623,23044
demo-costa,2026-09-21,2026-09-22,Room Revenue,10009.34,259031.5,3742239.64
demo-costa,2026-09-21,2026-09-22,Total Revenue,13060.94,330020.44,4781567.93
demo-costa,2026-09-21,2026-09-22,Food And Beverage Revenue,2751.32,63218.0,927061.11
demo-costa,2026-09-21,2026-09-22,Other Revenue,300.28,0,0
demo-centro,2026-09-22,2026-09-23,Total Rooms in Hotel,220,4840,58300
demo-centro,2026-09-22,2026-09-23,Rooms Occupied minus House Use,154,3785,39332
demo-centro,2026-09-22,2026-09-23,Room Revenue,27628.73,666162.35,6782514.2
demo-centro,2026-09-22,2026-09-23,Total Revenue,36165.07,850089.98,8663284.4
demo-centro,2026-09-22,2026-09-23,Food And Beverage Revenue,7707.48,163942.76,1677294.78
demo-centro,2026-09-22,2026-09-23,Other Revenue,828.86,0,0
demo-costa,2026-09-22,2026-09-23,Total Rooms in Hotel,140,3080,37100
demo-costa,2026-09-22,2026-09-23,Rooms Occupied minus House Use,81,1704,23125
demo-costa,2026-09-22,2026-09-23,Room Revenue,12517.82,271549.32,3754757.46
demo-costa,2026-09-22,2026-09-23,Total Revenue,15483.5,345503.94,4797051.43
demo-costa,2026-09-22,2026-09-23,Food And Beverage Revenue,2590.14,65808.15,929651.25
demo-costa,2026-09-22,2026-09-23,Other Revenue,375.53,0,0
demo-centro,2026-09-23,2026-09-24,Total Rooms in Hotel,220,5060,58520
demo-centro,2026-09-23,2026-09-24,Rooms Occupied minus House Use,155,3940,39487
demo-centro,2026-09-23,2026-09-24,Room Revenue,27112.8,693275.15,6809627.0
demo-centro,2026-09-23,2026-09-24,Total Revenue,34051.45,884141.43,8697335.85
demo-centro,2026-09-23,2026-09-24,Food And Beverage Revenue,6125.26,170068.03,1683420.04
demo-centro,2026-09-23,2026-09-24,Other Revenue,813.38,0,0
demo-costa,2026-09-23,2026-09-24,Total Rooms in Hotel,140,3220,37240
demo-costa,2026-09-23,2026-09-24,Rooms Occupied minus House Use,81,1785,23206
demo-costa,2026-09-23,2026-09-24,Room Revenue,12443.76,283993.08,3767201.22
demo-costa,2026-09-23,2026-09-24,Total Revenue,15475.19,360979.13,4812526.62
demo-costa,2026-09-23,2026-09-24,Food And Beverage Revenue,2658.11,68466.26,932309.37
demo-costa,2026-09-23,2026-09-24,Other Revenue,373.31,0,0
demo-centro,2026-09-24,2026-09-25,Total Rooms in Hotel,220,5280,58740
demo-centro,2026-09-24,2026-09-25,Rooms Occupied minus House Use,169,4109,39656
demo-centro,2026-09-24,2026-09-25,Room Revenue,30926.42,724201.57,6840553.41
demo-centro,2026-09-24,2026-09-25,Total Revenue,41050.52,925191.95,8738386.37
demo-centro,2026-09-24,2026-09-25,Food And Beverage Revenue,9196.31,179264.34,1692616.35
demo-centro,2026-09-24,2026-09-25,Other Revenue,927.79,0,0
demo-costa,2026-09-24,2026-09-25,Total Rooms in Hotel,140,3360,37380
demo-costa,2026-09-24,2026-09-25,Rooms Occupied minus House Use,85,1870,23291
demo-costa,2026-09-24,2026-09-25,Room Revenue,13850.72,297843.8,3781051.94
demo-costa,2026-09-24,2026-09-25,Total Revenue,18246.81,379225.94,4830773.43
demo-costa,2026-09-24,2026-09-25,Food And Beverage Revenue,3980.57,72446.82,936289.93
demo-costa,2026-09-24,2026-09-25,Other Revenue,415.52,0,0
