hotel,fecha,tipo,total_occ,arr_rooms,comp_rooms,house_use,deduct_indiv,deduct_group,occ_pct,room_revenue,adr,dep_rooms,day_use,no_show,ooo,personas,fecha_reporte
demo-centro,2024-01-01,History,110,38,0,0,97,13,0.5,17329.68,157.54,36,0,0,0,187,2026-09-25
demo-costa,2024-01-01,History,134,47,0,0,106,28,0.9571,20464.37,152.72,44,0,0,0,228,2026-09-25
demo-centro,2024-01-02,History,118,41,0,0,78,40,0.5364,18546.98,157.18,39,0,0,0,201,2026-09-25
demo-costa,2024-01-02,History,133,47,0,0,110,23,0.95,22060.04,165.86,44,0,0,0,226,2026-09-25
demo-centro,2024-01-03,History,124,43,0,0,109,15,0.5636,18644.11,150.36,41,0,0,0,211,2026-09-25
demo-costa,2024-01-03,History,135,47,0,0,107,28,0.9643,22006.84,163.01,45,0,0,0,230,2026-09-25
demo-centro,2024-01-04,History,117,41,0,0,88,29,0.5318,17693.72,151.23,39,0,0,0,199,2026-09-25
demo-costa,2024-01-04,History,119,42,0,0,95,24,0.85,18327.1,154.01,39,0,0,0,202,2026-09-25
demo-centro,2024-01-05,History,127,44,0,0,104,23,0.5773,20450.48,161.03,42,0,0,0,216,2026-09-25
demo-costa,2024-01-05,History,136,48,0,0,90,46,0.9714,22517.35,165.57,45,0,0,0,231,2026-09-25
demo-centro,2024-01-06,History,124,43,0,0,111,13,0.5636,19569.37,157.82,41,0,0,0,211,2026-09-25
demo-costa,2024-01-06,History,137,48,0,0,113,24,0.9786,21318.95,155.61,45,0,0,0,233,2026-09-25
demo-centro,2024-01-07,History,92,32,0,0,64,28,0.4182,14825.81,161.15,30,0,0,0,156,2026-09-25
demo-costa,2024-01-07,History,124,43,0,0,106,18,0.8857,19162.39,154.54,41,0,0,0,211,2026-09-25
demo-centro,2024-01-08,History,113,40,0,0,91,22,0.5136,17395.45,153.94,37,0,0,0,192,2026-09-25
demo-costa,2024-01-08,History,131,46,0,0,92,39,0.9357,21814.45,166.52,43,0,0,0,223,2026-09-25
demo-centro,2024-01-09,History,125,44,0,0,110,15,0.5682,18550.76,148.41,41,0,0,0,212,2026-09-25
demo-costa,2024-01-09,History,136,48,0,0,103,33,0.9714,20911.1,153.76,45,0,0,0,231,2026-09-25
demo-centro,2024-01-10,History,108,38,0,0,88,20,0.4909,16346.34,151.36,36,0,0,0,184,2026-09-25
demo-costa,2024-01-10,History,127,44,0,0,112,15,0.9071,20303.0,159.87,42,0,0,0,216,2026-09-25
demo-centro,2024-01-11,History,139,49,0,0,120,19,0.6318,21633.76,155.64,46,0,0,0,236,2026-09-25
demo-costa,2024-01-11,History,132,46,0,0,89,43,0.9429,21175.38,160.42,44,0,0,0,224,2026-09-25
demo-centro,2024-01-12,History,116,41,0,0,82,34,0.5273,18522.41,159.68,38,0,0,0,197,2026-09-25
demo-costa,2024-01-12,History,137,48,0,0,98,39,0.9786,21921.29,160.01,45,0,0,0,233,2026-09-25
demo-centro,2024-01-13,History,138,48,0,0,90,48,0.6273,22353.59,161.98,46,0,0,0,235,2026-09-25
demo-costa,2024-01-13,History,137,48,0,0,112,25,0.9786,21871.49,159.65,45,0,0,0,233,2026-09-25
demo-centro,2024-01-14,History,108,38,0,0,78,30,0.4909,16574.77,153.47,36,0,0,0,184,2026-09-25
demo-costa,2024-01-14,History,118,41,0,0,84,34,0.8429,18825.14,159.54,39,0,0,0,201,2026-09-25
demo-centro,2024-01-15,History,102,36,0,0,76,26,0.4636,16077.13,157.62,34,0,0,0,173,2026-09-25
demo-costa,2024-01-15,History,126,44,0,0,113,13,0.9,19431.23,154.22,42,0,0,0,214,2026-09-25
demo-centro,2024-01-16,History,116,41,0,0,96,20,0.5273,17556.42,151.35,38,0,0,0,197,2026-09-25
demo-costa,2024-01-16,History,126,44,0,0,111,15,0.9,20850.01,165.48,42,0,0,0,214,2026-09-25
demo-centro,2024-01-17,History,117,41,0,0,80,37,0.5318,18177.55,155.36,39,0,0,0,199,2026-09-25
demo-costa,2024-01-17,History,133,47,0,0,96,37,0.95,21240.17,159.7,44,0,0,0,226,2026-09-25
demo-centro,2024-01-18,History,114,40,0,0,96,18,0.5182,17799.48,156.14,38,0,0,0,194,2026-09-25
demo-costa,2024-01-18,History,127,44,0,0,85,42,0.9071,20864.59,164.29,42,0,0,0,216,2026-09-25
demo-centro,2024-01-19,History,122,43,0,0,95,27,0.5545,18997.42,155.72,40,0,0,0,207,2026-09-25
demo-costa,2024-01-19,History,137,48,0,0,119,18,0.9786,21141.1,154.31,45,0,0,0,233,2026-09-25
demo-centro,2024-01-20,History,117,41,0,0,101,16,0.5318,18879.34,161.36,39,0,0,0,199,2026-09-25
demo-costa,2024-01-20,History,135,47,0,0,89,46,0.9643,21010.71,155.63,45,0,0,0,230,2026-09-25
demo-centro,2024-01-21,History,116,41,0,0,94,22,0.5273,17861.47,153.98,38,0,0,0,197,2026-09-25
demo-costa,2024-01-21,History,121,42,0,0,108,13,0.8643,19259.76,159.17,40,0,0,0,206,2026-09-25
demo-centro,2024-01-22,History,132,46,0,0,115,17,0.6,21452.74,162.52,44,0,0,0,224,2026-09-25
demo-costa,2024-01-22,History,129,45,0,0,94,35,0.9214,21378.24,165.72,43,0,0,0,219,2026-09-25
demo-centro,2024-01-23,History,103,36,0,0,72,31,0.4682,15632.42,151.77,34,0,0,0,175,2026-09-25
demo-costa,2024-01-23,History,130,46,0,0,89,41,0.9286,19949.76,153.46,43,0,0,0,221,2026-09-25
demo-centro,2024-01-24,History,91,32,0,0,81,10,0.4136,14295.08,157.09,30,0,0,0,155,2026-09-25
demo-costa,2024-01-24,History,137,48,0,0,113,24,0.9786,21282.89,155.35,45,0,0,0,233,2026-09-25
demo-centro,2024-01-25,History,110,38,0,0,98,12,0.5,17916.21,162.87,36,0,0,0,187,2026-09-25
demo-costa,2024-01-25,History,137,48,0,0,108,29,0.9786,21379.22,156.05,45,0,0,0,233,2026-09-25
demo-centro,2024-01-26,History,123,43,0,0,105,18,0.5591,18573.35,151.0,41,0,0,0,209,2026-09-25
demo-costa,2024-01-26,History,137,48,0,0,102,35,0.9786,20871.54,152.35,45,0,0,0,233,2026-09-25
demo-centro,2024-01-27,History,137,48,0,0,115,22,0.6227,20798.74,151.82,45,0,0,0,233,2026-09-25
demo-costa,2024-01-27,History,137,48,0,0,111,26,0.9786,20848.22,152.18,45,0,0,0,233,2026-09-25
demo-centro,2024-01-28,History,106,37,0,0,93,13,0.4818,16180.3,152.64,35,0,0,0,180,2026-09-25
demo-costa,2024-01-28,History,125,44,0,0,110,15,0.8929,19543.59,156.35,41,0,0,0,212,2026-09-25
demo-centro,2024-01-29,History,109,38,0,0,75,34,0.4955,17690.98,162.3,36,0,0,0,185,2026-09-25
demo-costa,2024-01-29,History,128,45,0,0,95,33,0.9143,20053.65,156.67,42,0,0,0,218,2026-09-25
demo-centro,2024-01-30,History,113,40,0,0,101,12,0.5136,18086.36,160.06,37,0,0,0,192,2026-09-25
demo-costa,2024-01-30,History,121,42,0,0,80,41,0.8643,19640.8,162.32,40,0,0,0,206,2026-09-25
demo-centro,2024-01-31,History,107,37,0,0,75,32,0.4864,15781.58,147.49,35,0,0,0,182,2026-09-25
demo-costa,2024-01-31,History,123,43,0,0,96,27,0.8786,20179.35,164.06,41,0,0,0,209,2026-09-25
demo-centro,2024-02-01,History,99,35,0,0,72,27,0.45,15285.13,154.4,33,0,0,0,168,2026-09-25
demo-costa,2024-02-01,History,126,44,0,0,93,33,0.9,19696.97,156.33,42,0,0,0,214,2026-09-25
demo-centro,2024-02-02,History,131,46,0,0,95,36,0.5955,20616.94,157.38,43,0,0,0,223,2026-09-25
demo-costa,2024-02-02,History,137,48,0,0,119,18,0.9786,21709.68,158.46,45,0,0,0,233,2026-09-25
demo-centro,2024-02-03,History,122,43,0,0,79,43,0.5545,18888.33,154.82,40,0,0,0,207,2026-09-25
demo-costa,2024-02-03,History,137,48,0,0,98,39,0.9786,20890.56,152.49,45,0,0,0,233,2026-09-25
demo-centro,2024-02-04,History,115,40,0,0,78,37,0.5227,17314.86,150.56,38,0,0,0,196,2026-09-25
demo-costa,2024-02-04,History,110,38,0,0,79,31,0.7857,17324.58,157.5,36,0,0,0,187,2026-09-25
demo-centro,2024-02-05,History,105,37,0,0,70,35,0.4773,16080.32,153.15,35,0,0,0,178,2026-09-25
demo-costa,2024-02-05,History,131,46,0,0,85,46,0.9357,20605.92,157.3,43,0,0,0,223,2026-09-25
demo-centro,2024-02-06,History,127,44,0,0,85,42,0.5773,19228.2,151.4,42,0,0,0,216,2026-09-25
demo-costa,2024-02-06,History,133,47,0,0,94,39,0.95,21724.7,163.34,44,0,0,0,226,2026-09-25
demo-centro,2024-02-07,History,109,38,0,0,86,23,0.4955,17256.33,158.31,36,0,0,0,185,2026-09-25
demo-costa,2024-02-07,History,123,43,0,0,98,25,0.8786,18913.11,153.77,41,0,0,0,209,2026-09-25
demo-centro,2024-02-08,History,94,33,0,0,69,25,0.4273,13990.65,148.84,31,0,0,0,160,2026-09-25
demo-costa,2024-02-08,History,127,44,0,0,83,44,0.9071,21013.36,165.46,42,0,0,0,216,2026-09-25
demo-centro,2024-02-09,History,129,45,0,0,104,25,0.5864,19598.2,151.92,43,0,0,0,219,2026-09-25
demo-costa,2024-02-09,History,137,48,0,0,116,21,0.9786,22318.51,162.91,45,0,0,0,233,2026-09-25
demo-centro,2024-02-10,History,132,46,0,0,90,42,0.6,20687.78,156.73,44,0,0,0,224,2026-09-25
demo-costa,2024-02-10,History,137,48,0,0,113,24,0.9786,21634.52,157.92,45,0,0,0,233,2026-09-25
demo-centro,2024-02-11,History,115,40,0,0,77,38,0.5227,17033.29,148.12,38,0,0,0,196,2026-09-25
demo-costa,2024-02-11,History,115,40,0,0,99,16,0.8214,17779.97,154.61,38,0,0,0,196,2026-09-25
demo-centro,2024-02-12,History,116,41,0,0,103,13,0.5273,18072.04,155.79,38,0,0,0,197,2026-09-25
demo-costa,2024-02-12,History,125,44,0,0,103,22,0.8929,19078.9,152.63,41,0,0,0,212,2026-09-25
demo-centro,2024-02-13,History,123,43,0,0,102,21,0.5591,19975.19,162.4,41,0,0,0,209,2026-09-25
demo-costa,2024-02-13,History,126,44,0,0,83,43,0.9,19527.26,154.98,42,0,0,0,214,2026-09-25
demo-centro,2024-02-14,History,122,43,0,0,103,19,0.5545,18085.12,148.24,40,0,0,0,207,2026-09-25
demo-costa,2024-02-14,History,119,42,0,0,96,23,0.85,19334.11,162.47,39,0,0,0,202,2026-09-25
demo-centro,2024-02-15,History,102,36,0,0,87,15,0.4636,16201.0,158.83,34,0,0,0,173,2026-09-25
demo-costa,2024-02-15,History,126,44,0,0,85,41,0.9,20254.57,160.75,42,0,0,0,214,2026-09-25
demo-centro,2024-02-16,History,130,46,0,0,115,15,0.5909,19393.35,149.18,43,0,0,0,221,2026-09-25
demo-costa,2024-02-16,History,137,48,0,0,112,25,0.9786,22723.14,165.86,45,0,0,0,233,2026-09-25
demo-centro,2024-02-17,History,140,49,0,0,122,18,0.6364,21536.11,153.83,46,0,0,0,238,2026-09-25
demo-costa,2024-02-17,History,123,43,0,0,104,19,0.8786,20464.98,166.38,41,0,0,0,209,2026-09-25
demo-centro,2024-02-18,History,107,37,0,0,88,19,0.4864,16466.22,153.89,35,0,0,0,182,2026-09-25
demo-costa,2024-02-18,History,125,44,0,0,111,14,0.8929,18962.04,151.7,41,0,0,0,212,2026-09-25
demo-centro,2024-02-19,History,105,37,0,0,78,27,0.4773,16989.14,161.8,35,0,0,0,178,2026-09-25
demo-costa,2024-02-19,History,130,46,0,0,96,34,0.9286,21530.82,165.62,43,0,0,0,221,2026-09-25
demo-centro,2024-02-20,History,120,42,0,0,95,25,0.5455,18104.18,150.87,40,0,0,0,204,2026-09-25
demo-costa,2024-02-20,History,123,43,0,0,101,22,0.8786,19766.76,160.71,41,0,0,0,209,2026-09-25
demo-centro,2024-02-21,History,105,37,0,0,77,28,0.4773,16095.75,153.29,35,0,0,0,178,2026-09-25
demo-costa,2024-02-21,History,128,45,0,0,107,21,0.9143,21344.82,166.76,42,0,0,0,218,2026-09-25
demo-centro,2024-02-22,History,111,39,0,0,81,30,0.5045,17380.54,156.58,37,0,0,0,189,2026-09-25
demo-costa,2024-02-22,History,133,47,0,0,111,22,0.95,20655.68,155.31,44,0,0,0,226,2026-09-25
demo-centro,2024-02-23,History,136,48,0,0,111,25,0.6182,21206.64,155.93,45,0,0,0,231,2026-09-25
demo-costa,2024-02-23,History,137,48,0,0,89,48,0.9786,22116.99,161.44,45,0,0,0,233,2026-09-25
demo-centro,2024-02-24,History,129,45,0,0,97,32,0.5864,19061.51,147.76,43,0,0,0,219,2026-09-25
demo-costa,2024-02-24,History,137,48,0,0,114,23,0.9786,21672.15,158.19,45,0,0,0,233,2026-09-25
demo-centro,2024-02-25,History,104,36,0,0,88,16,0.4727,15513.81,149.17,34,0,0,0,177,2026-09-25
demo-costa,2024-02-25,History,123,43,0,0,105,18,0.8786,19905.74,161.84,41,0,0,0,209,2026-09-25
demo-centro,2024-02-26,History,115,40,0,0,88,27,0.5227,17606.5,153.1,38,0,0,0,196,2026-09-25
demo-costa,2024-02-26,History,127,44,0,0,93,34,0.9071,21178.9,166.76,42,0,0,0,216,2026-09-25
demo-centro,2024-02-27,History,91,32,0,0,74,17,0.4136,14778.74,162.4,30,0,0,0,155,2026-09-25
demo-costa,2024-02-27,History,132,46,0,0,92,40,0.9429,20827.98,157.79,44,0,0,0,224,2026-09-25
demo-centro,2024-02-28,History,116,41,0,0,93,23,0.5273,18497.55,159.46,38,0,0,0,197,2026-09-25
demo-costa,2024-02-28,History,127,44,0,0,98,29,0.9071,19755.41,155.55,42,0,0,0,216,2026-09-25
demo-centro,2024-02-29,History,128,45,0,0,100,28,0.5818,20745.94,162.08,42,0,0,0,218,2026-09-25
demo-costa,2024-02-29,History,137,48,0,0,102,35,0.9786,22046.69,160.92,45,0,0,0,233,2026-09-25
demo-centro,2024-03-01,History,139,49,0,0,121,18,0.6318,21816.22,156.95,46,0,0,0,236,2026-09-25
demo-costa,2024-03-01,History,110,38,0,0,83,27,0.7857,15988.28,145.35,36,0,0,0,187,2026-09-25
demo-centro,2024-03-02,History,135,47,0,0,107,28,0.6136,21323.93,157.96,45,0,0,0,230,2026-09-25
demo-costa,2024-03-02,History,110,38,0,0,78,32,0.7857,17061.89,155.11,36,0,0,0,187,2026-09-25
demo-centro,2024-03-03,History,132,46,0,0,104,28,0.6,20105.77,152.32,44,0,0,0,224,2026-09-25
demo-costa,2024-03-03,History,93,33,0,0,72,21,0.6643,14444.83,155.32,31,0,0,0,158,2026-09-25
demo-centro,2024-03-04,History,152,53,0,0,129,23,0.6909,24897.91,163.8,50,0,0,0,258,2026-09-25
demo-costa,2024-03-04,History,94,33,0,0,70,24,0.6714,14678.85,156.16,31,0,0,0,160,2026-09-25
demo-centro,2024-03-05,History,133,47,0,0,100,33,0.6045,21078.39,158.48,44,0,0,0,226,2026-09-25
demo-costa,2024-03-05,History,112,39,0,0,96,16,0.8,16387.92,146.32,37,0,0,0,190,2026-09-25
demo-centro,2024-03-06,History,134,47,0,0,88,46,0.6091,22041.61,164.49,44,0,0,0,228,2026-09-25
demo-costa,2024-03-06,History,92,32,0,0,74,18,0.6571,14083.93,153.09,30,0,0,0,156,2026-09-25
demo-centro,2024-03-07,History,122,43,0,0,104,18,0.5545,19261.78,157.88,40,0,0,0,207,2026-09-25
demo-costa,2024-03-07,History,103,36,0,0,67,36,0.7357,15782.61,153.23,34,0,0,0,175,2026-09-25
demo-centro,2024-03-08,History,146,51,0,0,118,28,0.6636,22993.96,157.49,48,0,0,0,248,2026-09-25
demo-costa,2024-03-08,History,115,40,0,0,87,28,0.8214,16604.94,144.39,38,0,0,0,196,2026-09-25
demo-centro,2024-03-09,History,137,48,0,0,102,35,0.6227,21112.04,154.1,45,0,0,0,233,2026-09-25
demo-costa,2024-03-09,History,101,35,0,0,75,26,0.7214,14646.68,145.02,33,0,0,0,172,2026-09-25
demo-centro,2024-03-10,History,116,41,0,0,86,30,0.5273,18145.1,156.42,38,0,0,0,197,2026-09-25
demo-costa,2024-03-10,History,80,28,0,0,61,19,0.5714,11538.7,144.23,26,0,0,0,136,2026-09-25
demo-centro,2024-03-11,History,122,43,0,0,97,25,0.5545,18787.08,153.99,40,0,0,0,207,2026-09-25
demo-costa,2024-03-11,History,87,30,0,0,72,15,0.6214,12897.25,148.24,29,0,0,0,148,2026-09-25
demo-centro,2024-03-12,History,133,47,0,0,105,28,0.6045,21631.0,162.64,44,0,0,0,226,2026-09-25
demo-costa,2024-03-12,History,86,30,0,0,61,25,0.6143,12782.97,148.64,28,0,0,0,146,2026-09-25
demo-centro,2024-03-13,History,124,43,0,0,102,22,0.5636,20620.41,166.29,41,0,0,0,211,2026-09-25
demo-costa,2024-03-13,History,80,28,0,0,67,13,0.5714,11800.29,147.5,26,0,0,0,136,2026-09-25
demo-centro,2024-03-14,History,125,44,0,0,84,41,0.5682,20548.58,164.39,41,0,0,0,212,2026-09-25
demo-costa,2024-03-14,History,90,31,0,0,71,19,0.6429,14087.53,156.53,30,0,0,0,153,2026-09-25
demo-centro,2024-03-15,History,138,48,0,0,123,15,0.6273,21194.61,153.58,46,0,0,0,235,2026-09-25
demo-costa,2024-03-15,History,101,35,0,0,87,14,0.7214,14547.56,144.04,33,0,0,0,172,2026-09-25
demo-centro,2024-03-16,History,150,52,0,0,115,35,0.6818,24902.79,166.02,50,0,0,0,255,2026-09-25
demo-costa,2024-03-16,History,101,35,0,0,90,11,0.7214,14671.35,145.26,33,0,0,0,172,2026-09-25
demo-centro,2024-03-17,History,140,49,0,0,115,25,0.6364,21576.14,154.12,46,0,0,0,238,2026-09-25
demo-costa,2024-03-17,History,94,33,0,0,76,18,0.6714,14512.26,154.39,31,0,0,0,160,2026-09-25
demo-centro,2024-03-18,History,133,47,0,0,102,31,0.6045,20130.38,151.36,44,0,0,0,226,2026-09-25
demo-costa,2024-03-18,History,82,29,0,0,57,25,0.5857,12657.93,154.36,27,0,0,0,139,2026-09-25
demo-centro,2024-03-19,History,139,49,0,0,125,14,0.6318,23128.0,166.39,46,0,0,0,236,2026-09-25
demo-costa,2024-03-19,History,105,37,0,0,81,24,0.75,16593.63,158.03,35,0,0,0,178,2026-09-25
demo-centro,2024-03-20,History,147,51,0,0,114,33,0.6682,23966.43,163.04,49,0,0,0,250,2026-09-25
demo-costa,2024-03-20,History,108,38,0,0,87,21,0.7714,16160.36,149.63,36,0,0,0,184,2026-09-25
demo-centro,2024-03-21,History,130,46,0,0,111,19,0.5909,20736.77,159.51,43,0,0,0,221,2026-09-25
demo-costa,2024-03-21,History,101,35,0,0,72,29,0.7214,15652.05,154.97,33,0,0,0,172,2026-09-25
demo-centro,2024-03-22,History,158,55,0,0,129,29,0.7182,25225.23,159.65,52,0,0,0,269,2026-09-25
demo-costa,2024-03-22,History,100,35,0,0,68,32,0.7143,15055.1,150.55,33,0,0,0,170,2026-09-25
demo-centro,2024-03-23,History,145,51,0,0,109,36,0.6591,23539.85,162.34,48,0,0,0,246,2026-09-25
demo-costa,2024-03-23,History,87,30,0,0,64,23,0.6214,12706.9,146.06,29,0,0,0,148,2026-09-25
demo-centro,2024-03-24,History,124,43,0,0,103,21,0.5636,20501.3,165.33,41,0,0,0,211,2026-09-25
demo-costa,2024-03-24,History,91,32,0,0,71,20,0.65,14018.4,154.05,30,0,0,0,155,2026-09-25
demo-centro,2024-03-25,History,134,47,0,0,92,42,0.6091,20730.8,154.71,44,0,0,0,228,2026-09-25
demo-costa,2024-03-25,History,93,33,0,0,69,24,0.6643,14307.04,153.84,31,0,0,0,158,2026-09-25
demo-centro,2024-03-26,History,137,48,0,0,115,22,0.6227,22037.58,160.86,45,0,0,0,233,2026-09-25
demo-costa,2024-03-26,History,83,29,0,0,55,28,0.5929,12763.19,153.77,27,0,0,0,141,2026-09-25
demo-centro,2024-03-27,History,147,51,0,0,104,43,0.6682,22551.88,153.41,49,0,0,0,250,2026-09-25
demo-costa,2024-03-27,History,96,34,0,0,69,27,0.6857,14567.53,151.75,32,0,0,0,163,2026-09-25
demo-centro,2024-03-28,History,138,48,0,0,98,40,0.6273,21678.8,157.09,46,0,0,0,235,2026-09-25
demo-costa,2024-03-28,History,104,36,0,0,92,12,0.7429,15531.28,149.34,34,0,0,0,177,2026-09-25
demo-centro,2024-03-29,History,153,54,0,0,118,35,0.6955,25365.27,165.79,50,0,0,0,260,2026-09-25
demo-costa,2024-03-29,History,117,41,0,0,103,14,0.8357,18440.91,157.61,39,0,0,0,199,2026-09-25
demo-centro,2024-03-30,History,140,49,0,0,97,43,0.6364,22940.62,163.86,46,0,0,0,238,2026-09-25
demo-costa,2024-03-30,History,113,40,0,0,95,18,0.8071,17561.42,155.41,37,0,0,0,192,2026-09-25
demo-centro,2024-03-31,History,131,46,0,0,96,35,0.5955,20507.35,156.54,43,0,0,0,223,2026-09-25
demo-costa,2024-03-31,History,76,27,0,0,63,13,0.5429,11086.67,145.88,25,0,0,0,129,2026-09-25
demo-centro,2024-04-01,History,148,52,0,0,133,15,0.6727,22531.49,152.24,49,0,0,0,252,2026-09-25
demo-costa,2024-04-01,History,68,24,0,0,57,11,0.4857,9614.29,141.39,22,0,0,0,116,2026-09-25
demo-centro,2024-04-02,History,152,53,0,0,107,45,0.6909,24583.55,161.73,50,0,0,0,258,2026-09-25
demo-costa,2024-04-02,History,89,31,0,0,64,25,0.6357,13089.81,147.08,29,0,0,0,151,2026-09-25
demo-centro,2024-04-03,History,141,49,0,0,125,16,0.6409,22544.38,159.89,47,0,0,0,240,2026-09-25
demo-costa,2024-04-03,History,80,28,0,0,55,25,0.5714,11776.38,147.2,26,0,0,0,136,2026-09-25
demo-centro,2024-04-04,History,147,51,0,0,97,50,0.6682,23329.06,158.7,49,0,0,0,250,2026-09-25
demo-costa,2024-04-04,History,70,24,0,0,47,23,0.5,10451.15,149.3,23,0,0,0,119,2026-09-25
demo-centro,2024-04-05,History,175,61,0,0,143,32,0.7955,28350.78,162.0,58,0,0,0,298,2026-09-25
demo-costa,2024-04-05,History,88,31,0,0,75,13,0.6286,13252.12,150.59,29,0,0,0,150,2026-09-25
demo-centro,2024-04-06,History,152,53,0,0,118,34,0.6909,24085.87,158.46,50,0,0,0,258,2026-09-25
demo-costa,2024-04-06,History,98,34,0,0,80,18,0.7,14126.26,144.15,32,0,0,0,167,2026-09-25
demo-centro,2024-04-07,History,141,49,0,0,116,25,0.6409,21544.12,152.8,47,0,0,0,240,2026-09-25
demo-costa,2024-04-07,History,65,23,0,0,49,16,0.4643,9921.21,152.63,21,0,0,0,110,2026-09-25
demo-centro,2024-04-08,History,136,48,0,0,93,43,0.6182,22116.04,162.62,45,0,0,0,231,2026-09-25
demo-costa,2024-04-08,History,73,26,0,0,61,12,0.5214,10770.1,147.54,24,0,0,0,124,2026-09-25
demo-centro,2024-04-09,History,128,45,0,0,99,29,0.5818,21327.53,166.62,42,0,0,0,218,2026-09-25
demo-costa,2024-04-09,History,72,25,0,0,53,19,0.5143,10100.11,140.28,24,0,0,0,122,2026-09-25
demo-centro,2024-04-10,History,152,53,0,0,113,39,0.6909,25282.52,166.33,50,0,0,0,258,2026-09-25
demo-costa,2024-04-10,History,80,28,0,0,72,8,0.5714,11294.78,141.18,26,0,0,0,136,2026-09-25
demo-centro,2024-04-11,History,143,50,0,0,103,40,0.65,23693.37,165.69,47,0,0,0,243,2026-09-25
demo-costa,2024-04-11,History,65,23,0,0,58,7,0.4643,9737.64,149.81,21,0,0,0,110,2026-09-25
demo-centro,2024-04-12,History,157,55,0,0,122,35,0.7136,26026.75,165.78,52,0,0,0,267,2026-09-25
demo-costa,2024-04-12,History,81,28,0,0,57,24,0.5786,11454.89,141.42,27,0,0,0,138,2026-09-25
demo-centro,2024-04-13,History,176,62,0,0,146,30,0.8,28348.16,161.07,58,0,0,0,299,2026-09-25
demo-costa,2024-04-13,History,81,28,0,0,67,14,0.5786,11996.74,148.11,27,0,0,0,138,2026-09-25
demo-centro,2024-04-14,History,132,46,0,0,96,36,0.6,21017.08,159.22,44,0,0,0,224,2026-09-25
demo-costa,2024-04-14,History,66,23,0,0,57,9,0.4714,9472.6,143.52,22,0,0,0,112,2026-09-25
demo-centro,2024-04-15,History,138,48,0,0,97,41,0.6273,22198.51,160.86,46,0,0,0,235,2026-09-25
demo-costa,2024-04-15,History,79,28,0,0,67,12,0.5643,11543.21,146.12,26,0,0,0,134,2026-09-25
demo-centro,2024-04-16,History,131,46,0,0,105,26,0.5955,20043.28,153.0,43,0,0,0,223,2026-09-25
demo-costa,2024-04-16,History,75,26,0,0,64,11,0.5357,11095.11,147.93,25,0,0,0,128,2026-09-25
demo-centro,2024-04-17,History,129,45,0,0,108,21,0.5864,21376.75,165.71,43,0,0,0,219,2026-09-25
demo-costa,2024-04-17,History,86,30,0,0,74,12,0.6143,12972.09,150.84,28,0,0,0,146,2026-09-25
demo-centro,2024-04-18,History,147,51,0,0,112,35,0.6682,24392.05,165.93,49,0,0,0,250,2026-09-25
demo-costa,2024-04-18,History,79,28,0,0,56,23,0.5643,12100.57,153.17,26,0,0,0,134,2026-09-25
demo-centro,2024-04-19,History,168,59,0,0,150,18,0.7636,25609.97,152.44,55,0,0,0,286,2026-09-25
demo-costa,2024-04-19,History,85,30,0,0,61,24,0.6071,12989.26,152.81,28,0,0,0,144,2026-09-25
demo-centro,2024-04-20,History,148,52,0,0,97,51,0.6727,22874.24,154.56,49,0,0,0,252,2026-09-25
demo-costa,2024-04-20,History,90,31,0,0,69,21,0.6429,12614.66,140.16,30,0,0,0,153,2026-09-25
demo-centro,2024-04-21,History,139,49,0,0,118,21,0.6318,21140.85,152.09,46,0,0,0,236,2026-09-25
demo-costa,2024-04-21,History,74,26,0,0,62,12,0.5286,10659.2,144.04,24,0,0,0,126,2026-09-25
demo-centro,2024-04-22,History,149,52,0,0,117,32,0.6773,24774.93,166.27,49,0,0,0,253,2026-09-25
demo-costa,2024-04-22,History,62,22,0,0,42,20,0.4429,9424.16,152.0,20,0,0,0,105,2026-09-25
demo-centro,2024-04-23,History,131,46,0,0,102,29,0.5955,21637.14,165.17,43,0,0,0,223,2026-09-25
demo-costa,2024-04-23,History,78,27,0,0,59,19,0.5571,11681.18,149.76,26,0,0,0,133,2026-09-25
demo-centro,2024-04-24,History,146,51,0,0,119,27,0.6636,24153.22,165.43,48,0,0,0,248,2026-09-25
demo-costa,2024-04-24,History,81,28,0,0,53,28,0.5786,11418.39,140.97,27,0,0,0,138,2026-09-25
demo-centro,2024-04-25,History,140,49,0,0,91,49,0.6364,22095.99,157.83,46,0,0,0,238,2026-09-25
demo-costa,2024-04-25,History,81,28,0,0,72,9,0.5786,12347.18,152.43,27,0,0,0,138,2026-09-25
demo-centro,2024-04-26,History,154,54,0,0,107,47,0.7,23412.74,152.03,51,0,0,0,262,2026-09-25
demo-costa,2024-04-26,History,89,31,0,0,67,22,0.6357,12681.97,142.49,29,0,0,0,151,2026-09-25
demo-centro,2024-04-27,History,141,49,0,0,101,40,0.6409,23438.32,166.23,47,0,0,0,240,2026-09-25
demo-costa,2024-04-27,History,78,27,0,0,66,12,0.5571,11531.6,147.84,26,0,0,0,133,2026-09-25
demo-centro,2024-04-28,History,120,42,0,0,93,27,0.5455,19899.85,165.83,40,0,0,0,204,2026-09-25
demo-costa,2024-04-28,History,82,29,0,0,54,28,0.5857,12099.15,147.55,27,0,0,0,139,2026-09-25
demo-centro,2024-04-29,History,129,45,0,0,112,17,0.5864,20672.25,160.25,43,0,0,0,219,2026-09-25
demo-costa,2024-04-29,History,75,26,0,0,50,25,0.5357,11406.84,152.09,25,0,0,0,128,2026-09-25
demo-centro,2024-04-30,History,169,59,0,0,144,25,0.7682,26292.88,155.58,56,0,0,0,287,2026-09-25
demo-costa,2024-04-30,History,79,28,0,0,57,22,0.5643,12077.19,152.88,26,0,0,0,134,2026-09-25
demo-centro,2024-05-01,History,142,50,0,0,102,40,0.6455,23630.24,166.41,47,0,0,0,241,2026-09-25
demo-costa,2024-05-01,History,55,19,0,0,48,7,0.3929,8021.3,145.84,18,0,0,0,94,2026-09-25
demo-centro,2024-05-02,History,152,53,0,0,131,21,0.6909,24994.44,164.44,50,0,0,0,258,2026-09-25
demo-costa,2024-05-02,History,66,23,0,0,43,23,0.4714,8945.2,135.53,22,0,0,0,112,2026-09-25
demo-centro,2024-05-03,History,156,55,0,0,102,54,0.7091,25196.17,161.51,51,0,0,0,265,2026-09-25
demo-costa,2024-05-03,History,52,18,0,0,38,14,0.3714,7129.34,137.1,17,0,0,0,88,2026-09-25
demo-centro,2024-05-04,History,165,58,0,0,121,44,0.75,25686.9,155.68,54,0,0,0,280,2026-09-25
demo-costa,2024-05-04,History,71,25,0,0,53,18,0.5071,9621.02,135.51,23,0,0,0,121,2026-09-25
demo-centro,2024-05-05,History,138,48,0,0,116,22,0.6273,21069.2,152.68,46,0,0,0,235,2026-09-25
demo-costa,2024-05-05,History,56,20,0,0,37,19,0.4,7609.07,135.88,18,0,0,0,95,2026-09-25
demo-centro,2024-05-06,History,154,54,0,0,105,49,0.7,24742.67,160.67,51,0,0,0,262,2026-09-25
demo-costa,2024-05-06,History,55,19,0,0,46,9,0.3929,8004.8,145.54,18,0,0,0,94,2026-09-25
demo-centro,2024-05-07,History,141,49,0,0,105,36,0.6409,22736.36,161.25,47,0,0,0,240,2026-09-25
demo-costa,2024-05-07,History,51,18,0,0,39,12,0.3643,7022.81,137.7,17,0,0,0,87,2026-09-25
demo-centro,2024-05-08,History,139,49,0,0,95,44,0.6318,21793.5,156.79,46,0,0,0,236,2026-09-25
demo-costa,2024-05-08,History,64,22,0,0,52,12,0.4571,9192.35,143.63,21,0,0,0,109,2026-09-25
demo-centro,2024-05-09,History,111,39,0,0,74,37,0.5045,18129.75,163.33,37,0,0,0,189,2026-09-25
demo-costa,2024-05-09,History,55,19,0,0,38,17,0.3929,8090.46,147.1,18,0,0,0,94,2026-09-25
demo-centro,2024-05-10,History,180,63,0,0,140,40,0.8182,29134.35,161.86,59,0,0,0,306,2026-09-25
demo-costa,2024-05-10,History,66,23,0,0,53,13,0.4714,9480.93,143.65,22,0,0,0,112,2026-09-25
demo-centro,2024-05-11,History,150,52,0,0,123,27,0.6818,23793.97,158.63,50,0,0,0,255,2026-09-25
demo-costa,2024-05-11,History,71,25,0,0,50,21,0.5071,10128.08,142.65,23,0,0,0,121,2026-09-25
demo-centro,2024-05-12,History,124,43,0,0,82,42,0.5636,20572.43,165.91,41,0,0,0,211,2026-09-25
demo-costa,2024-05-12,History,66,23,0,0,51,15,0.4714,9441.16,143.05,22,0,0,0,112,2026-09-25
demo-centro,2024-05-13,History,152,53,0,0,119,33,0.6909,24222.35,159.36,50,0,0,0,258,2026-09-25
demo-costa,2024-05-13,History,48,17,0,0,38,10,0.3429,6637.31,138.28,16,0,0,0,82,2026-09-25
demo-centro,2024-05-14,History,132,46,0,0,86,46,0.6,21447.31,162.48,44,0,0,0,224,2026-09-25
demo-costa,2024-05-14,History,59,21,0,0,52,7,0.4214,8273.56,140.23,19,0,0,0,100,2026-09-25
demo-centro,2024-05-15,History,152,53,0,0,126,26,0.6909,23554.82,154.97,50,0,0,0,258,2026-09-25
demo-costa,2024-05-15,History,54,19,0,0,40,14,0.3857,7774.6,143.97,18,0,0,0,92,2026-09-25
demo-centro,2024-05-16,History,140,49,0,0,112,28,0.6364,23404.15,167.17,46,0,0,0,238,2026-09-25
demo-costa,2024-05-16,History,50,18,0,0,38,12,0.3571,7297.38,145.95,16,0,0,0,85,2026-09-25
demo-centro,2024-05-17,History,156,55,0,0,111,45,0.7091,24175.61,154.97,51,0,0,0,265,2026-09-25
demo-costa,2024-05-17,History,67,23,0,0,50,17,0.4786,9830.08,146.72,22,0,0,0,114,2026-09-25
demo-centro,2024-05-18,History,159,56,0,0,133,26,0.7227,24672.79,155.17,52,0,0,0,270,2026-09-25
demo-costa,2024-05-18,History,59,21,0,0,53,6,0.4214,8489.36,143.89,19,0,0,0,100,2026-09-25
demo-centro,2024-05-19,History,127,44,0,0,85,42,0.5773,19451.54,153.16,42,0,0,0,216,2026-09-25
demo-costa,2024-05-19,History,51,18,0,0,34,17,0.3643,7322.71,143.58,17,0,0,0,87,2026-09-25
demo-centro,2024-05-20,History,134,47,0,0,120,14,0.6091,21959.73,163.88,44,0,0,0,228,2026-09-25
demo-costa,2024-05-20,History,62,22,0,0,41,21,0.4429,8535.55,137.67,20,0,0,0,105,2026-09-25
demo-centro,2024-05-21,History,150,52,0,0,99,51,0.6818,24436.17,162.91,50,0,0,0,255,2026-09-25
demo-costa,2024-05-21,History,54,19,0,0,44,10,0.3857,7649.43,141.66,18,0,0,0,92,2026-09-25
demo-centro,2024-05-22,History,142,50,0,0,98,44,0.6455,22263.27,156.78,47,0,0,0,241,2026-09-25
demo-costa,2024-05-22,History,55,19,0,0,40,15,0.3929,7701.9,140.03,18,0,0,0,94,2026-09-25
demo-centro,2024-05-23,History,150,52,0,0,100,50,0.6818,24493.99,163.29,50,0,0,0,255,2026-09-25
demo-costa,2024-05-23,History,72,25,0,0,54,18,0.5143,9973.34,138.52,24,0,0,0,122,2026-09-25
demo-centro,2024-05-24,History,159,56,0,0,115,44,0.7227,24313.78,152.92,52,0,0,0,270,2026-09-25
demo-costa,2024-05-24,History,53,19,0,0,39,14,0.3786,7397.82,139.58,17,0,0,0,90,2026-09-25
demo-centro,2024-05-25,History,170,59,0,0,148,22,0.7727,26535.24,156.09,56,0,0,0,289,2026-09-25
demo-costa,2024-05-25,History,68,24,0,0,58,10,0.4857,10086.59,148.33,22,0,0,0,116,2026-09-25
demo-centro,2024-05-26,History,145,51,0,0,127,18,0.6591,24214.45,167.0,48,0,0,0,246,2026-09-25
demo-costa,2024-05-26,History,54,19,0,0,46,8,0.3857,7321.71,135.59,18,0,0,0,92,2026-09-25
demo-centro,2024-05-27,History,138,48,0,0,95,43,0.6273,21436.83,155.34,46,0,0,0,235,2026-09-25
demo-costa,2024-05-27,History,68,24,0,0,59,9,0.4857,10085.56,148.32,22,0,0,0,116,2026-09-25
demo-centro,2024-05-28,History,160,56,0,0,131,29,0.7273,24488.3,153.05,53,0,0,0,272,2026-09-25
demo-costa,2024-05-28,History,57,20,0,0,47,10,0.4071,8367.44,146.8,19,0,0,0,97,2026-09-25
demo-centro,2024-05-29,History,127,44,0,0,93,34,0.5773,19781.7,155.76,42,0,0,0,216,2026-09-25
demo-costa,2024-05-29,History,58,20,0,0,44,14,0.4143,8046.4,138.73,19,0,0,0,99,2026-09-25
demo-centro,2024-05-30,History,149,52,0,0,110,39,0.6773,22937.22,153.94,49,0,0,0,253,2026-09-25
demo-costa,2024-05-30,History,64,22,0,0,50,14,0.4571,9109.99,142.34,21,0,0,0,109,2026-09-25
demo-centro,2024-05-31,History,152,53,0,0,116,36,0.6909,25162.3,165.54,50,0,0,0,258,2026-09-25
demo-costa,2024-05-31,History,63,22,0,0,55,8,0.45,9250.4,146.83,21,0,0,0,107,2026-09-25
demo-centro,2024-06-01,History,162,57,0,0,133,29,0.7364,24835.93,153.31,53,0,0,0,275,2026-09-25
demo-costa,2024-06-01,History,57,20,0,0,49,8,0.4071,7926.87,139.07,19,0,0,0,97,2026-09-25
demo-centro,2024-06-02,History,142,50,0,0,110,32,0.6455,21765.71,153.28,47,0,0,0,241,2026-09-25
demo-costa,2024-06-02,History,49,17,0,0,36,13,0.35,7198.87,146.92,16,0,0,0,83,2026-09-25
demo-centro,2024-06-03,History,149,52,0,0,120,29,0.6773,22925.03,153.86,49,0,0,0,253,2026-09-25
demo-costa,2024-06-03,History,55,19,0,0,47,8,0.3929,7620.59,138.56,18,0,0,0,94,2026-09-25
demo-centro,2024-06-04,History,156,55,0,0,138,18,0.7091,24271.83,155.59,51,0,0,0,265,2026-09-25
demo-costa,2024-06-04,History,47,16,0,0,40,7,0.3357,6626.69,140.99,16,0,0,0,80,2026-09-25
demo-centro,2024-06-05,History,148,52,0,0,97,51,0.6727,23376.14,157.95,49,0,0,0,252,2026-09-25
demo-costa,2024-06-05,History,61,21,0,0,46,15,0.4357,8198.49,134.4,20,0,0,0,104,2026-09-25
demo-centro,2024-06-06,History,131,46,0,0,107,24,0.5955,20732.47,158.26,43,0,0,0,223,2026-09-25
demo-costa,2024-06-06,History,47,16,0,0,36,11,0.3357,6589.33,140.2,16,0,0,0,80,2026-09-25
demo-centro,2024-06-07,History,143,50,0,0,106,37,0.65,22890.5,160.07,47,0,0,0,243,2026-09-25
demo-costa,2024-06-07,History,59,21,0,0,48,11,0.4214,8504.32,144.14,19,0,0,0,100,2026-09-25
demo-centro,2024-06-08,History,151,53,0,0,116,35,0.6864,24967.35,165.35,50,0,0,0,257,2026-09-25
demo-costa,2024-06-08,History,57,20,0,0,46,11,0.4071,8165.98,143.26,19,0,0,0,97,2026-09-25
demo-centro,2024-06-09,History,120,42,0,0,79,41,0.5455,18620.28,155.17,40,0,0,0,204,2026-09-25
demo-costa,2024-06-09,History,52,18,0,0,44,8,0.3714,7354.56,141.43,17,0,0,0,88,2026-09-25
demo-centro,2024-06-10,History,132,46,0,0,100,32,0.6,21918.39,166.05,44,0,0,0,224,2026-09-25
demo-costa,2024-06-10,History,43,15,0,0,30,13,0.3071,6067.39,141.1,14,0,0,0,73,2026-09-25
demo-centro,2024-06-11,History,151,53,0,0,107,44,0.6864,24239.35,160.53,50,0,0,0,257,2026-09-25
demo-costa,2024-06-11,History,69,24,0,0,62,7,0.4929,9604.81,139.2,23,0,0,0,117,2026-09-25
demo-centro,2024-06-12,History,117,41,0,0,80,37,0.5318,18889.99,161.45,39,0,0,0,199,2026-09-25
demo-costa,2024-06-12,History,60,21,0,0,52,8,0.4286,8735.48,145.59,20,0,0,0,102,2026-09-25
demo-centro,2024-06-13,History,132,46,0,0,99,33,0.6,20693.12,156.77,44,0,0,0,224,2026-09-25
demo-costa,2024-06-13,History,59,21,0,0,39,20,0.4214,7920.76,134.25,19,0,0,0,100,2026-09-25
demo-centro,2024-06-14,History,160,56,0,0,117,43,0.7273,24987.3,156.17,53,0,0,0,272,2026-09-25
demo-costa,2024-06-14,History,68,24,0,0,61,7,0.4857,10018.28,147.33,22,0,0,0,116,2026-09-25
demo-centro,2024-06-15,History,155,54,0,0,108,47,0.7045,23940.03,154.45,51,0,0,0,264,2026-09-25
demo-costa,2024-06-15,History,58,20,0,0,38,20,0.4143,7956.55,137.18,19,0,0,0,99,2026-09-25
demo-centro,2024-06-16,History,140,49,0,0,120,20,0.6364,21313.66,152.24,46,0,0,0,238,2026-09-25
demo-costa,2024-06-16,History,44,15,0,0,36,8,0.3143,6475.37,147.17,15,0,0,0,75,2026-09-25
demo-centro,2024-06-17,History,107,37,0,0,92,15,0.4864,16292.67,152.27,35,0,0,0,182,2026-09-25
demo-costa,2024-06-17,History,59,21,0,0,48,11,0.4214,8727.76,147.93,19,0,0,0,100,2026-09-25
demo-centro,2024-06-18,History,151,53,0,0,112,39,0.6864,24408.13,161.64,50,0,0,0,257,2026-09-25
demo-costa,2024-06-18,History,45,16,0,0,37,8,0.3214,6638.75,147.53,15,0,0,0,76,2026-09-25
demo-centro,2024-06-19,History,147,51,0,0,96,51,0.6682,23034.85,156.7,49,0,0,0,250,2026-09-25
demo-costa,2024-06-19,History,56,20,0,0,50,6,0.4,7608.29,135.86,18,0,0,0,95,2026-09-25
demo-centro,2024-06-20,History,142,50,0,0,123,19,0.6455,22848.44,160.9,47,0,0,0,241,2026-09-25
demo-costa,2024-06-20,History,38,13,0,0,29,9,0.2714,5583.69,146.94,13,0,0,0,65,2026-09-25
demo-centro,2024-06-21,History,143,50,0,0,98,45,0.65,22647.73,158.38,47,0,0,0,243,2026-09-25
demo-costa,2024-06-21,History,70,24,0,0,50,20,0.5,9915.88,141.66,23,0,0,0,119,2026-09-25
demo-centro,2024-06-22,History,133,47,0,0,103,30,0.6045,20755.0,156.05,44,0,0,0,226,2026-09-25
demo-costa,2024-06-22,History,65,23,0,0,45,20,0.4643,8779.44,135.07,21,0,0,0,110,2026-09-25
demo-centro,2024-06-23,History,106,37,0,0,71,35,0.4818,17145.67,161.75,35,0,0,0,180,2026-09-25
demo-costa,2024-06-23,History,47,16,0,0,38,9,0.3357,6745.6,143.52,16,0,0,0,80,2026-09-25
demo-centro,2024-06-24,History,143,50,0,0,95,48,0.65,22582.24,157.92,47,0,0,0,243,2026-09-25
demo-costa,2024-06-24,History,33,12,0,0,24,9,0.2357,4613.51,139.8,11,0,0,0,56,2026-09-25
demo-centro,2024-06-25,History,150,52,0,0,104,46,0.6818,22946.64,152.98,50,0,0,0,255,2026-09-25
demo-costa,2024-06-25,History,63,22,0,0,53,10,0.45,8949.6,142.06,21,0,0,0,107,2026-09-25
demo-centro,2024-06-26,History,128,45,0,0,106,22,0.5818,20479.07,159.99,42,0,0,0,218,2026-09-25
demo-costa,2024-06-26,History,51,18,0,0,43,8,0.3643,7543.02,147.9,17,0,0,0,87,2026-09-25
demo-centro,2024-06-27,History,150,52,0,0,128,22,0.6818,24060.2,160.4,50,0,0,0,255,2026-09-25
demo-costa,2024-06-27,History,57,20,0,0,40,17,0.4071,7658.49,134.36,19,0,0,0,97,2026-09-25
demo-centro,2024-06-28,History,159,56,0,0,117,42,0.7227,24162.64,151.97,52,0,0,0,270,2026-09-25
demo-costa,2024-06-28,History,72,25,0,0,48,24,0.5143,10026.11,139.25,24,0,0,0,122,2026-09-25
demo-centro,2024-06-29,History,152,53,0,0,124,28,0.6909,23893.77,157.2,50,0,0,0,258,2026-09-25
demo-costa,2024-06-29,History,55,19,0,0,43,12,0.3929,7980.54,145.1,18,0,0,0,94,2026-09-25
demo-centro,2024-06-30,History,122,43,0,0,105,17,0.5545,20222.32,165.76,40,0,0,0,207,2026-09-25
demo-costa,2024-06-30,History,57,20,0,0,48,9,0.4071,8344.7,146.4,19,0,0,0,97,2026-09-25
demo-centro,2024-07-01,History,181,63,0,0,162,19,0.8227,28884.59,159.58,60,0,0,0,308,2026-09-25
demo-costa,2024-07-01,History,55,19,0,0,48,7,0.3929,8191.37,148.93,18,0,0,0,94,2026-09-25
demo-centro,2024-07-02,History,180,63,0,0,151,29,0.8182,27948.98,155.27,59,0,0,0,306,2026-09-25
demo-costa,2024-07-02,History,58,20,0,0,46,12,0.4143,8212.52,141.6,19,0,0,0,99,2026-09-25
demo-centro,2024-07-03,History,167,58,0,0,132,35,0.7591,26210.33,156.95,55,0,0,0,284,2026-09-25
demo-costa,2024-07-03,History,77,27,0,0,53,24,0.55,11237.03,145.94,25,0,0,0,131,2026-09-25
demo-centro,2024-07-04,History,157,55,0,0,139,18,0.7136,24970.31,159.05,52,0,0,0,267,2026-09-25
demo-costa,2024-07-04,History,76,27,0,0,62,14,0.5429,10800.58,142.11,25,0,0,0,129,2026-09-25
demo-centro,2024-07-05,History,165,58,0,0,119,46,0.75,27880.53,168.97,54,0,0,0,280,2026-09-25
demo-costa,2024-07-05,History,62,22,0,0,50,12,0.4429,8919.13,143.86,20,0,0,0,105,2026-09-25
demo-centro,2024-07-06,History,184,64,0,0,148,36,0.8364,30302.31,164.69,61,0,0,0,313,2026-09-25
demo-costa,2024-07-06,History,78,27,0,0,69,9,0.5571,11812.63,151.44,26,0,0,0,133,2026-09-25
demo-centro,2024-07-07,History,147,51,0,0,101,46,0.6682,24532.86,166.89,49,0,0,0,250,2026-09-25
demo-costa,2024-07-07,History,67,23,0,0,59,8,0.4786,9607.34,143.39,22,0,0,0,114,2026-09-25
demo-centro,2024-07-08,History,145,51,0,0,121,24,0.6591,24244.38,167.2,48,0,0,0,246,2026-09-25
demo-costa,2024-07-08,History,58,20,0,0,50,8,0.4143,8203.74,141.44,19,0,0,0,99,2026-09-25
demo-centro,2024-07-09,History,163,57,0,0,140,23,0.7409,27010.56,165.71,54,0,0,0,277,2026-09-25
demo-costa,2024-07-09,History,78,27,0,0,54,24,0.5571,11725.92,150.33,26,0,0,0,133,2026-09-25
demo-centro,2024-07-10,History,145,51,0,0,114,31,0.6591,23668.03,163.23,48,0,0,0,246,2026-09-25
demo-costa,2024-07-10,History,82,29,0,0,59,23,0.5857,12091.63,147.46,27,0,0,0,139,2026-09-25
demo-centro,2024-07-11,History,142,50,0,0,109,33,0.6455,23412.86,164.88,47,0,0,0,241,2026-09-25
demo-costa,2024-07-11,History,72,25,0,0,64,8,0.5143,10549.91,146.53,24,0,0,0,122,2026-09-25
demo-centro,2024-07-12,History,175,61,0,0,136,39,0.7955,28575.76,163.29,58,0,0,0,298,2026-09-25
demo-costa,2024-07-12,History,88,31,0,0,63,25,0.6286,13342.43,151.62,29,0,0,0,150,2026-09-25
demo-centro,2024-07-13,History,180,63,0,0,136,44,0.8182,28982.29,161.01,59,0,0,0,306,2026-09-25
demo-costa,2024-07-13,History,74,26,0,0,65,9,0.5286,10583.37,143.02,24,0,0,0,126,2026-09-25
demo-centro,2024-07-14,History,161,56,0,0,141,20,0.7318,26988.45,167.63,53,0,0,0,274,2026-09-25
demo-costa,2024-07-14,History,63,22,0,0,50,13,0.45,9524.32,151.18,21,0,0,0,107,2026-09-25
demo-centro,2024-07-15,History,133,47,0,0,109,24,0.6045,21216.74,159.52,44,0,0,0,226,2026-09-25
demo-costa,2024-07-15,History,68,24,0,0,61,7,0.4857,9964.27,146.53,22,0,0,0,116,2026-09-25
demo-centro,2024-07-16,History,155,54,0,0,113,42,0.7045,24122.38,155.63,51,0,0,0,264,2026-09-25
demo-costa,2024-07-16,History,64,22,0,0,55,9,0.4571,9144.84,142.89,21,0,0,0,109,2026-09-25
demo-centro,2024-07-17,History,167,58,0,0,138,29,0.7591,27646.93,165.55,55,0,0,0,284,2026-09-25
demo-costa,2024-07-17,History,75,26,0,0,52,23,0.5357,11312.74,150.84,25,0,0,0,128,2026-09-25
demo-centro,2024-07-18,History,162,57,0,0,119,43,0.7364,27527.65,169.92,53,0,0,0,275,2026-09-25
demo-costa,2024-07-18,History,81,28,0,0,62,19,0.5786,12279.76,151.6,27,0,0,0,138,2026-09-25
demo-centro,2024-07-19,History,196,69,0,0,166,30,0.8909,30440.99,155.31,65,0,0,0,333,2026-09-25
demo-costa,2024-07-19,History,76,27,0,0,55,21,0.5429,10954.06,144.13,25,0,0,0,129,2026-09-25
demo-centro,2024-07-20,History,198,69,0,0,149,49,0.9,30869.7,155.91,65,0,0,0,337,2026-09-25
demo-costa,2024-07-20,History,85,30,0,0,65,20,0.6071,12740.91,149.89,28,0,0,0,144,2026-09-25
demo-centro,2024-07-21,History,148,52,0,0,125,23,0.6727,23022.21,155.56,49,0,0,0,252,2026-09-25
demo-costa,2024-07-21,History,70,24,0,0,48,22,0.5,9718.28,138.83,23,0,0,0,119,2026-09-25
demo-centro,2024-07-22,History,155,54,0,0,131,24,0.7045,25369.43,163.67,51,0,0,0,264,2026-09-25
demo-costa,2024-07-22,History,77,27,0,0,64,13,0.55,10818.08,140.49,25,0,0,0,131,2026-09-25
demo-centro,2024-07-23,History,143,50,0,0,99,44,0.65,22393.64,156.6,47,0,0,0,243,2026-09-25
demo-costa,2024-07-23,History,76,27,0,0,68,8,0.5429,11046.85,145.35,25,0,0,0,129,2026-09-25
demo-centro,2024-07-24,History,146,51,0,0,126,20,0.6636,22801.76,156.18,48,0,0,0,248,2026-09-25
demo-costa,2024-07-24,History,67,23,0,0,44,23,0.4786,9844.81,146.94,22,0,0,0,114,2026-09-25
demo-centro,2024-07-25,History,150,52,0,0,121,29,0.6818,24015.57,160.1,50,0,0,0,255,2026-09-25
demo-costa,2024-07-25,History,78,27,0,0,68,10,0.5571,11629.27,149.09,26,0,0,0,133,2026-09-25
demo-centro,2024-07-26,History,172,60,0,0,149,23,0.7818,28426.66,165.27,57,0,0,0,292,2026-09-25
demo-costa,2024-07-26,History,80,28,0,0,53,27,0.5714,11255.53,140.69,26,0,0,0,136,2026-09-25
demo-centro,2024-07-27,History,183,64,0,0,152,31,0.8318,28772.96,157.23,60,0,0,0,311,2026-09-25
demo-costa,2024-07-27,History,83,29,0,0,64,19,0.5929,12119.33,146.02,27,0,0,0,141,2026-09-25
demo-centro,2024-07-28,History,171,60,0,0,131,40,0.7773,28483.56,166.57,56,0,0,0,291,2026-09-25
demo-costa,2024-07-28,History,66,23,0,0,48,18,0.4714,9883.1,149.74,22,0,0,0,112,2026-09-25
demo-centro,2024-07-29,History,169,59,0,0,147,22,0.7682,27868.72,164.9,56,0,0,0,287,2026-09-25
demo-costa,2024-07-29,History,72,25,0,0,51,21,0.5143,10207.35,141.77,24,0,0,0,122,2026-09-25
demo-centro,2024-07-30,History,161,56,0,0,117,44,0.7318,26533.77,164.81,53,0,0,0,274,2026-09-25
demo-costa,2024-07-30,History,71,25,0,0,47,24,0.5071,9825.1,138.38,23,0,0,0,121,2026-09-25
demo-centro,2024-07-31,History,156,55,0,0,127,29,0.7091,24523.09,157.2,51,0,0,0,265,2026-09-25
demo-costa,2024-07-31,History,61,21,0,0,48,13,0.4357,9134.3,149.74,20,0,0,0,104,2026-09-25
demo-centro,2024-08-01,History,143,50,0,0,114,29,0.65,22572.52,157.85,47,0,0,0,243,2026-09-25
demo-costa,2024-08-01,History,57,20,0,0,39,18,0.4071,7805.39,136.94,19,0,0,0,97,2026-09-25
demo-centro,2024-08-02,History,146,51,0,0,113,33,0.6636,24382.27,167.0,48,0,0,0,248,2026-09-25
demo-costa,2024-08-02,History,72,25,0,0,50,22,0.5143,10489.56,145.69,24,0,0,0,122,2026-09-25
demo-centro,2024-08-03,History,135,47,0,0,120,15,0.6136,22441.4,166.23,45,0,0,0,230,2026-09-25
demo-costa,2024-08-03,History,58,20,0,0,42,16,0.4143,8019.32,138.26,19,0,0,0,99,2026-09-25
demo-centro,2024-08-04,History,129,45,0,0,90,39,0.5864,19836.27,153.77,43,0,0,0,219,2026-09-25
demo-costa,2024-08-04,History,54,19,0,0,47,7,0.3857,7709.6,142.77,18,0,0,0,92,2026-09-25
demo-centro,2024-08-05,History,148,52,0,0,117,31,0.6727,24156.39,163.22,49,0,0,0,252,2026-09-25
demo-costa,2024-08-05,History,61,21,0,0,52,9,0.4357,8949.6,146.71,20,0,0,0,104,2026-09-25
demo-centro,2024-08-06,History,152,53,0,0,122,30,0.6909,25277.96,166.3,50,0,0,0,258,2026-09-25
demo-costa,2024-08-06,History,52,18,0,0,47,5,0.3714,7410.6,142.51,17,0,0,0,88,2026-09-25
demo-centro,2024-08-07,History,127,44,0,0,90,37,0.5773,20796.65,163.75,42,0,0,0,216,2026-09-25
demo-costa,2024-08-07,History,40,14,0,0,32,8,0.2857,5755.5,143.89,13,0,0,0,68,2026-09-25
demo-centro,2024-08-08,History,152,53,0,0,100,52,0.6909,23988.57,157.82,50,0,0,0,258,2026-09-25
demo-costa,2024-08-08,History,54,19,0,0,37,17,0.3857,7867.44,145.69,18,0,0,0,92,2026-09-25
demo-centro,2024-08-09,History,184,64,0,0,157,27,0.8364,28767.17,156.34,61,0,0,0,313,2026-09-25
demo-costa,2024-08-09,History,66,23,0,0,55,11,0.4714,9512.98,144.14,22,0,0,0,112,2026-09-25
demo-centro,2024-08-10,History,173,61,0,0,126,47,0.7864,28523.97,164.88,57,0,0,0,294,2026-09-25
demo-costa,2024-08-10,History,64,22,0,0,57,7,0.4571,9092.14,142.06,21,0,0,0,109,2026-09-25
demo-centro,2024-08-11,History,126,44,0,0,85,41,0.5727,20525.72,162.9,42,0,0,0,214,2026-09-25
demo-costa,2024-08-11,History,62,22,0,0,48,14,0.4429,9156.5,147.69,20,0,0,0,105,2026-09-25
demo-centro,2024-08-12,History,132,46,0,0,110,22,0.6,22099.12,167.42,44,0,0,0,224,2026-09-25
demo-costa,2024-08-12,History,63,22,0,0,52,11,0.45,9203.37,146.09,21,0,0,0,107,2026-09-25
demo-centro,2024-08-13,History,139,49,0,0,107,32,0.6318,23168.5,166.68,46,0,0,0,236,2026-09-25
demo-costa,2024-08-13,History,65,23,0,0,47,18,0.4643,9267.87,142.58,21,0,0,0,110,2026-09-25
demo-centro,2024-08-14,History,144,50,0,0,100,44,0.6545,23276.76,161.64,48,0,0,0,245,2026-09-25
demo-costa,2024-08-14,History,56,20,0,0,45,11,0.4,8177.56,146.03,18,0,0,0,95,2026-09-25
demo-centro,2024-08-15,History,137,48,0,0,105,32,0.6227,22734.61,165.95,45,0,0,0,233,2026-09-25
demo-costa,2024-08-15,History,62,22,0,0,55,7,0.4429,9185.85,148.16,20,0,0,0,105,2026-09-25
demo-centro,2024-08-16,History,162,57,0,0,118,44,0.7364,26659.26,164.56,53,0,0,0,275,2026-09-25
demo-costa,2024-08-16,History,76,27,0,0,63,13,0.5429,10396.38,136.79,25,0,0,0,129,2026-09-25
demo-centro,2024-08-17,History,171,60,0,0,128,43,0.7773,28102.89,164.34,56,0,0,0,291,2026-09-25
demo-costa,2024-08-17,History,59,21,0,0,45,14,0.4214,8267.76,140.13,19,0,0,0,100,2026-09-25
demo-centro,2024-08-18,History,151,53,0,0,119,32,0.6864,23479.64,155.49,50,0,0,0,257,2026-09-25
demo-costa,2024-08-18,History,66,23,0,0,50,16,0.4714,9464.9,143.41,22,0,0,0,112,2026-09-25
demo-centro,2024-08-19,History,134,47,0,0,103,31,0.6091,22436.36,167.44,44,0,0,0,228,2026-09-25
demo-costa,2024-08-19,History,74,26,0,0,62,12,0.5286,10741.37,145.15,24,0,0,0,126,2026-09-25
demo-centro,2024-08-20,History,149,52,0,0,130,19,0.6773,22861.41,153.43,49,0,0,0,253,2026-09-25
demo-costa,2024-08-20,History,57,20,0,0,47,10,0.4071,8474.86,148.68,19,0,0,0,97,2026-09-25
demo-centro,2024-08-21,History,125,44,0,0,98,27,0.5682,20416.82,163.33,41,0,0,0,212,2026-09-25
demo-costa,2024-08-21,History,61,21,0,0,54,7,0.4357,8894.65,145.81,20,0,0,0,104,2026-09-25
demo-centro,2024-08-22,History,146,51,0,0,121,25,0.6636,24149.55,165.41,48,0,0,0,248,2026-09-25
demo-costa,2024-08-22,History,69,24,0,0,62,7,0.4929,9517.96,137.94,23,0,0,0,117,2026-09-25
demo-centro,2024-08-23,History,149,52,0,0,130,19,0.6773,23493.29,157.67,49,0,0,0,253,2026-09-25
demo-costa,2024-08-23,History,63,22,0,0,43,20,0.45,8813.24,139.89,21,0,0,0,107,2026-09-25
demo-centro,2024-08-24,History,137,48,0,0,120,17,0.6227,21105.26,154.05,45,0,0,0,233,2026-09-25
demo-costa,2024-08-24,History,67,23,0,0,45,22,0.4786,9671.24,144.35,22,0,0,0,114,2026-09-25
demo-centro,2024-08-25,History,139,49,0,0,125,14,0.6318,21425.64,154.14,46,0,0,0,236,2026-09-25
demo-costa,2024-08-25,History,42,15,0,0,28,14,0.3,6156.21,146.58,14,0,0,0,71,2026-09-25
demo-centro,2024-08-26,History,147,51,0,0,115,32,0.6682,23660.14,160.95,49,0,0,0,250,2026-09-25
demo-costa,2024-08-26,History,53,19,0,0,46,7,0.3786,7444.2,140.46,17,0,0,0,90,2026-09-25
demo-centro,2024-08-27,History,127,44,0,0,100,27,0.5773,20740.6,163.31,42,0,0,0,216,2026-09-25
demo-costa,2024-08-27,History,53,19,0,0,41,12,0.3786,7695.95,145.21,17,0,0,0,90,2026-09-25
demo-centro,2024-08-28,History,128,45,0,0,87,41,0.5818,21094.36,164.8,42,0,0,0,218,2026-09-25
demo-costa,2024-08-28,History,66,23,0,0,56,10,0.4714,9762.96,147.92,22,0,0,0,112,2026-09-25
demo-centro,2024-08-29,History,141,49,0,0,107,34,0.6409,22686.76,160.9,47,0,0,0,240,2026-09-25
demo-costa,2024-08-29,History,56,20,0,0,49,7,0.4,8163.64,145.78,18,0,0,0,95,2026-09-25
demo-centro,2024-08-30,History,150,52,0,0,99,51,0.6818,24023.54,160.16,50,0,0,0,255,2026-09-25
demo-costa,2024-08-30,History,61,21,0,0,45,16,0.4357,8671.77,142.16,20,0,0,0,104,2026-09-25
demo-centro,2024-08-31,History,155,54,0,0,111,44,0.7045,23578.93,152.12,51,0,0,0,264,2026-09-25
demo-costa,2024-08-31,History,72,25,0,0,47,25,0.5143,10408.73,144.57,24,0,0,0,122,2026-09-25
demo-centro,2024-09-01,History,148,52,0,0,97,51,0.6727,24878.05,168.09,49,0,0,0,252,2026-09-25
demo-costa,2024-09-01,History,69,24,0,0,52,17,0.4929,10033.61,145.41,23,0,0,0,117,2026-09-25
demo-centro,2024-09-02,History,165,58,0,0,127,38,0.75,26980.67,163.52,54,0,0,0,280,2026-09-25
demo-costa,2024-09-02,History,79,28,0,0,55,24,0.5643,11969.07,151.51,26,0,0,0,134,2026-09-25
demo-centro,2024-09-03,History,145,51,0,0,126,19,0.6591,22904.27,157.96,48,0,0,0,246,2026-09-25
demo-costa,2024-09-03,History,68,24,0,0,58,10,0.4857,9559.72,140.58,22,0,0,0,116,2026-09-25
demo-centro,2024-09-04,History,166,58,0,0,127,39,0.7545,26450.58,159.34,55,0,0,0,282,2026-09-25
demo-costa,2024-09-04,History,72,25,0,0,63,9,0.5143,10509.54,145.97,24,0,0,0,122,2026-09-25
demo-centro,2024-09-05,History,124,43,0,0,95,29,0.5636,19397.66,156.43,41,0,0,0,211,2026-09-25
demo-costa,2024-09-05,History,67,23,0,0,57,10,0.4786,9892.58,147.65,22,0,0,0,114,2026-09-25
demo-centro,2024-09-06,History,159,56,0,0,105,54,0.7227,24886.5,156.52,52,0,0,0,270,2026-09-25
demo-costa,2024-09-06,History,74,26,0,0,51,23,0.5286,10327.45,139.56,24,0,0,0,126,2026-09-25
demo-centro,2024-09-07,History,180,63,0,0,129,51,0.8182,27915.49,155.09,59,0,0,0,306,2026-09-25
demo-costa,2024-09-07,History,83,29,0,0,64,19,0.5929,11608.97,139.87,27,0,0,0,141,2026-09-25
demo-centro,2024-09-08,History,138,48,0,0,109,29,0.6273,22768.44,164.99,46,0,0,0,235,2026-09-25
demo-costa,2024-09-08,History,73,26,0,0,51,22,0.5214,10123.03,138.67,24,0,0,0,124,2026-09-25
demo-centro,2024-09-09,History,159,56,0,0,137,22,0.7227,26787.67,168.48,52,0,0,0,270,2026-09-25
demo-costa,2024-09-09,History,72,25,0,0,63,9,0.5143,10102.7,140.32,24,0,0,0,122,2026-09-25
demo-centro,2024-09-10,History,153,54,0,0,105,48,0.6955,23571.78,154.06,50,0,0,0,260,2026-09-25
demo-costa,2024-09-10,History,74,26,0,0,53,21,0.5286,10626.36,143.6,24,0,0,0,126,2026-09-25
demo-centro,2024-09-11,History,150,52,0,0,127,23,0.6818,24931.12,166.21,50,0,0,0,255,2026-09-25
demo-costa,2024-09-11,History,78,27,0,0,70,8,0.5571,11079.94,142.05,26,0,0,0,133,2026-09-25
demo-centro,2024-09-12,History,140,49,0,0,107,33,0.6364,21784.45,155.6,46,0,0,0,238,2026-09-25
demo-costa,2024-09-12,History,73,26,0,0,58,15,0.5214,11056.82,151.46,24,0,0,0,124,2026-09-25
demo-centro,2024-09-13,History,145,51,0,0,128,17,0.6591,23607.03,162.81,48,0,0,0,246,2026-09-25
demo-costa,2024-09-13,History,83,29,0,0,66,17,0.5929,11545.01,139.1,27,0,0,0,141,2026-09-25
demo-centro,2024-09-14,History,180,63,0,0,119,61,0.8182,29053.73,161.41,59,0,0,0,306,2026-09-25
demo-costa,2024-09-14,History,85,30,0,0,62,23,0.6071,12003.07,141.21,28,0,0,0,144,2026-09-25
demo-centro,2024-09-15,History,126,44,0,0,85,41,0.5727,21037.54,166.96,42,0,0,0,214,2026-09-25
demo-costa,2024-09-15,History,66,23,0,0,53,13,0.4714,9256.62,140.25,22,0,0,0,112,2026-09-25
demo-centro,2024-09-16,History,164,57,0,0,129,35,0.7455,27149.11,165.54,54,0,0,0,279,2026-09-25
demo-costa,2024-09-16,History,72,25,0,0,54,18,0.5143,10736.78,149.12,24,0,0,0,122,2026-09-25
demo-centro,2024-09-17,History,160,56,0,0,124,36,0.7273,25847.75,161.55,53,0,0,0,272,2026-09-25
demo-costa,2024-09-17,History,70,24,0,0,59,11,0.5,10525.1,150.36,23,0,0,0,119,2026-09-25
demo-centro,2024-09-18,History,144,50,0,0,129,15,0.6545,23709.76,164.65,48,0,0,0,245,2026-09-25
demo-costa,2024-09-18,History,75,26,0,0,56,19,0.5357,11252.67,150.04,25,0,0,0,128,2026-09-25
demo-centro,2024-09-19,History,144,50,0,0,97,47,0.6545,23120.68,160.56,48,0,0,0,245,2026-09-25
demo-costa,2024-09-19,History,70,24,0,0,60,10,0.5,9914.39,141.63,23,0,0,0,119,2026-09-25
demo-centro,2024-09-20,History,188,66,0,0,125,63,0.8545,29737.57,158.18,62,0,0,0,320,2026-09-25
demo-costa,2024-09-20,History,67,23,0,0,48,19,0.4786,9329.84,139.25,22,0,0,0,114,2026-09-25
demo-centro,2024-09-21,History,182,64,0,0,140,42,0.8273,29921.54,164.4,60,0,0,0,309,2026-09-25
demo-costa,2024-09-21,History,70,24,0,0,46,24,0.5,10591.15,151.3,23,0,0,0,119,2026-09-25
demo-centro,2024-09-22,History,148,52,0,0,124,24,0.6727,23378.61,157.96,49,0,0,0,252,2026-09-25
demo-costa,2024-09-22,History,76,27,0,0,64,12,0.5429,11259.68,148.15,25,0,0,0,129,2026-09-25
demo-centro,2024-09-23,History,143,50,0,0,94,49,0.65,24245.66,169.55,47,0,0,0,243,2026-09-25
demo-costa,2024-09-23,History,73,26,0,0,61,12,0.5214,11046.46,151.32,24,0,0,0,124,2026-09-25
demo-centro,2024-09-24,History,168,59,0,0,146,22,0.7636,28233.31,168.06,55,0,0,0,286,2026-09-25
demo-costa,2024-09-24,History,72,25,0,0,48,24,0.5143,10562.27,146.7,24,0,0,0,122,2026-09-25
demo-centro,2024-09-25,History,158,55,0,0,111,47,0.7182,26034.78,164.78,52,0,0,0,269,2026-09-25
demo-costa,2024-09-25,History,62,22,0,0,41,21,0.4429,9205.84,148.48,20,0,0,0,105,2026-09-25
demo-centro,2024-09-26,History,136,48,0,0,121,15,0.6182,22608.61,166.24,45,0,0,0,231,2026-09-25
demo-costa,2024-09-26,History,75,26,0,0,53,22,0.5357,10398.59,138.65,25,0,0,0,128,2026-09-25
demo-centro,2024-09-27,History,181,63,0,0,152,29,0.8227,30143.65,166.54,60,0,0,0,308,2026-09-25
demo-costa,2024-09-27,History,94,33,0,0,72,22,0.6714,13451.82,143.1,31,0,0,0,160,2026-09-25
demo-centro,2024-09-28,History,178,62,0,0,157,21,0.8091,28146.05,158.12,59,0,0,0,303,2026-09-25
demo-costa,2024-09-28,History,78,27,0,0,67,11,0.5571,11339.68,145.38,26,0,0,0,133,2026-09-25
demo-centro,2024-09-29,History,141,49,0,0,124,17,0.6409,22400.09,158.87,47,0,0,0,240,2026-09-25
demo-costa,2024-09-29,History,68,24,0,0,48,20,0.4857,10194.79,149.92,22,0,0,0,116,2026-09-25
demo-centro,2024-09-30,History,178,62,0,0,123,55,0.8091,28002.61,157.32,59,0,0,0,303,2026-09-25
demo-costa,2024-09-30,History,73,26,0,0,65,8,0.5214,10442.9,143.05,24,0,0,0,124,2026-09-25
demo-centro,2024-10-01,History,144,50,0,0,97,47,0.6545,23653.88,164.26,48,0,0,0,245,2026-09-25
demo-costa,2024-10-01,History,74,26,0,0,52,22,0.5286,10666.65,144.14,24,0,0,0,126,2026-09-25
demo-centro,2024-10-02,History,169,59,0,0,150,19,0.7682,26317.96,155.73,56,0,0,0,287,2026-09-25
demo-costa,2024-10-02,History,86,30,0,0,75,11,0.6143,12359.92,143.72,28,0,0,0,146,2026-09-25
demo-centro,2024-10-03,History,156,55,0,0,125,31,0.7091,24245.16,155.42,51,0,0,0,265,2026-09-25
demo-costa,2024-10-03,History,79,28,0,0,53,26,0.5643,12120.26,153.42,26,0,0,0,134,2026-09-25
demo-centro,2024-10-04,History,191,67,0,0,128,63,0.8682,29740.01,155.71,63,0,0,0,325,2026-09-25
demo-costa,2024-10-04,History,96,34,0,0,71,25,0.6857,13565.81,141.31,32,0,0,0,163,2026-09-25
demo-centro,2024-10-05,History,170,59,0,0,151,19,0.7727,28887.69,169.93,56,0,0,0,289,2026-09-25
demo-costa,2024-10-05,History,94,33,0,0,72,22,0.6714,13462.7,143.22,31,0,0,0,160,2026-09-25
demo-centro,2024-10-06,History,141,49,0,0,111,30,0.6409,23793.99,168.75,47,0,0,0,240,2026-09-25
demo-costa,2024-10-06,History,70,24,0,0,52,18,0.5,10847.47,154.96,23,0,0,0,119,2026-09-25
demo-centro,2024-10-07,History,166,58,0,0,128,38,0.7545,27948.91,168.37,55,0,0,0,282,2026-09-25
demo-costa,2024-10-07,History,78,27,0,0,58,20,0.5571,12110.1,155.26,26,0,0,0,133,2026-09-25
demo-centro,2024-10-08,History,164,57,0,0,116,48,0.7455,25329.66,154.45,54,0,0,0,279,2026-09-25
demo-costa,2024-10-08,History,75,26,0,0,62,13,0.5357,11614.74,154.86,25,0,0,0,128,2026-09-25
demo-centro,2024-10-09,History,171,60,0,0,121,50,0.7773,28482.13,166.56,56,0,0,0,291,2026-09-25
demo-costa,2024-10-09,History,83,29,0,0,61,22,0.5929,11997.04,144.54,27,0,0,0,141,2026-09-25
demo-centro,2024-10-10,History,153,54,0,0,131,22,0.6955,25830.87,168.83,50,0,0,0,260,2026-09-25
demo-costa,2024-10-10,History,80,28,0,0,63,17,0.5714,12384.97,154.81,26,0,0,0,136,2026-09-25
demo-centro,2024-10-11,History,181,63,0,0,127,54,0.8227,28001.07,154.7,60,0,0,0,308,2026-09-25
demo-costa,2024-10-11,History,96,34,0,0,75,21,0.6857,13798.16,143.73,32,0,0,0,163,2026-09-25
demo-centro,2024-10-12,History,169,59,0,0,121,48,0.7682,28375.69,167.9,56,0,0,0,287,2026-09-25
demo-costa,2024-10-12,History,98,34,0,0,78,20,0.7,14500.4,147.96,32,0,0,0,167,2026-09-25
demo-centro,2024-10-13,History,126,44,0,0,109,17,0.5727,20863.27,165.58,42,0,0,0,214,2026-09-25
demo-costa,2024-10-13,History,90,31,0,0,78,12,0.6429,12702.62,141.14,30,0,0,0,153,2026-09-25
demo-centro,2024-10-14,History,171,60,0,0,151,20,0.7773,28058.61,164.09,56,0,0,0,291,2026-09-25
demo-costa,2024-10-14,History,90,31,0,0,74,16,0.6429,12940.16,143.78,30,0,0,0,153,2026-09-25
demo-centro,2024-10-15,History,152,53,0,0,99,53,0.6909,25812.07,169.82,50,0,0,0,258,2026-09-25
demo-costa,2024-10-15,History,79,28,0,0,64,15,0.5643,12139.2,153.66,26,0,0,0,134,2026-09-25
demo-centro,2024-10-16,History,129,45,0,0,111,18,0.5864,21075.22,163.37,43,0,0,0,219,2026-09-25
demo-costa,2024-10-16,History,81,28,0,0,68,13,0.5786,12129.23,149.74,27,0,0,0,138,2026-09-25
demo-centro,2024-10-17,History,160,56,0,0,122,38,0.7273,26718.79,166.99,53,0,0,0,272,2026-09-25
demo-costa,2024-10-17,History,80,28,0,0,58,22,0.5714,12420.38,155.25,26,0,0,0,136,2026-09-25
demo-centro,2024-10-18,History,177,62,0,0,140,37,0.8045,30021.43,169.61,58,0,0,0,301,2026-09-25
demo-costa,2024-10-18,History,91,32,0,0,67,24,0.65,13432.22,147.61,30,0,0,0,155,2026-09-25
demo-centro,2024-10-19,History,179,63,0,0,148,31,0.8136,29413.23,164.32,59,0,0,0,304,2026-09-25
demo-costa,2024-10-19,History,98,34,0,0,85,13,0.7,14653.92,149.53,32,0,0,0,167,2026-09-25
demo-centro,2024-10-20,History,135,47,0,0,106,29,0.6136,21964.58,162.7,45,0,0,0,230,2026-09-25
demo-costa,2024-10-20,History,78,27,0,0,51,27,0.5571,11792.34,151.18,26,0,0,0,133,2026-09-25
demo-centro,2024-10-21,History,147,51,0,0,112,35,0.6682,24671.6,167.83,49,0,0,0,250,2026-09-25
demo-costa,2024-10-21,History,76,27,0,0,65,11,0.5429,11398.08,149.97,25,0,0,0,129,2026-09-25
demo-centro,2024-10-22,History,141,49,0,0,94,47,0.6409,22532.16,159.8,47,0,0,0,240,2026-09-25
demo-costa,2024-10-22,History,77,27,0,0,54,23,0.55,11865.03,154.09,25,0,0,0,131,2026-09-25
demo-centro,2024-10-23,History,140,49,0,0,107,33,0.6364,22394.59,159.96,46,0,0,0,238,2026-09-25
demo-costa,2024-10-23,History,94,33,0,0,71,23,0.6714,14083.64,149.83,31,0,0,0,160,2026-09-25
demo-centro,2024-10-24,History,161,56,0,0,109,52,0.7318,24870.45,154.47,53,0,0,0,274,2026-09-25
demo-costa,2024-10-24,History,73,26,0,0,65,8,0.5214,10486.63,143.65,24,0,0,0,124,2026-09-25
demo-centro,2024-10-25,History,168,59,0,0,113,55,0.7636,28568.79,170.05,55,0,0,0,286,2026-09-25
demo-costa,2024-10-25,History,94,33,0,0,80,14,0.6714,13838.9,147.22,31,0,0,0,160,2026-09-25
demo-centro,2024-10-26,History,180,63,0,0,155,25,0.8182,28016.26,155.65,59,0,0,0,306,2026-09-25
demo-costa,2024-10-26,History,97,34,0,0,83,14,0.6929,13810.61,142.38,32,0,0,0,165,2026-09-25
demo-centro,2024-10-27,History,138,48,0,0,91,47,0.6273,21812.03,158.06,46,0,0,0,235,2026-09-25
demo-costa,2024-10-27,History,80,28,0,0,59,21,0.5714,12005.42,150.07,26,0,0,0,136,2026-09-25
demo-centro,2024-10-28,History,167,58,0,0,124,43,0.7591,25827.17,154.65,55,0,0,0,284,2026-09-25
demo-costa,2024-10-28,History,83,29,0,0,71,12,0.5929,11860.82,142.9,27,0,0,0,141,2026-09-25
demo-centro,2024-10-29,History,141,49,0,0,101,40,0.6409,23058.42,163.53,47,0,0,0,240,2026-09-25
demo-costa,2024-10-29,History,88,31,0,0,75,13,0.6286,13556.79,154.05,29,0,0,0,150,2026-09-25
demo-centro,2024-10-30,History,147,51,0,0,110,37,0.6682,23305.32,158.54,49,0,0,0,250,2026-09-25
demo-costa,2024-10-30,History,93,33,0,0,66,27,0.6643,14375.54,154.58,31,0,0,0,158,2026-09-25
demo-centro,2024-10-31,History,138,48,0,0,104,34,0.6273,21300.43,154.35,46,0,0,0,235,2026-09-25
demo-costa,2024-10-31,History,82,29,0,0,59,23,0.5857,12081.67,147.34,27,0,0,0,139,2026-09-25
demo-centro,2024-11-01,History,175,61,0,0,146,29,0.7955,27103.49,154.88,58,0,0,0,298,2026-09-25
demo-costa,2024-11-01,History,100,35,0,0,73,27,0.7143,15518.84,155.19,33,0,0,0,170,2026-09-25
demo-centro,2024-11-02,History,174,61,0,0,121,53,0.7909,29121.23,167.36,57,0,0,0,296,2026-09-25
demo-costa,2024-11-02,History,105,37,0,0,88,17,0.75,16436.05,156.53,35,0,0,0,178,2026-09-25
demo-centro,2024-11-03,History,155,54,0,0,121,34,0.7045,23929.08,154.38,51,0,0,0,264,2026-09-25
demo-costa,2024-11-03,History,76,27,0,0,56,20,0.5429,12010.13,158.03,25,0,0,0,129,2026-09-25
demo-centro,2024-11-04,History,165,58,0,0,116,49,0.75,26647.05,161.5,54,0,0,0,280,2026-09-25
demo-costa,2024-11-04,History,108,38,0,0,76,32,0.7714,17090.34,158.24,36,0,0,0,184,2026-09-25
demo-centro,2024-11-05,History,141,49,0,0,125,16,0.6409,22403.22,158.89,47,0,0,0,240,2026-09-25
demo-costa,2024-11-05,History,98,34,0,0,71,27,0.7,14307.44,145.99,32,0,0,0,167,2026-09-25
demo-centro,2024-11-06,History,143,50,0,0,109,34,0.65,22848.13,159.78,47,0,0,0,243,2026-09-25
demo-costa,2024-11-06,History,94,33,0,0,62,32,0.6714,14017.78,149.13,31,0,0,0,160,2026-09-25
demo-centro,2024-11-07,History,142,50,0,0,127,15,0.6455,22564.64,158.91,47,0,0,0,241,2026-09-25
demo-costa,2024-11-07,History,100,35,0,0,67,33,0.7143,15532.59,155.33,33,0,0,0,170,2026-09-25
demo-centro,2024-11-08,History,173,61,0,0,125,48,0.7864,27432.52,158.57,57,0,0,0,294,2026-09-25
demo-costa,2024-11-08,History,110,38,0,0,93,17,0.7857,16712.12,151.93,36,0,0,0,187,2026-09-25
demo-centro,2024-11-09,History,187,65,0,0,168,19,0.85,30924.57,165.37,62,0,0,0,318,2026-09-25
demo-costa,2024-11-09,History,105,37,0,0,81,24,0.75,16174.59,154.04,35,0,0,0,178,2026-09-25
demo-centro,2024-11-10,History,143,50,0,0,125,18,0.65,23923.96,167.3,47,0,0,0,243,2026-09-25
demo-costa,2024-11-10,History,92,32,0,0,67,25,0.6571,13771.51,149.69,30,0,0,0,156,2026-09-25
demo-centro,2024-11-11,History,132,46,0,0,118,14,0.6,20351.95,154.18,44,0,0,0,224,2026-09-25
demo-costa,2024-11-11,History,100,35,0,0,81,19,0.7143,14918.75,149.19,33,0,0,0,170,2026-09-25
demo-centro,2024-11-12,History,155,54,0,0,108,47,0.7045,25319.8,163.35,51,0,0,0,264,2026-09-25
demo-costa,2024-11-12,History,97,34,0,0,76,21,0.6929,14654.11,151.07,32,0,0,0,165,2026-09-25
demo-centro,2024-11-13,History,153,54,0,0,124,29,0.6955,25753.2,168.32,50,0,0,0,260,2026-09-25
demo-costa,2024-11-13,History,94,33,0,0,84,10,0.6714,14172.18,150.77,31,0,0,0,160,2026-09-25
demo-centro,2024-11-14,History,147,51,0,0,129,18,0.6682,22777.56,154.95,49,0,0,0,250,2026-09-25
demo-costa,2024-11-14,History,91,32,0,0,64,27,0.65,13166.78,144.69,30,0,0,0,155,2026-09-25
demo-centro,2024-11-15,History,175,61,0,0,117,58,0.7955,28374.39,162.14,58,0,0,0,298,2026-09-25
demo-costa,2024-11-15,History,104,36,0,0,85,19,0.7429,15727.83,151.23,34,0,0,0,177,2026-09-25
demo-centro,2024-11-16,History,165,58,0,0,145,20,0.75,27147.55,164.53,54,0,0,0,280,2026-09-25
demo-costa,2024-11-16,History,99,35,0,0,76,23,0.7071,14823.66,149.73,33,0,0,0,168,2026-09-25
demo-centro,2024-11-17,History,143,50,0,0,113,30,0.65,23590.85,164.97,47,0,0,0,243,2026-09-25
demo-costa,2024-11-17,History,94,33,0,0,82,12,0.6714,14802.32,157.47,31,0,0,0,160,2026-09-25
demo-centro,2024-11-18,History,141,49,0,0,106,35,0.6409,21834.07,154.85,47,0,0,0,240,2026-09-25
demo-costa,2024-11-18,History,91,32,0,0,66,25,0.65,13239.49,145.49,30,0,0,0,155,2026-09-25
demo-centro,2024-11-19,History,153,54,0,0,127,26,0.6955,25884.67,169.18,50,0,0,0,260,2026-09-25
demo-costa,2024-11-19,History,99,35,0,0,89,10,0.7071,14868.53,150.19,33,0,0,0,168,2026-09-25
demo-centro,2024-11-20,History,160,56,0,0,144,16,0.7273,26351.51,164.7,53,0,0,0,272,2026-09-25
demo-costa,2024-11-20,History,99,35,0,0,71,28,0.7071,15480.14,156.37,33,0,0,0,168,2026-09-25
demo-centro,2024-11-21,History,149,52,0,0,129,20,0.6773,24674.81,165.6,49,0,0,0,253,2026-09-25
demo-costa,2024-11-21,History,98,34,0,0,85,13,0.7,15046.51,153.54,32,0,0,0,167,2026-09-25
demo-centro,2024-11-22,History,169,59,0,0,133,36,0.7682,27715.79,164.0,56,0,0,0,287,2026-09-25
demo-costa,2024-11-22,History,109,38,0,0,90,19,0.7786,16545.17,151.79,36,0,0,0,185,2026-09-25
demo-centro,2024-11-23,History,167,58,0,0,131,36,0.7591,27606.47,165.31,55,0,0,0,284,2026-09-25
demo-costa,2024-11-23,History,92,32,0,0,67,25,0.6571,14091.53,153.17,30,0,0,0,156,2026-09-25
demo-centro,2024-11-24,History,128,45,0,0,87,41,0.5818,21534.01,168.23,42,0,0,0,218,2026-09-25
demo-costa,2024-11-24,History,91,32,0,0,65,26,0.65,14054.44,154.44,30,0,0,0,155,2026-09-25
demo-centro,2024-11-25,History,158,55,0,0,126,32,0.7182,25171.18,159.31,52,0,0,0,269,2026-09-25
demo-costa,2024-11-25,History,95,33,0,0,81,14,0.6786,15037.68,158.29,31,0,0,0,162,2026-09-25
demo-centro,2024-11-26,History,166,58,0,0,141,25,0.7545,26683.1,160.74,55,0,0,0,282,2026-09-25
demo-costa,2024-11-26,History,82,29,0,0,66,16,0.5857,12317.32,150.21,27,0,0,0,139,2026-09-25
demo-centro,2024-11-27,History,151,53,0,0,107,44,0.6864,24136.39,159.84,50,0,0,0,257,2026-09-25
demo-costa,2024-11-27,History,95,33,0,0,72,23,0.6786,14470.88,152.33,31,0,0,0,162,2026-09-25
demo-centro,2024-11-28,History,140,49,0,0,125,15,0.6364,22265.3,159.04,46,0,0,0,238,2026-09-25
demo-costa,2024-11-28,History,89,31,0,0,70,19,0.6357,13096.88,147.16,29,0,0,0,151,2026-09-25
demo-centro,2024-11-29,History,178,62,0,0,149,29,0.8091,29849.49,167.69,59,0,0,0,303,2026-09-25
demo-costa,2024-11-29,History,105,37,0,0,74,31,0.75,15501.86,147.64,35,0,0,0,178,2026-09-25
demo-centro,2024-11-30,History,165,58,0,0,129,36,0.75,26981.81,163.53,54,0,0,0,280,2026-09-25
demo-costa,2024-11-30,History,103,36,0,0,70,33,0.7357,15271.16,148.26,34,0,0,0,175,2026-09-25
demo-centro,2024-12-01,History,132,46,0,0,88,44,0.6,20773.83,157.38,44,0,0,0,224,2026-09-25
demo-costa,2024-12-01,History,109,38,0,0,88,21,0.7786,17075.01,156.65,36,0,0,0,185,2026-09-25
demo-centro,2024-12-02,History,118,41,0,0,84,34,0.5364,18231.81,154.51,39,0,0,0,201,2026-09-25
demo-costa,2024-12-02,History,111,39,0,0,81,30,0.7929,16768.62,151.07,37,0,0,0,189,2026-09-25
demo-centro,2024-12-03,History,124,43,0,0,91,33,0.5636,19920.41,160.65,41,0,0,0,211,2026-09-25
demo-costa,2024-12-03,History,119,42,0,0,80,39,0.85,18027.61,151.49,39,0,0,0,202,2026-09-25
demo-centro,2024-12-04,History,123,43,0,0,96,27,0.5591,19438.05,158.03,41,0,0,0,209,2026-09-25
demo-costa,2024-12-04,History,107,37,0,0,83,24,0.7643,17294.3,161.63,35,0,0,0,182,2026-09-25
demo-centro,2024-12-05,History,112,39,0,0,98,14,0.5091,18116.98,161.76,37,0,0,0,190,2026-09-25
demo-costa,2024-12-05,History,114,40,0,0,83,31,0.8143,18465.41,161.98,38,0,0,0,194,2026-09-25
demo-centro,2024-12-06,History,117,41,0,0,86,31,0.5318,19091.2,163.17,39,0,0,0,199,2026-09-25
demo-costa,2024-12-06,History,136,48,0,0,113,23,0.9714,21804.24,160.33,45,0,0,0,231,2026-09-25
demo-centro,2024-12-07,History,154,54,0,0,112,42,0.7,25148.16,163.3,51,0,0,0,262,2026-09-25
demo-costa,2024-12-07,History,126,44,0,0,103,23,0.9,18814.4,149.32,42,0,0,0,214,2026-09-25
demo-centro,2024-12-08,History,125,44,0,0,84,41,0.5682,19322.8,154.58,41,0,0,0,212,2026-09-25
demo-costa,2024-12-08,History,113,40,0,0,79,34,0.8071,18468.19,163.44,37,0,0,0,192,2026-09-25
demo-centro,2024-12-09,History,113,40,0,0,82,31,0.5136,17226.23,152.44,37,0,0,0,192,2026-09-25
demo-costa,2024-12-09,History,107,37,0,0,74,33,0.7643,17182.92,160.59,35,0,0,0,182,2026-09-25
demo-centro,2024-12-10,History,135,47,0,0,104,31,0.6136,21059.55,156.0,45,0,0,0,230,2026-09-25
demo-costa,2024-12-10,History,133,47,0,0,103,30,0.95,20138.82,151.42,44,0,0,0,226,2026-09-25
demo-centro,2024-12-11,History,140,49,0,0,98,42,0.6364,22146.27,158.19,46,0,0,0,238,2026-09-25
demo-costa,2024-12-11,History,113,40,0,0,84,29,0.8071,17315.92,153.24,37,0,0,0,192,2026-09-25
demo-centro,2024-12-12,History,129,45,0,0,108,21,0.5864,21001.38,162.8,43,0,0,0,219,2026-09-25
demo-costa,2024-12-12,History,117,41,0,0,100,17,0.8357,18707.8,159.9,39,0,0,0,199,2026-09-25
demo-centro,2024-12-13,History,147,51,0,0,114,33,0.6682,23033.14,156.69,49,0,0,0,250,2026-09-25
demo-costa,2024-12-13,History,133,47,0,0,96,37,0.95,20013.34,150.48,44,0,0,0,226,2026-09-25
demo-centro,2024-12-14,History,133,47,0,0,119,14,0.6045,21732.79,163.4,44,0,0,0,226,2026-09-25
demo-costa,2024-12-14,History,134,47,0,0,113,21,0.9571,21084.12,157.34,44,0,0,0,228,2026-09-25
demo-centro,2024-12-15,History,114,40,0,0,101,13,0.5182,17984.97,157.76,38,0,0,0,194,2026-09-25
demo-costa,2024-12-15,History,103,36,0,0,78,25,0.7357,15434.71,149.85,34,0,0,0,175,2026-09-25
demo-centro,2024-12-16,History,129,45,0,0,108,21,0.5864,20370.62,157.91,43,0,0,0,219,2026-09-25
demo-costa,2024-12-16,History,119,42,0,0,100,19,0.85,17933.38,150.7,39,0,0,0,202,2026-09-25
demo-centro,2024-12-17,History,137,48,0,0,97,40,0.6227,20653.52,150.76,45,0,0,0,233,2026-09-25
demo-costa,2024-12-17,History,116,41,0,0,77,39,0.8286,17406.02,150.05,38,0,0,0,197,2026-09-25
demo-centro,2024-12-18,History,126,44,0,0,88,38,0.5727,20726.09,164.49,42,0,0,0,214,2026-09-25
demo-costa,2024-12-18,History,129,45,0,0,84,45,0.9214,21034.49,163.06,43,0,0,0,219,2026-09-25
demo-centro,2024-12-19,History,145,51,0,0,100,45,0.6591,23224.26,160.17,48,0,0,0,246,2026-09-25
demo-costa,2024-12-19,History,117,41,0,0,86,31,0.8357,18601.3,158.99,39,0,0,0,199,2026-09-25
demo-centro,2024-12-20,History,137,48,0,0,100,37,0.6227,20851.69,152.2,45,0,0,0,233,2026-09-25
demo-costa,2024-12-20,History,127,44,0,0,94,33,0.9071,19094.44,150.35,42,0,0,0,216,2026-09-25
demo-centro,2024-12-21,History,135,47,0,0,117,18,0.6136,21159.26,156.74,45,0,0,0,230,2026-09-25
demo-costa,2024-12-21,History,136,48,0,0,115,21,0.9714,21180.12,155.74,45,0,0,0,231,2026-09-25
demo-centro,2024-12-22,History,121,42,0,0,108,13,0.55,18380.8,151.91,40,0,0,0,206,2026-09-25
demo-costa,2024-12-22,History,103,36,0,0,89,14,0.7357,15783.87,153.24,34,0,0,0,175,2026-09-25
demo-centro,2024-12-23,History,119,42,0,0,94,25,0.5409,17934.64,150.71,39,0,0,0,202,2026-09-25
demo-costa,2024-12-23,History,114,40,0,0,99,15,0.8143,18627.4,163.4,38,0,0,0,194,2026-09-25
demo-centro,2024-12-24,History,132,46,0,0,98,34,0.6,20874.42,158.14,44,0,0,0,224,2026-09-25
demo-costa,2024-12-24,History,117,41,0,0,81,36,0.8357,17673.92,151.06,39,0,0,0,199,2026-09-25
demo-centro,2024-12-25,History,102,36,0,0,75,27,0.4636,16193.71,158.76,34,0,0,0,173,2026-09-25
demo-costa,2024-12-25,History,109,38,0,0,92,17,0.7786,17209.01,157.88,36,0,0,0,185,2026-09-25
demo-centro,2024-12-26,History,121,42,0,0,100,21,0.55,19291.56,159.43,40,0,0,0,206,2026-09-25
demo-costa,2024-12-26,History,119,42,0,0,96,23,0.85,18355.58,154.25,39,0,0,0,202,2026-09-25
demo-centro,2024-12-27,History,125,44,0,0,82,43,0.5682,19313.05,154.5,41,0,0,0,212,2026-09-25
demo-costa,2024-12-27,History,137,48,0,0,105,32,0.9786,20690.73,151.03,45,0,0,0,233,2026-09-25
demo-centro,2024-12-28,History,134,47,0,0,107,27,0.6091,22092.63,164.87,44,0,0,0,228,2026-09-25
demo-costa,2024-12-28,History,137,48,0,0,105,32,0.9786,21779.71,158.98,45,0,0,0,233,2026-09-25
demo-centro,2024-12-29,History,108,38,0,0,80,28,0.4909,17483.12,161.88,36,0,0,0,184,2026-09-25
demo-costa,2024-12-29,History,116,41,0,0,100,16,0.8286,17983.94,155.03,38,0,0,0,197,2026-09-25
demo-centro,2024-12-30,History,131,46,0,0,87,44,0.5955,21153.65,161.48,43,0,0,0,223,2026-09-25
demo-costa,2024-12-30,History,128,45,0,0,84,44,0.9143,20267.38,158.34,42,0,0,0,218,2026-09-25
demo-centro,2024-12-31,History,137,48,0,0,112,25,0.6227,21033.28,153.53,45,0,0,0,233,2026-09-25
demo-costa,2024-12-31,History,124,43,0,0,103,21,0.8857,20351.15,164.12,41,0,0,0,211,2026-09-25
demo-centro,2025-01-01,History,115,40,0,0,93,22,0.5227,19232.98,167.24,38,0,0,0,196,2026-09-25
demo-costa,2025-01-01,History,135,47,0,0,106,29,0.9643,22691.87,168.09,45,0,0,0,230,2026-09-25
demo-centro,2025-01-02,History,117,41,0,0,104,13,0.5318,19024.29,162.6,39,0,0,0,199,2026-09-25
demo-costa,2025-01-02,History,136,48,0,0,109,27,0.9714,21847.4,160.64,45,0,0,0,231,2026-09-25
demo-centro,2025-01-03,History,136,48,0,0,96,40,0.6182,22111.99,162.59,45,0,0,0,231,2026-09-25
demo-costa,2025-01-03,History,137,48,0,0,122,15,0.9786,23231.87,169.58,45,0,0,0,233,2026-09-25
demo-centro,2025-01-04,History,123,43,0,0,90,33,0.5591,20142.42,163.76,41,0,0,0,209,2026-09-25
demo-costa,2025-01-04,History,134,47,0,0,110,24,0.9571,22894.41,170.85,44,0,0,0,228,2026-09-25
demo-centro,2025-01-05,History,110,38,0,0,94,16,0.5,18052.19,164.11,36,0,0,0,187,2026-09-25
demo-costa,2025-01-05,History,129,45,0,0,114,15,0.9214,20783.09,161.11,43,0,0,0,219,2026-09-25
demo-centro,2025-01-06,History,98,34,0,0,74,24,0.4455,16260.52,165.92,32,0,0,0,167,2026-09-25
demo-costa,2025-01-06,History,137,48,0,0,106,31,0.9786,23146.79,168.95,45,0,0,0,233,2026-09-25
demo-centro,2025-01-07,History,119,42,0,0,82,37,0.5409,19864.98,166.93,39,0,0,0,202,2026-09-25
demo-costa,2025-01-07,History,134,47,0,0,110,24,0.9571,22043.93,164.51,44,0,0,0,228,2026-09-25
demo-centro,2025-01-08,History,106,37,0,0,85,21,0.4818,17095.53,161.28,35,0,0,0,180,2026-09-25
demo-costa,2025-01-08,History,132,46,0,0,103,29,0.9429,22491.36,170.39,44,0,0,0,224,2026-09-25
demo-centro,2025-01-09,History,112,39,0,0,76,36,0.5091,18667.18,166.67,37,0,0,0,190,2026-09-25
demo-costa,2025-01-09,History,137,48,0,0,103,34,0.9786,23108.12,168.67,45,0,0,0,233,2026-09-25
demo-centro,2025-01-10,History,142,50,0,0,127,15,0.6455,24048.08,169.35,47,0,0,0,241,2026-09-25
demo-costa,2025-01-10,History,137,48,0,0,92,45,0.9786,22367.33,163.27,45,0,0,0,233,2026-09-25
demo-centro,2025-01-11,History,131,46,0,0,113,18,0.5955,22012.13,168.03,43,0,0,0,223,2026-09-25
demo-costa,2025-01-11,History,137,48,0,0,118,19,0.9786,23075.94,168.44,45,0,0,0,233,2026-09-25
demo-centro,2025-01-12,History,114,40,0,0,79,35,0.5182,18305.39,160.57,38,0,0,0,194,2026-09-25
demo-costa,2025-01-12,History,123,43,0,0,109,14,0.8786,21089.67,171.46,41,0,0,0,209,2026-09-25
demo-centro,2025-01-13,History,113,40,0,0,93,20,0.5136,17571.18,155.5,37,0,0,0,192,2026-09-25
demo-costa,2025-01-13,History,137,48,0,0,95,42,0.9786,22785.4,166.32,45,0,0,0,233,2026-09-25
demo-centro,2025-01-14,History,130,46,0,0,92,38,0.5909,20138.66,154.91,43,0,0,0,221,2026-09-25
demo-costa,2025-01-14,History,124,43,0,0,99,25,0.8857,21075.49,169.96,41,0,0,0,211,2026-09-25
demo-centro,2025-01-15,History,110,38,0,0,75,35,0.5,18393.24,167.21,36,0,0,0,187,2026-09-25
demo-costa,2025-01-15,History,133,47,0,0,116,17,0.95,21719.55,163.3,44,0,0,0,226,2026-09-25
demo-centro,2025-01-16,History,125,44,0,0,106,19,0.5682,19530.09,156.24,41,0,0,0,212,2026-09-25
demo-costa,2025-01-16,History,137,48,0,0,101,36,0.9786,22237.06,162.31,45,0,0,0,233,2026-09-25
demo-centro,2025-01-17,History,126,44,0,0,91,35,0.5727,20924.52,166.07,42,0,0,0,214,2026-09-25
demo-costa,2025-01-17,History,137,48,0,0,114,23,0.9786,22342.21,163.08,45,0,0,0,233,2026-09-25
demo-centro,2025-01-18,History,139,49,0,0,115,24,0.6318,23098.54,166.18,46,0,0,0,236,2026-09-25
demo-costa,2025-01-18,History,137,48,0,0,109,28,0.9786,22686.87,165.6,45,0,0,0,233,2026-09-25
demo-centro,2025-01-19,History,101,35,0,0,69,32,0.4591,15497.09,153.44,33,0,0,0,172,2026-09-25
demo-costa,2025-01-19,History,124,43,0,0,91,33,0.8857,21523.67,173.58,41,0,0,0,211,2026-09-25
demo-centro,2025-01-20,History,120,42,0,0,85,35,0.5455,20087.66,167.4,40,0,0,0,204,2026-09-25
demo-costa,2025-01-20,History,129,45,0,0,88,41,0.9214,21783.71,168.87,43,0,0,0,219,2026-09-25
demo-centro,2025-01-21,History,132,46,0,0,118,14,0.6,21150.44,160.23,44,0,0,0,224,2026-09-25
demo-costa,2025-01-21,History,124,43,0,0,99,25,0.8857,20392.07,164.45,41,0,0,0,211,2026-09-25
demo-centro,2025-01-22,History,117,41,0,0,83,34,0.5318,18157.42,155.19,39,0,0,0,199,2026-09-25
demo-costa,2025-01-22,History,137,48,0,0,102,35,0.9786,22221.11,162.2,45,0,0,0,233,2026-09-25
demo-centro,2025-01-23,History,134,47,0,0,104,30,0.6091,20627.63,153.94,44,0,0,0,228,2026-09-25
demo-costa,2025-01-23,History,134,47,0,0,91,43,0.9571,22945.36,171.23,44,0,0,0,228,2026-09-25
demo-centro,2025-01-24,History,146,51,0,0,124,22,0.6636,22794.52,156.13,48,0,0,0,248,2026-09-25
demo-costa,2025-01-24,History,137,48,0,0,112,25,0.9786,21996.99,160.56,45,0,0,0,233,2026-09-25
demo-centro,2025-01-25,History,148,52,0,0,123,25,0.6727,24188.24,163.43,49,0,0,0,252,2026-09-25
demo-costa,2025-01-25,History,137,48,0,0,97,40,0.9786,22037.36,160.86,45,0,0,0,233,2026-09-25
demo-centro,2025-01-26,History,116,41,0,0,96,20,0.5273,18466.07,159.19,38,0,0,0,197,2026-09-25
demo-costa,2025-01-26,History,127,44,0,0,104,23,0.9071,21401.94,168.52,42,0,0,0,216,2026-09-25
demo-centro,2025-01-27,History,109,38,0,0,81,28,0.4955,17080.52,156.7,36,0,0,0,185,2026-09-25
demo-costa,2025-01-27,History,132,46,0,0,118,14,0.9429,23051.44,174.63,44,0,0,0,224,2026-09-25
demo-centro,2025-01-28,History,104,36,0,0,78,26,0.4727,17036.09,163.81,34,0,0,0,177,2026-09-25
demo-costa,2025-01-28,History,134,47,0,0,97,37,0.9571,22934.18,171.15,44,0,0,0,228,2026-09-25
demo-centro,2025-01-29,History,102,36,0,0,87,15,0.4636,16840.27,165.1,34,0,0,0,173,2026-09-25
demo-costa,2025-01-29,History,132,46,0,0,112,20,0.9429,22895.13,173.45,44,0,0,0,224,2026-09-25
demo-centro,2025-01-30,History,119,42,0,0,92,27,0.5409,18730.68,157.4,39,0,0,0,202,2026-09-25
demo-costa,2025-01-30,History,136,48,0,0,89,47,0.9714,23006.71,169.17,45,0,0,0,231,2026-09-25
demo-centro,2025-01-31,History,132,46,0,0,95,37,0.6,20969.66,158.86,44,0,0,0,224,2026-09-25
demo-costa,2025-01-31,History,137,48,0,0,119,18,0.9786,22157.8,161.74,45,0,0,0,233,2026-09-25
demo-centro,2025-02-01,History,148,52,0,0,120,28,0.6727,23811.69,160.89,49,0,0,0,252,2026-09-25
demo-costa,2025-02-01,History,137,48,0,0,107,30,0.9786,22794.24,166.38,45,0,0,0,233,2026-09-25
demo-centro,2025-02-02,History,106,37,0,0,90,16,0.4818,16624.63,156.84,35,0,0,0,180,2026-09-25
demo-costa,2025-02-02,History,125,44,0,0,111,14,0.8929,20408.46,163.27,41,0,0,0,212,2026-09-25
demo-centro,2025-02-03,History,123,43,0,0,100,23,0.5591,18971.44,154.24,41,0,0,0,209,2026-09-25
demo-costa,2025-02-03,History,131,46,0,0,90,41,0.9357,21928.6,167.39,43,0,0,0,223,2026-09-25
demo-centro,2025-02-04,History,122,43,0,0,81,41,0.5545,19430.6,159.27,40,0,0,0,207,2026-09-25
demo-costa,2025-02-04,History,127,44,0,0,83,44,0.9071,21006.23,165.4,42,0,0,0,216,2026-09-25
demo-centro,2025-02-05,History,118,41,0,0,85,33,0.5364,19525.64,165.47,39,0,0,0,201,2026-09-25
demo-costa,2025-02-05,History,128,45,0,0,95,33,0.9143,20736.56,162.0,42,0,0,0,218,2026-09-25
demo-centro,2025-02-06,History,121,42,0,0,104,17,0.55,18861.63,155.88,40,0,0,0,206,2026-09-25
demo-costa,2025-02-06,History,117,41,0,0,103,14,0.8357,20230.75,172.91,39,0,0,0,199,2026-09-25
demo-centro,2025-02-07,History,137,48,0,0,95,42,0.6227,22253.96,162.44,45,0,0,0,233,2026-09-25
demo-costa,2025-02-07,History,137,48,0,0,119,18,0.9786,21614.78,157.77,45,0,0,0,233,2026-09-25
demo-centro,2025-02-08,History,125,44,0,0,84,41,0.5682,19835.75,158.69,41,0,0,0,212,2026-09-25
demo-costa,2025-02-08,History,137,48,0,0,98,39,0.9786,23427.3,171.0,45,0,0,0,233,2026-09-25
demo-centro,2025-02-09,History,107,37,0,0,83,24,0.4864,17864.95,166.96,35,0,0,0,182,2026-09-25
demo-costa,2025-02-09,History,113,40,0,0,83,30,0.8071,18610.51,164.69,37,0,0,0,192,2026-09-25
demo-centro,2025-02-10,History,114,40,0,0,94,20,0.5182,18028.99,158.15,38,0,0,0,194,2026-09-25
demo-costa,2025-02-10,History,130,46,0,0,88,42,0.9286,21463.17,165.1,43,0,0,0,221,2026-09-25
demo-centro,2025-02-11,History,99,35,0,0,85,14,0.45,16368.94,165.34,33,0,0,0,168,2026-09-25
demo-costa,2025-02-11,History,126,44,0,0,91,35,0.9,20015.75,158.86,42,0,0,0,214,2026-09-25
demo-centro,2025-02-12,History,127,44,0,0,96,31,0.5773,20754.21,163.42,42,0,0,0,216,2026-09-25
demo-costa,2025-02-12,History,124,43,0,0,99,25,0.8857,20352.62,164.13,41,0,0,0,211,2026-09-25
demo-centro,2025-02-13,History,118,41,0,0,88,30,0.5364,18602.74,157.65,39,0,0,0,201,2026-09-25
demo-costa,2025-02-13,History,134,47,0,0,117,17,0.9571,21438.09,159.99,44,0,0,0,228,2026-09-25
demo-centro,2025-02-14,History,138,48,0,0,93,45,0.6273,23115.39,167.5,46,0,0,0,235,2026-09-25
demo-costa,2025-02-14,History,137,48,0,0,115,22,0.9786,22399.36,163.5,45,0,0,0,233,2026-09-25
demo-centro,2025-02-15,History,152,53,0,0,129,23,0.6909,24273.79,159.7,50,0,0,0,258,2026-09-25
demo-costa,2025-02-15,History,135,47,0,0,102,33,0.9643,21429.95,158.74,45,0,0,0,230,2026-09-25
demo-centro,2025-02-16,History,98,34,0,0,86,12,0.4455,16389.38,167.24,32,0,0,0,167,2026-09-25
demo-costa,2025-02-16,History,122,43,0,0,109,13,0.8714,20924.51,171.51,40,0,0,0,207,2026-09-25
demo-centro,2025-02-17,History,104,36,0,0,71,33,0.4727,16241.31,156.17,34,0,0,0,177,2026-09-25
demo-costa,2025-02-17,History,131,46,0,0,103,28,0.9357,22060.38,168.4,43,0,0,0,223,2026-09-25
demo-centro,2025-02-18,History,117,41,0,0,99,18,0.5318,18132.95,154.98,39,0,0,0,199,2026-09-25
demo-costa,2025-02-18,History,133,47,0,0,108,25,0.95,21233.62,159.65,44,0,0,0,226,2026-09-25
demo-centro,2025-02-19,History,107,37,0,0,73,34,0.4864,16589.08,155.04,35,0,0,0,182,2026-09-25
demo-costa,2025-02-19,History,133,47,0,0,98,35,0.95,21195.38,159.36,44,0,0,0,226,2026-09-25
demo-centro,2025-02-20,History,121,42,0,0,84,37,0.55,18908.49,156.27,40,0,0,0,206,2026-09-25
demo-costa,2025-02-20,History,131,46,0,0,96,35,0.9357,22284.41,170.11,43,0,0,0,223,2026-09-25
demo-centro,2025-02-21,History,141,49,0,0,124,17,0.6409,23517.95,166.79,47,0,0,0,240,2026-09-25
demo-costa,2025-02-21,History,137,48,0,0,112,25,0.9786,23228.28,169.55,45,0,0,0,233,2026-09-25
demo-centro,2025-02-22,History,130,46,0,0,93,37,0.5909,21355.84,164.28,43,0,0,0,221,2026-09-25
demo-costa,2025-02-22,History,136,48,0,0,114,22,0.9714,22736.53,167.18,45,0,0,0,231,2026-09-25
demo-centro,2025-02-23,History,110,38,0,0,92,18,0.5,18462.41,167.84,36,0,0,0,187,2026-09-25
demo-costa,2025-02-23,History,127,44,0,0,111,16,0.9071,21786.51,171.55,42,0,0,0,216,2026-09-25
demo-centro,2025-02-24,History,131,46,0,0,99,32,0.5955,20909.17,159.61,43,0,0,0,223,2026-09-25
demo-costa,2025-02-24,History,137,48,0,0,121,16,0.9786,21579.75,157.52,45,0,0,0,233,2026-09-25
demo-centro,2025-02-25,History,116,41,0,0,85,31,0.5273,18022.01,155.36,38,0,0,0,197,2026-09-25
demo-costa,2025-02-25,History,122,43,0,0,101,21,0.8714,19529.12,160.07,40,0,0,0,207,2026-09-25
demo-centro,2025-02-26,History,115,40,0,0,77,38,0.5227,18189.56,158.17,38,0,0,0,196,2026-09-25
demo-costa,2025-02-26,History,126,44,0,0,94,32,0.9,20975.81,166.47,42,0,0,0,214,2026-09-25
demo-centro,2025-02-27,History,119,42,0,0,95,24,0.5409,19985.1,167.94,39,0,0,0,202,2026-09-25
demo-costa,2025-02-27,History,132,46,0,0,107,25,0.9429,22249.2,168.55,44,0,0,0,224,2026-09-25
demo-centro,2025-02-28,History,121,42,0,0,99,22,0.55,18693.66,154.49,40,0,0,0,206,2026-09-25
demo-costa,2025-02-28,History,137,48,0,0,108,29,0.9786,22859.9,166.86,45,0,0,0,233,2026-09-25
demo-centro,2025-03-01,History,174,61,0,0,133,41,0.7909,28819.57,165.63,57,0,0,0,296,2026-09-25
demo-costa,2025-03-01,History,112,39,0,0,98,14,0.8,18342.08,163.77,37,0,0,0,190,2026-09-25
demo-centro,2025-03-02,History,131,46,0,0,87,44,0.5955,22184.61,169.35,43,0,0,0,223,2026-09-25
demo-costa,2025-03-02,History,101,35,0,0,70,31,0.7214,16617.75,164.53,33,0,0,0,172,2026-09-25
demo-centro,2025-03-03,History,140,49,0,0,122,18,0.6364,22973.71,164.1,46,0,0,0,238,2026-09-25
demo-costa,2025-03-03,History,96,34,0,0,86,10,0.6857,15782.74,164.4,32,0,0,0,163,2026-09-25
demo-centro,2025-03-04,History,129,45,0,0,104,25,0.5864,21993.56,170.49,43,0,0,0,219,2026-09-25
demo-costa,2025-03-04,History,106,37,0,0,85,21,0.7571,15974.38,150.7,35,0,0,0,180,2026-09-25
demo-centro,2025-03-05,History,151,53,0,0,116,35,0.6864,25013.54,165.65,50,0,0,0,257,2026-09-25
demo-costa,2025-03-05,History,93,33,0,0,67,26,0.6643,14630.99,157.32,31,0,0,0,158,2026-09-25
demo-centro,2025-03-06,History,132,46,0,0,118,14,0.6,21334.46,161.62,44,0,0,0,224,2026-09-25
demo-costa,2025-03-06,History,103,36,0,0,74,29,0.7357,16494.77,160.14,34,0,0,0,175,2026-09-25
demo-centro,2025-03-07,History,139,49,0,0,95,44,0.6318,22235.57,159.97,46,0,0,0,236,2026-09-25
demo-costa,2025-03-07,History,111,39,0,0,73,38,0.7929,17860.42,160.9,37,0,0,0,189,2026-09-25
demo-centro,2025-03-08,History,150,52,0,0,122,28,0.6818,25624.61,170.83,50,0,0,0,255,2026-09-25
demo-costa,2025-03-08,History,107,37,0,0,74,33,0.7643,16967.64,158.58,35,0,0,0,182,2026-09-25
demo-centro,2025-03-09,History,136,48,0,0,114,22,0.6182,22256.54,163.65,45,0,0,0,231,2026-09-25
demo-costa,2025-03-09,History,90,31,0,0,67,23,0.6429,14422.87,160.25,30,0,0,0,153,2026-09-25
demo-centro,2025-03-10,History,136,48,0,0,122,14,0.6182,22000.92,161.77,45,0,0,0,231,2026-09-25
demo-costa,2025-03-10,History,98,34,0,0,66,32,0.7,14778.94,150.81,32,0,0,0,167,2026-09-25
demo-centro,2025-03-11,History,137,48,0,0,108,29,0.6227,23413.56,170.9,45,0,0,0,233,2026-09-25
demo-costa,2025-03-11,History,85,30,0,0,61,24,0.6071,14002.5,164.74,28,0,0,0,144,2026-09-25
demo-centro,2025-03-12,History,142,50,0,0,127,15,0.6455,24293.27,171.08,47,0,0,0,241,2026-09-25
demo-costa,2025-03-12,History,93,33,0,0,74,19,0.6643,14156.48,152.22,31,0,0,0,158,2026-09-25
demo-centro,2025-03-13,History,143,50,0,0,98,45,0.65,24343.04,170.23,47,0,0,0,243,2026-09-25
demo-costa,2025-03-13,History,101,35,0,0,89,12,0.7214,15588.41,154.34,33,0,0,0,172,2026-09-25
demo-centro,2025-03-14,History,169,59,0,0,142,27,0.7682,27155.83,160.69,56,0,0,0,287,2026-09-25
demo-costa,2025-03-14,History,104,36,0,0,69,35,0.7429,17154.63,164.95,34,0,0,0,177,2026-09-25
demo-centro,2025-03-15,History,156,55,0,0,123,33,0.7091,26091.36,167.25,51,0,0,0,265,2026-09-25
demo-costa,2025-03-15,History,111,39,0,0,81,30,0.7929,16720.05,150.63,37,0,0,0,189,2026-09-25
demo-centro,2025-03-16,History,103,36,0,0,90,13,0.4682,16649.73,161.65,34,0,0,0,175,2026-09-25
demo-costa,2025-03-16,History,91,32,0,0,63,28,0.65,14439.89,158.68,30,0,0,0,155,2026-09-25
demo-centro,2025-03-17,History,119,42,0,0,100,19,0.5409,18951.59,159.26,39,0,0,0,202,2026-09-25
demo-costa,2025-03-17,History,94,33,0,0,67,27,0.6714,14739.24,156.8,31,0,0,0,160,2026-09-25
demo-centro,2025-03-18,History,149,52,0,0,115,34,0.6773,23443.78,157.34,49,0,0,0,253,2026-09-25
demo-costa,2025-03-18,History,99,35,0,0,74,25,0.7071,15338.58,154.94,33,0,0,0,168,2026-09-25
demo-centro,2025-03-19,History,137,48,0,0,100,37,0.6227,21625.58,157.85,45,0,0,0,233,2026-09-25
demo-costa,2025-03-19,History,83,29,0,0,67,16,0.5929,13366.16,161.04,27,0,0,0,141,2026-09-25
demo-centro,2025-03-20,History,158,55,0,0,117,41,0.7182,26545.54,168.01,52,0,0,0,269,2026-09-25
demo-costa,2025-03-20,History,100,35,0,0,81,19,0.7143,15466.29,154.66,33,0,0,0,170,2026-09-25
demo-centro,2025-03-21,History,166,58,0,0,115,51,0.7545,27359.21,164.81,55,0,0,0,282,2026-09-25
demo-costa,2025-03-21,History,99,35,0,0,76,23,0.7071,16147.32,163.1,33,0,0,0,168,2026-09-25
demo-centro,2025-03-22,History,141,49,0,0,102,39,0.6409,23330.78,165.47,47,0,0,0,240,2026-09-25
demo-costa,2025-03-22,History,102,36,0,0,73,29,0.7286,15361.37,150.6,34,0,0,0,173,2026-09-25
demo-centro,2025-03-23,History,123,43,0,0,95,28,0.5591,21324.19,173.37,41,0,0,0,209,2026-09-25
demo-costa,2025-03-23,History,92,32,0,0,72,20,0.6571,14034.57,152.55,30,0,0,0,156,2026-09-25
demo-centro,2025-03-24,History,128,45,0,0,113,15,0.5818,21281.1,166.26,42,0,0,0,218,2026-09-25
demo-costa,2025-03-24,History,94,33,0,0,83,11,0.6714,15311.62,162.89,31,0,0,0,160,2026-09-25
demo-centro,2025-03-25,History,123,43,0,0,103,20,0.5591,20152.87,163.84,41,0,0,0,209,2026-09-25
demo-costa,2025-03-25,History,95,33,0,0,74,21,0.6786,15621.57,164.44,31,0,0,0,162,2026-09-25
demo-centro,2025-03-26,History,150,52,0,0,113,37,0.6818,25113.47,167.42,50,0,0,0,255,2026-09-25
demo-costa,2025-03-26,History,92,32,0,0,78,14,0.6571,13898.43,151.07,30,0,0,0,156,2026-09-25
demo-centro,2025-03-27,History,146,51,0,0,124,22,0.6636,23828.1,163.21,48,0,0,0,248,2026-09-25
demo-costa,2025-03-27,History,97,34,0,0,79,18,0.6929,14884.53,153.45,32,0,0,0,165,2026-09-25
demo-centro,2025-03-28,History,152,53,0,0,112,40,0.6909,25032.23,164.69,50,0,0,0,258,2026-09-25
demo-costa,2025-03-28,History,106,37,0,0,92,14,0.7571,16762.06,158.13,35,0,0,0,180,2026-09-25
demo-centro,2025-03-29,History,159,56,0,0,135,24,0.7227,26673.79,167.76,52,0,0,0,270,2026-09-25
demo-costa,2025-03-29,History,101,35,0,0,86,15,0.7214,15630.11,154.75,33,0,0,0,172,2026-09-25
demo-centro,2025-03-30,History,113,40,0,0,91,22,0.5136,18165.14,160.75,37,0,0,0,192,2026-09-25
demo-costa,2025-03-30,History,85,30,0,0,62,23,0.6071,12891.95,151.67,28,0,0,0,144,2026-09-25
demo-centro,2025-03-31,History,138,48,0,0,112,26,0.6273,21826.91,158.17,46,0,0,0,235,2026-09-25
demo-costa,2025-03-31,History,101,35,0,0,74,27,0.7214,15108.75,149.59,33,0,0,0,172,2026-09-25
demo-centro,2025-04-01,History,156,55,0,0,126,30,0.7091,27161.91,174.11,51,0,0,0,265,2026-09-25
demo-costa,2025-04-01,History,76,27,0,0,58,18,0.5429,11901.64,156.6,25,0,0,0,129,2026-09-25
demo-centro,2025-04-02,History,134,47,0,0,94,40,0.6091,21698.32,161.93,44,0,0,0,228,2026-09-25
demo-costa,2025-04-02,History,75,26,0,0,49,26,0.5357,11693.89,155.92,25,0,0,0,128,2026-09-25
demo-centro,2025-04-03,History,143,50,0,0,110,33,0.65,23724.15,165.9,47,0,0,0,243,2026-09-25
demo-costa,2025-04-03,History,80,28,0,0,63,17,0.5714,12664.93,158.31,26,0,0,0,136,2026-09-25
demo-centro,2025-04-04,History,158,55,0,0,120,38,0.7182,25025.04,158.39,52,0,0,0,269,2026-09-25
demo-costa,2025-04-04,History,90,31,0,0,70,20,0.6429,14056.89,156.19,30,0,0,0,153,2026-09-25
demo-centro,2025-04-05,History,164,57,0,0,124,40,0.7455,26281.8,160.25,54,0,0,0,279,2026-09-25
demo-costa,2025-04-05,History,94,33,0,0,84,10,0.6714,14096.7,149.96,31,0,0,0,160,2026-09-25
demo-centro,2025-04-06,History,124,43,0,0,83,41,0.5636,20187.16,162.8,41,0,0,0,211,2026-09-25
demo-costa,2025-04-06,History,80,28,0,0,62,18,0.5714,11919.75,149.0,26,0,0,0,136,2026-09-25
demo-centro,2025-04-07,History,128,45,0,0,113,15,0.5818,20778.87,162.33,42,0,0,0,218,2026-09-25
demo-costa,2025-04-07,History,78,27,0,0,53,25,0.5571,11392.82,146.06,26,0,0,0,133,2026-09-25
demo-centro,2025-04-08,History,143,50,0,0,107,36,0.65,23788.89,166.36,47,0,0,0,243,2026-09-25
demo-costa,2025-04-08,History,74,26,0,0,50,24,0.5286,11017.32,148.88,24,0,0,0,126,2026-09-25
demo-centro,2025-04-09,History,142,50,0,0,122,20,0.6455,24507.39,172.59,47,0,0,0,241,2026-09-25
demo-costa,2025-04-09,History,77,27,0,0,69,8,0.55,11311.62,146.9,25,0,0,0,131,2026-09-25
demo-centro,2025-04-10,History,173,61,0,0,139,34,0.7864,27546.27,159.23,57,0,0,0,294,2026-09-25
demo-costa,2025-04-10,History,69,24,0,0,58,11,0.4929,11020.22,159.71,23,0,0,0,117,2026-09-25
demo-centro,2025-04-11,History,143,50,0,0,119,24,0.65,23048.13,161.18,47,0,0,0,243,2026-09-25
demo-costa,2025-04-11,History,87,30,0,0,69,18,0.6214,13599.01,156.31,29,0,0,0,148,2026-09-25
demo-centro,2025-04-12,History,155,54,0,0,102,53,0.7045,26494.59,170.93,51,0,0,0,264,2026-09-25
demo-costa,2025-04-12,History,97,34,0,0,76,21,0.6929,14804.17,152.62,32,0,0,0,165,2026-09-25
demo-centro,2025-04-13,History,127,44,0,0,95,32,0.5773,20573.55,162.0,42,0,0,0,216,2026-09-25
demo-costa,2025-04-13,History,77,27,0,0,65,12,0.55,12277.63,159.45,25,0,0,0,131,2026-09-25
demo-centro,2025-04-14,History,158,55,0,0,104,54,0.7182,26791.45,169.57,52,0,0,0,269,2026-09-25
demo-costa,2025-04-14,History,87,30,0,0,76,11,0.6214,13753.14,158.08,29,0,0,0,148,2026-09-25
demo-centro,2025-04-15,History,133,47,0,0,103,30,0.6045,22730.98,170.91,44,0,0,0,226,2026-09-25
demo-costa,2025-04-15,History,72,25,0,0,52,20,0.5143,10747.33,149.27,24,0,0,0,122,2026-09-25
demo-centro,2025-04-16,History,149,52,0,0,132,17,0.6773,24672.9,165.59,49,0,0,0,253,2026-09-25
demo-costa,2025-04-16,History,77,27,0,0,58,19,0.55,11367.37,147.63,25,0,0,0,131,2026-09-25
demo-centro,2025-04-17,History,144,50,0,0,98,46,0.6545,23957.82,166.37,48,0,0,0,245,2026-09-25
demo-costa,2025-04-17,History,87,30,0,0,67,20,0.6214,13279.96,152.64,29,0,0,0,148,2026-09-25
demo-centro,2025-04-18,History,169,59,0,0,136,33,0.7682,28626.36,169.39,56,0,0,0,287,2026-09-25
demo-costa,2025-04-18,History,92,32,0,0,73,19,0.6571,13800.29,150.0,30,0,0,0,156,2026-09-25
demo-centro,2025-04-19,History,156,55,0,0,132,24,0.7091,24928.46,159.8,51,0,0,0,265,2026-09-25
demo-costa,2025-04-19,History,79,28,0,0,53,26,0.5643,12112.26,153.32,26,0,0,0,134,2026-09-25
demo-centro,2025-04-20,History,160,56,0,0,131,29,0.7273,26339.47,164.62,53,0,0,0,272,2026-09-25
demo-costa,2025-04-20,History,79,28,0,0,53,26,0.5643,12017.42,152.12,26,0,0,0,134,2026-09-25
demo-centro,2025-04-21,History,132,46,0,0,118,14,0.6,21965.7,166.41,44,0,0,0,224,2026-09-25
demo-costa,2025-04-21,History,73,26,0,0,49,24,0.5214,10713.71,146.76,24,0,0,0,124,2026-09-25
demo-centro,2025-04-22,History,156,55,0,0,133,23,0.7091,26411.06,169.3,51,0,0,0,265,2026-09-25
demo-costa,2025-04-22,History,77,27,0,0,54,23,0.55,12148.24,157.77,25,0,0,0,131,2026-09-25
demo-centro,2025-04-23,History,146,51,0,0,105,41,0.6636,25264.03,173.04,48,0,0,0,248,2026-09-25
demo-costa,2025-04-23,History,63,22,0,0,42,21,0.45,9648.11,153.14,21,0,0,0,107,2026-09-25
demo-centro,2025-04-24,History,135,47,0,0,98,37,0.6136,22828.53,169.1,45,0,0,0,230,2026-09-25
demo-costa,2025-04-24,History,79,28,0,0,65,14,0.5643,11637.46,147.31,26,0,0,0,134,2026-09-25
demo-centro,2025-04-25,History,160,56,0,0,141,19,0.7273,26106.57,163.17,53,0,0,0,272,2026-09-25
demo-costa,2025-04-25,History,100,35,0,0,85,15,0.7143,15708.07,157.08,33,0,0,0,170,2026-09-25
demo-centro,2025-04-26,History,171,60,0,0,124,47,0.7773,28486.08,166.59,56,0,0,0,291,2026-09-25
demo-costa,2025-04-26,History,81,28,0,0,53,28,0.5786,11782.83,145.47,27,0,0,0,138,2026-09-25
demo-centro,2025-04-27,History,130,46,0,0,85,45,0.5909,20892.87,160.71,43,0,0,0,221,2026-09-25
demo-costa,2025-04-27,History,74,26,0,0,60,14,0.5286,11183.47,151.13,24,0,0,0,126,2026-09-25
demo-centro,2025-04-28,History,133,47,0,0,117,16,0.6045,21141.81,158.96,44,0,0,0,226,2026-09-25
demo-costa,2025-04-28,History,78,27,0,0,52,26,0.5571,11705.07,150.07,26,0,0,0,133,2026-09-25
demo-centro,2025-04-29,History,153,54,0,0,119,34,0.6955,24376.02,159.32,50,0,0,0,260,2026-09-25
demo-costa,2025-04-29,History,82,29,0,0,72,10,0.5857,12949.28,157.92,27,0,0,0,139,2026-09-25
demo-centro,2025-04-30,History,132,46,0,0,101,31,0.6,21668.01,164.15,44,0,0,0,224,2026-09-25
demo-costa,2025-04-30,History,87,30,0,0,63,24,0.6214,12853.27,147.74,29,0,0,0,148,2026-09-25
demo-centro,2025-05-01,History,142,50,0,0,123,19,0.6455,23743.36,167.21,47,0,0,0,241,2026-09-25
demo-costa,2025-05-01,History,68,24,0,0,46,22,0.4857,10017.89,147.32,22,0,0,0,116,2026-09-25
demo-centro,2025-05-02,History,148,52,0,0,115,33,0.6727,23959.94,161.89,49,0,0,0,252,2026-09-25
demo-costa,2025-05-02,History,69,24,0,0,59,10,0.4929,10278.92,148.97,23,0,0,0,117,2026-09-25
demo-centro,2025-05-03,History,146,51,0,0,108,38,0.6636,24496.3,167.78,48,0,0,0,248,2026-09-25
demo-costa,2025-05-03,History,63,22,0,0,50,13,0.45,8925.91,141.68,21,0,0,0,107,2026-09-25
demo-centro,2025-05-04,History,146,51,0,0,114,32,0.6636,23413.4,160.37,48,0,0,0,248,2026-09-25
demo-costa,2025-05-04,History,49,17,0,0,42,7,0.35,7570.85,154.51,16,0,0,0,83,2026-09-25
demo-centro,2025-05-05,History,136,48,0,0,91,45,0.6182,21975.31,161.58,45,0,0,0,231,2026-09-25
demo-costa,2025-05-05,History,71,25,0,0,52,19,0.5071,10264.61,144.57,23,0,0,0,121,2026-09-25
demo-centro,2025-05-06,History,132,46,0,0,105,27,0.6,22366.53,169.44,44,0,0,0,224,2026-09-25
demo-costa,2025-05-06,History,56,20,0,0,38,18,0.4,8370.83,149.48,18,0,0,0,95,2026-09-25
demo-centro,2025-05-07,History,158,55,0,0,132,26,0.7182,26576.87,168.21,52,0,0,0,269,2026-09-25
demo-costa,2025-05-07,History,68,24,0,0,47,21,0.4857,10292.14,151.36,22,0,0,0,116,2026-09-25
demo-centro,2025-05-08,History,151,53,0,0,122,29,0.6864,24882.02,164.78,50,0,0,0,257,2026-09-25
demo-costa,2025-05-08,History,46,16,0,0,36,10,0.3286,6926.42,150.57,15,0,0,0,78,2026-09-25
demo-centro,2025-05-09,History,169,59,0,0,141,28,0.7682,27604.24,163.34,56,0,0,0,287,2026-09-25
demo-costa,2025-05-09,History,74,26,0,0,63,11,0.5286,10930.59,147.71,24,0,0,0,126,2026-09-25
demo-centro,2025-05-10,History,164,57,0,0,113,51,0.7455,26206.32,159.79,54,0,0,0,279,2026-09-25
demo-costa,2025-05-10,History,66,23,0,0,47,19,0.4714,10178.81,154.22,22,0,0,0,112,2026-09-25
demo-centro,2025-05-11,History,140,49,0,0,125,15,0.6364,23678.89,169.13,46,0,0,0,238,2026-09-25
demo-costa,2025-05-11,History,51,18,0,0,34,17,0.3643,7517.94,147.41,17,0,0,0,87,2026-09-25
demo-centro,2025-05-12,History,170,59,0,0,138,32,0.7727,28598.73,168.23,56,0,0,0,289,2026-09-25
demo-costa,2025-05-12,History,64,22,0,0,49,15,0.4571,9618.05,150.28,21,0,0,0,109,2026-09-25
demo-centro,2025-05-13,History,154,54,0,0,115,39,0.7,26097.24,169.46,51,0,0,0,262,2026-09-25
demo-costa,2025-05-13,History,61,21,0,0,47,14,0.4357,9429.4,154.58,20,0,0,0,104,2026-09-25
demo-centro,2025-05-14,History,162,57,0,0,127,35,0.7364,27271.07,168.34,53,0,0,0,275,2026-09-25
demo-costa,2025-05-14,History,69,24,0,0,55,14,0.4929,9773.35,141.64,23,0,0,0,117,2026-09-25
demo-centro,2025-05-15,History,156,55,0,0,130,26,0.7091,26296.58,168.57,51,0,0,0,265,2026-09-25
demo-costa,2025-05-15,History,49,17,0,0,34,15,0.35,7372.25,150.45,16,0,0,0,83,2026-09-25
demo-centro,2025-05-16,History,160,56,0,0,134,26,0.7273,27978.87,174.87,53,0,0,0,272,2026-09-25
demo-costa,2025-05-16,History,64,22,0,0,55,9,0.4571,9199.72,143.75,21,0,0,0,109,2026-09-25
demo-centro,2025-05-17,History,178,62,0,0,140,38,0.8091,29825.8,167.56,59,0,0,0,303,2026-09-25
demo-costa,2025-05-17,History,65,23,0,0,57,8,0.4643,9466.84,145.64,21,0,0,0,110,2026-09-25
demo-centro,2025-05-18,History,142,50,0,0,121,21,0.6455,24548.82,172.88,47,0,0,0,241,2026-09-25
demo-costa,2025-05-18,History,48,17,0,0,37,11,0.3429,7328.23,152.67,16,0,0,0,82,2026-09-25
demo-centro,2025-05-19,History,137,48,0,0,123,14,0.6227,22849.94,166.79,45,0,0,0,233,2026-09-25
demo-costa,2025-05-19,History,68,24,0,0,60,8,0.4857,10483.49,154.17,22,0,0,0,116,2026-09-25
demo-centro,2025-05-20,History,156,55,0,0,133,23,0.7091,26463.57,169.64,51,0,0,0,265,2026-09-25
demo-costa,2025-05-20,History,57,20,0,0,51,6,0.4071,8560.76,150.19,19,0,0,0,97,2026-09-25
demo-centro,2025-05-21,History,156,55,0,0,124,32,0.7091,26110.14,167.37,51,0,0,0,265,2026-09-25
demo-costa,2025-05-21,History,71,25,0,0,56,15,0.5071,10266.62,144.6,23,0,0,0,121,2026-09-25
demo-centro,2025-05-22,History,140,49,0,0,107,33,0.6364,23305.71,166.47,46,0,0,0,238,2026-09-25
demo-costa,2025-05-22,History,55,19,0,0,40,15,0.3929,8315.89,151.2,18,0,0,0,94,2026-09-25
demo-centro,2025-05-23,History,184,64,0,0,131,53,0.8364,29669.65,161.25,61,0,0,0,313,2026-09-25
demo-costa,2025-05-23,History,70,24,0,0,61,9,0.5,10352.23,147.89,23,0,0,0,119,2026-09-25
demo-centro,2025-05-24,History,162,57,0,0,119,43,0.7364,26320.91,162.47,53,0,0,0,275,2026-09-25
demo-costa,2025-05-24,History,67,23,0,0,60,7,0.4786,9738.88,145.36,22,0,0,0,114,2026-09-25
demo-centro,2025-05-25,History,145,51,0,0,122,23,0.6591,24520.14,169.1,48,0,0,0,246,2026-09-25
demo-costa,2025-05-25,History,49,17,0,0,34,15,0.35,7043.45,143.74,16,0,0,0,83,2026-09-25
demo-centro,2025-05-26,History,161,56,0,0,114,47,0.7318,27027.52,167.87,53,0,0,0,274,2026-09-25
demo-costa,2025-05-26,History,60,21,0,0,51,9,0.4286,8608.02,143.47,20,0,0,0,102,2026-09-25
demo-centro,2025-05-27,History,149,52,0,0,103,46,0.6773,25440.56,170.74,49,0,0,0,253,2026-09-25
demo-costa,2025-05-27,History,41,14,0,0,36,5,0.2929,6134.51,149.62,14,0,0,0,70,2026-09-25
demo-centro,2025-05-28,History,151,53,0,0,127,24,0.6864,26050.77,172.52,50,0,0,0,257,2026-09-25
demo-costa,2025-05-28,History,58,20,0,0,45,13,0.4143,8287.92,142.9,19,0,0,0,99,2026-09-25
demo-centro,2025-05-29,History,150,52,0,0,103,47,0.6818,25897.53,172.65,50,0,0,0,255,2026-09-25
demo-costa,2025-05-29,History,65,23,0,0,51,14,0.4643,9134.31,140.53,21,0,0,0,110,2026-09-25
demo-centro,2025-05-30,History,163,57,0,0,135,28,0.7409,26252.43,161.06,54,0,0,0,277,2026-09-25
demo-costa,2025-05-30,History,75,26,0,0,59,16,0.5357,10943.56,145.91,25,0,0,0,128,2026-09-25
demo-centro,2025-05-31,History,174,61,0,0,121,53,0.7909,27895.44,160.32,57,0,0,0,296,2026-09-25
demo-costa,2025-05-31,History,67,23,0,0,51,16,0.4786,10187.72,152.06,22,0,0,0,114,2026-09-25
demo-centro,2025-06-01,History,127,44,0,0,99,28,0.5773,20523.17,161.6,42,0,0,0,216,2026-09-25
demo-costa,2025-06-01,History,50,18,0,0,43,7,0.3571,7617.14,152.34,16,0,0,0,85,2026-09-25
demo-centro,2025-06-02,History,129,45,0,0,107,22,0.5864,21620.45,167.6,43,0,0,0,219,2026-09-25
demo-costa,2025-06-02,History,53,19,0,0,36,17,0.3786,7776.78,146.73,17,0,0,0,90,2026-09-25
demo-centro,2025-06-03,History,133,47,0,0,107,26,0.6045,22303.02,167.69,44,0,0,0,226,2026-09-25
demo-costa,2025-06-03,History,56,20,0,0,48,8,0.4,8026.94,143.34,18,0,0,0,95,2026-09-25
demo-centro,2025-06-04,History,160,56,0,0,104,56,0.7273,27814.02,173.84,53,0,0,0,272,2026-09-25
demo-costa,2025-06-04,History,47,16,0,0,32,15,0.3357,6961.45,148.12,16,0,0,0,80,2026-09-25
demo-centro,2025-06-05,History,153,54,0,0,104,49,0.6955,26325.5,172.06,50,0,0,0,260,2026-09-25
demo-costa,2025-06-05,History,64,22,0,0,51,13,0.4571,9019.23,140.93,21,0,0,0,109,2026-09-25
demo-centro,2025-06-06,History,149,52,0,0,106,43,0.6773,25445.88,170.78,49,0,0,0,253,2026-09-25
demo-costa,2025-06-06,History,58,20,0,0,38,20,0.4143,8408.57,144.98,19,0,0,0,99,2026-09-25
demo-centro,2025-06-07,History,162,57,0,0,126,36,0.7364,27119.2,167.4,53,0,0,0,275,2026-09-25
demo-costa,2025-06-07,History,54,19,0,0,42,12,0.3857,8160.36,151.12,18,0,0,0,92,2026-09-25
demo-centro,2025-06-08,History,131,46,0,0,87,44,0.5955,22613.09,172.62,43,0,0,0,223,2026-09-25
demo-costa,2025-06-08,History,49,17,0,0,41,8,0.35,6912.01,141.06,16,0,0,0,83,2026-09-25
demo-centro,2025-06-09,History,160,56,0,0,116,44,0.7273,26202.2,163.76,53,0,0,0,272,2026-09-25
demo-costa,2025-06-09,History,55,19,0,0,45,10,0.3929,8310.16,151.09,18,0,0,0,94,2026-09-25
demo-centro,2025-06-10,History,125,44,0,0,84,41,0.5682,21555.04,172.44,41,0,0,0,212,2026-09-25
demo-costa,2025-06-10,History,58,20,0,0,47,11,0.4143,8250.5,142.25,19,0,0,0,99,2026-09-25
demo-centro,2025-06-11,History,142,50,0,0,127,15,0.6455,23152.86,163.05,47,0,0,0,241,2026-09-25
demo-costa,2025-06-11,History,66,23,0,0,45,21,0.4714,9195.94,139.33,22,0,0,0,112,2026-09-25
demo-centro,2025-06-12,History,130,46,0,0,96,34,0.5909,21822.38,167.86,43,0,0,0,221,2026-09-25
demo-costa,2025-06-12,History,47,16,0,0,32,15,0.3357,6598.54,140.39,16,0,0,0,80,2026-09-25
demo-centro,2025-06-13,History,153,54,0,0,132,21,0.6955,24518.38,160.25,50,0,0,0,260,2026-09-25
demo-costa,2025-06-13,History,80,28,0,0,65,15,0.5714,12081.31,151.02,26,0,0,0,136,2026-09-25
demo-centro,2025-06-14,History,147,51,0,0,106,41,0.6682,25125.5,170.92,49,0,0,0,250,2026-09-25
demo-costa,2025-06-14,History,69,24,0,0,53,16,0.4929,9772.81,141.63,23,0,0,0,117,2026-09-25
demo-centro,2025-06-15,History,121,42,0,0,84,37,0.55,19088.93,157.76,40,0,0,0,206,2026-09-25
demo-costa,2025-06-15,History,43,15,0,0,28,15,0.3071,6278.87,146.02,14,0,0,0,73,2026-09-25
demo-centro,2025-06-16,History,137,48,0,0,113,24,0.6227,22094.68,161.28,45,0,0,0,233,2026-09-25
demo-costa,2025-06-16,History,61,21,0,0,44,17,0.4357,8959.14,146.87,20,0,0,0,104,2026-09-25
demo-centro,2025-06-17,History,136,48,0,0,103,33,0.6182,21689.54,159.48,45,0,0,0,231,2026-09-25
demo-costa,2025-06-17,History,50,18,0,0,43,7,0.3571,7517.44,150.35,16,0,0,0,85,2026-09-25
demo-centro,2025-06-18,History,150,52,0,0,106,44,0.6818,25575.51,170.5,50,0,0,0,255,2026-09-25
demo-costa,2025-06-18,History,53,19,0,0,48,5,0.3786,7985.6,150.67,17,0,0,0,90,2026-09-25
demo-centro,2025-06-19,History,145,51,0,0,102,43,0.6591,24078.85,166.06,48,0,0,0,246,2026-09-25
demo-costa,2025-06-19,History,53,19,0,0,36,17,0.3786,7520.95,141.9,17,0,0,0,90,2026-09-25
demo-centro,2025-06-20,History,157,55,0,0,139,18,0.7136,24949.99,158.92,52,0,0,0,267,2026-09-25
demo-costa,2025-06-20,History,50,18,0,0,42,8,0.3571,7202.79,144.06,16,0,0,0,85,2026-09-25
demo-centro,2025-06-21,History,144,50,0,0,101,43,0.6545,24599.51,170.83,48,0,0,0,245,2026-09-25
demo-costa,2025-06-21,History,57,20,0,0,40,17,0.4071,8743.42,153.39,19,0,0,0,97,2026-09-25
demo-centro,2025-06-22,History,125,44,0,0,96,29,0.5682,20606.23,164.85,41,0,0,0,212,2026-09-25
demo-costa,2025-06-22,History,48,17,0,0,38,10,0.3429,7381.41,153.78,16,0,0,0,82,2026-09-25
demo-centro,2025-06-23,History,140,49,0,0,125,15,0.6364,23497.98,167.84,46,0,0,0,238,2026-09-25
demo-costa,2025-06-23,History,51,18,0,0,33,18,0.3643,7761.26,152.18,17,0,0,0,87,2026-09-25
demo-centro,2025-06-24,History,144,50,0,0,106,38,0.6545,23146.06,160.74,48,0,0,0,245,2026-09-25
demo-costa,2025-06-24,History,54,19,0,0,40,14,0.3857,7936.86,146.98,18,0,0,0,92,2026-09-25
demo-centro,2025-06-25,History,146,51,0,0,99,47,0.6636,24835.5,170.11,48,0,0,0,248,2026-09-25
demo-costa,2025-06-25,History,61,21,0,0,43,18,0.4357,9007.69,147.67,20,0,0,0,104,2026-09-25
demo-centro,2025-06-26,History,137,48,0,0,94,43,0.6227,23663.39,172.73,45,0,0,0,233,2026-09-25
demo-costa,2025-06-26,History,43,15,0,0,28,15,0.3071,6243.22,145.19,14,0,0,0,73,2026-09-25
demo-centro,2025-06-27,History,186,65,0,0,141,45,0.8455,30938.14,166.33,61,0,0,0,316,2026-09-25
demo-costa,2025-06-27,History,57,20,0,0,43,14,0.4071,8521.51,149.5,19,0,0,0,97,2026-09-25
demo-centro,2025-06-28,History,154,54,0,0,107,47,0.7,25196.11,163.61,51,0,0,0,262,2026-09-25
demo-costa,2025-06-28,History,49,17,0,0,34,15,0.35,7217.79,147.3,16,0,0,0,83,2026-09-25
demo-centro,2025-06-29,History,122,43,0,0,99,23,0.5545,21239.86,174.1,40,0,0,0,207,2026-09-25
demo-costa,2025-06-29,History,51,18,0,0,34,17,0.3643,7834.98,153.63,17,0,0,0,87,2026-09-25
demo-centro,2025-06-30,History,152,53,0,0,133,19,0.6909,25206.85,165.83,50,0,0,0,258,2026-09-25
demo-costa,2025-06-30,History,52,18,0,0,43,9,0.3714,7576.48,145.7,17,0,0,0,88,2026-09-25
demo-centro,2025-07-01,History,154,54,0,0,135,19,0.7,27351.2,177.61,51,0,0,0,262,2026-09-25
demo-costa,2025-07-01,History,70,24,0,0,62,8,0.5,10916.53,155.95,23,0,0,0,119,2026-09-25
demo-centro,2025-07-02,History,144,50,0,0,126,18,0.6545,24595.83,170.8,48,0,0,0,245,2026-09-25
demo-costa,2025-07-02,History,80,28,0,0,52,28,0.5714,12342.67,154.28,26,0,0,0,136,2026-09-25
demo-centro,2025-07-03,History,187,65,0,0,168,19,0.85,33091.51,176.96,62,0,0,0,318,2026-09-25
demo-costa,2025-07-03,History,79,28,0,0,70,9,0.5643,11385.44,144.12,26,0,0,0,134,2026-09-25
demo-centro,2025-07-04,History,177,62,0,0,136,41,0.8045,29507.48,166.71,58,0,0,0,301,2026-09-25
demo-costa,2025-07-04,History,87,30,0,0,73,14,0.6214,13291.15,152.77,29,0,0,0,148,2026-09-25
demo-centro,2025-07-05,History,174,61,0,0,118,56,0.7909,28774.23,165.37,57,0,0,0,296,2026-09-25
demo-costa,2025-07-05,History,81,28,0,0,66,15,0.5786,11925.82,147.23,27,0,0,0,138,2026-09-25
demo-centro,2025-07-06,History,155,54,0,0,122,33,0.7045,25349.42,163.54,51,0,0,0,264,2026-09-25
demo-costa,2025-07-06,History,74,26,0,0,55,19,0.5286,11733.47,158.56,24,0,0,0,126,2026-09-25
demo-centro,2025-07-07,History,177,62,0,0,129,48,0.8045,30635.34,173.08,58,0,0,0,301,2026-09-25
demo-costa,2025-07-07,History,77,27,0,0,64,13,0.55,11360.21,147.54,25,0,0,0,131,2026-09-25
demo-centro,2025-07-08,History,147,51,0,0,118,29,0.6682,25614.87,174.25,49,0,0,0,250,2026-09-25
demo-costa,2025-07-08,History,75,26,0,0,52,23,0.5357,10913.68,145.52,25,0,0,0,128,2026-09-25
demo-centro,2025-07-09,History,163,57,0,0,124,39,0.7409,27719.71,170.06,54,0,0,0,277,2026-09-25
demo-costa,2025-07-09,History,71,25,0,0,52,19,0.5071,10528.87,148.29,23,0,0,0,121,2026-09-25
demo-centro,2025-07-10,History,163,57,0,0,128,35,0.7409,27934.62,171.38,54,0,0,0,277,2026-09-25
demo-costa,2025-07-10,History,67,23,0,0,56,11,0.4786,10584.77,157.98,22,0,0,0,114,2026-09-25
demo-centro,2025-07-11,History,180,63,0,0,120,60,0.8182,31064.45,172.58,59,0,0,0,306,2026-09-25
demo-costa,2025-07-11,History,85,30,0,0,70,15,0.6071,12633.8,148.63,28,0,0,0,144,2026-09-25
demo-centro,2025-07-12,History,173,61,0,0,128,45,0.7864,28969.75,167.46,57,0,0,0,294,2026-09-25
demo-costa,2025-07-12,History,81,28,0,0,64,17,0.5786,12190.83,150.5,27,0,0,0,138,2026-09-25
demo-centro,2025-07-13,History,148,52,0,0,99,49,0.6727,24495.05,165.51,49,0,0,0,252,2026-09-25
demo-costa,2025-07-13,History,67,23,0,0,58,9,0.4786,10228.92,152.67,22,0,0,0,114,2026-09-25
demo-centro,2025-07-14,History,154,54,0,0,105,49,0.7,26541.74,172.35,51,0,0,0,262,2026-09-25
demo-costa,2025-07-14,History,76,27,0,0,66,10,0.5429,11481.5,151.07,25,0,0,0,129,2026-09-25
demo-centro,2025-07-15,History,145,51,0,0,125,20,0.6591,25508.09,175.92,48,0,0,0,246,2026-09-25
demo-costa,2025-07-15,History,65,23,0,0,54,11,0.4643,9449.8,145.38,21,0,0,0,110,2026-09-25
demo-centro,2025-07-16,History,158,55,0,0,110,48,0.7182,26021.55,164.69,52,0,0,0,269,2026-09-25
demo-costa,2025-07-16,History,83,29,0,0,58,25,0.5929,12522.5,150.87,27,0,0,0,141,2026-09-25
demo-centro,2025-07-17,History,145,51,0,0,103,42,0.6591,25718.85,177.37,48,0,0,0,246,2026-09-25
demo-costa,2025-07-17,History,80,28,0,0,66,14,0.5714,11914.84,148.94,26,0,0,0,136,2026-09-25
demo-centro,2025-07-18,History,192,67,0,0,140,52,0.8727,33446.66,174.2,63,0,0,0,326,2026-09-25
demo-costa,2025-07-18,History,83,29,0,0,71,12,0.5929,12879.15,155.17,27,0,0,0,141,2026-09-25
demo-centro,2025-07-19,History,172,60,0,0,126,46,0.7818,28773.5,167.29,57,0,0,0,292,2026-09-25
demo-costa,2025-07-19,History,93,33,0,0,66,27,0.6643,14172.03,152.39,31,0,0,0,158,2026-09-25
demo-centro,2025-07-20,History,148,52,0,0,118,30,0.6727,25704.81,173.68,49,0,0,0,252,2026-09-25
demo-costa,2025-07-20,History,58,20,0,0,38,20,0.4143,8743.56,150.75,19,0,0,0,99,2026-09-25
demo-centro,2025-07-21,History,163,57,0,0,116,47,0.7409,27930.69,171.35,54,0,0,0,277,2026-09-25
demo-costa,2025-07-21,History,76,27,0,0,52,24,0.5429,11888.0,156.42,25,0,0,0,129,2026-09-25
demo-centro,2025-07-22,History,173,61,0,0,120,53,0.7864,29733.59,171.87,57,0,0,0,294,2026-09-25
demo-costa,2025-07-22,History,69,24,0,0,48,21,0.4929,10677.8,154.75,23,0,0,0,117,2026-09-25
demo-centro,2025-07-23,History,144,50,0,0,94,50,0.6545,23321.15,161.95,48,0,0,0,245,2026-09-25
demo-costa,2025-07-23,History,81,28,0,0,65,16,0.5786,12715.41,156.98,27,0,0,0,138,2026-09-25
demo-centro,2025-07-24,History,148,52,0,0,133,15,0.6727,24281.3,164.06,49,0,0,0,252,2026-09-25
demo-costa,2025-07-24,History,77,27,0,0,55,22,0.55,11129.78,144.54,25,0,0,0,131,2026-09-25
demo-centro,2025-07-25,History,178,62,0,0,142,36,0.8091,30746.82,172.73,59,0,0,0,303,2026-09-25
demo-costa,2025-07-25,History,81,28,0,0,66,15,0.5786,12347.05,152.43,27,0,0,0,138,2026-09-25
demo-centro,2025-07-26,History,201,70,0,0,138,63,0.9136,35030.44,174.28,66,0,0,0,342,2026-09-25
demo-costa,2025-07-26,History,102,36,0,0,89,13,0.7286,14720.52,144.32,34,0,0,0,173,2026-09-25
demo-centro,2025-07-27,History,140,49,0,0,103,37,0.6364,23368.6,166.92,46,0,0,0,238,2026-09-25
demo-costa,2025-07-27,History,76,27,0,0,67,9,0.5429,11079.25,145.78,25,0,0,0,129,2026-09-25
demo-centro,2025-07-28,History,148,52,0,0,101,47,0.6727,26154.03,176.72,49,0,0,0,252,2026-09-25
demo-costa,2025-07-28,History,80,28,0,0,53,27,0.5714,12111.54,151.39,26,0,0,0,136,2026-09-25
demo-centro,2025-07-29,History,156,55,0,0,132,24,0.7091,26166.67,167.74,51,0,0,0,265,2026-09-25
demo-costa,2025-07-29,History,80,28,0,0,57,23,0.5714,12200.25,152.5,26,0,0,0,136,2026-09-25
demo-centro,2025-07-30,History,164,57,0,0,111,53,0.7455,27303.9,166.49,54,0,0,0,279,2026-09-25
demo-costa,2025-07-30,History,80,28,0,0,62,18,0.5714,12257.2,153.22,26,0,0,0,136,2026-09-25
demo-centro,2025-07-31,History,156,55,0,0,125,31,0.7091,26781.41,171.68,51,0,0,0,265,2026-09-25
demo-costa,2025-07-31,History,72,25,0,0,64,8,0.5143,11001.54,152.8,24,0,0,0,122,2026-09-25
demo-centro,2025-08-01,History,166,58,0,0,109,57,0.7545,27887.84,168.0,55,0,0,0,282,2026-09-25
demo-costa,2025-08-01,History,65,23,0,0,45,20,0.4643,9324.93,143.46,21,0,0,0,110,2026-09-25
demo-centro,2025-08-02,History,148,52,0,0,103,45,0.6727,23435.4,158.35,49,0,0,0,252,2026-09-25
demo-costa,2025-08-02,History,65,23,0,0,46,19,0.4643,9838.59,151.36,21,0,0,0,110,2026-09-25
demo-centro,2025-08-03,History,131,46,0,0,115,16,0.5955,22356.94,170.66,43,0,0,0,223,2026-09-25
demo-costa,2025-08-03,History,49,17,0,0,34,15,0.35,7247.27,147.9,16,0,0,0,83,2026-09-25
demo-centro,2025-08-04,History,160,56,0,0,112,48,0.7273,27952.08,174.7,53,0,0,0,272,2026-09-25
demo-costa,2025-08-04,History,46,16,0,0,32,14,0.3286,6554.67,142.49,15,0,0,0,78,2026-09-25
demo-centro,2025-08-05,History,152,53,0,0,105,47,0.6909,25322.53,166.6,50,0,0,0,258,2026-09-25
demo-costa,2025-08-05,History,54,19,0,0,36,18,0.3857,7992.74,148.01,18,0,0,0,92,2026-09-25
demo-centro,2025-08-06,History,127,44,0,0,90,37,0.5773,20675.5,162.8,42,0,0,0,216,2026-09-25
demo-costa,2025-08-06,History,59,21,0,0,41,18,0.4214,8350.22,141.53,19,0,0,0,100,2026-09-25
demo-centro,2025-08-07,History,120,42,0,0,97,23,0.5455,20827.69,173.56,40,0,0,0,204,2026-09-25
demo-costa,2025-08-07,History,54,19,0,0,43,11,0.3857,8223.17,152.28,18,0,0,0,92,2026-09-25
demo-centro,2025-08-08,History,180,63,0,0,154,26,0.8182,29737.2,165.21,59,0,0,0,306,2026-09-25
demo-costa,2025-08-08,History,67,23,0,0,44,23,0.4786,9453.67,141.1,22,0,0,0,114,2026-09-25
demo-centro,2025-08-09,History,178,62,0,0,153,25,0.8091,28418.02,159.65,59,0,0,0,303,2026-09-25
demo-costa,2025-08-09,History,64,22,0,0,50,14,0.4571,9549.4,149.21,21,0,0,0,109,2026-09-25
demo-centro,2025-08-10,History,132,46,0,0,97,35,0.6,21351.11,161.75,44,0,0,0,224,2026-09-25
demo-costa,2025-08-10,History,55,19,0,0,39,16,0.3929,8406.55,152.85,18,0,0,0,94,2026-09-25
demo-centro,2025-08-11,History,148,52,0,0,109,39,0.6727,23684.43,160.03,49,0,0,0,252,2026-09-25
demo-costa,2025-08-11,History,59,21,0,0,41,18,0.4214,8697.37,147.41,19,0,0,0,100,2026-09-25
demo-centro,2025-08-12,History,141,49,0,0,122,19,0.6409,23359.71,165.67,47,0,0,0,240,2026-09-25
demo-costa,2025-08-12,History,63,22,0,0,55,8,0.45,9717.82,154.25,21,0,0,0,107,2026-09-25
demo-centro,2025-08-13,History,140,49,0,0,97,43,0.6364,23241.97,166.01,46,0,0,0,238,2026-09-25
demo-costa,2025-08-13,History,57,20,0,0,44,13,0.4071,8406.7,147.49,19,0,0,0,97,2026-09-25
demo-centro,2025-08-14,History,135,47,0,0,91,44,0.6136,22290.68,165.12,45,0,0,0,230,2026-09-25
demo-costa,2025-08-14,History,65,23,0,0,53,12,0.4643,9376.48,144.25,21,0,0,0,110,2026-09-25
demo-centro,2025-08-15,History,166,58,0,0,129,37,0.7545,28178.27,169.75,55,0,0,0,282,2026-09-25
demo-costa,2025-08-15,History,58,20,0,0,45,13,0.4143,8304.96,143.19,19,0,0,0,99,2026-09-25
demo-centro,2025-08-16,History,161,56,0,0,138,23,0.7318,27311.95,169.64,53,0,0,0,274,2026-09-25
demo-costa,2025-08-16,History,55,19,0,0,40,15,0.3929,8470.4,154.01,18,0,0,0,94,2026-09-25
demo-centro,2025-08-17,History,143,50,0,0,108,35,0.65,23607.27,165.09,47,0,0,0,243,2026-09-25
demo-costa,2025-08-17,History,50,18,0,0,36,14,0.3571,7201.66,144.03,16,0,0,0,85,2026-09-25
demo-centro,2025-08-18,History,144,50,0,0,97,47,0.6545,23390.84,162.44,48,0,0,0,245,2026-09-25
demo-costa,2025-08-18,History,66,23,0,0,56,10,0.4714,10239.01,155.14,22,0,0,0,112,2026-09-25
demo-centro,2025-08-19,History,136,48,0,0,90,46,0.6182,22570.52,165.96,45,0,0,0,231,2026-09-25
demo-costa,2025-08-19,History,47,16,0,0,38,9,0.3357,6702.77,142.61,16,0,0,0,80,2026-09-25
demo-centro,2025-08-20,History,164,57,0,0,134,30,0.7455,26683.65,162.71,54,0,0,0,279,2026-09-25
demo-costa,2025-08-20,History,59,21,0,0,47,12,0.4214,8801.91,149.18,19,0,0,0,100,2026-09-25
demo-centro,2025-08-21,History,147,51,0,0,125,22,0.6682,25540.12,173.74,49,0,0,0,250,2026-09-25
demo-costa,2025-08-21,History,61,21,0,0,46,15,0.4357,8952.03,146.75,20,0,0,0,104,2026-09-25
demo-centro,2025-08-22,History,156,55,0,0,133,23,0.7091,26189.75,167.88,51,0,0,0,265,2026-09-25
demo-costa,2025-08-22,History,68,24,0,0,53,15,0.4857,10300.1,151.47,22,0,0,0,116,2026-09-25
demo-centro,2025-08-23,History,160,56,0,0,116,44,0.7273,25610.68,160.07,53,0,0,0,272,2026-09-25
demo-costa,2025-08-23,History,68,24,0,0,47,21,0.4857,9743.85,143.29,22,0,0,0,116,2026-09-25
demo-centro,2025-08-24,History,146,51,0,0,117,29,0.6636,24911.62,170.63,48,0,0,0,248,2026-09-25
demo-costa,2025-08-24,History,49,17,0,0,36,13,0.35,7129.13,145.49,16,0,0,0,83,2026-09-25
demo-centro,2025-08-25,History,141,49,0,0,112,29,0.6409,23444.09,166.27,47,0,0,0,240,2026-09-25
demo-costa,2025-08-25,History,60,21,0,0,51,9,0.4286,8729.4,145.49,20,0,0,0,102,2026-09-25
demo-centro,2025-08-26,History,147,51,0,0,121,26,0.6682,24227.76,164.81,49,0,0,0,250,2026-09-25
demo-costa,2025-08-26,History,59,21,0,0,45,14,0.4214,8634.37,146.35,19,0,0,0,100,2026-09-25
demo-centro,2025-08-27,History,127,44,0,0,100,27,0.5773,21866.43,172.18,42,0,0,0,216,2026-09-25
demo-costa,2025-08-27,History,59,21,0,0,53,6,0.4214,8293.69,140.57,19,0,0,0,100,2026-09-25
demo-centro,2025-08-28,History,139,49,0,0,110,29,0.6318,22794.82,163.99,46,0,0,0,236,2026-09-25
demo-costa,2025-08-28,History,56,20,0,0,39,17,0.4,8159.67,145.71,18,0,0,0,95,2026-09-25
demo-centro,2025-08-29,History,166,58,0,0,148,18,0.7545,27140.83,163.5,55,0,0,0,282,2026-09-25
demo-costa,2025-08-29,History,77,27,0,0,57,20,0.55,11079.41,143.89,25,0,0,0,131,2026-09-25
demo-centro,2025-08-30,History,148,52,0,0,108,40,0.6727,24300.16,164.19,49,0,0,0,252,2026-09-25
demo-costa,2025-08-30,History,78,27,0,0,59,19,0.5571,12051.21,154.5,26,0,0,0,133,2026-09-25
demo-centro,2025-08-31,History,130,46,0,0,96,34,0.5909,20746.66,159.59,43,0,0,0,221,2026-09-25
demo-costa,2025-08-31,History,58,20,0,0,47,11,0.4143,8751.33,150.89,19,0,0,0,99,2026-09-25
demo-centro,2025-09-01,History,170,59,0,0,132,38,0.7727,28440.87,167.3,56,0,0,0,289,2026-09-25
demo-costa,2025-09-01,History,68,24,0,0,61,7,0.4857,10602.23,155.92,22,0,0,0,116,2026-09-25
demo-centro,2025-09-02,History,152,53,0,0,137,15,0.6909,25350.19,166.78,50,0,0,0,258,2026-09-25
demo-costa,2025-09-02,History,84,29,0,0,73,11,0.6,12113.42,144.21,28,0,0,0,143,2026-09-25
demo-centro,2025-09-03,History,150,52,0,0,111,39,0.6818,25627.67,170.85,50,0,0,0,255,2026-09-25
demo-costa,2025-09-03,History,72,25,0,0,50,22,0.5143,10603.84,147.28,24,0,0,0,122,2026-09-25
demo-centro,2025-09-04,History,155,54,0,0,103,52,0.7045,26006.49,167.78,51,0,0,0,264,2026-09-25
demo-costa,2025-09-04,History,72,25,0,0,51,21,0.5143,10706.02,148.69,24,0,0,0,122,2026-09-25
demo-centro,2025-09-05,History,160,56,0,0,124,36,0.7273,25949.49,162.18,53,0,0,0,272,2026-09-25
demo-costa,2025-09-05,History,89,31,0,0,76,13,0.6357,13938.21,156.61,29,0,0,0,151,2026-09-25
demo-centro,2025-09-06,History,193,68,0,0,165,28,0.8773,33711.7,174.67,64,0,0,0,328,2026-09-25
demo-costa,2025-09-06,History,81,28,0,0,57,24,0.5786,12656.3,156.25,27,0,0,0,138,2026-09-25
demo-centro,2025-09-07,History,149,52,0,0,125,24,0.6773,25318.26,169.92,49,0,0,0,253,2026-09-25
demo-costa,2025-09-07,History,72,25,0,0,53,19,0.5143,10483.36,145.6,24,0,0,0,122,2026-09-25
demo-centro,2025-09-08,History,145,51,0,0,120,25,0.6591,24435.92,168.52,48,0,0,0,246,2026-09-25
demo-costa,2025-09-08,History,63,22,0,0,44,19,0.45,9099.32,144.43,21,0,0,0,107,2026-09-25
demo-centro,2025-09-09,History,153,54,0,0,102,51,0.6955,26525.68,173.37,50,0,0,0,260,2026-09-25
demo-costa,2025-09-09,History,70,24,0,0,59,11,0.5,10941.72,156.31,23,0,0,0,119,2026-09-25
demo-centro,2025-09-10,History,166,58,0,0,134,32,0.7545,28482.23,171.58,55,0,0,0,282,2026-09-25
demo-costa,2025-09-10,History,73,26,0,0,56,17,0.5214,11388.27,156.0,24,0,0,0,124,2026-09-25
demo-centro,2025-09-11,History,167,58,0,0,112,55,0.7591,27692.42,165.82,55,0,0,0,284,2026-09-25
demo-costa,2025-09-11,History,71,25,0,0,49,22,0.5071,10452.67,147.22,23,0,0,0,121,2026-09-25
demo-centro,2025-09-12,History,171,60,0,0,140,31,0.7773,29223.17,170.9,56,0,0,0,291,2026-09-25
demo-costa,2025-09-12,History,91,32,0,0,62,29,0.65,13875.82,152.48,30,0,0,0,155,2026-09-25
demo-centro,2025-09-13,History,164,57,0,0,139,25,0.7455,28882.67,176.11,54,0,0,0,279,2026-09-25
demo-costa,2025-09-13,History,85,30,0,0,67,18,0.6071,13160.03,154.82,28,0,0,0,144,2026-09-25
demo-centro,2025-09-14,History,135,47,0,0,100,35,0.6136,22090.01,163.63,45,0,0,0,230,2026-09-25
demo-costa,2025-09-14,History,67,23,0,0,51,16,0.4786,10132.36,151.23,22,0,0,0,114,2026-09-25
demo-centro,2025-09-15,History,146,51,0,0,123,23,0.6636,25229.58,172.81,48,0,0,0,248,2026-09-25
demo-costa,2025-09-15,History,61,21,0,0,51,10,0.4357,8789.75,144.09,20,0,0,0,104,2026-09-25
demo-centro,2025-09-16,History,158,55,0,0,117,41,0.7182,25891.71,163.87,52,0,0,0,269,2026-09-25
demo-costa,2025-09-16,History,76,27,0,0,64,12,0.5429,11416.19,150.21,25,0,0,0,129,2026-09-25
demo-centro,2025-09-17,History,164,57,0,0,138,26,0.7455,27566.63,168.09,54,0,0,0,279,2026-09-25
demo-costa,2025-09-17,History,81,28,0,0,54,27,0.5786,12176.14,150.32,27,0,0,0,138,2026-09-25
demo-centro,2025-09-18,History,162,57,0,0,145,17,0.7364,26700.82,164.82,53,0,0,0,275,2026-09-25
demo-costa,2025-09-18,History,81,28,0,0,63,18,0.5786,11961.25,147.67,27,0,0,0,138,2026-09-25
demo-centro,2025-09-19,History,187,65,0,0,158,29,0.85,31173.42,166.7,62,0,0,0,318,2026-09-25
demo-costa,2025-09-19,History,81,28,0,0,65,16,0.5786,11920.89,147.17,27,0,0,0,138,2026-09-25
demo-centro,2025-09-20,History,164,57,0,0,121,43,0.7455,26386.93,160.9,54,0,0,0,279,2026-09-25
demo-costa,2025-09-20,History,81,28,0,0,70,11,0.5786,11895.38,146.86,27,0,0,0,138,2026-09-25
demo-centro,2025-09-21,History,152,53,0,0,121,31,0.6909,24623.07,161.99,50,0,0,0,258,2026-09-25
demo-costa,2025-09-21,History,63,22,0,0,48,15,0.45,9206.32,146.13,21,0,0,0,107,2026-09-25
demo-centro,2025-09-22,History,156,55,0,0,116,40,0.7091,25401.53,162.83,51,0,0,0,265,2026-09-25
demo-costa,2025-09-22,History,68,24,0,0,56,12,0.4857,10633.04,156.37,22,0,0,0,116,2026-09-25
demo-centro,2025-09-23,History,159,56,0,0,136,23,0.7227,27130.98,170.64,52,0,0,0,270,2026-09-25
demo-costa,2025-09-23,History,79,28,0,0,57,22,0.5643,12197.11,154.39,26,0,0,0,134,2026-09-25
demo-centro,2025-09-24,History,150,52,0,0,112,38,0.6818,24190.85,161.27,50,0,0,0,255,2026-09-25
demo-costa,2025-09-24,History,68,24,0,0,49,19,0.4857,9872.17,145.18,22,0,0,0,116,2026-09-25
demo-centro,2025-09-25,History,144,50,0,0,108,36,0.6545,25183.53,174.89,48,0,0,0,245,2026-09-25
demo-costa,2025-09-25,History,68,24,0,0,57,11,0.4857,10180.69,149.72,22,0,0,0,116,2026-09-25
demo-centro,2025-09-26,History,186,65,0,0,150,36,0.8455,32715.54,175.89,61,0,0,0,316,2026-09-25
demo-costa,2025-09-26,History,77,27,0,0,61,16,0.55,11656.62,151.38,25,0,0,0,131,2026-09-25
demo-centro,2025-09-27,History,157,55,0,0,104,53,0.7136,25707.87,163.74,52,0,0,0,267,2026-09-25
demo-costa,2025-09-27,History,81,28,0,0,57,24,0.5786,11864.07,146.47,27,0,0,0,138,2026-09-25
demo-centro,2025-09-28,History,128,45,0,0,93,35,0.5818,21091.96,164.78,42,0,0,0,218,2026-09-25
demo-costa,2025-09-28,History,77,27,0,0,61,16,0.55,11104.56,144.22,25,0,0,0,131,2026-09-25
demo-centro,2025-09-29,History,139,49,0,0,99,40,0.6318,22362.59,160.88,46,0,0,0,236,2026-09-25
demo-costa,2025-09-29,History,72,25,0,0,56,16,0.5143,11041.58,153.36,24,0,0,0,122,2026-09-25
demo-centro,2025-09-30,History,151,53,0,0,122,29,0.6864,25492.79,168.83,50,0,0,0,257,2026-09-25
demo-costa,2025-09-30,History,67,23,0,0,57,10,0.4786,10561.86,157.64,22,0,0,0,114,2026-09-25
demo-centro,2025-10-01,History,158,55,0,0,131,27,0.7182,26934.06,170.47,52,0,0,0,269,2026-09-25
demo-costa,2025-10-01,History,92,32,0,0,80,12,0.6571,13472.87,146.44,30,0,0,0,156,2026-09-25
demo-centro,2025-10-02,History,143,50,0,0,102,41,0.65,23650.01,165.38,47,0,0,0,243,2026-09-25
demo-costa,2025-10-02,History,84,29,0,0,56,28,0.6,13211.46,157.28,28,0,0,0,143,2026-09-25
demo-centro,2025-10-03,History,161,56,0,0,128,33,0.7318,26329.79,163.54,53,0,0,0,274,2026-09-25
demo-costa,2025-10-03,History,86,30,0,0,59,27,0.6143,12878.81,149.75,28,0,0,0,146,2026-09-25
demo-centro,2025-10-04,History,182,64,0,0,133,49,0.8273,29460.73,161.87,60,0,0,0,309,2026-09-25
demo-costa,2025-10-04,History,107,37,0,0,75,32,0.7643,17267.23,161.38,35,0,0,0,182,2026-09-25
demo-centro,2025-10-05,History,138,48,0,0,92,46,0.6273,22481.91,162.91,46,0,0,0,235,2026-09-25
demo-costa,2025-10-05,History,78,27,0,0,62,16,0.5571,11505.44,147.51,26,0,0,0,133,2026-09-25
demo-centro,2025-10-06,History,164,57,0,0,132,32,0.7455,27138.18,165.48,54,0,0,0,279,2026-09-25
demo-costa,2025-10-06,History,90,31,0,0,70,20,0.6429,13194.02,146.6,30,0,0,0,153,2026-09-25
demo-centro,2025-10-07,History,158,55,0,0,141,17,0.7182,25534.71,161.61,52,0,0,0,269,2026-09-25
demo-costa,2025-10-07,History,81,28,0,0,60,21,0.5786,12424.13,153.38,27,0,0,0,138,2026-09-25
demo-centro,2025-10-08,History,167,58,0,0,135,32,0.7591,29341.07,175.7,55,0,0,0,284,2026-09-25
demo-costa,2025-10-08,History,90,31,0,0,74,16,0.6429,14357.29,159.53,30,0,0,0,153,2026-09-25
demo-centro,2025-10-09,History,160,56,0,0,119,41,0.7273,26399.33,165.0,53,0,0,0,272,2026-09-25
demo-costa,2025-10-09,History,86,30,0,0,65,21,0.6143,13140.15,152.79,28,0,0,0,146,2026-09-25
demo-centro,2025-10-10,History,166,58,0,0,148,18,0.7545,27434.71,165.27,55,0,0,0,282,2026-09-25
demo-costa,2025-10-10,History,90,31,0,0,75,15,0.6429,13304.04,147.82,30,0,0,0,153,2026-09-25
demo-centro,2025-10-11,History,172,60,0,0,126,46,0.7818,29027.55,168.76,57,0,0,0,292,2026-09-25
demo-costa,2025-10-11,History,88,31,0,0,73,15,0.6286,14164.3,160.96,29,0,0,0,150,2026-09-25
demo-centro,2025-10-12,History,152,53,0,0,99,53,0.6909,24614.32,161.94,50,0,0,0,258,2026-09-25
demo-costa,2025-10-12,History,70,24,0,0,51,19,0.5,10758.31,153.69,23,0,0,0,119,2026-09-25
demo-centro,2025-10-13,History,172,60,0,0,124,48,0.7818,30283.78,176.07,57,0,0,0,292,2026-09-25
demo-costa,2025-10-13,History,88,31,0,0,77,11,0.6286,13417.87,152.48,29,0,0,0,150,2026-09-25
demo-centro,2025-10-14,History,158,55,0,0,107,51,0.7182,25897.41,163.91,52,0,0,0,269,2026-09-25
demo-costa,2025-10-14,History,86,30,0,0,76,10,0.6143,13047.39,151.71,28,0,0,0,146,2026-09-25
demo-centro,2025-10-15,History,136,48,0,0,93,43,0.6182,23472.15,172.59,45,0,0,0,231,2026-09-25
demo-costa,2025-10-15,History,78,27,0,0,58,20,0.5571,12266.18,157.26,26,0,0,0,133,2026-09-25
demo-centro,2025-10-16,History,149,52,0,0,130,19,0.6773,23934.0,160.63,49,0,0,0,253,2026-09-25
demo-costa,2025-10-16,History,68,24,0,0,55,13,0.4857,10293.6,151.38,22,0,0,0,116,2026-09-25
demo-centro,2025-10-17,History,188,66,0,0,132,56,0.8545,33082.28,175.97,62,0,0,0,320,2026-09-25
demo-costa,2025-10-17,History,91,32,0,0,67,24,0.65,13421.6,147.49,30,0,0,0,155,2026-09-25
demo-centro,2025-10-18,History,165,58,0,0,109,56,0.75,27487.47,166.59,54,0,0,0,280,2026-09-25
demo-costa,2025-10-18,History,95,33,0,0,67,28,0.6786,15190.61,159.9,31,0,0,0,162,2026-09-25
demo-centro,2025-10-19,History,151,53,0,0,114,37,0.6864,25458.58,168.6,50,0,0,0,257,2026-09-25
demo-costa,2025-10-19,History,74,26,0,0,57,17,0.5286,11486.5,155.22,24,0,0,0,126,2026-09-25
demo-centro,2025-10-20,History,154,54,0,0,126,28,0.7,25945.99,168.48,51,0,0,0,262,2026-09-25
demo-costa,2025-10-20,History,85,30,0,0,57,28,0.6071,13569.64,159.64,28,0,0,0,144,2026-09-25
demo-centro,2025-10-21,History,157,55,0,0,130,27,0.7136,26889.93,171.27,52,0,0,0,267,2026-09-25
demo-costa,2025-10-21,History,98,34,0,0,64,34,0.7,15280.08,155.92,32,0,0,0,167,2026-09-25
demo-centro,2025-10-22,History,171,60,0,0,150,21,0.7773,28930.88,169.19,56,0,0,0,291,2026-09-25
demo-costa,2025-10-22,History,94,33,0,0,67,27,0.6714,15130.22,160.96,31,0,0,0,160,2026-09-25
demo-centro,2025-10-23,History,157,55,0,0,106,51,0.7136,26504.08,168.82,52,0,0,0,267,2026-09-25
demo-costa,2025-10-23,History,86,30,0,0,59,27,0.6143,12766.63,148.45,28,0,0,0,146,2026-09-25
demo-centro,2025-10-24,History,172,60,0,0,148,24,0.7818,29485.24,171.43,57,0,0,0,292,2026-09-25
demo-costa,2025-10-24,History,91,32,0,0,73,18,0.65,14161.94,155.63,30,0,0,0,155,2026-09-25
demo-centro,2025-10-25,History,177,62,0,0,139,38,0.8045,29553.33,166.97,58,0,0,0,301,2026-09-25
demo-costa,2025-10-25,History,98,34,0,0,78,20,0.7,15042.29,153.49,32,0,0,0,167,2026-09-25
demo-centro,2025-10-26,History,158,55,0,0,118,40,0.7182,25813.57,163.38,52,0,0,0,269,2026-09-25
demo-costa,2025-10-26,History,84,29,0,0,66,18,0.6,13093.7,155.88,28,0,0,0,143,2026-09-25
demo-centro,2025-10-27,History,150,52,0,0,123,27,0.6818,25771.57,171.81,50,0,0,0,255,2026-09-25
demo-costa,2025-10-27,History,91,32,0,0,79,12,0.65,14113.71,155.1,30,0,0,0,155,2026-09-25
demo-centro,2025-10-28,History,153,54,0,0,119,34,0.6955,27112.15,177.2,50,0,0,0,260,2026-09-25
demo-costa,2025-10-28,History,78,27,0,0,62,16,0.5571,11880.69,152.32,26,0,0,0,133,2026-09-25
demo-centro,2025-10-29,History,150,52,0,0,115,35,0.6818,24089.64,160.6,50,0,0,0,255,2026-09-25
demo-costa,2025-10-29,History,89,31,0,0,62,27,0.6357,13182.02,148.11,29,0,0,0,151,2026-09-25
demo-centro,2025-10-30,History,155,54,0,0,131,24,0.7045,25664.36,165.58,51,0,0,0,264,2026-09-25
demo-costa,2025-10-30,History,85,30,0,0,65,20,0.6071,12563.2,147.8,28,0,0,0,144,2026-09-25
demo-centro,2025-10-31,History,176,62,0,0,156,20,0.8,30120.12,171.14,58,0,0,0,299,2026-09-25
demo-costa,2025-10-31,History,101,35,0,0,70,31,0.7214,15301.55,151.5,33,0,0,0,172,2026-09-25
demo-centro,2025-11-01,History,166,58,0,0,147,19,0.7545,26725.2,161.0,55,0,0,0,282,2026-09-25
demo-costa,2025-11-01,History,97,34,0,0,63,34,0.6929,14672.67,151.26,32,0,0,0,165,2026-09-25
demo-centro,2025-11-02,History,120,42,0,0,86,34,0.5455,20018.14,166.82,40,0,0,0,204,2026-09-25
demo-costa,2025-11-02,History,82,29,0,0,60,22,0.5857,13024.42,158.83,27,0,0,0,139,2026-09-25
demo-centro,2025-11-03,History,155,54,0,0,120,35,0.7045,27359.02,176.51,51,0,0,0,264,2026-09-25
demo-costa,2025-11-03,History,90,31,0,0,75,15,0.6429,13549.86,150.55,30,0,0,0,153,2026-09-25
demo-centro,2025-11-04,History,160,56,0,0,107,53,0.7273,28017.18,175.11,53,0,0,0,272,2026-09-25
demo-costa,2025-11-04,History,104,36,0,0,93,11,0.7429,16373.96,157.44,34,0,0,0,177,2026-09-25
demo-centro,2025-11-05,History,162,57,0,0,110,52,0.7364,27314.51,168.61,53,0,0,0,275,2026-09-25
demo-costa,2025-11-05,History,90,31,0,0,75,15,0.6429,14283.45,158.7,30,0,0,0,153,2026-09-25
demo-centro,2025-11-06,History,159,56,0,0,108,51,0.7227,26068.87,163.96,52,0,0,0,270,2026-09-25
demo-costa,2025-11-06,History,95,33,0,0,75,20,0.6786,15621.44,164.44,31,0,0,0,162,2026-09-25
demo-centro,2025-11-07,History,180,63,0,0,156,24,0.8182,30858.21,171.43,59,0,0,0,306,2026-09-25
demo-costa,2025-11-07,History,97,34,0,0,85,12,0.6929,15874.02,163.65,32,0,0,0,165,2026-09-25
demo-centro,2025-11-08,History,178,62,0,0,150,28,0.8091,29610.46,166.35,59,0,0,0,303,2026-09-25
demo-costa,2025-11-08,History,107,37,0,0,85,22,0.7643,17188.83,160.64,35,0,0,0,182,2026-09-25
demo-centro,2025-11-09,History,147,51,0,0,101,46,0.6682,25779.65,175.37,49,0,0,0,250,2026-09-25
demo-costa,2025-11-09,History,88,31,0,0,66,22,0.6286,14247.2,161.9,29,0,0,0,150,2026-09-25
demo-centro,2025-11-10,History,155,54,0,0,113,42,0.7045,25911.04,167.17,51,0,0,0,264,2026-09-25
demo-costa,2025-11-10,History,92,32,0,0,76,16,0.6571,14597.22,158.67,30,0,0,0,156,2026-09-25
demo-centro,2025-11-11,History,144,50,0,0,123,21,0.6545,24431.99,169.67,48,0,0,0,245,2026-09-25
demo-costa,2025-11-11,History,92,32,0,0,62,30,0.6571,15153.6,164.71,30,0,0,0,156,2026-09-25
demo-centro,2025-11-12,History,167,58,0,0,130,37,0.7591,27573.02,165.11,55,0,0,0,284,2026-09-25
demo-costa,2025-11-12,History,92,32,0,0,68,24,0.6571,14400.35,156.53,30,0,0,0,156,2026-09-25
demo-centro,2025-11-13,History,158,55,0,0,127,31,0.7182,25908.76,163.98,52,0,0,0,269,2026-09-25
demo-costa,2025-11-13,History,90,31,0,0,81,9,0.6429,14846.32,164.96,30,0,0,0,153,2026-09-25
demo-centro,2025-11-14,History,171,60,0,0,145,26,0.7773,28307.08,165.54,56,0,0,0,291,2026-09-25
demo-costa,2025-11-14,History,101,35,0,0,83,18,0.7214,15819.06,156.62,33,0,0,0,172,2026-09-25
demo-centro,2025-11-15,History,154,54,0,0,134,20,0.7,26166.2,169.91,51,0,0,0,262,2026-09-25
demo-costa,2025-11-15,History,108,38,0,0,92,16,0.7714,17026.03,157.65,36,0,0,0,184,2026-09-25
demo-centro,2025-11-16,History,150,52,0,0,123,27,0.6818,25468.12,169.79,50,0,0,0,255,2026-09-25
demo-costa,2025-11-16,History,83,29,0,0,65,18,0.5929,12632.17,152.19,27,0,0,0,141,2026-09-25
demo-centro,2025-11-17,History,165,58,0,0,132,33,0.75,29040.38,176.0,54,0,0,0,280,2026-09-25
demo-costa,2025-11-17,History,95,33,0,0,69,26,0.6786,14579.75,153.47,31,0,0,0,162,2026-09-25
demo-centro,2025-11-18,History,144,50,0,0,102,42,0.6545,24882.26,172.79,48,0,0,0,245,2026-09-25
demo-costa,2025-11-18,History,95,33,0,0,69,26,0.6786,15519.39,163.36,31,0,0,0,162,2026-09-25
demo-centro,2025-11-19,History,168,59,0,0,149,19,0.7636,29515.83,175.69,55,0,0,0,286,2026-09-25
demo-costa,2025-11-19,History,102,36,0,0,87,15,0.7286,15553.0,152.48,34,0,0,0,173,2026-09-25
demo-centro,2025-11-20,History,147,51,0,0,111,36,0.6682,24539.84,166.94,49,0,0,0,250,2026-09-25
demo-costa,2025-11-20,History,93,33,0,0,67,26,0.6643,14730.62,158.39,31,0,0,0,158,2026-09-25
demo-centro,2025-11-21,History,175,61,0,0,119,56,0.7955,28035.59,160.2,58,0,0,0,298,2026-09-25
demo-costa,2025-11-21,History,95,33,0,0,72,23,0.6786,14768.84,155.46,31,0,0,0,162,2026-09-25
demo-centro,2025-11-22,History,170,59,0,0,115,55,0.7727,29739.63,174.94,56,0,0,0,289,2026-09-25
demo-costa,2025-11-22,History,118,41,0,0,105,13,0.8429,19373.4,164.18,39,0,0,0,201,2026-09-25
demo-centro,2025-11-23,History,140,49,0,0,100,40,0.6364,23189.21,165.64,46,0,0,0,238,2026-09-25
demo-costa,2025-11-23,History,79,28,0,0,53,26,0.5643,12957.28,164.02,26,0,0,0,134,2026-09-25
demo-centro,2025-11-24,History,145,51,0,0,129,16,0.6591,24894.32,171.68,48,0,0,0,246,2026-09-25
demo-costa,2025-11-24,History,96,34,0,0,81,15,0.6857,14423.78,150.25,32,0,0,0,163,2026-09-25
demo-centro,2025-11-25,History,165,58,0,0,118,47,0.75,28616.94,173.44,54,0,0,0,280,2026-09-25
demo-costa,2025-11-25,History,96,34,0,0,82,14,0.6857,15135.24,157.66,32,0,0,0,163,2026-09-25
demo-centro,2025-11-26,History,184,64,0,0,133,51,0.8364,31678.97,172.17,61,0,0,0,313,2026-09-25
demo-costa,2025-11-26,History,86,30,0,0,57,29,0.6143,13125.46,152.62,28,0,0,0,146,2026-09-25
demo-centro,2025-11-27,History,168,59,0,0,150,18,0.7636,28676.86,170.7,55,0,0,0,286,2026-09-25
demo-costa,2025-11-27,History,91,32,0,0,79,12,0.65,14420.81,158.47,30,0,0,0,155,2026-09-25
demo-centro,2025-11-28,History,188,66,0,0,127,61,0.8545,30561.21,162.56,62,0,0,0,320,2026-09-25
demo-costa,2025-11-28,History,108,38,0,0,81,27,0.7714,17454.51,161.62,36,0,0,0,184,2026-09-25
demo-centro,2025-11-29,History,167,58,0,0,141,26,0.7591,28987.42,173.58,55,0,0,0,284,2026-09-25
demo-costa,2025-11-29,History,99,35,0,0,81,18,0.7071,15831.03,159.91,33,0,0,0,168,2026-09-25
demo-centro,2025-11-30,History,143,50,0,0,105,38,0.65,23130.79,161.75,47,0,0,0,243,2026-09-25
demo-costa,2025-11-30,History,91,32,0,0,75,16,0.65,14933.57,164.11,30,0,0,0,155,2026-09-25
demo-centro,2025-12-01,History,130,46,0,0,108,22,0.5909,22074.04,169.8,43,0,0,0,221,2026-09-25
demo-costa,2025-12-01,History,129,45,0,0,107,22,0.9214,20963.21,162.51,43,0,0,0,219,2026-09-25
demo-centro,2025-12-02,History,148,52,0,0,132,16,0.6727,23293.73,157.39,49,0,0,0,252,2026-09-25
demo-costa,2025-12-02,History,110,38,0,0,98,12,0.7857,17197.65,156.34,36,0,0,0,187,2026-09-25
demo-centro,2025-12-03,History,125,44,0,0,97,28,0.5682,20528.21,164.23,41,0,0,0,212,2026-09-25
demo-costa,2025-12-03,History,119,42,0,0,83,36,0.85,19473.03,163.64,39,0,0,0,202,2026-09-25
demo-centro,2025-12-04,History,130,46,0,0,90,40,0.5909,21266.26,163.59,43,0,0,0,221,2026-09-25
demo-costa,2025-12-04,History,128,45,0,0,101,27,0.9143,20778.46,162.33,42,0,0,0,218,2026-09-25
demo-centro,2025-12-05,History,137,48,0,0,93,44,0.6227,21904.51,159.89,45,0,0,0,233,2026-09-25
demo-costa,2025-12-05,History,137,48,0,0,105,32,0.9786,22502.4,164.25,45,0,0,0,233,2026-09-25
demo-centro,2025-12-06,History,154,54,0,0,110,44,0.7,24625.51,159.91,51,0,0,0,262,2026-09-25
demo-costa,2025-12-06,History,137,48,0,0,123,14,0.9786,21759.21,158.83,45,0,0,0,233,2026-09-25
demo-centro,2025-12-07,History,125,44,0,0,100,25,0.5682,20043.9,160.35,41,0,0,0,212,2026-09-25
demo-costa,2025-12-07,History,110,38,0,0,96,14,0.7857,17481.93,158.93,36,0,0,0,187,2026-09-25
demo-centro,2025-12-08,History,138,48,0,0,117,21,0.6273,22221.16,161.02,46,0,0,0,235,2026-09-25
demo-costa,2025-12-08,History,126,44,0,0,94,32,0.9,20034.13,159.0,42,0,0,0,214,2026-09-25
demo-centro,2025-12-09,History,155,54,0,0,105,50,0.7045,26546.02,171.26,51,0,0,0,264,2026-09-25
demo-costa,2025-12-09,History,111,39,0,0,72,39,0.7929,17415.64,156.9,37,0,0,0,189,2026-09-25
demo-centro,2025-12-10,History,117,41,0,0,88,29,0.5318,18512.58,158.23,39,0,0,0,199,2026-09-25
demo-costa,2025-12-10,History,127,44,0,0,102,25,0.9071,21240.04,167.24,42,0,0,0,216,2026-09-25
demo-centro,2025-12-11,History,132,46,0,0,100,32,0.6,22203.48,168.21,44,0,0,0,224,2026-09-25
demo-costa,2025-12-11,History,116,41,0,0,91,25,0.8286,19594.72,168.92,38,0,0,0,197,2026-09-25
demo-centro,2025-12-12,History,155,54,0,0,123,32,0.7045,24860.56,160.39,51,0,0,0,264,2026-09-25
demo-costa,2025-12-12,History,137,48,0,0,108,29,0.9786,21482.62,156.81,45,0,0,0,233,2026-09-25
demo-centro,2025-12-13,History,166,58,0,0,117,49,0.7545,26920.05,162.17,55,0,0,0,282,2026-09-25
demo-costa,2025-12-13,History,134,47,0,0,115,19,0.9571,22077.53,164.76,44,0,0,0,228,2026-09-25
demo-centro,2025-12-14,History,135,47,0,0,112,23,0.6136,23053.84,170.77,45,0,0,0,230,2026-09-25
demo-costa,2025-12-14,History,101,35,0,0,77,24,0.7214,16512.42,163.49,33,0,0,0,172,2026-09-25
demo-centro,2025-12-15,History,143,50,0,0,100,43,0.65,23941.54,167.42,47,0,0,0,243,2026-09-25
demo-costa,2025-12-15,History,121,42,0,0,81,40,0.8643,20001.49,165.3,40,0,0,0,206,2026-09-25
demo-centro,2025-12-16,History,140,49,0,0,121,19,0.6364,22413.63,160.1,46,0,0,0,238,2026-09-25
demo-costa,2025-12-16,History,118,41,0,0,99,19,0.8429,19549.82,165.68,39,0,0,0,201,2026-09-25
demo-centro,2025-12-17,History,128,45,0,0,107,21,0.5818,20438.33,159.67,42,0,0,0,218,2026-09-25
demo-costa,2025-12-17,History,127,44,0,0,104,23,0.9071,20553.04,161.83,42,0,0,0,216,2026-09-25
demo-centro,2025-12-18,History,124,43,0,0,106,18,0.5636,21392.83,172.52,41,0,0,0,211,2026-09-25
demo-costa,2025-12-18,History,124,43,0,0,103,21,0.8857,19852.86,160.1,41,0,0,0,211,2026-09-25
demo-centro,2025-12-19,History,154,54,0,0,130,24,0.7,24686.71,160.3,51,0,0,0,262,2026-09-25
demo-costa,2025-12-19,History,137,48,0,0,115,22,0.9786,23197.41,169.32,45,0,0,0,233,2026-09-25
demo-centro,2025-12-20,History,166,58,0,0,140,26,0.7545,27855.87,167.81,55,0,0,0,282,2026-09-25
demo-costa,2025-12-20,History,122,43,0,0,81,41,0.8714,20650.63,169.27,40,0,0,0,207,2026-09-25
demo-centro,2025-12-21,History,125,44,0,0,87,38,0.5682,21510.75,172.09,41,0,0,0,212,2026-09-25
demo-costa,2025-12-21,History,123,43,0,0,94,29,0.8786,20540.01,166.99,41,0,0,0,209,2026-09-25
demo-centro,2025-12-22,History,116,41,0,0,92,24,0.5273,19657.43,169.46,38,0,0,0,197,2026-09-25
demo-costa,2025-12-22,History,115,40,0,0,78,37,0.8214,19328.62,168.07,38,0,0,0,196,2026-09-25
demo-centro,2025-12-23,History,128,45,0,0,98,30,0.5818,20569.19,160.7,42,0,0,0,218,2026-09-25
demo-costa,2025-12-23,History,123,43,0,0,93,30,0.8786,19208.13,156.16,41,0,0,0,209,2026-09-25
demo-centro,2025-12-24,History,136,48,0,0,98,38,0.6182,22094.17,162.46,45,0,0,0,231,2026-09-25
demo-costa,2025-12-24,History,133,47,0,0,115,18,0.95,22586.85,169.83,44,0,0,0,226,2026-09-25
demo-centro,2025-12-25,History,158,55,0,0,120,38,0.7182,25946.2,164.22,52,0,0,0,269,2026-09-25
demo-costa,2025-12-25,History,115,40,0,0,84,31,0.8214,19662.81,170.98,38,0,0,0,196,2026-09-25
demo-centro,2025-12-26,History,150,52,0,0,99,51,0.6818,25039.85,166.93,50,0,0,0,255,2026-09-25
demo-costa,2025-12-26,History,133,47,0,0,93,40,0.95,21878.8,164.5,44,0,0,0,226,2026-09-25
demo-centro,2025-12-27,History,161,56,0,0,113,48,0.7318,27600.06,171.43,53,0,0,0,274,2026-09-25
demo-costa,2025-12-27,History,127,44,0,0,107,20,0.9071,20792.37,163.72,42,0,0,0,216,2026-09-25
demo-centro,2025-12-28,History,112,39,0,0,101,11,0.5091,17613.13,157.26,37,0,0,0,190,2026-09-25
demo-costa,2025-12-28,History,122,43,0,0,98,24,0.8714,19864.36,162.82,40,0,0,0,207,2026-09-25
demo-centro,2025-12-29,History,138,48,0,0,95,43,0.6273,22556.4,163.45,46,0,0,0,235,2026-09-25
demo-costa,2025-12-29,History,119,42,0,0,78,41,0.85,19811.8,166.49,39,0,0,0,202,2026-09-25
demo-centro,2025-12-30,History,134,47,0,0,99,35,0.6091,21340.74,159.26,44,0,0,0,228,2026-09-25
demo-costa,2025-12-30,History,117,41,0,0,94,23,0.8357,18437.57,157.59,39,0,0,0,199,2026-09-25
demo-centro,2025-12-31,History,128,45,0,0,101,27,0.5818,21427.8,167.4,42,0,0,0,218,2026-09-25
demo-costa,2025-12-31,History,121,42,0,0,106,15,0.8643,20193.64,166.89,40,0,0,0,206,2026-09-25
demo-centro,2026-01-01,History,124,43,0,0,96,28,0.5636,20170.39,162.66,41,0,0,0,211,2026-09-25
demo-costa,2026-01-01,History,137,48,0,0,120,17,0.9786,23244.48,169.67,45,0,0,0,233,2026-09-25
demo-centro,2026-01-02,History,138,48,0,0,99,39,0.6273,23958.13,173.61,46,0,0,0,235,2026-09-25
demo-costa,2026-01-02,History,137,48,0,0,111,26,0.9786,22794.44,166.38,45,0,0,0,233,2026-09-25
demo-centro,2026-01-03,History,125,44,0,0,112,13,0.5682,20459.6,163.68,41,0,0,0,212,2026-09-25
demo-costa,2026-01-03,History,137,48,0,0,99,38,0.9786,24266.52,177.13,45,0,0,0,233,2026-09-25
demo-centro,2026-01-04,History,102,36,0,0,81,21,0.4636,16956.39,166.24,34,0,0,0,173,2026-09-25
demo-costa,2026-01-04,History,128,45,0,0,86,42,0.9143,22370.07,174.77,42,0,0,0,218,2026-09-25
demo-centro,2026-01-05,History,124,43,0,0,88,36,0.5636,20079.43,161.93,41,0,0,0,211,2026-09-25
demo-costa,2026-01-05,History,134,47,0,0,116,18,0.9571,24050.83,179.48,44,0,0,0,228,2026-09-25
demo-centro,2026-01-06,History,124,43,0,0,99,25,0.5636,21596.94,174.17,41,0,0,0,211,2026-09-25
demo-costa,2026-01-06,History,132,46,0,0,88,44,0.9429,22797.35,172.71,44,0,0,0,224,2026-09-25
demo-centro,2026-01-07,History,122,43,0,0,107,15,0.5545,20722.78,169.86,40,0,0,0,207,2026-09-25
demo-costa,2026-01-07,History,136,48,0,0,113,23,0.9714,24187.26,177.85,45,0,0,0,231,2026-09-25
demo-centro,2026-01-08,History,129,45,0,0,92,37,0.5864,21658.3,167.89,43,0,0,0,219,2026-09-25
demo-costa,2026-01-08,History,129,45,0,0,101,28,0.9214,23297.65,180.6,43,0,0,0,219,2026-09-25
demo-centro,2026-01-09,History,136,48,0,0,106,30,0.6182,22453.58,165.1,45,0,0,0,231,2026-09-25
demo-costa,2026-01-09,History,137,48,0,0,91,46,0.9786,23095.5,168.58,45,0,0,0,233,2026-09-25
demo-centro,2026-01-10,History,139,49,0,0,106,33,0.6318,23614.38,169.89,46,0,0,0,236,2026-09-25
demo-costa,2026-01-10,History,137,48,0,0,118,19,0.9786,23131.39,168.84,45,0,0,0,233,2026-09-25
demo-centro,2026-01-11,History,101,35,0,0,89,12,0.4591,16647.29,164.82,33,0,0,0,172,2026-09-25
demo-costa,2026-01-11,History,111,39,0,0,72,39,0.7929,18878.59,170.08,37,0,0,0,189,2026-09-25
demo-centro,2026-01-12,History,101,35,0,0,71,30,0.4591,16751.28,165.85,33,0,0,0,172,2026-09-25
demo-costa,2026-01-12,History,137,48,0,0,93,44,0.9786,24370.93,177.89,45,0,0,0,233,2026-09-25
demo-centro,2026-01-13,History,116,41,0,0,81,35,0.5273,20388.73,175.76,38,0,0,0,197,2026-09-25
demo-costa,2026-01-13,History,134,47,0,0,89,45,0.9571,22025.14,164.37,44,0,0,0,228,2026-09-25
demo-centro,2026-01-14,History,112,39,0,0,97,15,0.5091,19256.83,171.94,37,0,0,0,190,2026-09-25
demo-costa,2026-01-14,History,137,48,0,0,94,43,0.9786,22778.24,166.26,45,0,0,0,233,2026-09-25
demo-centro,2026-01-15,History,118,41,0,0,96,22,0.5364,19814.32,167.92,39,0,0,0,201,2026-09-25
demo-costa,2026-01-15,History,137,48,0,0,121,16,0.9786,24004.62,175.22,45,0,0,0,233,2026-09-25
demo-centro,2026-01-16,History,122,43,0,0,90,32,0.5545,19778.2,162.12,40,0,0,0,207,2026-09-25
demo-costa,2026-01-16,History,137,48,0,0,92,45,0.9786,23114.35,168.72,45,0,0,0,233,2026-09-25
demo-centro,2026-01-17,History,132,46,0,0,108,24,0.6,21945.79,166.26,44,0,0,0,224,2026-09-25
demo-costa,2026-01-17,History,137,48,0,0,106,31,0.9786,22791.23,166.36,45,0,0,0,233,2026-09-25
demo-centro,2026-01-18,History,110,38,0,0,95,15,0.5,18345.08,166.77,36,0,0,0,187,2026-09-25
demo-costa,2026-01-18,History,129,45,0,0,102,27,0.9214,23406.24,181.44,43,0,0,0,219,2026-09-25
demo-centro,2026-01-19,History,114,40,0,0,86,28,0.5182,18714.01,164.16,38,0,0,0,194,2026-09-25
demo-costa,2026-01-19,History,132,46,0,0,101,31,0.9429,22812.73,172.82,44,0,0,0,224,2026-09-25
demo-centro,2026-01-20,History,116,41,0,0,101,15,0.5273,19410.87,167.34,38,0,0,0,197,2026-09-25
demo-costa,2026-01-20,History,137,48,0,0,102,35,0.9786,23400.11,170.8,45,0,0,0,233,2026-09-25
demo-centro,2026-01-21,History,110,38,0,0,92,18,0.5,19319.34,175.63,36,0,0,0,187,2026-09-25
demo-costa,2026-01-21,History,133,47,0,0,102,31,0.95,22198.32,166.9,44,0,0,0,226,2026-09-25
demo-centro,2026-01-22,History,126,44,0,0,93,33,0.5727,21989.58,174.52,42,0,0,0,214,2026-09-25
demo-costa,2026-01-22,History,133,47,0,0,104,29,0.95,24103.09,181.23,44,0,0,0,226,2026-09-25
demo-centro,2026-01-23,History,130,46,0,0,91,39,0.5909,22482.74,172.94,43,0,0,0,221,2026-09-25
demo-costa,2026-01-23,History,137,48,0,0,115,22,0.9786,24271.32,177.16,45,0,0,0,233,2026-09-25
demo-centro,2026-01-24,History,132,46,0,0,118,14,0.6,22599.73,171.21,44,0,0,0,224,2026-09-25
demo-costa,2026-01-24,History,137,48,0,0,110,27,0.9786,24520.27,178.98,45,0,0,0,233,2026-09-25
demo-centro,2026-01-25,History,110,38,0,0,72,38,0.5,18971.16,172.47,36,0,0,0,187,2026-09-25
demo-costa,2026-01-25,History,137,48,0,0,104,33,0.9786,23514.04,171.64,45,0,0,0,233,2026-09-25
demo-centro,2026-01-26,History,114,40,0,0,90,24,0.5182,18174.93,159.43,38,0,0,0,194,2026-09-25
demo-costa,2026-01-26,History,137,48,0,0,93,44,0.9786,23034.87,168.14,45,0,0,0,233,2026-09-25
demo-centro,2026-01-27,History,127,44,0,0,101,26,0.5773,22000.7,173.23,42,0,0,0,216,2026-09-25
demo-costa,2026-01-27,History,135,47,0,0,107,28,0.9643,24186.05,179.16,45,0,0,0,230,2026-09-25
demo-centro,2026-01-28,History,144,50,0,0,125,19,0.6545,25043.83,173.92,48,0,0,0,245,2026-09-25
demo-costa,2026-01-28,History,130,46,0,0,110,20,0.9286,23507.42,180.83,43,0,0,0,221,2026-09-25
demo-centro,2026-01-29,History,118,41,0,0,91,27,0.5364,19508.37,165.33,39,0,0,0,201,2026-09-25
demo-costa,2026-01-29,History,137,48,0,0,114,23,0.9786,23697.42,172.97,45,0,0,0,233,2026-09-25
demo-centro,2026-01-30,History,134,47,0,0,113,21,0.6091,22099.51,164.92,44,0,0,0,228,2026-09-25
demo-costa,2026-01-30,History,137,48,0,0,116,21,0.9786,23371.55,170.6,45,0,0,0,233,2026-09-25
demo-centro,2026-01-31,History,157,55,0,0,138,19,0.7136,27341.74,174.15,52,0,0,0,267,2026-09-25
demo-costa,2026-01-31,History,137,48,0,0,97,40,0.9786,23606.45,172.31,45,0,0,0,233,2026-09-25
demo-centro,2026-02-01,History,114,40,0,0,86,28,0.5182,19874.61,174.34,38,0,0,0,194,2026-09-25
demo-costa,2026-02-01,History,113,40,0,0,78,35,0.8071,18522.15,163.91,37,0,0,0,192,2026-09-25
demo-centro,2026-02-02,History,114,40,0,0,98,16,0.5182,19512.28,171.16,38,0,0,0,194,2026-09-25
demo-costa,2026-02-02,History,128,45,0,0,92,36,0.9143,22119.75,172.81,42,0,0,0,218,2026-09-25
demo-centro,2026-02-03,History,111,39,0,0,87,24,0.5045,18976.25,170.96,37,0,0,0,189,2026-09-25
demo-costa,2026-02-03,History,134,47,0,0,101,33,0.9571,23312.03,173.97,44,0,0,0,228,2026-09-25
demo-centro,2026-02-04,History,116,41,0,0,87,29,0.5273,20306.05,175.05,38,0,0,0,197,2026-09-25
demo-costa,2026-02-04,History,136,48,0,0,95,41,0.9714,22221.09,163.39,45,0,0,0,231,2026-09-25
demo-centro,2026-02-05,History,128,45,0,0,111,17,0.5818,20930.99,163.52,42,0,0,0,218,2026-09-25
demo-costa,2026-02-05,History,122,43,0,0,91,31,0.8714,20094.18,164.71,40,0,0,0,207,2026-09-25
demo-centro,2026-02-06,History,108,38,0,0,95,13,0.4909,18109.91,167.68,36,0,0,0,184,2026-09-25
demo-costa,2026-02-06,History,137,48,0,0,97,40,0.9786,23211.36,169.43,45,0,0,0,233,2026-09-25
demo-centro,2026-02-07,History,142,50,0,0,97,45,0.6455,23324.17,164.25,47,0,0,0,241,2026-09-25
demo-costa,2026-02-07,History,137,48,0,0,91,46,0.9786,23389.23,170.72,45,0,0,0,233,2026-09-25
demo-centro,2026-02-08,History,108,38,0,0,78,30,0.4909,18489.87,171.2,36,0,0,0,184,2026-09-25
demo-costa,2026-02-08,History,119,42,0,0,106,13,0.85,20063.77,168.6,39,0,0,0,202,2026-09-25
demo-centro,2026-02-09,History,130,46,0,0,106,24,0.5909,21712.84,167.02,43,0,0,0,221,2026-09-25
demo-costa,2026-02-09,History,125,44,0,0,98,27,0.8929,20833.34,166.67,41,0,0,0,212,2026-09-25
demo-centro,2026-02-10,History,107,37,0,0,74,33,0.4864,17560.81,164.12,35,0,0,0,182,2026-09-25
demo-costa,2026-02-10,History,131,46,0,0,95,36,0.9357,21646.58,165.24,43,0,0,0,223,2026-09-25
demo-centro,2026-02-11,History,91,32,0,0,72,19,0.4136,15677.86,172.28,30,0,0,0,155,2026-09-25
demo-costa,2026-02-11,History,133,47,0,0,88,45,0.95,22852.47,171.82,44,0,0,0,226,2026-09-25
demo-centro,2026-02-12,History,103,36,0,0,74,29,0.4682,17499.98,169.9,34,0,0,0,175,2026-09-25
demo-costa,2026-02-12,History,137,48,0,0,118,19,0.9786,24349.36,177.73,45,0,0,0,233,2026-09-25
demo-centro,2026-02-13,History,123,43,0,0,82,41,0.5591,20751.59,168.71,41,0,0,0,209,2026-09-25
demo-costa,2026-02-13,History,137,48,0,0,99,38,0.9786,24695.4,180.26,45,0,0,0,233,2026-09-25
demo-centro,2026-02-14,History,153,54,0,0,110,43,0.6955,26201.9,171.25,50,0,0,0,260,2026-09-25
demo-costa,2026-02-14,History,137,48,0,0,116,21,0.9786,22588.12,164.88,45,0,0,0,233,2026-09-25
demo-centro,2026-02-15,History,101,35,0,0,76,25,0.4591,17342.81,171.71,33,0,0,0,172,2026-09-25
demo-costa,2026-02-15,History,124,43,0,0,95,29,0.8857,20899.38,168.54,41,0,0,0,211,2026-09-25
demo-centro,2026-02-16,History,122,43,0,0,97,25,0.5545,21268.65,174.33,40,0,0,0,207,2026-09-25
demo-costa,2026-02-16,History,124,43,0,0,105,19,0.8857,21981.43,177.27,41,0,0,0,211,2026-09-25
demo-centro,2026-02-17,History,116,41,0,0,91,25,0.5273,19451.94,167.69,38,0,0,0,197,2026-09-25
demo-costa,2026-02-17,History,137,48,0,0,95,42,0.9786,23449.0,171.16,45,0,0,0,233,2026-09-25
demo-centro,2026-02-18,History,112,39,0,0,83,29,0.5091,18987.33,169.53,37,0,0,0,190,2026-09-25
demo-costa,2026-02-18,History,137,48,0,0,92,45,0.9786,24437.37,178.37,45,0,0,0,233,2026-09-25
demo-centro,2026-02-19,History,112,39,0,0,93,19,0.5091,18439.19,164.64,37,0,0,0,190,2026-09-25
demo-costa,2026-02-19,History,137,48,0,0,117,20,0.9786,24345.55,177.7,45,0,0,0,233,2026-09-25
demo-centro,2026-02-20,History,144,50,0,0,112,32,0.6545,24955.74,173.3,48,0,0,0,245,2026-09-25
demo-costa,2026-02-20,History,137,48,0,0,114,23,0.9786,23239.4,169.63,45,0,0,0,233,2026-09-25
demo-centro,2026-02-21,History,130,46,0,0,108,22,0.5909,20988.1,161.45,43,0,0,0,221,2026-09-25
demo-costa,2026-02-21,History,137,48,0,0,115,22,0.9786,23720.83,173.14,45,0,0,0,233,2026-09-25
demo-centro,2026-02-22,History,103,36,0,0,73,30,0.4682,18051.42,175.26,34,0,0,0,175,2026-09-25
demo-costa,2026-02-22,History,125,44,0,0,105,20,0.8929,20559.2,164.47,41,0,0,0,212,2026-09-25
demo-centro,2026-02-23,History,117,41,0,0,103,14,0.5318,19530.27,166.93,39,0,0,0,199,2026-09-25
demo-costa,2026-02-23,History,137,48,0,0,112,25,0.9786,24147.14,176.26,45,0,0,0,233,2026-09-25
demo-centro,2026-02-24,History,127,44,0,0,101,26,0.5773,20562.07,161.91,42,0,0,0,216,2026-09-25
demo-costa,2026-02-24,History,137,48,0,0,102,35,0.9786,22786.11,166.32,45,0,0,0,233,2026-09-25
demo-centro,2026-02-25,History,100,35,0,0,72,28,0.4545,17521.04,175.21,33,0,0,0,170,2026-09-25
demo-costa,2026-02-25,History,131,46,0,0,88,43,0.9357,23014.63,175.68,43,0,0,0,223,2026-09-25
demo-centro,2026-02-26,History,113,40,0,0,99,14,0.5136,19477.66,172.37,37,0,0,0,192,2026-09-25
demo-costa,2026-02-26,History,137,48,0,0,108,29,0.9786,22976.34,167.71,45,0,0,0,233,2026-09-25
demo-centro,2026-02-27,History,111,39,0,0,76,35,0.5045,18171.76,163.71,37,0,0,0,189,2026-09-25
demo-costa,2026-02-27,History,137,48,0,0,118,19,0.9786,23510.94,171.61,45,0,0,0,233,2026-09-25
demo-centro,2026-02-28,History,126,44,0,0,108,18,0.5727,20126.25,159.73,42,0,0,0,214,2026-09-25
demo-costa,2026-02-28,History,137,48,0,0,116,21,0.9786,24247.48,176.99,45,0,0,0,233,2026-09-25
demo-centro,2026-03-01,History,125,44,0,0,108,17,0.5682,21921.24,175.37,41,0,0,0,212,2026-09-25
demo-costa,2026-03-01,History,90,31,0,0,59,31,0.6429,15178.35,168.65,30,0,0,0,153,2026-09-25
demo-centro,2026-03-02,History,130,46,0,0,90,40,0.5909,22008.27,169.29,43,0,0,0,221,2026-09-25
demo-costa,2026-03-02,History,96,34,0,0,76,20,0.6857,15884.3,165.46,32,0,0,0,163,2026-09-25
demo-centro,2026-03-03,History,157,55,0,0,137,20,0.7136,26433.02,168.36,52,0,0,0,267,2026-09-25
demo-costa,2026-03-03,History,98,34,0,0,78,20,0.7,16130.14,164.59,32,0,0,0,167,2026-09-25
demo-centro,2026-03-04,History,130,46,0,0,112,18,0.5909,21319.81,164.0,43,0,0,0,221,2026-09-25
demo-costa,2026-03-04,History,113,40,0,0,77,36,0.8071,18383.49,162.69,37,0,0,0,192,2026-09-25
demo-centro,2026-03-05,History,144,50,0,0,98,46,0.6545,25246.08,175.32,48,0,0,0,245,2026-09-25
demo-costa,2026-03-05,History,96,34,0,0,81,15,0.6857,15091.53,157.2,32,0,0,0,163,2026-09-25
demo-centro,2026-03-06,History,160,56,0,0,121,39,0.7273,28359.02,177.24,53,0,0,0,272,2026-09-25
demo-costa,2026-03-06,History,114,40,0,0,78,36,0.8143,18882.95,165.64,38,0,0,0,194,2026-09-25
demo-centro,2026-03-07,History,161,56,0,0,140,21,0.7318,28974.33,179.96,53,0,0,0,274,2026-09-25
demo-costa,2026-03-07,History,122,43,0,0,89,33,0.8714,19524.09,160.03,40,0,0,0,207,2026-09-25
demo-centro,2026-03-08,History,153,54,0,0,116,37,0.6955,25429.91,166.21,50,0,0,0,260,2026-09-25
demo-costa,2026-03-08,History,92,32,0,0,62,30,0.6571,14725.56,160.06,30,0,0,0,156,2026-09-25
demo-centro,2026-03-09,History,139,49,0,0,104,35,0.6318,24756.05,178.1,46,0,0,0,236,2026-09-25
demo-costa,2026-03-09,History,89,31,0,0,61,28,0.6357,14693.08,165.09,29,0,0,0,151,2026-09-25
demo-centro,2026-03-10,History,145,51,0,0,125,20,0.6591,25717.47,177.36,48,0,0,0,246,2026-09-25
demo-costa,2026-03-10,History,107,37,0,0,92,15,0.7643,16936.5,158.29,35,0,0,0,182,2026-09-25
demo-centro,2026-03-11,History,149,52,0,0,110,39,0.6773,24971.76,167.6,49,0,0,0,253,2026-09-25
demo-costa,2026-03-11,History,107,37,0,0,88,19,0.7643,16759.4,156.63,35,0,0,0,182,2026-09-25
demo-centro,2026-03-12,History,139,49,0,0,119,20,0.6318,22759.64,163.74,46,0,0,0,236,2026-09-25
demo-costa,2026-03-12,History,98,34,0,0,86,12,0.7,16625.86,169.65,32,0,0,0,167,2026-09-25
demo-centro,2026-03-13,History,155,54,0,0,109,46,0.7045,27870.47,179.81,51,0,0,0,264,2026-09-25
demo-costa,2026-03-13,History,105,37,0,0,82,23,0.75,17386.34,165.58,35,0,0,0,178,2026-09-25
demo-centro,2026-03-14,History,143,50,0,0,104,39,0.65,24327.01,170.12,47,0,0,0,243,2026-09-25
demo-costa,2026-03-14,History,106,37,0,0,90,16,0.7571,17373.12,163.9,35,0,0,0,180,2026-09-25
demo-centro,2026-03-15,History,143,50,0,0,93,50,0.65,24117.62,168.65,47,0,0,0,243,2026-09-25
demo-costa,2026-03-15,History,95,33,0,0,73,22,0.6786,16104.04,169.52,31,0,0,0,162,2026-09-25
demo-centro,2026-03-16,History,137,48,0,0,110,27,0.6227,23553.81,171.93,45,0,0,0,233,2026-09-25
demo-costa,2026-03-16,History,101,35,0,0,68,33,0.7214,15934.85,157.77,33,0,0,0,172,2026-09-25
demo-centro,2026-03-17,History,136,48,0,0,109,27,0.6182,24441.24,179.71,45,0,0,0,231,2026-09-25
demo-costa,2026-03-17,History,103,36,0,0,80,23,0.7357,17477.19,169.68,34,0,0,0,175,2026-09-25
demo-centro,2026-03-18,History,120,42,0,0,94,26,0.5455,19656.61,163.81,40,0,0,0,204,2026-09-25
demo-costa,2026-03-18,History,110,38,0,0,81,29,0.7857,17087.42,155.34,36,0,0,0,187,2026-09-25
demo-centro,2026-03-19,History,143,50,0,0,108,35,0.65,25656.44,179.42,47,0,0,0,243,2026-09-25
demo-costa,2026-03-19,History,97,34,0,0,76,21,0.6929,16305.88,168.1,32,0,0,0,165,2026-09-25
demo-centro,2026-03-20,History,153,54,0,0,117,36,0.6955,27185.77,177.68,50,0,0,0,260,2026-09-25
demo-costa,2026-03-20,History,103,36,0,0,85,18,0.7357,16476.64,159.97,34,0,0,0,175,2026-09-25
demo-centro,2026-03-21,History,152,53,0,0,121,31,0.6909,24916.12,163.92,50,0,0,0,258,2026-09-25
demo-costa,2026-03-21,History,115,40,0,0,94,21,0.8214,17892.37,155.59,38,0,0,0,196,2026-09-25
demo-centro,2026-03-22,History,135,47,0,0,94,41,0.6136,23087.67,171.02,45,0,0,0,230,2026-09-25
demo-costa,2026-03-22,History,85,30,0,0,71,14,0.6071,14006.38,164.78,28,0,0,0,144,2026-09-25
demo-centro,2026-03-23,History,154,54,0,0,123,31,0.7,26870.29,174.48,51,0,0,0,262,2026-09-25
demo-costa,2026-03-23,History,99,35,0,0,84,15,0.7071,15606.38,157.64,33,0,0,0,168,2026-09-25
demo-centro,2026-03-24,History,122,43,0,0,99,23,0.5545,21457.13,175.88,40,0,0,0,207,2026-09-25
demo-costa,2026-03-24,History,104,36,0,0,74,30,0.7429,16435.93,158.04,34,0,0,0,177,2026-09-25
demo-centro,2026-03-25,History,149,52,0,0,124,25,0.6773,25369.52,170.27,49,0,0,0,253,2026-09-25
demo-costa,2026-03-25,History,93,33,0,0,76,17,0.6643,14839.7,159.57,31,0,0,0,158,2026-09-25
demo-centro,2026-03-26,History,124,43,0,0,90,34,0.5636,20610.15,166.21,41,0,0,0,211,2026-09-25
demo-costa,2026-03-26,History,97,34,0,0,80,17,0.6929,15415.5,158.92,32,0,0,0,165,2026-09-25
demo-centro,2026-03-27,History,164,57,0,0,113,51,0.7455,27394.75,167.04,54,0,0,0,279,2026-09-25
demo-costa,2026-03-27,History,96,34,0,0,82,14,0.6857,15262.29,158.98,32,0,0,0,163,2026-09-25
demo-centro,2026-03-28,History,150,52,0,0,125,25,0.6818,25597.33,170.65,50,0,0,0,255,2026-09-25
demo-costa,2026-03-28,History,93,33,0,0,73,20,0.6643,15500.28,166.67,31,0,0,0,158,2026-09-25
demo-centro,2026-03-29,History,130,46,0,0,98,32,0.5909,21598.7,166.14,43,0,0,0,221,2026-09-25
demo-costa,2026-03-29,History,92,32,0,0,74,18,0.6571,15696.36,170.61,30,0,0,0,156,2026-09-25
demo-centro,2026-03-30,History,146,51,0,0,103,43,0.6636,24848.6,170.2,48,0,0,0,248,2026-09-25
demo-costa,2026-03-30,History,89,31,0,0,76,13,0.6357,13974.13,157.01,29,0,0,0,151,2026-09-25
demo-centro,2026-03-31,History,147,51,0,0,110,37,0.6682,25403.45,172.81,49,0,0,0,250,2026-09-25
demo-costa,2026-03-31,History,102,36,0,0,70,32,0.7286,16290.86,159.71,34,0,0,0,173,2026-09-25
demo-centro,2026-04-01,History,145,51,0,0,119,26,0.6591,23906.99,164.88,48,0,0,0,246,2026-09-25
demo-costa,2026-04-01,History,83,29,0,0,75,8,0.5929,13616.06,164.05,27,0,0,0,141,2026-09-25
demo-centro,2026-04-02,History,143,50,0,0,97,46,0.65,24117.31,168.65,47,0,0,0,243,2026-09-25
demo-costa,2026-04-02,History,77,27,0,0,56,21,0.55,12669.55,164.54,25,0,0,0,131,2026-09-25
demo-centro,2026-04-03,History,163,57,0,0,125,38,0.7409,28114.28,172.48,54,0,0,0,277,2026-09-25
demo-costa,2026-04-03,History,93,33,0,0,75,18,0.6643,15175.65,163.18,31,0,0,0,158,2026-09-25
demo-centro,2026-04-04,History,167,58,0,0,116,51,0.7591,28644.95,171.53,55,0,0,0,284,2026-09-25
demo-costa,2026-04-04,History,90,31,0,0,66,24,0.6429,14880.25,165.34,30,0,0,0,153,2026-09-25
demo-centro,2026-04-05,History,123,43,0,0,109,14,0.5591,20214.65,164.35,41,0,0,0,209,2026-09-25
demo-costa,2026-04-05,History,68,24,0,0,53,15,0.4857,10300.02,151.47,22,0,0,0,116,2026-09-25
demo-centro,2026-04-06,History,146,51,0,0,97,49,0.6636,25437.34,174.23,48,0,0,0,248,2026-09-25
demo-costa,2026-04-06,History,86,30,0,0,76,10,0.6143,13526.76,157.29,28,0,0,0,146,2026-09-25
demo-centro,2026-04-07,History,154,54,0,0,136,18,0.7,25402.62,164.95,51,0,0,0,262,2026-09-25
demo-costa,2026-04-07,History,86,30,0,0,60,26,0.6143,14041.42,163.27,28,0,0,0,146,2026-09-25
demo-centro,2026-04-08,History,139,49,0,0,109,30,0.6318,23156.25,166.59,46,0,0,0,236,2026-09-25
demo-costa,2026-04-08,History,89,31,0,0,74,15,0.6357,14726.22,165.46,29,0,0,0,151,2026-09-25
demo-centro,2026-04-09,History,142,50,0,0,94,48,0.6455,25543.68,179.89,47,0,0,0,241,2026-09-25
demo-costa,2026-04-09,History,95,33,0,0,70,25,0.6786,15699.12,165.25,31,0,0,0,162,2026-09-25
demo-centro,2026-04-10,History,162,57,0,0,129,33,0.7364,27424.61,169.29,53,0,0,0,275,2026-09-25
demo-costa,2026-04-10,History,73,26,0,0,56,17,0.5214,11150.84,152.75,24,0,0,0,124,2026-09-25
demo-centro,2026-04-11,History,171,60,0,0,115,56,0.7773,28102.03,164.34,56,0,0,0,291,2026-09-25
demo-costa,2026-04-11,History,90,31,0,0,72,18,0.6429,13581.01,150.9,30,0,0,0,153,2026-09-25
demo-centro,2026-04-12,History,141,49,0,0,125,16,0.6409,25284.76,179.32,47,0,0,0,240,2026-09-25
demo-costa,2026-04-12,History,79,28,0,0,52,27,0.5643,12685.42,160.57,26,0,0,0,134,2026-09-25
demo-centro,2026-04-13,History,142,50,0,0,124,18,0.6455,23931.41,168.53,47,0,0,0,241,2026-09-25
demo-costa,2026-04-13,History,79,28,0,0,56,23,0.5643,12368.74,156.57,26,0,0,0,134,2026-09-25
demo-centro,2026-04-14,History,141,49,0,0,102,39,0.6409,23439.89,166.24,47,0,0,0,240,2026-09-25
demo-costa,2026-04-14,History,79,28,0,0,57,22,0.5643,12347.76,156.3,26,0,0,0,134,2026-09-25
demo-centro,2026-04-15,History,149,52,0,0,99,50,0.6773,25091.0,168.4,49,0,0,0,253,2026-09-25
demo-costa,2026-04-15,History,78,27,0,0,53,25,0.5571,11767.59,150.87,26,0,0,0,133,2026-09-25
demo-centro,2026-04-16,History,137,48,0,0,106,31,0.6227,23455.56,171.21,45,0,0,0,233,2026-09-25
demo-costa,2026-04-16,History,86,30,0,0,60,26,0.6143,13338.55,155.1,28,0,0,0,146,2026-09-25
demo-centro,2026-04-17,History,177,62,0,0,138,39,0.8045,31922.19,180.35,58,0,0,0,301,2026-09-25
demo-costa,2026-04-17,History,111,39,0,0,98,13,0.7929,18153.74,163.55,37,0,0,0,189,2026-09-25
demo-centro,2026-04-18,History,179,63,0,0,140,39,0.8136,29438.73,164.46,59,0,0,0,304,2026-09-25
demo-costa,2026-04-18,History,89,31,0,0,80,9,0.6357,14241.96,160.02,29,0,0,0,151,2026-09-25
demo-centro,2026-04-19,History,116,41,0,0,104,12,0.5273,19515.77,168.24,38,0,0,0,197,2026-09-25
demo-costa,2026-04-19,History,81,28,0,0,53,28,0.5786,12574.27,155.24,27,0,0,0,138,2026-09-25
demo-centro,2026-04-20,History,167,58,0,0,150,17,0.7591,29620.44,177.37,55,0,0,0,284,2026-09-25
demo-costa,2026-04-20,History,87,30,0,0,73,14,0.6214,13137.23,151.0,29,0,0,0,148,2026-09-25
demo-centro,2026-04-21,History,152,53,0,0,104,48,0.6909,25928.88,170.58,50,0,0,0,258,2026-09-25
demo-costa,2026-04-21,History,92,32,0,0,62,30,0.6571,14049.59,152.71,30,0,0,0,156,2026-09-25
demo-centro,2026-04-22,History,154,54,0,0,123,31,0.7,27159.47,176.36,51,0,0,0,262,2026-09-25
demo-costa,2026-04-22,History,74,26,0,0,64,10,0.5286,12054.83,162.9,24,0,0,0,126,2026-09-25
demo-centro,2026-04-23,History,145,51,0,0,99,46,0.6591,24108.16,166.26,48,0,0,0,246,2026-09-25
demo-costa,2026-04-23,History,71,25,0,0,53,18,0.5071,10844.51,152.74,23,0,0,0,121,2026-09-25
demo-centro,2026-04-24,History,157,55,0,0,126,31,0.7136,27884.33,177.61,52,0,0,0,267,2026-09-25
demo-costa,2026-04-24,History,89,31,0,0,76,13,0.6357,13446.25,151.08,29,0,0,0,151,2026-09-25
demo-centro,2026-04-25,History,173,61,0,0,149,24,0.7864,29435.0,170.14,57,0,0,0,294,2026-09-25
demo-costa,2026-04-25,History,87,30,0,0,65,22,0.6214,14248.25,163.77,29,0,0,0,148,2026-09-25
demo-centro,2026-04-26,History,156,55,0,0,106,50,0.7091,27182.81,174.25,51,0,0,0,265,2026-09-25
demo-costa,2026-04-26,History,62,22,0,0,41,21,0.4429,9684.22,156.2,20,0,0,0,105,2026-09-25
demo-centro,2026-04-27,History,152,53,0,0,113,39,0.6909,25680.25,168.95,50,0,0,0,258,2026-09-25
demo-costa,2026-04-27,History,80,28,0,0,71,9,0.5714,13071.66,163.4,26,0,0,0,136,2026-09-25
demo-centro,2026-04-28,History,154,54,0,0,118,36,0.7,25412.99,165.02,51,0,0,0,262,2026-09-25
demo-costa,2026-04-28,History,80,28,0,0,63,17,0.5714,12983.86,162.3,26,0,0,0,136,2026-09-25
demo-centro,2026-04-29,History,147,51,0,0,104,43,0.6682,25793.86,175.47,49,0,0,0,250,2026-09-25
demo-costa,2026-04-29,History,88,31,0,0,69,19,0.6286,14565.16,165.51,29,0,0,0,150,2026-09-25
demo-centro,2026-04-30,History,152,53,0,0,127,25,0.6909,27560.19,181.32,50,0,0,0,258,2026-09-25
demo-costa,2026-04-30,History,71,25,0,0,59,12,0.5071,10771.62,151.71,23,0,0,0,121,2026-09-25
demo-centro,2026-05-01,History,155,54,0,0,105,50,0.7045,27300.49,176.13,51,0,0,0,264,2026-09-25
demo-costa,2026-05-01,History,72,25,0,0,59,13,0.5143,11463.38,159.21,24,0,0,0,122,2026-09-25
demo-centro,2026-05-02,History,183,64,0,0,126,57,0.8318,33080.87,180.77,60,0,0,0,311,2026-09-25
demo-costa,2026-05-02,History,73,26,0,0,61,12,0.5214,11045.47,151.31,24,0,0,0,124,2026-09-25
demo-centro,2026-05-03,History,127,44,0,0,93,34,0.5773,22145.89,174.38,42,0,0,0,216,2026-09-25
demo-costa,2026-05-03,History,52,18,0,0,44,8,0.3714,8139.5,156.53,17,0,0,0,88,2026-09-25
demo-centro,2026-05-04,History,152,53,0,0,106,46,0.6909,25070.58,164.94,50,0,0,0,258,2026-09-25
demo-costa,2026-05-04,History,50,18,0,0,38,12,0.3571,7958.26,159.17,16,0,0,0,85,2026-09-25
demo-centro,2026-05-05,History,168,59,0,0,111,57,0.7636,29130.91,173.4,55,0,0,0,286,2026-09-25
demo-costa,2026-05-05,History,54,19,0,0,35,19,0.3857,7957.63,147.36,18,0,0,0,92,2026-09-25
demo-centro,2026-05-06,History,140,49,0,0,117,23,0.6364,24935.4,178.11,46,0,0,0,238,2026-09-25
demo-costa,2026-05-06,History,64,22,0,0,43,21,0.4571,9754.29,152.41,21,0,0,0,109,2026-09-25
demo-centro,2026-05-07,History,162,57,0,0,142,20,0.7364,28830.44,177.97,53,0,0,0,275,2026-09-25
demo-costa,2026-05-07,History,66,23,0,0,46,20,0.4714,10167.87,154.06,22,0,0,0,112,2026-09-25
demo-centro,2026-05-08,History,165,58,0,0,148,17,0.75,27300.25,165.46,54,0,0,0,280,2026-09-25
demo-costa,2026-05-08,History,75,26,0,0,54,21,0.5357,11104.52,148.06,25,0,0,0,128,2026-09-25
demo-centro,2026-05-09,History,168,59,0,0,109,59,0.7636,28988.51,172.55,55,0,0,0,286,2026-09-25
demo-costa,2026-05-09,History,63,22,0,0,48,15,0.45,9713.43,154.18,21,0,0,0,107,2026-09-25
demo-centro,2026-05-10,History,172,60,0,0,130,42,0.7818,28680.27,166.75,57,0,0,0,292,2026-09-25
demo-costa,2026-05-10,History,41,14,0,0,30,11,0.2929,6097.44,148.72,14,0,0,0,70,2026-09-25
demo-centro,2026-05-11,History,167,58,0,0,124,43,0.7591,28980.84,173.54,55,0,0,0,284,2026-09-25
demo-costa,2026-05-11,History,60,21,0,0,50,10,0.4286,9555.67,159.26,20,0,0,0,102,2026-09-25
demo-centro,2026-05-12,History,149,52,0,0,105,44,0.6773,25816.05,173.26,49,0,0,0,253,2026-09-25
demo-costa,2026-05-12,History,61,21,0,0,40,21,0.4357,9465.09,155.17,20,0,0,0,104,2026-09-25
demo-centro,2026-05-13,History,157,55,0,0,132,25,0.7136,26534.17,169.01,52,0,0,0,267,2026-09-25
demo-costa,2026-05-13,History,59,21,0,0,48,11,0.4214,8967.26,151.99,19,0,0,0,100,2026-09-25
demo-centro,2026-05-14,History,144,50,0,0,119,25,0.6545,26062.92,180.99,48,0,0,0,245,2026-09-25
demo-costa,2026-05-14,History,61,21,0,0,50,11,0.4357,9228.06,151.28,20,0,0,0,104,2026-09-25
demo-centro,2026-05-15,History,182,64,0,0,136,46,0.8273,31596.92,173.61,60,0,0,0,309,2026-09-25
demo-costa,2026-05-15,History,61,21,0,0,53,8,0.4357,9663.45,158.42,20,0,0,0,104,2026-09-25
demo-centro,2026-05-16,History,174,61,0,0,114,60,0.7909,29396.72,168.95,57,0,0,0,296,2026-09-25
demo-costa,2026-05-16,History,90,31,0,0,81,9,0.6429,14262.06,158.47,30,0,0,0,153,2026-09-25
demo-centro,2026-05-17,History,136,48,0,0,112,24,0.6182,23951.0,176.11,45,0,0,0,231,2026-09-25
demo-costa,2026-05-17,History,63,22,0,0,42,21,0.45,10079.12,159.99,21,0,0,0,107,2026-09-25
demo-centro,2026-05-18,History,148,52,0,0,128,20,0.6727,24993.03,168.87,49,0,0,0,252,2026-09-25
demo-costa,2026-05-18,History,61,21,0,0,48,13,0.4357,9250.13,151.64,20,0,0,0,104,2026-09-25
demo-centro,2026-05-19,History,145,51,0,0,94,51,0.6591,25933.37,178.85,48,0,0,0,246,2026-09-25
demo-costa,2026-05-19,History,51,18,0,0,41,10,0.3643,8161.11,160.02,17,0,0,0,87,2026-09-25
demo-centro,2026-05-20,History,150,52,0,0,118,32,0.6818,25546.84,170.31,50,0,0,0,255,2026-09-25
demo-costa,2026-05-20,History,58,20,0,0,41,17,0.4143,8547.53,147.37,19,0,0,0,99,2026-09-25
demo-centro,2026-05-21,History,157,55,0,0,136,21,0.7136,27317.21,173.99,52,0,0,0,267,2026-09-25
demo-costa,2026-05-21,History,61,21,0,0,53,8,0.4357,9223.93,151.21,20,0,0,0,104,2026-09-25
demo-centro,2026-05-22,History,180,63,0,0,146,34,0.8182,30215.43,167.86,59,0,0,0,306,2026-09-25
demo-costa,2026-05-22,History,78,27,0,0,61,17,0.5571,11884.6,152.37,26,0,0,0,133,2026-09-25
demo-centro,2026-05-23,History,180,63,0,0,122,58,0.8182,31811.4,176.73,59,0,0,0,306,2026-09-25
demo-costa,2026-05-23,History,64,22,0,0,47,17,0.4571,10297.99,160.91,21,0,0,0,109,2026-09-25
demo-centro,2026-05-24,History,146,51,0,0,113,33,0.6636,24079.71,164.93,48,0,0,0,248,2026-09-25
demo-costa,2026-05-24,History,47,16,0,0,36,11,0.3357,7518.97,159.98,16,0,0,0,80,2026-09-25
demo-centro,2026-05-25,History,145,51,0,0,130,15,0.6591,25616.69,176.67,48,0,0,0,246,2026-09-25
demo-costa,2026-05-25,History,52,18,0,0,40,12,0.3714,7666.27,147.43,17,0,0,0,88,2026-09-25
demo-centro,2026-05-26,History,162,57,0,0,134,28,0.7364,27996.18,172.82,53,0,0,0,275,2026-09-25
demo-costa,2026-05-26,History,55,19,0,0,45,10,0.3929,8487.75,154.32,18,0,0,0,94,2026-09-25
demo-centro,2026-05-27,History,166,58,0,0,125,41,0.7545,27376.58,164.92,55,0,0,0,282,2026-09-25
demo-costa,2026-05-27,History,49,17,0,0,36,13,0.35,7430.96,151.65,16,0,0,0,83,2026-09-25
demo-centro,2026-05-28,History,156,55,0,0,135,21,0.7091,25842.69,165.66,51,0,0,0,265,2026-09-25
demo-costa,2026-05-28,History,67,23,0,0,45,22,0.4786,10309.85,153.88,22,0,0,0,114,2026-09-25
demo-centro,2026-05-29,History,166,58,0,0,136,30,0.7545,28000.86,168.68,55,0,0,0,282,2026-09-25
demo-costa,2026-05-29,History,70,24,0,0,52,18,0.5,10767.2,153.82,23,0,0,0,119,2026-09-25
demo-centro,2026-05-30,History,160,56,0,0,124,36,0.7273,27589.68,172.44,53,0,0,0,272,2026-09-25
demo-costa,2026-05-30,History,75,26,0,0,62,13,0.5357,10952.5,146.03,25,0,0,0,128,2026-09-25
demo-centro,2026-05-31,History,149,52,0,0,112,37,0.6773,25678.89,172.34,49,0,0,0,253,2026-09-25
demo-costa,2026-05-31,History,57,20,0,0,41,16,0.4071,8867.1,155.56,19,0,0,0,97,2026-09-25
demo-centro,2026-06-01,History,123,43,0,0,108,15,0.5591,22214.44,180.61,41,0,0,0,209,2026-09-25
demo-costa,2026-06-01,History,67,23,0,0,54,13,0.4786,10709.69,159.85,22,0,0,0,114,2026-09-25
demo-centro,2026-06-02,History,153,54,0,0,102,51,0.6955,25044.03,163.69,50,0,0,0,260,2026-09-25
demo-costa,2026-06-02,History,43,15,0,0,32,11,0.3071,6431.2,149.56,14,0,0,0,73,2026-09-25
demo-centro,2026-06-03,History,147,51,0,0,103,44,0.6682,25508.91,173.53,49,0,0,0,250,2026-09-25
demo-costa,2026-06-03,History,56,20,0,0,48,8,0.4,8689.35,155.17,18,0,0,0,95,2026-09-25
demo-centro,2026-06-04,History,147,51,0,0,113,34,0.6682,26495.23,180.24,49,0,0,0,250,2026-09-25
demo-costa,2026-06-04,History,47,16,0,0,40,7,0.3357,6958.96,148.06,16,0,0,0,80,2026-09-25
demo-centro,2026-06-05,History,164,57,0,0,140,24,0.7455,28511.58,173.85,54,0,0,0,279,2026-09-25
demo-costa,2026-06-05,History,62,22,0,0,49,13,0.4429,9695.61,156.38,20,0,0,0,105,2026-09-25
demo-centro,2026-06-06,History,178,62,0,0,145,33,0.8091,30746.05,172.73,59,0,0,0,303,2026-09-25
demo-costa,2026-06-06,History,60,21,0,0,44,16,0.4286,9176.72,152.95,20,0,0,0,102,2026-09-25
demo-centro,2026-06-07,History,124,43,0,0,86,38,0.5636,21105.35,170.2,41,0,0,0,211,2026-09-25
demo-costa,2026-06-07,History,59,21,0,0,43,16,0.4214,8980.62,152.21,19,0,0,0,100,2026-09-25
demo-centro,2026-06-08,History,148,52,0,0,101,47,0.6727,25699.86,173.65,49,0,0,0,252,2026-09-25
demo-costa,2026-06-08,History,51,18,0,0,34,17,0.3643,7627.99,149.57,17,0,0,0,87,2026-09-25
demo-centro,2026-06-09,History,140,49,0,0,115,25,0.6364,24682.42,176.3,46,0,0,0,238,2026-09-25
demo-costa,2026-06-09,History,61,21,0,0,47,14,0.4357,9446.2,154.86,20,0,0,0,104,2026-09-25
demo-centro,2026-06-10,History,144,50,0,0,110,34,0.6545,23626.8,164.07,48,0,0,0,245,2026-09-25
demo-costa,2026-06-10,History,57,20,0,0,48,9,0.4071,8844.99,155.18,19,0,0,0,97,2026-09-25
demo-centro,2026-06-11,History,140,49,0,0,125,15,0.6364,23624.84,168.75,46,0,0,0,238,2026-09-25
demo-costa,2026-06-11,History,75,26,0,0,53,22,0.5357,11883.24,158.44,25,0,0,0,128,2026-09-25
demo-centro,2026-06-12,History,169,59,0,0,113,56,0.7682,28241.27,167.11,56,0,0,0,287,2026-09-25
demo-costa,2026-06-12,History,70,24,0,0,58,12,0.5,10491.09,149.87,23,0,0,0,119,2026-09-25
demo-centro,2026-06-13,History,149,52,0,0,103,46,0.6773,24698.28,165.76,49,0,0,0,253,2026-09-25
demo-costa,2026-06-13,History,59,21,0,0,41,18,0.4214,8831.92,149.69,19,0,0,0,100,2026-09-25
demo-centro,2026-06-14,History,131,46,0,0,94,37,0.5955,21457.35,163.8,43,0,0,0,223,2026-09-25
demo-costa,2026-06-14,History,54,19,0,0,48,6,0.3857,8283.49,153.4,18,0,0,0,92,2026-09-25
demo-centro,2026-06-15,History,139,49,0,0,106,33,0.6318,24743.41,178.01,46,0,0,0,236,2026-09-25
demo-costa,2026-06-15,History,46,16,0,0,40,6,0.3286,7308.72,158.89,15,0,0,0,78,2026-09-25
demo-centro,2026-06-16,History,164,57,0,0,136,28,0.7455,27236.92,166.08,54,0,0,0,279,2026-09-25
demo-costa,2026-06-16,History,51,18,0,0,36,15,0.3643,7882.16,154.55,17,0,0,0,87,2026-09-25
demo-centro,2026-06-17,History,148,52,0,0,132,16,0.6727,26090.81,176.29,49,0,0,0,252,2026-09-25
demo-costa,2026-06-17,History,56,20,0,0,38,18,0.4,8418.21,150.33,18,0,0,0,95,2026-09-25
demo-centro,2026-06-18,History,142,50,0,0,108,34,0.6455,23989.27,168.94,47,0,0,0,241,2026-09-25
demo-costa,2026-06-18,History,58,20,0,0,52,6,0.4143,8527.31,147.02,19,0,0,0,99,2026-09-25
demo-centro,2026-06-19,History,172,60,0,0,136,36,0.7818,29260.06,170.12,57,0,0,0,292,2026-09-25
demo-costa,2026-06-19,History,65,23,0,0,51,14,0.4643,10184.97,156.69,21,0,0,0,110,2026-09-25
demo-centro,2026-06-20,History,170,59,0,0,122,48,0.7727,29744.69,174.97,56,0,0,0,289,2026-09-25
demo-costa,2026-06-20,History,65,23,0,0,58,7,0.4643,9897.05,152.26,21,0,0,0,110,2026-09-25
demo-centro,2026-06-21,History,140,49,0,0,106,34,0.6364,23628.33,168.77,46,0,0,0,238,2026-09-25
demo-costa,2026-06-21,History,56,20,0,0,45,11,0.4,8882.04,158.61,18,0,0,0,95,2026-09-25
demo-centro,2026-06-22,History,167,58,0,0,137,30,0.7591,28951.01,173.36,55,0,0,0,284,2026-09-25
demo-costa,2026-06-22,History,52,18,0,0,44,8,0.3714,7553.78,145.27,17,0,0,0,88,2026-09-25
demo-centro,2026-06-23,History,141,49,0,0,104,37,0.6409,24410.33,173.12,47,0,0,0,240,2026-09-25
demo-costa,2026-06-23,History,53,19,0,0,43,10,0.3786,7846.5,148.05,17,0,0,0,90,2026-09-25
demo-centro,2026-06-24,History,136,48,0,0,97,39,0.6182,22765.65,167.39,45,0,0,0,231,2026-09-25
demo-costa,2026-06-24,History,62,22,0,0,45,17,0.4429,9059.05,146.11,20,0,0,0,105,2026-09-25
demo-centro,2026-06-25,History,166,58,0,0,120,46,0.7545,29035.24,174.91,55,0,0,0,282,2026-09-25
demo-costa,2026-06-25,History,62,22,0,0,47,15,0.4429,9362.5,151.01,20,0,0,0,105,2026-09-25
demo-centro,2026-06-26,History,171,60,0,0,136,35,0.7773,30489.26,178.3,56,0,0,0,291,2026-09-25
demo-costa,2026-06-26,History,67,23,0,0,53,14,0.4786,10110.35,150.9,22,0,0,0,114,2026-09-25
demo-centro,2026-06-27,History,168,59,0,0,130,38,0.7636,29878.11,177.85,55,0,0,0,286,2026-09-25
demo-costa,2026-06-27,History,68,24,0,0,55,13,0.4857,10108.57,148.66,22,0,0,0,116,2026-09-25
demo-centro,2026-06-28,History,125,44,0,0,87,38,0.5682,21417.03,171.34,41,0,0,0,212,2026-09-25
demo-costa,2026-06-28,History,52,18,0,0,41,11,0.3714,7633.89,146.81,17,0,0,0,88,2026-09-25
demo-centro,2026-06-29,History,136,48,0,0,100,36,0.6182,23153.51,170.25,45,0,0,0,231,2026-09-25
demo-costa,2026-06-29,History,52,18,0,0,34,18,0.3714,7606.2,146.27,17,0,0,0,88,2026-09-25
demo-centro,2026-06-30,History,154,54,0,0,135,19,0.7,25690.18,166.82,51,0,0,0,262,2026-09-25
demo-costa,2026-06-30,History,75,26,0,0,53,22,0.5357,11760.88,156.81,25,0,0,0,128,2026-09-25
demo-centro,2026-07-01,History,182,64,0,0,141,41,0.8273,31642.43,173.86,60,0,0,0,309,2026-09-25
demo-costa,2026-07-01,History,65,23,0,0,43,22,0.4643,10583.67,162.83,21,0,0,0,110,2026-09-25
demo-centro,2026-07-02,History,173,61,0,0,113,60,0.7864,31717.46,183.34,57,0,0,0,294,2026-09-25
demo-costa,2026-07-02,History,73,26,0,0,60,13,0.5214,11312.23,154.96,24,0,0,0,124,2026-09-25
demo-centro,2026-07-03,History,197,69,0,0,141,56,0.8955,35890.78,182.19,65,0,0,0,335,2026-09-25
demo-costa,2026-07-03,History,73,26,0,0,54,19,0.5214,11109.82,152.19,24,0,0,0,124,2026-09-25
demo-centro,2026-07-04,History,171,60,0,0,141,30,0.7773,31569.25,184.62,56,0,0,0,291,2026-09-25
demo-costa,2026-07-04,History,87,30,0,0,63,24,0.6214,13528.51,155.5,29,0,0,0,148,2026-09-25
demo-centro,2026-07-05,History,177,62,0,0,143,34,0.8045,30804.65,174.04,58,0,0,0,301,2026-09-25
demo-costa,2026-07-05,History,75,26,0,0,52,23,0.5357,11812.09,157.49,25,0,0,0,128,2026-09-25
demo-centro,2026-07-06,History,150,52,0,0,102,48,0.6818,26032.83,173.55,50,0,0,0,255,2026-09-25
demo-costa,2026-07-06,History,74,26,0,0,54,20,0.5286,12197.2,164.83,24,0,0,0,126,2026-09-25
demo-centro,2026-07-07,History,176,62,0,0,130,46,0.8,31001.45,176.14,58,0,0,0,299,2026-09-25
demo-costa,2026-07-07,History,66,23,0,0,45,21,0.4714,9924.1,150.37,22,0,0,0,112,2026-09-25
demo-centro,2026-07-08,History,162,57,0,0,132,30,0.7364,29768.53,183.76,53,0,0,0,275,2026-09-25
demo-costa,2026-07-08,History,81,28,0,0,57,24,0.5786,12414.4,153.26,27,0,0,0,138,2026-09-25
demo-centro,2026-07-09,History,169,59,0,0,124,45,0.7682,29788.03,176.26,56,0,0,0,287,2026-09-25
demo-costa,2026-07-09,History,79,28,0,0,57,22,0.5643,12113.75,153.34,26,0,0,0,134,2026-09-25
demo-centro,2026-07-10,History,186,65,0,0,124,62,0.8455,31480.49,169.25,61,0,0,0,316,2026-09-25
demo-costa,2026-07-10,History,92,32,0,0,68,24,0.6571,14854.77,161.46,30,0,0,0,156,2026-09-25
demo-centro,2026-07-11,History,182,64,0,0,131,51,0.8273,33293.3,182.93,60,0,0,0,309,2026-09-25
demo-costa,2026-07-11,History,81,28,0,0,56,25,0.5786,12262.9,151.39,27,0,0,0,138,2026-09-25
demo-centro,2026-07-12,History,162,57,0,0,113,49,0.7364,27940.13,172.47,53,0,0,0,275,2026-09-25
demo-costa,2026-07-12,History,76,27,0,0,60,16,0.5429,11669.84,153.55,25,0,0,0,129,2026-09-25
demo-centro,2026-07-13,History,158,55,0,0,134,24,0.7182,28984.05,183.44,52,0,0,0,269,2026-09-25
demo-costa,2026-07-13,History,72,25,0,0,63,9,0.5143,11528.65,160.12,24,0,0,0,122,2026-09-25
demo-centro,2026-07-14,History,166,58,0,0,123,43,0.7545,29035.3,174.91,55,0,0,0,282,2026-09-25
demo-costa,2026-07-14,History,80,28,0,0,53,27,0.5714,12824.57,160.31,26,0,0,0,136,2026-09-25
demo-centro,2026-07-15,History,160,56,0,0,141,19,0.7273,27843.05,174.02,53,0,0,0,272,2026-09-25
demo-costa,2026-07-15,History,72,25,0,0,50,22,0.5143,10810.4,150.14,24,0,0,0,122,2026-09-25
demo-centro,2026-07-16,History,179,63,0,0,151,28,0.8136,32148.59,179.6,59,0,0,0,304,2026-09-25
demo-costa,2026-07-16,History,75,26,0,0,65,10,0.5357,11363.76,151.52,25,0,0,0,128,2026-09-25
demo-centro,2026-07-17,History,198,69,0,0,156,42,0.9,34331.56,173.39,65,0,0,0,337,2026-09-25
demo-costa,2026-07-17,History,79,28,0,0,69,10,0.5643,12592.11,159.39,26,0,0,0,134,2026-09-25
demo-centro,2026-07-18,History,175,61,0,0,122,53,0.7955,30004.92,171.46,58,0,0,0,298,2026-09-25
demo-costa,2026-07-18,History,98,34,0,0,65,33,0.7,15407.23,157.22,32,0,0,0,167,2026-09-25
demo-centro,2026-07-19,History,162,57,0,0,130,32,0.7364,29288.31,180.79,53,0,0,0,275,2026-09-25
demo-costa,2026-07-19,History,60,21,0,0,47,13,0.4286,9545.65,159.09,20,0,0,0,102,2026-09-25
demo-centro,2026-07-20,History,156,55,0,0,119,37,0.7091,28664.12,183.74,51,0,0,0,265,2026-09-25
demo-costa,2026-07-20,History,74,26,0,0,49,25,0.5286,11250.84,152.04,24,0,0,0,126,2026-09-25
demo-centro,2026-07-21,History,166,58,0,0,123,43,0.7545,28736.76,173.11,55,0,0,0,282,2026-09-25
demo-costa,2026-07-21,History,82,29,0,0,60,22,0.5857,13083.33,159.55,27,0,0,0,139,2026-09-25
demo-centro,2026-07-22,History,174,61,0,0,150,24,0.7909,30287.64,174.07,57,0,0,0,296,2026-09-25
demo-costa,2026-07-22,History,75,26,0,0,62,13,0.5357,12033.07,160.44,25,0,0,0,128,2026-09-25
demo-centro,2026-07-23,History,180,63,0,0,162,18,0.8182,31836.55,176.87,59,0,0,0,306,2026-09-25
demo-costa,2026-07-23,History,61,21,0,0,46,15,0.4357,9704.59,159.09,20,0,0,0,104,2026-09-25
demo-centro,2026-07-24,History,190,66,0,0,130,60,0.8636,33932.4,178.59,63,0,0,0,323,2026-09-25
demo-costa,2026-07-24,History,96,34,0,0,66,30,0.6857,14719.59,153.33,32,0,0,0,163,2026-09-25
demo-centro,2026-07-25,History,182,64,0,0,155,27,0.8273,30988.37,170.27,60,0,0,0,309,2026-09-25
demo-costa,2026-07-25,History,79,28,0,0,64,15,0.5643,12339.49,156.2,26,0,0,0,134,2026-09-25
demo-centro,2026-07-26,History,152,53,0,0,133,19,0.6909,26553.34,174.69,50,0,0,0,258,2026-09-25
demo-costa,2026-07-26,History,64,22,0,0,47,17,0.4571,9665.29,151.02,21,0,0,0,109,2026-09-25
demo-centro,2026-07-27,History,171,60,0,0,138,33,0.7773,30925.79,180.85,56,0,0,0,291,2026-09-25
demo-costa,2026-07-27,History,69,24,0,0,62,7,0.4929,11038.28,159.98,23,0,0,0,117,2026-09-25
demo-centro,2026-07-28,History,170,59,0,0,145,25,0.7727,30144.09,177.32,56,0,0,0,289,2026-09-25
demo-costa,2026-07-28,History,64,22,0,0,50,14,0.4571,9555.14,149.3,21,0,0,0,109,2026-09-25
demo-centro,2026-07-29,History,164,57,0,0,111,53,0.7455,28651.55,174.7,54,0,0,0,279,2026-09-25
demo-costa,2026-07-29,History,65,23,0,0,55,10,0.4643,10457.49,160.88,21,0,0,0,110,2026-09-25
demo-centro,2026-07-30,History,154,54,0,0,125,29,0.7,27593.71,179.18,51,0,0,0,262,2026-09-25
demo-costa,2026-07-30,History,74,26,0,0,63,11,0.5286,11500.54,155.41,24,0,0,0,126,2026-09-25
demo-centro,2026-07-31,History,180,63,0,0,141,39,0.8182,31919.47,177.33,59,0,0,0,306,2026-09-25
demo-costa,2026-07-31,History,85,30,0,0,64,21,0.6071,13521.8,159.08,28,0,0,0,144,2026-09-25
demo-centro,2026-08-01,History,184,64,0,0,140,44,0.8364,30558.83,166.08,61,0,0,0,313,2026-09-25
demo-costa,2026-08-01,History,77,27,0,0,62,15,0.55,12054.98,156.56,25,0,0,0,131,2026-09-25
demo-centro,2026-08-02,History,138,48,0,0,97,41,0.6273,24428.5,177.02,46,0,0,0,235,2026-09-25
demo-costa,2026-08-02,History,53,19,0,0,38,15,0.3786,8251.75,155.69,17,0,0,0,90,2026-09-25
demo-centro,2026-08-03,History,131,46,0,0,95,36,0.5955,23301.98,177.88,43,0,0,0,223,2026-09-25
demo-costa,2026-08-03,History,73,26,0,0,59,14,0.5214,10952.98,150.04,24,0,0,0,124,2026-09-25
demo-centro,2026-08-04,History,149,52,0,0,100,49,0.6773,24622.75,165.25,49,0,0,0,253,2026-09-25
demo-costa,2026-08-04,History,60,21,0,0,54,6,0.4286,9619.23,160.32,20,0,0,0,102,2026-09-25
demo-centro,2026-08-05,History,161,56,0,0,111,50,0.7318,29087.84,180.67,53,0,0,0,274,2026-09-25
demo-costa,2026-08-05,History,63,22,0,0,56,7,0.45,10057.85,159.65,21,0,0,0,107,2026-09-25
demo-centro,2026-08-06,History,139,49,0,0,102,37,0.6318,22831.36,164.25,46,0,0,0,236,2026-09-25
demo-costa,2026-08-06,History,59,21,0,0,51,8,0.4214,9181.22,155.61,19,0,0,0,100,2026-09-25
demo-centro,2026-08-07,History,166,58,0,0,142,24,0.7545,29489.43,177.65,55,0,0,0,282,2026-09-25
demo-costa,2026-08-07,History,67,23,0,0,53,14,0.4786,10300.93,153.75,22,0,0,0,114,2026-09-25
demo-centro,2026-08-08,History,184,64,0,0,133,51,0.8364,31468.33,171.02,61,0,0,0,313,2026-09-25
demo-costa,2026-08-08,History,70,24,0,0,59,11,0.5,10538.67,150.55,23,0,0,0,119,2026-09-25
demo-centro,2026-08-09,History,163,57,0,0,109,54,0.7409,29259.59,179.51,54,0,0,0,277,2026-09-25
demo-costa,2026-08-09,History,52,18,0,0,34,18,0.3714,8250.06,158.65,17,0,0,0,88,2026-09-25
demo-centro,2026-08-10,History,144,50,0,0,129,15,0.6545,24535.81,170.39,48,0,0,0,245,2026-09-25
demo-costa,2026-08-10,History,61,21,0,0,49,12,0.4357,9436.24,154.69,20,0,0,0,104,2026-09-25
demo-centro,2026-08-11,History,141,49,0,0,98,43,0.6409,24695.74,175.15,47,0,0,0,240,2026-09-25
demo-costa,2026-08-11,History,49,17,0,0,32,17,0.35,7419.01,151.41,16,0,0,0,83,2026-09-25
demo-centro,2026-08-12,History,143,50,0,0,105,38,0.65,24255.23,169.62,47,0,0,0,243,2026-09-25
demo-costa,2026-08-12,History,59,21,0,0,47,12,0.4214,9454.08,160.24,19,0,0,0,100,2026-09-25
demo-centro,2026-08-13,History,166,58,0,0,111,55,0.7545,28808.41,173.54,55,0,0,0,282,2026-09-25
demo-costa,2026-08-13,History,72,25,0,0,50,22,0.5143,10585.95,147.03,24,0,0,0,122,2026-09-25
demo-centro,2026-08-14,History,155,54,0,0,133,22,0.7045,27585.02,177.97,51,0,0,0,264,2026-09-25
demo-costa,2026-08-14,History,73,26,0,0,55,18,0.5214,10795.94,147.89,24,0,0,0,124,2026-09-25
demo-centro,2026-08-15,History,180,63,0,0,133,47,0.8182,31016.31,172.31,59,0,0,0,306,2026-09-25
demo-costa,2026-08-15,History,73,26,0,0,63,10,0.5214,11332.25,155.24,24,0,0,0,124,2026-09-25
demo-centro,2026-08-16,History,126,44,0,0,85,41,0.5727,22239.01,176.5,42,0,0,0,214,2026-09-25
demo-costa,2026-08-16,History,38,13,0,0,28,10,0.2714,6027.38,158.62,13,0,0,0,65,2026-09-25
demo-centro,2026-08-17,History,142,50,0,0,122,20,0.6455,24267.17,170.9,47,0,0,0,241,2026-09-25
demo-costa,2026-08-17,History,69,24,0,0,50,19,0.4929,10686.49,154.88,23,0,0,0,117,2026-09-25
demo-centro,2026-08-18,History,160,56,0,0,116,44,0.7273,28513.91,178.21,53,0,0,0,272,2026-09-25
demo-costa,2026-08-18,History,62,22,0,0,55,7,0.4429,9637.93,155.45,20,0,0,0,105,2026-09-25
demo-centro,2026-08-19,History,172,60,0,0,142,30,0.7818,29567.03,171.9,57,0,0,0,292,2026-09-25
demo-costa,2026-08-19,History,71,25,0,0,52,19,0.5071,11184.12,157.52,23,0,0,0,121,2026-09-25
demo-centro,2026-08-20,History,152,53,0,0,113,39,0.6909,26506.74,174.39,50,0,0,0,258,2026-09-25
demo-costa,2026-08-20,History,56,20,0,0,49,7,0.4,8619.71,153.92,18,0,0,0,95,2026-09-25
demo-centro,2026-08-21,History,154,54,0,0,116,38,0.7,25295.22,164.25,51,0,0,0,262,2026-09-25
demo-costa,2026-08-21,History,69,24,0,0,57,12,0.4929,10599.59,153.62,23,0,0,0,117,2026-09-25
demo-centro,2026-08-22,History,174,61,0,0,115,59,0.7909,31392.17,180.41,57,0,0,0,296,2026-09-25
demo-costa,2026-08-22,History,62,22,0,0,48,14,0.4429,9442.87,152.3,20,0,0,0,105,2026-09-25
demo-centro,2026-08-23,History,137,48,0,0,107,30,0.6227,22986.52,167.78,45,0,0,0,233,2026-09-25
demo-costa,2026-08-23,History,54,19,0,0,46,8,0.3857,8579.1,158.87,18,0,0,0,92,2026-09-25
demo-centro,2026-08-24,History,136,48,0,0,102,34,0.6182,23147.05,170.2,45,0,0,0,231,2026-09-25
demo-costa,2026-08-24,History,58,20,0,0,50,8,0.4143,9121.21,157.26,19,0,0,0,99,2026-09-25
demo-centro,2026-08-25,History,139,49,0,0,93,46,0.6318,24164.63,173.85,46,0,0,0,236,2026-09-25
demo-costa,2026-08-25,History,73,26,0,0,52,21,0.5214,11530.28,157.95,24,0,0,0,124,2026-09-25
demo-centro,2026-08-26,History,140,49,0,0,126,14,0.6364,23063.12,164.74,46,0,0,0,238,2026-09-25
demo-costa,2026-08-26,History,56,20,0,0,37,19,0.4,8242.28,147.18,18,0,0,0,95,2026-09-25
demo-centro,2026-08-27,History,155,54,0,0,114,41,0.7045,28018.85,180.77,51,0,0,0,264,2026-09-25
demo-costa,2026-08-27,History,58,20,0,0,48,10,0.4143,8606.51,148.39,19,0,0,0,99,2026-09-25
demo-centro,2026-08-28,History,169,59,0,0,138,31,0.7682,29702.27,175.75,56,0,0,0,287,2026-09-25
demo-costa,2026-08-28,History,60,21,0,0,43,17,0.4286,9176.2,152.94,20,0,0,0,102,2026-09-25
demo-centro,2026-08-29,History,170,59,0,0,115,55,0.7727,28068.78,165.11,56,0,0,0,289,2026-09-25
demo-costa,2026-08-29,History,73,26,0,0,51,22,0.5214,11600.82,158.92,24,0,0,0,124,2026-09-25
demo-centro,2026-08-30,History,139,49,0,0,95,44,0.6318,23335.8,167.88,46,0,0,0,236,2026-09-25
demo-costa,2026-08-30,History,57,20,0,0,42,15,0.4071,9133.27,160.23,19,0,0,0,97,2026-09-25
demo-centro,2026-08-31,History,137,48,0,0,109,28,0.6227,23571.56,172.06,45,0,0,0,233,2026-09-25
demo-costa,2026-08-31,History,65,23,0,0,56,9,0.4643,10257.36,157.81,21,0,0,0,110,2026-09-25
demo-centro,2026-09-01,History,178,62,0,0,127,51,0.8091,30305.0,170.25,59,0,0,0,303,2026-09-25
demo-costa,2026-09-01,History,73,26,0,0,58,15,0.5214,11224.89,153.77,24,0,0,0,124,2026-09-25
demo-centro,2026-09-02,History,180,63,0,0,135,45,0.8182,30479.27,169.33,59,0,0,0,306,2026-09-25
demo-costa,2026-09-02,History,75,26,0,0,53,22,0.5357,11909.15,158.79,25,0,0,0,128,2026-09-25
demo-centro,2026-09-03,History,176,62,0,0,154,22,0.8,31678.12,179.99,58,0,0,0,299,2026-09-25
demo-costa,2026-09-03,History,71,25,0,0,60,11,0.5071,11680.17,164.51,23,0,0,0,121,2026-09-25
demo-centro,2026-09-04,History,204,71,0,0,167,37,0.9273,36436.12,178.61,67,0,0,0,347,2026-09-25
demo-costa,2026-09-04,History,89,31,0,0,75,14,0.6357,14290.29,160.57,29,0,0,0,151,2026-09-25
demo-centro,2026-09-05,History,190,66,0,0,159,31,0.8636,34719.13,182.73,63,0,0,0,323,2026-09-25
demo-costa,2026-09-05,History,83,29,0,0,63,20,0.5929,12439.01,149.87,27,0,0,0,141,2026-09-25
demo-centro,2026-09-06,History,159,56,0,0,136,23,0.7227,26511.05,166.74,52,0,0,0,270,2026-09-25
demo-costa,2026-09-06,History,75,26,0,0,53,22,0.5357,12260.95,163.48,25,0,0,0,128,2026-09-25
demo-centro,2026-09-07,History,158,55,0,0,115,43,0.7182,28110.09,177.91,52,0,0,0,269,2026-09-25
demo-costa,2026-09-07,History,87,30,0,0,75,12,0.6214,14027.61,161.24,29,0,0,0,148,2026-09-25
demo-centro,2026-09-08,History,165,58,0,0,147,18,0.75,28091.59,170.25,54,0,0,0,280,2026-09-25
demo-costa,2026-09-08,History,77,27,0,0,56,21,0.55,12694.25,164.86,25,0,0,0,131,2026-09-25
demo-centro,2026-09-09,History,164,57,0,0,134,30,0.7455,27887.76,170.05,54,0,0,0,279,2026-09-25
demo-costa,2026-09-09,History,80,28,0,0,66,14,0.5714,12409.9,155.12,26,0,0,0,136,2026-09-25
demo-centro,2026-09-10,History,152,53,0,0,127,25,0.6909,26189.28,172.3,50,0,0,0,258,2026-09-25
demo-costa,2026-09-10,History,83,29,0,0,69,14,0.5929,12546.65,151.16,27,0,0,0,141,2026-09-25
demo-centro,2026-09-11,History,159,56,0,0,107,52,0.7227,26833.7,168.77,52,0,0,0,270,2026-09-25
demo-costa,2026-09-11,History,76,27,0,0,62,14,0.5429,12268.53,161.43,25,0,0,0,129,2026-09-25
demo-centro,2026-09-12,History,186,65,0,0,151,35,0.8455,32521.26,174.85,61,0,0,0,316,2026-09-25
demo-costa,2026-09-12,History,82,29,0,0,65,17,0.5857,13509.12,164.75,27,0,0,0,139,2026-09-25
demo-centro,2026-09-13,History,159,56,0,0,130,29,0.7227,29078.57,182.88,52,0,0,0,270,2026-09-25
demo-costa,2026-09-13,History,72,25,0,0,54,18,0.5143,11535.58,160.22,24,0,0,0,122,2026-09-25
demo-centro,2026-09-14,History,160,56,0,0,108,52,0.7273,27878.61,174.24,53,0,0,0,272,2026-09-25
demo-costa,2026-09-14,History,76,27,0,0,56,20,0.5429,12422.49,163.45,25,0,0,0,129,2026-09-25
demo-centro,2026-09-15,History,159,56,0,0,112,47,0.7227,27728.91,174.4,52,0,0,0,270,2026-09-25
demo-costa,2026-09-15,History,81,28,0,0,66,15,0.5786,13045.19,161.05,27,0,0,0,138,2026-09-25
demo-centro,2026-09-16,History,192,67,0,0,147,45,0.8727,34485.65,179.61,63,0,0,0,326,2026-09-25
demo-costa,2026-09-16,History,68,24,0,0,50,18,0.4857,11135.39,163.76,22,0,0,0,116,2026-09-25
demo-centro,2026-09-17,History,183,64,0,0,151,32,0.8318,33031.26,180.5,60,0,0,0,311,2026-09-25
demo-costa,2026-09-17,History,72,25,0,0,65,7,0.5143,11710.9,162.65,24,0,0,0,122,2026-09-25
demo-centro,2026-09-18,History,173,61,0,0,127,46,0.7864,31357.51,181.26,57,0,0,0,294,2026-09-25
demo-costa,2026-09-18,History,85,30,0,0,73,12,0.6071,12992.62,152.85,28,0,0,0,144,2026-09-25
demo-centro,2026-09-19,History,201,70,0,0,168,33,0.9136,36538.15,181.78,66,0,0,0,342,2026-09-25
demo-costa,2026-09-19,History,87,30,0,0,64,23,0.6214,14187.21,163.07,29,0,0,0,148,2026-09-25
demo-centro,2026-09-20,History,170,59,0,0,124,46,0.7727,28758.41,169.17,56,0,0,0,289,2026-09-25
demo-costa,2026-09-20,History,66,23,0,0,52,14,0.4714,10732.27,162.61,22,0,0,0,112,2026-09-25
demo-centro,2026-09-21,History,163,57,0,0,123,40,0.7409,29914.21,183.52,54,0,0,0,277,2026-09-25
demo-costa,2026-09-21,History,65,23,0,0,56,9,0.4643,10009.34,153.99,21,0,0,0,110,2026-09-25
demo-centro,2026-09-22,History,154,54,0,0,108,46,0.7,27628.73,179.41,51,0,0,0,262,2026-09-25
demo-costa,2026-09-22,History,81,28,0,0,58,23,0.5786,12517.82,154.54,27,0,0,0,138,2026-09-25
demo-centro,2026-09-23,History,155,54,0,0,134,21,0.7045,27112.8,174.92,51,0,0,0,264,2026-09-25
demo-costa,2026-09-23,History,81,28,0,0,65,16,0.5786,12443.76,153.63,27,0,0,0,138,2026-09-25
demo-centro,2026-09-24,History,169,59,0,0,112,57,0.7682,30926.42,183.0,56,0,0,0,287,2026-09-25
demo-costa,2026-09-24,History,85,30,0,0,65,20,0.6071,13850.72,162.95,28,0,0,0,144,2026-09-25
demo-centro,2026-09-25,Forecast,174,61,0,0,120,54,0.7909,30755.95,176.76,57,0,0,0,296,2026-09-25
demo-costa,2026-09-25,Forecast,80,28,0,0,70,10,0.5714,12808.77,160.11,26,0,0,0,136,2026-09-25
demo-centro,2026-09-26,Forecast,184,64,0,0,127,57,0.8364,33675.8,183.02,61,0,0,0,313,2026-09-25
demo-costa,2026-09-26,Forecast,93,33,0,0,81,12,0.6643,14322.7,154.01,31,0,0,0,158,2026-09-25
demo-centro,2026-09-27,Forecast,164,57,0,0,128,36,0.7455,28032.95,170.93,54,0,0,0,279,2026-09-25
demo-costa,2026-09-27,Forecast,65,23,0,0,45,20,0.4643,9791.57,150.64,21,0,0,0,110,2026-09-25
demo-centro,2026-09-28,Forecast,153,54,0,0,134,19,0.6955,26028.4,170.12,50,0,0,0,260,2026-09-25
demo-costa,2026-09-28,Forecast,80,28,0,0,62,18,0.5714,12870.37,160.88,26,0,0,0,136,2026-09-25
demo-centro,2026-09-29,Forecast,145,51,0,0,109,36,0.6591,26590.97,183.39,48,0,0,0,246,2026-09-25
demo-costa,2026-09-29,Forecast,81,28,0,0,71,10,0.5786,13183.8,162.76,27,0,0,0,138,2026-09-25
demo-centro,2026-09-30,Forecast,155,54,0,0,134,21,0.7045,26896.63,173.53,51,0,0,0,264,2026-09-25
demo-costa,2026-09-30,Forecast,78,27,0,0,53,25,0.5571,12423.03,159.27,26,0,0,0,133,2026-09-25
demo-centro,2026-10-01,Forecast,155,54,0,0,131,24,0.7045,27316.82,176.24,51,0,0,0,264,2026-09-25
demo-costa,2026-10-01,Forecast,85,30,0,0,75,10,0.6071,13775.69,162.07,28,0,0,0,144,2026-09-25
demo-centro,2026-10-02,Forecast,146,51,0,0,113,33,0.6636,26657.19,182.58,48,0,0,0,248,2026-09-25
demo-costa,2026-10-02,Forecast,88,31,0,0,65,23,0.6286,13727.69,156.0,29,0,0,0,150,2026-09-25
demo-centro,2026-10-03,Forecast,163,57,0,0,115,48,0.7409,27433.96,168.31,54,0,0,0,277,2026-09-25
demo-costa,2026-10-03,Forecast,90,31,0,0,75,15,0.6429,14225.69,158.06,30,0,0,0,153,2026-09-25
demo-centro,2026-10-04,Forecast,143,50,0,0,101,42,0.65,24057.77,168.24,47,0,0,0,243,2026-09-25
demo-costa,2026-10-04,Forecast,81,28,0,0,59,22,0.5786,13053.83,161.16,27,0,0,0,138,2026-09-25
demo-centro,2026-10-05,Forecast,156,55,0,0,132,24,0.7091,28260.44,181.16,51,0,0,0,265,2026-09-25
demo-costa,2026-10-05,Forecast,77,27,0,0,63,14,0.55,12060.42,156.63,25,0,0,0,131,2026-09-25
demo-centro,2026-10-06,Forecast,156,55,0,0,105,51,0.7091,27513.23,176.37,51,0,0,0,265,2026-09-25
demo-costa,2026-10-06,Forecast,73,26,0,0,55,18,0.5214,11506.26,157.62,24,0,0,0,124,2026-09-25
demo-centro,2026-10-07,Forecast,143,50,0,0,94,49,0.65,26179.85,183.08,47,0,0,0,243,2026-09-25
demo-costa,2026-10-07,Forecast,81,28,0,0,56,25,0.5786,13462.72,166.21,27,0,0,0,138,2026-09-25
demo-centro,2026-10-08,Forecast,158,55,0,0,121,37,0.7182,27654.01,175.03,52,0,0,0,269,2026-09-25
demo-costa,2026-10-08,Forecast,69,24,0,0,47,22,0.4929,10825.94,156.9,23,0,0,0,117,2026-09-25
demo-centro,2026-10-09,Forecast,159,56,0,0,113,46,0.7227,26587.45,167.22,52,0,0,0,270,2026-09-25
demo-costa,2026-10-09,Forecast,89,31,0,0,58,31,0.6357,13970.02,156.97,29,0,0,0,151,2026-09-25
demo-centro,2026-10-10,Forecast,167,58,0,0,112,55,0.7591,30418.7,182.15,55,0,0,0,284,2026-09-25
demo-costa,2026-10-10,Forecast,92,32,0,0,75,17,0.6571,14427.74,156.82,30,0,0,0,156,2026-09-25
demo-centro,2026-10-11,Forecast,135,47,0,0,97,38,0.6136,24026.54,177.97,45,0,0,0,230,2026-09-25
demo-costa,2026-10-11,Forecast,67,23,0,0,53,14,0.4786,10616.8,158.46,22,0,0,0,114,2026-09-25
demo-centro,2026-10-12,Forecast,138,48,0,0,108,30,0.6273,23519.07,170.43,46,0,0,0,235,2026-09-25
demo-costa,2026-10-12,Forecast,65,23,0,0,56,9,0.4643,10920.19,168.0,21,0,0,0,110,2026-09-25
demo-centro,2026-10-13,Forecast,149,52,0,0,117,32,0.6773,26526.37,178.03,49,0,0,0,253,2026-09-25
demo-costa,2026-10-13,Forecast,77,27,0,0,59,18,0.55,12842.64,166.79,25,0,0,0,131,2026-09-25
demo-centro,2026-10-14,Forecast,140,49,0,0,123,17,0.6364,23418.04,167.27,46,0,0,0,238,2026-09-25
demo-costa,2026-10-14,Forecast,75,26,0,0,50,25,0.5357,12575.56,167.67,25,0,0,0,128,2026-09-25
demo-centro,2026-10-15,Forecast,139,49,0,0,92,47,0.6318,25551.83,183.83,46,0,0,0,236,2026-09-25
demo-costa,2026-10-15,Forecast,68,24,0,0,55,13,0.4857,10728.11,157.77,22,0,0,0,116,2026-09-25
demo-centro,2026-10-16,Forecast,149,52,0,0,101,48,0.6773,27250.79,182.89,49,0,0,0,253,2026-09-25
demo-costa,2026-10-16,Forecast,78,27,0,0,68,10,0.5571,12780.39,163.85,26,0,0,0,133,2026-09-25
demo-centro,2026-10-17,Forecast,143,50,0,0,122,21,0.65,24124.79,168.7,47,0,0,0,243,2026-09-25
demo-costa,2026-10-17,Forecast,87,30,0,0,66,21,0.6214,14128.83,162.4,29,0,0,0,148,2026-09-25
demo-centro,2026-10-18,Forecast,120,42,0,0,99,21,0.5455,21215.04,176.79,40,0,0,0,204,2026-09-25
demo-costa,2026-10-18,Forecast,70,24,0,0,48,22,0.5,10908.63,155.84,23,0,0,0,119,2026-09-25
demo-centro,2026-10-19,Forecast,127,44,0,0,94,33,0.5773,22743.49,179.08,42,0,0,0,216,2026-09-25
demo-costa,2026-10-19,Forecast,76,27,0,0,52,24,0.5429,12376.76,162.85,25,0,0,0,129,2026-09-25
demo-centro,2026-10-20,Forecast,131,46,0,0,99,32,0.5955,24016.35,183.33,43,0,0,0,223,2026-09-25
demo-costa,2026-10-20,Forecast,71,25,0,0,55,16,0.5071,11579.46,163.09,23,0,0,0,121,2026-09-25
demo-centro,2026-10-21,Forecast,123,43,0,0,81,42,0.5591,21388.25,173.89,41,0,0,0,209,2026-09-25
demo-costa,2026-10-21,Forecast,60,21,0,0,52,8,0.4286,9547.73,159.13,20,0,0,0,102,2026-09-25
demo-centro,2026-10-22,Forecast,127,44,0,0,91,36,0.5773,23121.32,182.06,42,0,0,0,216,2026-09-25
demo-costa,2026-10-22,Forecast,70,24,0,0,47,23,0.5,11436.18,163.37,23,0,0,0,119,2026-09-25
demo-centro,2026-10-23,Forecast,147,51,0,0,120,27,0.6682,24830.83,168.92,49,0,0,0,250,2026-09-25
demo-costa,2026-10-23,Forecast,77,27,0,0,57,20,0.55,12553.74,163.04,25,0,0,0,131,2026-09-25
demo-centro,2026-10-24,Forecast,135,47,0,0,96,39,0.6136,24217.9,179.39,45,0,0,0,230,2026-09-25
demo-costa,2026-10-24,Forecast,74,26,0,0,66,8,0.5286,12050.27,162.84,24,0,0,0,126,2026-09-25
demo-centro,2026-10-25,Forecast,111,39,0,0,84,27,0.5045,20209.34,182.07,37,0,0,0,189,2026-09-25
demo-costa,2026-10-25,Forecast,60,21,0,0,40,20,0.4286,9644.56,160.74,20,0,0,0,102,2026-09-25
demo-centro,2026-10-26,Forecast,124,43,0,0,91,33,0.5636,22409.45,180.72,41,0,0,0,211,2026-09-25
demo-costa,2026-10-26,Forecast,62,22,0,0,46,16,0.4429,9469.78,152.74,20,0,0,0,105,2026-09-25
demo-centro,2026-10-27,Forecast,112,39,0,0,97,15,0.5091,19965.42,178.26,37,0,0,0,190,2026-09-25
demo-costa,2026-10-27,Forecast,67,23,0,0,50,17,0.4786,10320.65,154.04,22,0,0,0,114,2026-09-25
demo-centro,2026-10-28,Forecast,119,42,0,0,80,39,0.5409,20545.12,172.65,39,0,0,0,202,2026-09-25
demo-costa,2026-10-28,Forecast,55,19,0,0,36,19,0.3929,8586.93,156.13,18,0,0,0,94,2026-09-25
demo-centro,2026-10-29,Forecast,110,38,0,0,73,37,0.5,19056.89,173.24,36,0,0,0,187,2026-09-25
demo-costa,2026-10-29,Forecast,71,25,0,0,53,18,0.5071,11732.03,165.24,23,0,0,0,121,2026-09-25
demo-centro,2026-10-30,Forecast,126,44,0,0,89,37,0.5727,21748.39,172.61,42,0,0,0,214,2026-09-25
demo-costa,2026-10-30,Forecast,66,23,0,0,59,7,0.4714,10519.54,159.39,22,0,0,0,112,2026-09-25
demo-centro,2026-10-31,Forecast,117,41,0,0,77,40,0.5318,19819.7,169.4,39,0,0,0,199,2026-09-25
demo-costa,2026-10-31,Forecast,64,22,0,0,42,22,0.4571,10259.29,160.3,21,0,0,0,109,2026-09-25
demo-centro,2026-11-01,Forecast,107,37,0,0,72,35,0.4864,19422.27,181.52,35,0,0,0,182,2026-09-25
demo-costa,2026-11-01,Forecast,69,24,0,0,48,21,0.4929,11721.87,169.88,23,0,0,0,117,2026-09-25
demo-centro,2026-11-02,Forecast,99,35,0,0,75,24,0.45,17180.7,173.54,33,0,0,0,168,2026-09-25
demo-costa,2026-11-02,Forecast,67,23,0,0,57,10,0.4786,11464.69,171.11,22,0,0,0,114,2026-09-25
demo-centro,2026-11-03,Forecast,100,35,0,0,85,15,0.4545,18150.65,181.51,33,0,0,0,170,2026-09-25
demo-costa,2026-11-03,Forecast,54,19,0,0,42,12,0.3857,8540.36,158.15,18,0,0,0,92,2026-09-25
demo-centro,2026-11-04,Forecast,106,37,0,0,93,13,0.4818,18958.21,178.85,35,0,0,0,180,2026-09-25
demo-costa,2026-11-04,Forecast,68,24,0,0,54,14,0.4857,10608.55,156.01,22,0,0,0,116,2026-09-25
demo-centro,2026-11-05,Forecast,103,36,0,0,84,19,0.4682,17939.03,174.17,34,0,0,0,175,2026-09-25
demo-costa,2026-11-05,Forecast,60,21,0,0,53,7,0.4286,10278.88,171.31,20,0,0,0,102,2026-09-25
demo-centro,2026-11-06,Forecast,110,38,0,0,89,21,0.5,19300.32,175.46,36,0,0,0,187,2026-09-25
demo-costa,2026-11-06,Forecast,66,23,0,0,55,11,0.4714,10569.65,160.15,22,0,0,0,112,2026-09-25
demo-centro,2026-11-07,Forecast,122,43,0,0,82,40,0.5545,20642.98,169.2,40,0,0,0,207,2026-09-25
demo-costa,2026-11-07,Forecast,68,24,0,0,50,18,0.4857,11567.26,170.11,22,0,0,0,116,2026-09-25
demo-centro,2026-11-08,Forecast,90,31,0,0,62,28,0.4091,15524.8,172.5,30,0,0,0,153,2026-09-25
demo-costa,2026-11-08,Forecast,57,20,0,0,40,17,0.4071,9161.11,160.72,19,0,0,0,97,2026-09-25
demo-centro,2026-11-09,Forecast,82,29,0,0,66,16,0.3727,13692.42,166.98,27,0,0,0,139,2026-09-25
demo-costa,2026-11-09,Forecast,57,20,0,0,44,13,0.4071,9210.05,161.58,19,0,0,0,97,2026-09-25
demo-centro,2026-11-10,Forecast,86,30,0,0,62,24,0.3909,15721.11,182.8,28,0,0,0,146,2026-09-25
demo-costa,2026-11-10,Forecast,57,20,0,0,37,20,0.4071,9592.21,168.28,19,0,0,0,97,2026-09-25
demo-centro,2026-11-11,Forecast,101,35,0,0,66,35,0.4591,18091.2,179.12,33,0,0,0,172,2026-09-25
demo-costa,2026-11-11,Forecast,59,21,0,0,43,16,0.4214,10003.17,169.55,19,0,0,0,100,2026-09-25
demo-centro,2026-11-12,Forecast,85,30,0,0,59,26,0.3864,15150.85,178.25,28,0,0,0,144,2026-09-25
demo-costa,2026-11-12,Forecast,52,18,0,0,44,8,0.3714,8382.18,161.2,17,0,0,0,88,2026-09-25
demo-centro,2026-11-13,Forecast,96,34,0,0,86,10,0.4364,17497.79,182.27,32,0,0,0,163,2026-09-25
demo-costa,2026-11-13,Forecast,62,22,0,0,52,10,0.4429,9682.41,156.17,20,0,0,0,105,2026-09-25
demo-centro,2026-11-14,Forecast,97,34,0,0,87,10,0.4409,17678.0,182.25,32,0,0,0,165,2026-09-25
demo-costa,2026-11-14,Forecast,61,21,0,0,52,9,0.4357,10384.61,170.24,20,0,0,0,104,2026-09-25
demo-centro,2026-11-15,Forecast,73,26,0,0,64,9,0.3318,13347.93,182.85,24,0,0,0,124,2026-09-25
demo-costa,2026-11-15,Forecast,56,20,0,0,48,8,0.4,9106.57,162.62,18,0,0,0,95,2026-09-25
demo-centro,2026-11-16,Forecast,79,28,0,0,70,9,0.3591,13233.76,167.52,26,0,0,0,134,2026-09-25
demo-costa,2026-11-16,Forecast,55,19,0,0,48,7,0.3929,9384.4,170.63,18,0,0,0,94,2026-09-25
demo-centro,2026-11-17,Forecast,93,33,0,0,69,24,0.4227,16074.31,172.84,31,0,0,0,158,2026-09-25
demo-costa,2026-11-17,Forecast,52,18,0,0,41,11,0.3714,8224.81,158.17,17,0,0,0,88,2026-09-25
demo-centro,2026-11-18,Forecast,88,31,0,0,59,29,0.4,15629.28,177.61,29,0,0,0,150,2026-09-25
demo-costa,2026-11-18,Forecast,52,18,0,0,37,15,0.3714,8337.26,160.33,17,0,0,0,88,2026-09-25
demo-centro,2026-11-19,Forecast,79,28,0,0,71,8,0.3591,13702.46,173.45,26,0,0,0,134,2026-09-25
demo-costa,2026-11-19,Forecast,50,18,0,0,44,6,0.3571,8131.33,162.63,16,0,0,0,85,2026-09-25
demo-centro,2026-11-20,Forecast,97,34,0,0,65,32,0.4409,16989.96,175.15,32,0,0,0,165,2026-09-25
demo-costa,2026-11-20,Forecast,51,18,0,0,43,8,0.3643,7952.69,155.94,17,0,0,0,87,2026-09-25
demo-centro,2026-11-21,Forecast,91,32,0,0,62,29,0.4136,15536.97,170.74,30,0,0,0,155,2026-09-25
demo-costa,2026-11-21,Forecast,54,19,0,0,37,17,0.3857,8415.05,155.83,18,0,0,0,92,2026-09-25
demo-centro,2026-11-22,Forecast,68,24,0,0,58,10,0.3091,11545.07,169.78,22,0,0,0,116,2026-09-25
demo-costa,2026-11-22,Forecast,48,17,0,0,42,6,0.3429,7464.72,155.52,16,0,0,0,82,2026-09-25
demo-centro,2026-11-23,Forecast,69,24,0,0,56,13,0.3136,12162.13,176.26,23,0,0,0,117,2026-09-25
demo-costa,2026-11-23,Forecast,46,16,0,0,41,5,0.3286,7213.45,156.81,15,0,0,0,78,2026-09-25
demo-centro,2026-11-24,Forecast,66,23,0,0,48,18,0.3,11875.11,179.93,22,0,0,0,112,2026-09-25
demo-costa,2026-11-24,Forecast,48,17,0,0,35,13,0.3429,8144.7,169.68,16,0,0,0,82,2026-09-25
demo-centro,2026-11-25,Forecast,61,21,0,0,55,6,0.2773,10554.76,173.03,20,0,0,0,104,2026-09-25
demo-costa,2026-11-25,Forecast,45,16,0,0,30,15,0.3214,7538.44,167.52,15,0,0,0,76,2026-09-25
demo-centro,2026-11-26,Forecast,65,23,0,0,48,17,0.2955,10939.54,168.3,21,0,0,0,110,2026-09-25
demo-costa,2026-11-26,Forecast,45,16,0,0,39,6,0.3214,7213.05,160.29,15,0,0,0,76,2026-09-25
demo-centro,2026-11-27,Forecast,82,29,0,0,71,11,0.3727,14409.12,175.72,27,0,0,0,139,2026-09-25
demo-costa,2026-11-27,Forecast,42,15,0,0,30,12,0.3,6653.98,158.43,14,0,0,0,71,2026-09-25
demo-centro,2026-11-28,Forecast,73,26,0,0,54,19,0.3318,12505.51,171.31,24,0,0,0,124,2026-09-25
demo-costa,2026-11-28,Forecast,47,16,0,0,42,5,0.3357,7993.8,170.08,16,0,0,0,80,2026-09-25
demo-centro,2026-11-29,Forecast,63,22,0,0,44,19,0.2864,10669.46,169.36,21,0,0,0,107,2026-09-25
demo-costa,2026-11-29,Forecast,37,13,0,0,31,6,0.2643,5859.44,158.36,12,0,0,0,63,2026-09-25
demo-centro,2026-11-30,Forecast,65,23,0,0,55,10,0.2955,11158.34,171.67,21,0,0,0,110,2026-09-25
demo-costa,2026-11-30,Forecast,44,15,0,0,31,13,0.3143,7096.9,161.29,15,0,0,0,75,2026-09-25
