fecha,hotel_id,pais,iso2,huespedes
2024-01-01,hotel-demo-1,Argentina,AR,55
2024-01-01,hotel-demo-1,Brasil,BR,13
2024-01-01,hotel-demo-1,Chile,CL,6
2024-01-01,hotel-demo-1,Uruguay,UY,7
2024-01-01,hotel-demo-1,Estados Unidos,US,6
2024-01-01,hotel-demo-1,España,ES,4
2024-01-01,hotel-demo-1,Alemania,DE,3
2024-01-01,hotel-demo-1,Francia,FR,2
2024-01-01,hotel-demo-1,México,MX,28
2024-01-01,hotel-demo-2,Argentina,AR,60
2024-01-01,hotel-demo-2,Brasil,BR,22
2024-01-01,hotel-demo-2,Chile,CL,7
2024-01-01,hotel-demo-2,Uruguay,UY,5
2024-01-01,hotel-demo-2,Estados Unidos,US,5
2024-01-01,hotel-demo-2,España,ES,4
2024-01-01,hotel-demo-2,Alemania,DE,3
2024-01-01,hotel-demo-2,Francia,FR,2
2024-01-01,hotel-demo-2,México,MX,13
2024-01-02,hotel-demo-1,Argentina,AR,58
2024-01-02,hotel-demo-1,Brasil,BR,20
2024-01-02,hotel-demo-1,Chile,CL,9
2024-01-02,hotel-demo-1,Uruguay,UY,8
2024-01-02,hotel-demo-1,Estados Unidos,US,8
2024-01-02,hotel-demo-1,España,ES,5
2024-01-02,hotel-demo-1,Alemania,DE,2
2024-01-02,hotel-demo-1,Francia,FR,2
2024-01-02,hotel-demo-1,México,MX,15
2024-01-02,hotel-demo-2,Argentina,AR,76
2024-01-02,hotel-demo-2,Brasil,BR,16
2024-01-02,hotel-demo-2,Chile,CL,6
2024-01-02,hotel-demo-2,Uruguay,UY,6
2024-01-02,hotel-demo-2,Estados Unidos,US,5
2024-01-02,hotel-demo-2,España,ES,4
2024-01-03,hotel-demo-1,Argentina,AR,81
2024-01-03,hotel-demo-1,Brasil,BR,13
2024-01-03,hotel-demo-1,Chile,CL,7
2024-01-03,hotel-demo-1,Uruguay,UY,5
2024-01-03,hotel-demo-1,Estados Unidos,US,1
2024-01-03,hotel-demo-2,Argentina,AR,57
2024-01-03,hotel-demo-2,Brasil,BR,16
2024-01-03,hotel-demo-2,Chile,CL,8
2024-01-03,hotel-demo-2,Uruguay,UY,7
2024-01-03,hotel-demo-2,Estados Unidos,US,5
2024-01-03,hotel-demo-2,España,ES,3
2024-01-03,hotel-demo-2,Alemania,DE,3
2024-01-03,hotel-demo-2,Francia,FR,2
2024-01-03,hotel-demo-2,México,MX,17
2024-01-04,hotel-demo-1,Argentina,AR,61
2024-01-04,hotel-demo-1,Brasil,BR,12
2024-01-04,hotel-demo-1,Chile,CL,6
2024-01-04,hotel-demo-1,Uruguay,UY,4
2024-01-04,hotel-demo-1,Estados Unidos,US,5
2024-01-04,hotel-demo-1,España,ES,3
2024-01-04,hotel-demo-1,Alemania,DE,2
2024-01-04,hotel-demo-1,Francia,FR,2
2024-01-04,hotel-demo-1,México,MX,2
2024-01-04,hotel-demo-2,Argentina,AR,69
2024-01-04,hotel-demo-2,Brasil,BR,13
2024-01-04,hotel-demo-2,Chile,CL,6
2024-01-04,hotel-demo-2,Uruguay,UY,4
2024-01-04,hotel-demo-2,Estados Unidos,US,7
2024-01-04,hotel-demo-2,España,ES,4
2024-01-04,hotel-demo-2,Alemania,DE,3
2024-01-04,hotel-demo-2,Francia,FR,2
2024-01-04,hotel-demo-2,México,MX,2
2024-01-05,hotel-demo-1,Argentina,AR,55
2024-01-05,hotel-demo-1,Brasil,BR,16
2024-01-05,hotel-demo-1,Chile,CL,5
2024-01-05,hotel-demo-1,Uruguay,UY,7
2024-01-05,hotel-demo-1,Estados Unidos,US,7
2024-01-05,hotel-demo-1,España,ES,3
2024-01-05,hotel-demo-1,Alemania,DE,2
2024-01-05,hotel-demo-1,Francia,FR,2
2024-01-05,hotel-demo-1,México,MX,20
2024-01-05,hotel-demo-2,Argentina,AR,92
2024-01-05,hotel-demo-2,Brasil,BR,17
2024-01-05,hotel-demo-2,Chile,CL,9
2024-01-05,hotel-demo-2,Uruguay,UY,6
2024-01-05,hotel-demo-2,Estados Unidos,US,7
2024-01-06,hotel-demo-1,Argentina,AR,64
2024-01-06,hotel-demo-1,Brasil,BR,16
2024-01-06,hotel-demo-1,Chile,CL,9
2024-01-06,hotel-demo-1,Uruguay,UY,6
2024-01-06,hotel-demo-1,Estados Unidos,US,5
2024-01-06,hotel-demo-1,España,ES,5
2024-01-06,hotel-demo-1,Alemania,DE,3
2024-01-06,hotel-demo-1,Francia,FR,2
2024-01-06,hotel-demo-1,México,MX,28
2024-01-06,hotel-demo-2,Argentina,AR,82
2024-01-06,hotel-demo-2,Brasil,BR,18
2024-01-06,hotel-demo-2,Chile,CL,9
2024-01-06,hotel-demo-2,Uruguay,UY,4
2024-01-06,hotel-demo-2,Estados Unidos,US,3
2024-01-07,hotel-demo-1,Argentina,AR,50
2024-01-07,hotel-demo-1,Brasil,BR,16
2024-01-07,hotel-demo-1,Chile,CL,7
2024-01-07,hotel-demo-1,Uruguay,UY,4
2024-01-07,hotel-demo-1,Estados Unidos,US,4
2024-01-07,hotel-demo-1,España,ES,4
2024-01-07,hotel-demo-1,Alemania,DE,2
2024-01-07,hotel-demo-1,Francia,FR,2
2024-01-07,hotel-demo-1,México,MX,17
2024-01-07,hotel-demo-2,Argentina,AR,79
2024-01-07,hotel-demo-2,Brasil,BR,15
2024-01-07,hotel-demo-2,Chile,CL,6
2024-01-07,hotel-demo-2,Uruguay,UY,7
2024-01-07,hotel-demo-2,Estados Unidos,US,2
2024-01-08,hotel-demo-1,Argentina,AR,63
2024-01-08,hotel-demo-1,Brasil,BR,10
2024-01-08,hotel-demo-1,Chile,CL,6
2024-01-08,hotel-demo-1,Uruguay,UY,6
2024-01-08,hotel-demo-1,Estados Unidos,US,4
2024-01-08,hotel-demo-1,España,ES,2
2024-01-08,hotel-demo-1,Alemania,DE,2
2024-01-08,hotel-demo-1,Francia,FR,1
2024-01-08,hotel-demo-1,México,MX,6
2024-01-08,hotel-demo-2,Argentina,AR,89
2024-01-08,hotel-demo-2,Brasil,BR,13
2024-01-08,hotel-demo-2,Chile,CL,8
2024-01-08,hotel-demo-2,Uruguay,UY,4
2024-01-09,hotel-demo-1,Argentina,AR,68
2024-01-09,hotel-demo-1,Brasil,BR,13
2024-01-09,hotel-demo-1,Chile,CL,6
2024-01-09,hotel-demo-1,Uruguay,UY,5
2024-01-09,hotel-demo-1,Estados Unidos,US,6
2024-01-09,hotel-demo-1,España,ES,4
2024-01-09,hotel-demo-1,Alemania,DE,2
2024-01-09,hotel-demo-1,Francia,FR,2
2024-01-09,hotel-demo-1,México,MX,15
2024-01-09,hotel-demo-2,Argentina,AR,54
2024-01-09,hotel-demo-2,Brasil,BR,12
2024-01-09,hotel-demo-2,Chile,CL,7
2024-01-09,hotel-demo-2,Uruguay,UY,5
2024-01-09,hotel-demo-2,Estados Unidos,US,6
2024-01-09,hotel-demo-2,España,ES,4
2024-01-09,hotel-demo-2,Alemania,DE,2
2024-01-09,hotel-demo-2,Francia,FR,2
2024-01-09,hotel-demo-2,México,MX,22
2024-01-10,hotel-demo-1,Argentina,AR,57
2024-01-10,hotel-demo-1,Brasil,BR,17
2024-01-10,hotel-demo-1,Chile,CL,7
2024-01-10,hotel-demo-1,Uruguay,UY,5
2024-01-10,hotel-demo-1,Estados Unidos,US,4
2024-01-10,hotel-demo-1,España,ES,2
2024-01-10,hotel-demo-1,Alemania,DE,3
2024-01-10,hotel-demo-1,Francia,FR,2
2024-01-10,hotel-demo-1,México,MX,10
2024-01-10,hotel-demo-2,Argentina,AR,89
2024-01-10,hotel-demo-2,Brasil,BR,20
2024-01-10,hotel-demo-2,Chile,CL,5
2024-01-11,hotel-demo-1,Argentina,AR,76
2024-01-11,hotel-demo-1,Brasil,BR,27
2024-01-11,hotel-demo-1,Chile,CL,11
2024-01-11,hotel-demo-1,Uruguay,UY,7
2024-01-11,hotel-demo-1,Estados Unidos,US,8
2024-01-11,hotel-demo-1,España,ES,5
2024-01-11,hotel-demo-1,Alemania,DE,3
2024-01-11,hotel-demo-1,Francia,FR,2
2024-01-11,hotel-demo-1,México,MX,12
2024-01-11,hotel-demo-2,Argentina,AR,72
2024-01-11,hotel-demo-2,Brasil,BR,17
2024-01-11,hotel-demo-2,Chile,CL,5
2024-01-11,hotel-demo-2,Uruguay,UY,4
2024-01-12,hotel-demo-1,Argentina,AR,53
2024-01-12,hotel-demo-1,Brasil,BR,18
2024-01-12,hotel-demo-1,Chile,CL,6
2024-01-12,hotel-demo-1,Uruguay,UY,7
2024-01-12,hotel-demo-1,Estados Unidos,US,6
2024-01-12,hotel-demo-1,España,ES,5
2024-01-12,hotel-demo-1,Alemania,DE,2
2024-01-12,hotel-demo-1,Francia,FR,2
2024-01-12,hotel-demo-1,México,MX,20
2024-01-12,hotel-demo-2,Argentina,AR,92
2024-01-12,hotel-demo-2,Brasil,BR,20
2024-01-12,hotel-demo-2,Chile,CL,7
2024-01-12,hotel-demo-2,Uruguay,UY,5
2024-01-12,hotel-demo-2,Estados Unidos,US,6
2024-01-13,hotel-demo-1,Argentina,AR,78
2024-01-13,hotel-demo-1,Brasil,BR,22
2024-01-13,hotel-demo-1,Chile,CL,7
2024-01-13,hotel-demo-1,Uruguay,UY,7
2024-01-13,hotel-demo-1,Estados Unidos,US,6
2024-01-13,hotel-demo-1,España,ES,5
2024-01-13,hotel-demo-1,Alemania,DE,2
2024-01-13,hotel-demo-1,Francia,FR,2
2024-01-13,hotel-demo-1,México,MX,6
2024-01-13,hotel-demo-2,Argentina,AR,95
2024-01-13,hotel-demo-2,Brasil,BR,19
2024-01-13,hotel-demo-2,Chile,CL,6
2024-01-14,hotel-demo-1,Argentina,AR,88
2024-01-14,hotel-demo-1,Brasil,BR,17
2024-01-14,hotel-demo-1,Chile,CL,8
2024-01-14,hotel-demo-1,Uruguay,UY,2
2024-01-14,hotel-demo-2,Argentina,AR,92
2024-01-14,hotel-demo-2,Brasil,BR,13
2024-01-14,hotel-demo-2,Chile,CL,6
2024-01-14,hotel-demo-2,Uruguay,UY,6
2024-01-14,hotel-demo-2,Estados Unidos,US,2
2024-01-15,hotel-demo-1,Argentina,AR,66
2024-01-15,hotel-demo-1,Brasil,BR,16
2024-01-15,hotel-demo-1,Chile,CL,5
2024-01-15,hotel-demo-1,Uruguay,UY,5
2024-01-15,hotel-demo-2,Argentina,AR,77
2024-01-15,hotel-demo-2,Brasil,BR,11
2024-01-15,hotel-demo-2,Chile,CL,6
2024-01-15,hotel-demo-2,Uruguay,UY,6
2024-01-15,hotel-demo-2,Estados Unidos,US,5
2024-01-15,hotel-demo-2,España,ES,3
2024-01-15,hotel-demo-2,Alemania,DE,2
2024-01-15,hotel-demo-2,Francia,FR,1
2024-01-16,hotel-demo-1,Argentina,AR,64
2024-01-16,hotel-demo-1,Brasil,BR,17
2024-01-16,hotel-demo-1,Chile,CL,7
2024-01-16,hotel-demo-1,Uruguay,UY,6
2024-01-16,hotel-demo-1,Estados Unidos,US,4
2024-01-16,hotel-demo-1,España,ES,3
2024-01-16,hotel-demo-1,Alemania,DE,2
2024-01-16,hotel-demo-1,Francia,FR,1
2024-01-16,hotel-demo-1,México,MX,4
2024-01-16,hotel-demo-2,Argentina,AR,76
2024-01-16,hotel-demo-2,Brasil,BR,21
2024-01-16,hotel-demo-2,Chile,CL,8
2024-01-16,hotel-demo-2,Uruguay,UY,7
2024-01-16,hotel-demo-2,Estados Unidos,US,5
2024-01-16,hotel-demo-2,España,ES,3
2024-01-17,hotel-demo-1,Argentina,AR,58
2024-01-17,hotel-demo-1,Brasil,BR,12
2024-01-17,hotel-demo-1,Chile,CL,8
2024-01-17,hotel-demo-1,Uruguay,UY,8
2024-01-17,hotel-demo-1,Estados Unidos,US,6
2024-01-17,hotel-demo-1,España,ES,4
2024-01-17,hotel-demo-1,Alemania,DE,3
2024-01-17,hotel-demo-1,Francia,FR,2
2024-01-17,hotel-demo-1,México,MX,23
2024-01-17,hotel-demo-2,Argentina,AR,71
2024-01-17,hotel-demo-2,Brasil,BR,13
2024-01-17,hotel-demo-2,Chile,CL,7
2024-01-17,hotel-demo-2,Uruguay,UY,6
2024-01-17,hotel-demo-2,Estados Unidos,US,4
2024-01-17,hotel-demo-2,España,ES,4
2024-01-17,hotel-demo-2,Alemania,DE,3
2024-01-17,hotel-demo-2,Francia,FR,1
2024-01-17,hotel-demo-2,México,MX,2
2024-01-18,hotel-demo-1,Argentina,AR,73
2024-01-18,hotel-demo-1,Brasil,BR,21
2024-01-18,hotel-demo-1,Chile,CL,10
2024-01-18,hotel-demo-1,Uruguay,UY,6
2024-01-18,hotel-demo-1,Estados Unidos,US,8
2024-01-18,hotel-demo-1,España,ES,4
2024-01-18,hotel-demo-1,Alemania,DE,3
2024-01-18,hotel-demo-1,Francia,FR,3
2024-01-18,hotel-demo-1,México,MX,16
2024-01-18,hotel-demo-2,Argentina,AR,72
2024-01-18,hotel-demo-2,Brasil,BR,16
2024-01-18,hotel-demo-2,Chile,CL,4
2024-01-18,hotel-demo-2,Uruguay,UY,4
2024-01-19,hotel-demo-1,Argentina,AR,72
2024-01-19,hotel-demo-1,Brasil,BR,15
2024-01-19,hotel-demo-1,Chile,CL,10
2024-01-19,hotel-demo-1,Uruguay,UY,6
2024-01-19,hotel-demo-1,Estados Unidos,US,6
2024-01-19,hotel-demo-1,España,ES,4
2024-01-19,hotel-demo-1,Alemania,DE,3
2024-01-19,hotel-demo-1,Francia,FR,2
2024-01-19,hotel-demo-1,México,MX,12
2024-01-19,hotel-demo-2,Argentina,AR,81
2024-01-19,hotel-demo-2,Brasil,BR,17
2024-01-19,hotel-demo-2,Chile,CL,6
2024-01-19,hotel-demo-2,Uruguay,UY,3
2024-01-20,hotel-demo-1,Argentina,AR,75
2024-01-20,hotel-demo-1,Brasil,BR,19
2024-01-20,hotel-demo-1,Chile,CL,7
2024-01-20,hotel-demo-1,Uruguay,UY,9
2024-01-20,hotel-demo-1,Estados Unidos,US,7
2024-01-20,hotel-demo-1,España,ES,4
2024-01-20,hotel-demo-1,Alemania,DE,3
2024-01-20,hotel-demo-1,Francia,FR,2
2024-01-20,hotel-demo-1,México,MX,6
2024-01-20,hotel-demo-2,Argentina,AR,62
2024-01-20,hotel-demo-2,Brasil,BR,17
2024-01-20,hotel-demo-2,Chile,CL,8
2024-01-20,hotel-demo-2,Uruguay,UY,8
2024-01-20,hotel-demo-2,Estados Unidos,US,6
2024-01-20,hotel-demo-2,España,ES,3
2024-01-20,hotel-demo-2,Alemania,DE,2
2024-01-20,hotel-demo-2,Francia,FR,1
2024-01-20,hotel-demo-2,México,MX,14
2024-01-21,hotel-demo-1,Argentina,AR,68
2024-01-21,hotel-demo-1,Brasil,BR,16
2024-01-21,hotel-demo-1,Chile,CL,5
2024-01-21,hotel-demo-1,Uruguay,UY,4
2024-01-21,hotel-demo-1,Estados Unidos,US,4
2024-01-21,hotel-demo-1,España,ES,3
2024-01-21,hotel-demo-1,Alemania,DE,2
2024-01-21,hotel-demo-2,Argentina,AR,50
2024-01-21,hotel-demo-2,Brasil,BR,12
2024-01-21,hotel-demo-2,Chile,CL,7
2024-01-21,hotel-demo-2,Uruguay,UY,5
2024-01-21,hotel-demo-2,Estados Unidos,US,7
2024-01-21,hotel-demo-2,España,ES,3
2024-01-21,hotel-demo-2,Alemania,DE,3
2024-01-21,hotel-demo-2,Francia,FR,2
2024-01-21,hotel-demo-2,México,MX,21
2024-01-22,hotel-demo-1,Argentina,AR,56
2024-01-22,hotel-demo-1,Brasil,BR,22
2024-01-22,hotel-demo-1,Chile,CL,6
2024-01-22,hotel-demo-1,Uruguay,UY,7
2024-01-22,hotel-demo-1,Estados Unidos,US,7
2024-01-22,hotel-demo-1,España,ES,3
2024-01-22,hotel-demo-1,Alemania,DE,2
2024-01-22,hotel-demo-1,Francia,FR,2
2024-01-22,hotel-demo-1,México,MX,17
2024-01-22,hotel-demo-2,Argentina,AR,77
2024-01-22,hotel-demo-2,Brasil,BR,17
2024-01-22,hotel-demo-2,Chile,CL,6
2024-01-22,hotel-demo-2,Uruguay,UY,6
2024-01-22,hotel-demo-2,Estados Unidos,US,4
2024-01-23,hotel-demo-1,Argentina,AR,78
2024-01-23,hotel-demo-1,Brasil,BR,20
2024-01-23,hotel-demo-1,Chile,CL,9
2024-01-23,hotel-demo-1,Uruguay,UY,6
2024-01-23,hotel-demo-1,Estados Unidos,US,6
2024-01-23,hotel-demo-2,Argentina,AR,51
2024-01-23,hotel-demo-2,Brasil,BR,19
2024-01-23,hotel-demo-2,Chile,CL,8
2024-01-23,hotel-demo-2,Uruguay,UY,6
2024-01-23,hotel-demo-2,Estados Unidos,US,7
2024-01-23,hotel-demo-2,España,ES,4
2024-01-23,hotel-demo-2,Alemania,DE,2
2024-01-23,hotel-demo-2,Francia,FR,1
2024-01-23,hotel-demo-2,México,MX,11
2024-01-24,hotel-demo-1,Argentina,AR,122
2024-01-24,hotel-demo-1,Brasil,BR,21
2024-01-24,hotel-demo-1,Chile,CL,9
2024-01-24,hotel-demo-1,Uruguay,UY,1
2024-01-24,hotel-demo-2,Argentina,AR,66
2024-01-24,hotel-demo-2,Brasil,BR,16
2024-01-24,hotel-demo-2,Chile,CL,9
2024-01-24,hotel-demo-2,Uruguay,UY,6
2024-01-24,hotel-demo-2,Estados Unidos,US,6
2024-01-24,hotel-demo-2,España,ES,3
2024-01-24,hotel-demo-2,Alemania,DE,2
2024-01-24,hotel-demo-2,Francia,FR,2
2024-01-24,hotel-demo-2,México,MX,3
2024-01-25,hotel-demo-1,Argentina,AR,96
2024-01-25,hotel-demo-1,Brasil,BR,18
2024-01-25,hotel-demo-1,Chile,CL,6
2024-01-25,hotel-demo-2,Argentina,AR,58
2024-01-25,hotel-demo-2,Brasil,BR,18
2024-01-25,hotel-demo-2,Chile,CL,8
2024-01-25,hotel-demo-2,Uruguay,UY,5
2024-01-25,hotel-demo-2,Estados Unidos,US,6
2024-01-25,hotel-demo-2,España,ES,3
2024-01-25,hotel-demo-2,Alemania,DE,3
2024-01-25,hotel-demo-2,Francia,FR,2
2024-01-25,hotel-demo-2,México,MX,5
2024-01-26,hotel-demo-1,Argentina,AR,113
2024-01-26,hotel-demo-1,Brasil,BR,27
2024-01-26,hotel-demo-1,Chile,CL,10
2024-01-26,hotel-demo-1,Uruguay,UY,9
2024-01-26,hotel-demo-1,Estados Unidos,US,2
2024-01-26,hotel-demo-2,Argentina,AR,96
2024-01-26,hotel-demo-2,Brasil,BR,17
2024-01-26,hotel-demo-2,Chile,CL,7
2024-01-26,hotel-demo-2,Uruguay,UY,6
2024-01-26,hotel-demo-2,Estados Unidos,US,2
2024-01-27,hotel-demo-1,Argentina,AR,93
2024-01-27,hotel-demo-1,Brasil,BR,12
2024-01-27,hotel-demo-1,Chile,CL,6
2024-01-27,hotel-demo-1,Uruguay,UY,7
2024-01-27,hotel-demo-1,Estados Unidos,US,2
2024-01-27,hotel-demo-2,Argentina,AR,68
2024-01-27,hotel-demo-2,Brasil,BR,20
2024-01-27,hotel-demo-2,Chile,CL,9
2024-01-27,hotel-demo-2,Uruguay,UY,8
2024-01-27,hotel-demo-2,Estados Unidos,US,4
2024-01-27,hotel-demo-2,España,ES,3
2024-01-27,hotel-demo-2,Alemania,DE,3
2024-01-27,hotel-demo-2,Francia,FR,2
2024-01-27,hotel-demo-2,México,MX,7
2024-01-28,hotel-demo-1,Argentina,AR,52
2024-01-28,hotel-demo-1,Brasil,BR,15
2024-01-28,hotel-demo-1,Chile,CL,5
2024-01-28,hotel-demo-1,Uruguay,UY,5
2024-01-28,hotel-demo-1,Estados Unidos,US,6
2024-01-28,hotel-demo-1,España,ES,3
2024-01-28,hotel-demo-1,Alemania,DE,2
2024-01-28,hotel-demo-1,Francia,FR,2
2024-01-28,hotel-demo-1,México,MX,28
2024-01-28,hotel-demo-2,Argentina,AR,54
2024-01-28,hotel-demo-2,Brasil,BR,15
2024-01-28,hotel-demo-2,Chile,CL,6
2024-01-28,hotel-demo-2,Uruguay,UY,5
2024-01-28,hotel-demo-2,Estados Unidos,US,4
2024-01-28,hotel-demo-2,España,ES,4
2024-01-28,hotel-demo-2,Alemania,DE,3
2024-01-28,hotel-demo-2,Francia,FR,2
2024-01-28,hotel-demo-2,México,MX,18
2024-01-29,hotel-demo-1,Argentina,AR,106
2024-01-29,hotel-demo-1,Brasil,BR,22
2024-01-29,hotel-demo-1,Chile,CL,4
2024-01-29,hotel-demo-2,Argentina,AR,77
2024-01-29,hotel-demo-2,Brasil,BR,22
2024-01-29,hotel-demo-2,Chile,CL,6
2024-01-29,hotel-demo-2,Uruguay,UY,7
2024-01-29,hotel-demo-2,Estados Unidos,US,7
2024-01-29,hotel-demo-2,España,ES,3
2024-01-29,hotel-demo-2,Alemania,DE,2
2024-01-30,hotel-demo-1,Argentina,AR,76
2024-01-30,hotel-demo-1,Brasil,BR,11
2024-01-30,hotel-demo-1,Chile,CL,6
2024-01-30,hotel-demo-1,Uruguay,UY,6
2024-01-30,hotel-demo-1,Estados Unidos,US,4
2024-01-30,hotel-demo-1,España,ES,3
2024-01-30,hotel-demo-1,Alemania,DE,2
2024-01-30,hotel-demo-2,Argentina,AR,62
2024-01-30,hotel-demo-2,Brasil,BR,20
2024-01-30,hotel-demo-2,Chile,CL,8
2024-01-30,hotel-demo-2,Uruguay,UY,6
2024-01-30,hotel-demo-2,Estados Unidos,US,4
2024-01-30,hotel-demo-2,España,ES,4
2024-01-30,hotel-demo-2,Alemania,DE,2
2024-01-30,hotel-demo-2,Francia,FR,2
2024-01-30,hotel-demo-2,México,MX,6
2024-01-31,hotel-demo-1,Argentina,AR,79
2024-01-31,hotel-demo-1,Brasil,BR,17
2024-01-31,hotel-demo-1,Chile,CL,8
2024-01-31,hotel-demo-1,Uruguay,UY,7
2024-01-31,hotel-demo-1,Estados Unidos,US,4
2024-01-31,hotel-demo-2,Argentina,AR,75
2024-01-31,hotel-demo-2,Brasil,BR,12
2024-01-31,hotel-demo-2,Chile,CL,5
2024-01-31,hotel-demo-2,Uruguay,UY,4
2024-01-31,hotel-demo-2,Estados Unidos,US,7
2024-01-31,hotel-demo-2,España,ES,3
2024-01-31,hotel-demo-2,Alemania,DE,2
2024-01-31,hotel-demo-2,Francia,FR,2
2024-01-31,hotel-demo-2,México,MX,1
2024-02-01,hotel-demo-1,Argentina,AR,61
2024-02-01,hotel-demo-1,Brasil,BR,19
2024-02-01,hotel-demo-1,Chile,CL,4
2024-02-01,hotel-demo-1,Uruguay,UY,5
2024-02-01,hotel-demo-1,Estados Unidos,US,5
2024-02-01,hotel-demo-1,España,ES,4
2024-02-01,hotel-demo-1,Alemania,DE,3
2024-02-01,hotel-demo-1,Francia,FR,1
2024-02-01,hotel-demo-1,México,MX,2
2024-02-01,hotel-demo-2,Argentina,AR,85
2024-02-01,hotel-demo-2,Brasil,BR,15
2024-02-01,hotel-demo-2,Chile,CL,7
2024-02-01,hotel-demo-2,Uruguay,UY,6
2024-02-02,hotel-demo-1,Argentina,AR,111
2024-02-02,hotel-demo-1,Brasil,BR,23
2024-02-02,hotel-demo-1,Chile,CL,8
2024-02-02,hotel-demo-1,Uruguay,UY,10
2024-02-02,hotel-demo-2,Argentina,AR,59
2024-02-02,hotel-demo-2,Brasil,BR,16
2024-02-02,hotel-demo-2,Chile,CL,6
2024-02-02,hotel-demo-2,Uruguay,UY,5
2024-02-02,hotel-demo-2,Estados Unidos,US,6
2024-02-02,hotel-demo-2,España,ES,3
2024-02-02,hotel-demo-2,Alemania,DE,3
2024-02-02,hotel-demo-2,Francia,FR,2
2024-02-02,hotel-demo-2,México,MX,22
2024-02-03,hotel-demo-1,Argentina,AR,69
2024-02-03,hotel-demo-1,Brasil,BR,23
2024-02-03,hotel-demo-1,Chile,CL,8
2024-02-03,hotel-demo-1,Uruguay,UY,9
2024-02-03,hotel-demo-1,Estados Unidos,US,6
2024-02-03,hotel-demo-1,España,ES,3
2024-02-03,hotel-demo-1,Alemania,DE,2
2024-02-03,hotel-demo-1,Francia,FR,2
2024-02-03,hotel-demo-1,México,MX,23
2024-02-03,hotel-demo-2,Argentina,AR,55
2024-02-03,hotel-demo-2,Brasil,BR,18
2024-02-03,hotel-demo-2,Chile,CL,9
2024-02-03,hotel-demo-2,Uruguay,UY,6
2024-02-03,hotel-demo-2,Estados Unidos,US,7
2024-02-03,hotel-demo-2,España,ES,4
2024-02-03,hotel-demo-2,Alemania,DE,2
2024-02-03,hotel-demo-2,Francia,FR,2
2024-02-03,hotel-demo-2,México,MX,14
2024-02-04,hotel-demo-1,Argentina,AR,73
2024-02-04,hotel-demo-1,Brasil,BR,15
2024-02-04,hotel-demo-1,Chile,CL,5
2024-02-04,hotel-demo-1,Uruguay,UY,4
2024-02-04,hotel-demo-1,Estados Unidos,US,5
2024-02-04,hotel-demo-1,España,ES,4
2024-02-04,hotel-demo-2,Argentina,AR,72
2024-02-04,hotel-demo-2,Brasil,BR,17
2024-02-04,hotel-demo-2,Chile,CL,7
2024-02-04,hotel-demo-2,Uruguay,UY,5
2024-02-05,hotel-demo-1,Argentina,AR,69
2024-02-05,hotel-demo-1,Brasil,BR,17
2024-02-05,hotel-demo-1,Chile,CL,7
2024-02-05,hotel-demo-1,Uruguay,UY,6
2024-02-05,hotel-demo-1,Estados Unidos,US,6
2024-02-05,hotel-demo-1,España,ES,2
2024-02-05,hotel-demo-2,Argentina,AR,68
2024-02-05,hotel-demo-2,Brasil,BR,14
2024-02-05,hotel-demo-2,Chile,CL,5
2024-02-05,hotel-demo-2,Uruguay,UY,6
2024-02-05,hotel-demo-2,Estados Unidos,US,4
2024-02-05,hotel-demo-2,España,ES,4
2024-02-05,hotel-demo-2,Alemania,DE,2
2024-02-05,hotel-demo-2,Francia,FR,1
2024-02-05,hotel-demo-2,México,MX,1
2024-02-06,hotel-demo-1,Argentina,AR,70
2024-02-06,hotel-demo-1,Brasil,BR,12
2024-02-06,hotel-demo-1,Chile,CL,7
2024-02-06,hotel-demo-1,Uruguay,UY,5
2024-02-06,hotel-demo-1,Estados Unidos,US,5
2024-02-06,hotel-demo-1,España,ES,3
2024-02-06,hotel-demo-2,Argentina,AR,94
2024-02-06,hotel-demo-2,Brasil,BR,12
2024-02-06,hotel-demo-2,Chile,CL,6
2024-02-06,hotel-demo-2,Uruguay,UY,5
2024-02-07,hotel-demo-1,Argentina,AR,85
2024-02-07,hotel-demo-1,Brasil,BR,11
2024-02-07,hotel-demo-1,Chile,CL,5
2024-02-07,hotel-demo-1,Uruguay,UY,7
2024-02-07,hotel-demo-1,Estados Unidos,US,4
2024-02-07,hotel-demo-2,Argentina,AR,71
2024-02-07,hotel-demo-2,Brasil,BR,13
2024-02-07,hotel-demo-2,Chile,CL,6
2024-02-07,hotel-demo-2,Uruguay,UY,4
2024-02-07,hotel-demo-2,Estados Unidos,US,5
2024-02-07,hotel-demo-2,España,ES,3
2024-02-07,hotel-demo-2,Alemania,DE,1
2024-02-08,hotel-demo-1,Argentina,AR,87
2024-02-08,hotel-demo-1,Brasil,BR,17
2024-02-08,hotel-demo-1,Chile,CL,5
2024-02-08,hotel-demo-1,Uruguay,UY,1
2024-02-08,hotel-demo-2,Argentina,AR,89
2024-02-08,hotel-demo-2,Brasil,BR,17
2024-02-08,hotel-demo-2,Chile,CL,7
2024-02-08,hotel-demo-2,Uruguay,UY,1
2024-02-09,hotel-demo-1,Argentina,AR,65
2024-02-09,hotel-demo-1,Brasil,BR,18
2024-02-09,hotel-demo-1,Chile,CL,9
2024-02-09,hotel-demo-1,Uruguay,UY,5
2024-02-09,hotel-demo-1,Estados Unidos,US,6
2024-02-09,hotel-demo-1,España,ES,3
2024-02-09,hotel-demo-1,Alemania,DE,3
2024-02-09,hotel-demo-1,Francia,FR,2
2024-02-09,hotel-demo-1,México,MX,10
2024-02-09,hotel-demo-2,Argentina,AR,53
2024-02-09,hotel-demo-2,Brasil,BR,12
2024-02-09,hotel-demo-2,Chile,CL,9
2024-02-09,hotel-demo-2,Uruguay,UY,5
2024-02-09,hotel-demo-2,Estados Unidos,US,6
2024-02-09,hotel-demo-2,España,ES,3
2024-02-09,hotel-demo-2,Alemania,DE,2
2024-02-09,hotel-demo-2,Francia,FR,1
2024-02-09,hotel-demo-2,México,MX,24
2024-02-10,hotel-demo-1,Argentina,AR,52
2024-02-10,hotel-demo-1,Brasil,BR,17
2024-02-10,hotel-demo-1,Chile,CL,6
2024-02-10,hotel-demo-1,Uruguay,UY,5
2024-02-10,hotel-demo-1,Estados Unidos,US,6
2024-02-10,hotel-demo-1,España,ES,3
2024-02-10,hotel-demo-1,Alemania,DE,2
2024-02-10,hotel-demo-1,Francia,FR,2
2024-02-10,hotel-demo-1,México,MX,22
2024-02-10,hotel-demo-2,Argentina,AR,74
2024-02-10,hotel-demo-2,Brasil,BR,14
2024-02-10,hotel-demo-2,Chile,CL,7
2024-02-10,hotel-demo-2,Uruguay,UY,7
2024-02-10,hotel-demo-2,Estados Unidos,US,5
2024-02-11,hotel-demo-1,Argentina,AR,49
2024-02-11,hotel-demo-1,Brasil,BR,14
2024-02-11,hotel-demo-1,Chile,CL,4
2024-02-11,hotel-demo-1,Uruguay,UY,6
2024-02-11,hotel-demo-1,Estados Unidos,US,3
2024-02-11,hotel-demo-1,España,ES,2
2024-02-11,hotel-demo-1,Alemania,DE,2
2024-02-11,hotel-demo-1,Francia,FR,1
2024-02-11,hotel-demo-1,México,MX,6
2024-02-11,hotel-demo-2,Argentina,AR,51
2024-02-11,hotel-demo-2,Brasil,BR,10
2024-02-11,hotel-demo-2,Chile,CL,6
2024-02-11,hotel-demo-2,Uruguay,UY,5
2024-02-11,hotel-demo-2,Estados Unidos,US,5
2024-02-11,hotel-demo-2,España,ES,2
2024-02-11,hotel-demo-2,Alemania,DE,2
2024-02-11,hotel-demo-2,Francia,FR,1
2024-02-11,hotel-demo-2,México,MX,6
2024-02-12,hotel-demo-1,Argentina,AR,77
2024-02-12,hotel-demo-1,Brasil,BR,18
2024-02-12,hotel-demo-1,Chile,CL,5
2024-02-12,hotel-demo-1,Uruguay,UY,6
2024-02-12,hotel-demo-2,Argentina,AR,75
2024-02-12,hotel-demo-2,Brasil,BR,19
2024-02-12,hotel-demo-2,Chile,CL,7
2024-02-12,hotel-demo-2,Uruguay,UY,4
2024-02-12,hotel-demo-2,Estados Unidos,US,6
2024-02-13,hotel-demo-1,Argentina,AR,72
2024-02-13,hotel-demo-1,Brasil,BR,16
2024-02-13,hotel-demo-1,Chile,CL,7
2024-02-13,hotel-demo-1,Uruguay,UY,6
2024-02-13,hotel-demo-1,Estados Unidos,US,5
2024-02-13,hotel-demo-1,España,ES,3
2024-02-13,hotel-demo-1,Alemania,DE,2
2024-02-13,hotel-demo-1,Francia,FR,1
2024-02-13,hotel-demo-1,México,MX,10
2024-02-13,hotel-demo-2,Argentina,AR,89
2024-02-13,hotel-demo-2,Brasil,BR,17
2024-02-13,hotel-demo-2,Chile,CL,5
2024-02-13,hotel-demo-2,Uruguay,UY,5
2024-02-13,hotel-demo-2,Estados Unidos,US,5
2024-02-13,hotel-demo-2,España,ES,5
2024-02-13,hotel-demo-2,Alemania,DE,2
2024-02-14,hotel-demo-1,Argentina,AR,86
2024-02-14,hotel-demo-1,Brasil,BR,16
2024-02-14,hotel-demo-1,Chile,CL,7
2024-02-14,hotel-demo-1,Uruguay,UY,6
2024-02-14,hotel-demo-2,Argentina,AR,64
2024-02-14,hotel-demo-2,Brasil,BR,14
2024-02-14,hotel-demo-2,Chile,CL,8
2024-02-14,hotel-demo-2,Uruguay,UY,5
2024-02-14,hotel-demo-2,Estados Unidos,US,5
2024-02-14,hotel-demo-2,España,ES,3
2024-02-14,hotel-demo-2,Alemania,DE,2
2024-02-14,hotel-demo-2,Francia,FR,1
2024-02-15,hotel-demo-1,Argentina,AR,56
2024-02-15,hotel-demo-1,Brasil,BR,18
2024-02-15,hotel-demo-1,Chile,CL,9
2024-02-15,hotel-demo-1,Uruguay,UY,5
2024-02-15,hotel-demo-1,Estados Unidos,US,7
2024-02-15,hotel-demo-1,España,ES,4
2024-02-15,hotel-demo-1,Alemania,DE,3
2024-02-15,hotel-demo-1,Francia,FR,2
2024-02-15,hotel-demo-1,México,MX,21
2024-02-15,hotel-demo-2,Argentina,AR,49
2024-02-15,hotel-demo-2,Brasil,BR,19
2024-02-15,hotel-demo-2,Chile,CL,7
2024-02-15,hotel-demo-2,Uruguay,UY,7
2024-02-15,hotel-demo-2,Estados Unidos,US,6
2024-02-15,hotel-demo-2,España,ES,3
2024-02-15,hotel-demo-2,Alemania,DE,3
2024-02-15,hotel-demo-2,Francia,FR,1
2024-02-15,hotel-demo-2,México,MX,14
2024-02-16,hotel-demo-1,Argentina,AR,66
2024-02-16,hotel-demo-1,Brasil,BR,13
2024-02-16,hotel-demo-1,Chile,CL,8
2024-02-16,hotel-demo-1,Uruguay,UY,5
2024-02-16,hotel-demo-1,Estados Unidos,US,7
2024-02-16,hotel-demo-1,España,ES,3
2024-02-16,hotel-demo-1,Alemania,DE,2
2024-02-16,hotel-demo-1,Francia,FR,2
2024-02-16,hotel-demo-1,México,MX,11
2024-02-16,hotel-demo-2,Argentina,AR,62
2024-02-16,hotel-demo-2,Brasil,BR,17
2024-02-16,hotel-demo-2,Chile,CL,6
2024-02-16,hotel-demo-2,Uruguay,UY,6
2024-02-16,hotel-demo-2,Estados Unidos,US,5
2024-02-16,hotel-demo-2,España,ES,2
2024-02-16,hotel-demo-2,Alemania,DE,3
2024-02-16,hotel-demo-2,Francia,FR,2
2024-02-16,hotel-demo-2,México,MX,10
2024-02-17,hotel-demo-1,Argentina,AR,73
2024-02-17,hotel-demo-1,Brasil,BR,22
2024-02-17,hotel-demo-1,Chile,CL,11
2024-02-17,hotel-demo-1,Uruguay,UY,5
2024-02-17,hotel-demo-1,Estados Unidos,US,6
2024-02-17,hotel-demo-1,España,ES,5
2024-02-17,hotel-demo-1,Alemania,DE,3
2024-02-17,hotel-demo-1,Francia,FR,2
2024-02-17,hotel-demo-1,México,MX,23
2024-02-17,hotel-demo-2,Argentina,AR,55
2024-02-17,hotel-demo-2,Brasil,BR,15
2024-02-17,hotel-demo-2,Chile,CL,6
2024-02-17,hotel-demo-2,Uruguay,UY,5
2024-02-17,hotel-demo-2,Estados Unidos,US,7
2024-02-17,hotel-demo-2,España,ES,2
2024-02-17,hotel-demo-2,Alemania,DE,2
2024-02-17,hotel-demo-2,Francia,FR,2
2024-02-17,hotel-demo-2,México,MX,19
2024-02-18,hotel-demo-1,Argentina,AR,58
2024-02-18,hotel-demo-1,Brasil,BR,12
2024-02-18,hotel-demo-1,Chile,CL,6
2024-02-18,hotel-demo-1,Uruguay,UY,7
2024-02-18,hotel-demo-1,Estados Unidos,US,8
2024-02-18,hotel-demo-1,España,ES,4
2024-02-18,hotel-demo-1,Alemania,DE,3
2024-02-18,hotel-demo-1,Francia,FR,2
2024-02-18,hotel-demo-1,México,MX,19
2024-02-18,hotel-demo-2,Argentina,AR,68
2024-02-18,hotel-demo-2,Brasil,BR,11
2024-02-18,hotel-demo-2,Chile,CL,5
2024-02-18,hotel-demo-2,Uruguay,UY,4
2024-02-18,hotel-demo-2,Estados Unidos,US,6
2024-02-18,hotel-demo-2,España,ES,3
2024-02-18,hotel-demo-2,Alemania,DE,1
2024-02-19,hotel-demo-1,Argentina,AR,68
2024-02-19,hotel-demo-1,Brasil,BR,14
2024-02-19,hotel-demo-1,Chile,CL,7
2024-02-19,hotel-demo-1,Uruguay,UY,6
2024-02-19,hotel-demo-1,Estados Unidos,US,2
2024-02-19,hotel-demo-2,Argentina,AR,70
2024-02-19,hotel-demo-2,Brasil,BR,20
2024-02-19,hotel-demo-2,Chile,CL,5
2024-02-19,hotel-demo-2,Uruguay,UY,5
2024-02-19,hotel-demo-2,Estados Unidos,US,5
2024-02-19,hotel-demo-2,España,ES,3
2024-02-19,hotel-demo-2,Alemania,DE,2
2024-02-19,hotel-demo-2,Francia,FR,2
2024-02-19,hotel-demo-2,México,MX,5
2024-02-20,hotel-demo-1,Argentina,AR,66
2024-02-20,hotel-demo-1,Brasil,BR,15
2024-02-20,hotel-demo-1,Chile,CL,5
2024-02-20,hotel-demo-1,Uruguay,UY,7
2024-02-20,hotel-demo-1,Estados Unidos,US,4
2024-02-20,hotel-demo-1,España,ES,3
2024-02-20,hotel-demo-1,Alemania,DE,2
2024-02-20,hotel-demo-1,Francia,FR,2
2024-02-20,hotel-demo-2,Argentina,AR,65
2024-02-20,hotel-demo-2,Brasil,BR,19
2024-02-20,hotel-demo-2,Chile,CL,8
2024-02-20,hotel-demo-2,Uruguay,UY,5
2024-02-20,hotel-demo-2,Estados Unidos,US,8
2024-02-20,hotel-demo-2,España,ES,4
2024-02-20,hotel-demo-2,Alemania,DE,3
2024-02-20,hotel-demo-2,Francia,FR,2
2024-02-20,hotel-demo-2,México,MX,13
2024-02-21,hotel-demo-1,Argentina,AR,77
2024-02-21,hotel-demo-1,Brasil,BR,14
2024-02-21,hotel-demo-1,Chile,CL,8
2024-02-21,hotel-demo-1,Uruguay,UY,7
2024-02-21,hotel-demo-1,Estados Unidos,US,7
2024-02-21,hotel-demo-1,España,ES,3
2024-02-21,hotel-demo-2,Argentina,AR,90
2024-02-21,hotel-demo-2,Brasil,BR,20
2024-02-21,hotel-demo-2,Chile,CL,5
2024-02-22,hotel-demo-1,Argentina,AR,57
2024-02-22,hotel-demo-1,Brasil,BR,16
2024-02-22,hotel-demo-1,Chile,CL,5
2024-02-22,hotel-demo-1,Uruguay,UY,5
2024-02-22,hotel-demo-1,Estados Unidos,US,6
2024-02-22,hotel-demo-1,España,ES,4
2024-02-22,hotel-demo-1,Alemania,DE,2
2024-02-22,hotel-demo-1,Francia,FR,1
2024-02-22,hotel-demo-1,México,MX,12
2024-02-22,hotel-demo-2,Argentina,AR,71
2024-02-22,hotel-demo-2,Brasil,BR,18
2024-02-22,hotel-demo-2,Chile,CL,6
2024-02-22,hotel-demo-2,Uruguay,UY,6
2024-02-22,hotel-demo-2,Estados Unidos,US,5
2024-02-22,hotel-demo-2,España,ES,4
2024-02-22,hotel-demo-2,Alemania,DE,3
2024-02-22,hotel-demo-2,Francia,FR,2
2024-02-22,hotel-demo-2,México,MX,6
2024-02-23,hotel-demo-1,Argentina,AR,79
2024-02-23,hotel-demo-1,Brasil,BR,24
2024-02-23,hotel-demo-1,Chile,CL,9
2024-02-23,hotel-demo-1,Uruguay,UY,6
2024-02-23,hotel-demo-1,Estados Unidos,US,6
2024-02-23,hotel-demo-1,España,ES,6
2024-02-23,hotel-demo-1,Alemania,DE,4
2024-02-23,hotel-demo-1,Francia,FR,2
2024-02-23,hotel-demo-1,México,MX,27
2024-02-23,hotel-demo-2,Argentina,AR,87
2024-02-23,hotel-demo-2,Brasil,BR,15
2024-02-23,hotel-demo-2,Chile,CL,7
2024-02-23,hotel-demo-2,Uruguay,UY,7
2024-02-23,hotel-demo-2,Estados Unidos,US,6
2024-02-23,hotel-demo-2,España,ES,1
2024-02-24,hotel-demo-1,Argentina,AR,98
2024-02-24,hotel-demo-1,Brasil,BR,20
2024-02-24,hotel-demo-1,Chile,CL,6
2024-02-24,hotel-demo-2,Argentina,AR,56
2024-02-24,hotel-demo-2,Brasil,BR,15
2024-02-24,hotel-demo-2,Chile,CL,6
2024-02-24,hotel-demo-2,Uruguay,UY,5
2024-02-24,hotel-demo-2,Estados Unidos,US,5
2024-02-24,hotel-demo-2,España,ES,3
2024-02-24,hotel-demo-2,Alemania,DE,2
2024-02-24,hotel-demo-2,Francia,FR,2
2024-02-24,hotel-demo-2,México,MX,16
2024-02-25,hotel-demo-1,Argentina,AR,72
2024-02-25,hotel-demo-1,Brasil,BR,17
2024-02-25,hotel-demo-1,Chile,CL,7
2024-02-25,hotel-demo-1,Uruguay,UY,7
2024-02-25,hotel-demo-1,Estados Unidos,US,7
2024-02-25,hotel-demo-1,España,ES,4
2024-02-25,hotel-demo-1,Alemania,DE,3
2024-02-25,hotel-demo-1,Francia,FR,2
2024-02-25,hotel-demo-2,Argentina,AR,48
2024-02-25,hotel-demo-2,Brasil,BR,10
2024-02-25,hotel-demo-2,Chile,CL,6
2024-02-25,hotel-demo-2,Uruguay,UY,4
2024-02-25,hotel-demo-2,Estados Unidos,US,4
2024-02-25,hotel-demo-2,España,ES,3
2024-02-25,hotel-demo-2,Alemania,DE,2
2024-02-25,hotel-demo-2,Francia,FR,1
2024-02-25,hotel-demo-2,México,MX,11
2024-02-26,hotel-demo-1,Argentina,AR,108
2024-02-26,hotel-demo-1,Brasil,BR,14
2024-02-26,hotel-demo-1,Chile,CL,10
2024-02-26,hotel-demo-1,Uruguay,UY,5
2024-02-26,hotel-demo-2,Argentina,AR,75
2024-02-26,hotel-demo-2,Brasil,BR,18
2024-02-26,hotel-demo-2,Chile,CL,5
2024-02-26,hotel-demo-2,Uruguay,UY,6
2024-02-26,hotel-demo-2,Estados Unidos,US,7
2024-02-26,hotel-demo-2,España,ES,3
2024-02-26,hotel-demo-2,Alemania,DE,3
2024-02-26,hotel-demo-2,Francia,FR,1
2024-02-27,hotel-demo-1,Argentina,AR,51
2024-02-27,hotel-demo-1,Brasil,BR,10
2024-02-27,hotel-demo-1,Chile,CL,7
2024-02-27,hotel-demo-1,Uruguay,UY,5
2024-02-27,hotel-demo-1,Estados Unidos,US,4
2024-02-27,hotel-demo-1,España,ES,3
2024-02-27,hotel-demo-1,Alemania,DE,2
2024-02-27,hotel-demo-1,Francia,FR,1
2024-02-27,hotel-demo-1,México,MX,11
2024-02-27,hotel-demo-2,Argentina,AR,49
2024-02-27,hotel-demo-2,Brasil,BR,16
2024-02-27,hotel-demo-2,Chile,CL,7
2024-02-27,hotel-demo-2,Uruguay,UY,4
2024-02-27,hotel-demo-2,Estados Unidos,US,4
2024-02-27,hotel-demo-2,España,ES,3
2024-02-27,hotel-demo-2,Alemania,DE,2
2024-02-27,hotel-demo-2,Francia,FR,2
2024-02-27,hotel-demo-2,México,MX,11
2024-02-28,hotel-demo-1,Argentina,AR,60
2024-02-28,hotel-demo-1,Brasil,BR,17
2024-02-28,hotel-demo-1,Chile,CL,7
2024-02-28,hotel-demo-1,Uruguay,UY,6
2024-02-28,hotel-demo-1,Estados Unidos,US,4
2024-02-28,hotel-demo-1,España,ES,3
2024-02-28,hotel-demo-1,Alemania,DE,2
2024-02-28,hotel-demo-1,Francia,FR,2
2024-02-28,hotel-demo-1,México,MX,7
2024-02-28,hotel-demo-2,Argentina,AR,86
2024-02-28,hotel-demo-2,Brasil,BR,14
2024-02-28,hotel-demo-2,Chile,CL,6
2024-02-28,hotel-demo-2,Uruguay,UY,6
2024-02-28,hotel-demo-2,Estados Unidos,US,5
2024-02-28,hotel-demo-2,España,ES,3
2024-02-28,hotel-demo-2,Alemania,DE,2
2024-02-28,hotel-demo-2,Francia,FR,2
2024-02-28,hotel-demo-2,México,MX,2
2024-02-29,hotel-demo-1,Argentina,AR,67
2024-02-29,hotel-demo-1,Brasil,BR,16
2024-02-29,hotel-demo-1,Chile,CL,8
2024-02-29,hotel-demo-1,Uruguay,UY,6
2024-02-29,hotel-demo-1,Estados Unidos,US,5
2024-02-29,hotel-demo-1,España,ES,3
2024-02-29,hotel-demo-1,Alemania,DE,3
2024-02-29,hotel-demo-1,Francia,FR,1
2024-02-29,hotel-demo-1,México,MX,5
2024-02-29,hotel-demo-2,Argentina,AR,74
2024-02-29,hotel-demo-2,Brasil,BR,19
2024-02-29,hotel-demo-2,Chile,CL,7
2024-02-29,hotel-demo-2,Uruguay,UY,6
2024-02-29,hotel-demo-2,Estados Unidos,US,1
2024-03-01,hotel-demo-1,Argentina,AR,95
2024-03-01,hotel-demo-1,Brasil,BR,16
2024-03-01,hotel-demo-1,Chile,CL,8
2024-03-01,hotel-demo-1,Uruguay,UY,7
2024-03-01,hotel-demo-1,Estados Unidos,US,6
2024-03-01,hotel-demo-1,España,ES,4
2024-03-01,hotel-demo-1,Alemania,DE,3
2024-03-01,hotel-demo-1,Francia,FR,2
2024-03-01,hotel-demo-1,México,MX,6
2024-03-01,hotel-demo-2,Argentina,AR,56
2024-03-01,hotel-demo-2,Brasil,BR,10
2024-03-01,hotel-demo-2,Chile,CL,4
2024-03-01,hotel-demo-2,Uruguay,UY,3
2024-03-01,hotel-demo-2,Estados Unidos,US,3
2024-03-01,hotel-demo-2,España,ES,2
2024-03-01,hotel-demo-2,Alemania,DE,1
2024-03-01,hotel-demo-2,Francia,FR,1
2024-03-01,hotel-demo-2,México,MX,2
2024-03-02,hotel-demo-1,Argentina,AR,101
2024-03-02,hotel-demo-1,Brasil,BR,25
2024-03-02,hotel-demo-1,Chile,CL,9
2024-03-02,hotel-demo-1,Uruguay,UY,5
2024-03-02,hotel-demo-2,Argentina,AR,63
2024-03-02,hotel-demo-2,Brasil,BR,10
2024-03-02,hotel-demo-2,Chile,CL,4
2024-03-02,hotel-demo-2,Uruguay,UY,2
2024-03-03,hotel-demo-1,Argentina,AR,59
2024-03-03,hotel-demo-1,Brasil,BR,20
2024-03-03,hotel-demo-1,Chile,CL,7
2024-03-03,hotel-demo-1,Uruguay,UY,7
2024-03-03,hotel-demo-1,Estados Unidos,US,8
2024-03-03,hotel-demo-1,España,ES,3
2024-03-03,hotel-demo-1,Alemania,DE,2
2024-03-03,hotel-demo-1,Francia,FR,1
2024-03-03,hotel-demo-1,México,MX,16
2024-03-03,hotel-demo-2,Argentina,AR,43
2024-03-03,hotel-demo-2,Brasil,BR,11
2024-03-03,hotel-demo-2,Chile,CL,5
2024-03-03,hotel-demo-2,Uruguay,UY,3
2024-03-03,hotel-demo-2,Estados Unidos,US,4
2024-03-03,hotel-demo-2,España,ES,2
2024-03-04,hotel-demo-1,Argentina,AR,81
2024-03-04,hotel-demo-1,Brasil,BR,19
2024-03-04,hotel-demo-1,Chile,CL,9
2024-03-04,hotel-demo-1,Uruguay,UY,5
2024-03-04,hotel-demo-1,Estados Unidos,US,7
2024-03-04,hotel-demo-1,España,ES,4
2024-03-04,hotel-demo-1,Alemania,DE,1
2024-03-04,hotel-demo-2,Argentina,AR,44
2024-03-04,hotel-demo-2,Brasil,BR,12
2024-03-04,hotel-demo-2,Chile,CL,4
2024-03-04,hotel-demo-2,Uruguay,UY,4
2024-03-04,hotel-demo-2,Estados Unidos,US,4
2024-03-04,hotel-demo-2,España,ES,3
2024-03-04,hotel-demo-2,Alemania,DE,1
2024-03-05,hotel-demo-1,Argentina,AR,100
2024-03-05,hotel-demo-1,Brasil,BR,14
2024-03-05,hotel-demo-1,Chile,CL,8
2024-03-05,hotel-demo-1,Uruguay,UY,7
2024-03-05,hotel-demo-1,Estados Unidos,US,5
2024-03-05,hotel-demo-1,España,ES,1
2024-03-05,hotel-demo-2,Argentina,AR,38
2024-03-05,hotel-demo-2,Brasil,BR,12
2024-03-05,hotel-demo-2,Chile,CL,5
2024-03-05,hotel-demo-2,Uruguay,UY,4
2024-03-05,hotel-demo-2,Estados Unidos,US,5
2024-03-05,hotel-demo-2,España,ES,3
2024-03-05,hotel-demo-2,Alemania,DE,2
2024-03-05,hotel-demo-2,Francia,FR,1
2024-03-05,hotel-demo-2,México,MX,6
2024-03-06,hotel-demo-1,Argentina,AR,64
2024-03-06,hotel-demo-1,Brasil,BR,25
2024-03-06,hotel-demo-1,Chile,CL,8
2024-03-06,hotel-demo-1,Uruguay,UY,8
2024-03-06,hotel-demo-1,Estados Unidos,US,9
2024-03-06,hotel-demo-1,España,ES,4
2024-03-06,hotel-demo-1,Alemania,DE,3
2024-03-06,hotel-demo-1,Francia,FR,2
2024-03-06,hotel-demo-1,México,MX,14
2024-03-06,hotel-demo-2,Argentina,AR,46
2024-03-06,hotel-demo-2,Brasil,BR,11
2024-03-06,hotel-demo-2,Chile,CL,6
2024-03-06,hotel-demo-2,Uruguay,UY,4
2024-03-06,hotel-demo-2,Estados Unidos,US,5
2024-03-06,hotel-demo-2,España,ES,3
2024-03-06,hotel-demo-2,Alemania,DE,2
2024-03-06,hotel-demo-2,Francia,FR,2
2024-03-06,hotel-demo-2,México,MX,12
2024-03-07,hotel-demo-1,Argentina,AR,87
2024-03-07,hotel-demo-1,Brasil,BR,21
2024-03-07,hotel-demo-1,Chile,CL,6
2024-03-07,hotel-demo-2,Argentina,AR,51
2024-03-07,hotel-demo-2,Brasil,BR,13
2024-03-07,hotel-demo-2,Chile,CL,6
2024-03-07,hotel-demo-2,Uruguay,UY,5
2024-03-07,hotel-demo-2,Estados Unidos,US,4
2024-03-07,hotel-demo-2,España,ES,3
2024-03-07,hotel-demo-2,Alemania,DE,1
2024-03-07,hotel-demo-2,Francia,FR,1
2024-03-07,hotel-demo-2,México,MX,5
2024-03-08,hotel-demo-1,Argentina,AR,91
2024-03-08,hotel-demo-1,Brasil,BR,32
2024-03-08,hotel-demo-1,Chile,CL,11
2024-03-08,hotel-demo-1,Uruguay,UY,8
2024-03-08,hotel-demo-1,Estados Unidos,US,10
2024-03-08,hotel-demo-1,España,ES,5
2024-03-08,hotel-demo-1,Alemania,DE,3
2024-03-08,hotel-demo-1,Francia,FR,3
2024-03-08,hotel-demo-1,México,MX,19
2024-03-08,hotel-demo-2,Argentina,AR,79
2024-03-08,hotel-demo-2,Brasil,BR,16
2024-03-08,hotel-demo-2,Chile,CL,8
2024-03-08,hotel-demo-2,Uruguay,UY,2
2024-03-09,hotel-demo-1,Argentina,AR,141
2024-03-09,hotel-demo-1,Brasil,BR,21
2024-03-09,hotel-demo-1,Chile,CL,14
2024-03-09,hotel-demo-1,Uruguay,UY,6
2024-03-09,hotel-demo-2,Argentina,AR,68
2024-03-09,hotel-demo-2,Brasil,BR,17
2024-03-09,hotel-demo-2,Chile,CL,7
2024-03-09,hotel-demo-2,Uruguay,UY,5
2024-03-09,hotel-demo-2,Estados Unidos,US,4
2024-03-09,hotel-demo-2,España,ES,2
2024-03-09,hotel-demo-2,Alemania,DE,1
2024-03-10,hotel-demo-1,Argentina,AR,67
2024-03-10,hotel-demo-1,Brasil,BR,13
2024-03-10,hotel-demo-1,Chile,CL,6
2024-03-10,hotel-demo-1,Uruguay,UY,4
2024-03-10,hotel-demo-1,Estados Unidos,US,6
2024-03-10,hotel-demo-1,España,ES,4
2024-03-10,hotel-demo-1,Alemania,DE,3
2024-03-10,hotel-demo-1,Francia,FR,2
2024-03-10,hotel-demo-1,México,MX,14
2024-03-10,hotel-demo-2,Argentina,AR,52
2024-03-10,hotel-demo-2,Brasil,BR,13
2024-03-10,hotel-demo-2,Chile,CL,6
2024-03-10,hotel-demo-2,Uruguay,UY,3
2024-03-10,hotel-demo-2,Estados Unidos,US,5
2024-03-10,hotel-demo-2,España,ES,3
2024-03-10,hotel-demo-2,Alemania,DE,2
2024-03-10,hotel-demo-2,Francia,FR,1
2024-03-10,hotel-demo-2,México,MX,2
2024-03-11,hotel-demo-1,Argentina,AR,74
2024-03-11,hotel-demo-1,Brasil,BR,15
2024-03-11,hotel-demo-1,Chile,CL,7
2024-03-11,hotel-demo-1,Uruguay,UY,7
2024-03-11,hotel-demo-1,Estados Unidos,US,7
2024-03-11,hotel-demo-1,España,ES,4
2024-03-11,hotel-demo-1,Alemania,DE,2
2024-03-11,hotel-demo-1,Francia,FR,2
2024-03-11,hotel-demo-1,México,MX,20
2024-03-11,hotel-demo-2,Argentina,AR,59
2024-03-11,hotel-demo-2,Brasil,BR,12
2024-03-11,hotel-demo-2,Chile,CL,7
2024-03-11,hotel-demo-2,Uruguay,UY,4
2024-03-11,hotel-demo-2,Estados Unidos,US,2
2024-03-12,hotel-demo-1,Argentina,AR,87
2024-03-12,hotel-demo-1,Brasil,BR,19
2024-03-12,hotel-demo-1,Chile,CL,6
2024-03-12,hotel-demo-1,Uruguay,UY,5
2024-03-12,hotel-demo-1,Estados Unidos,US,6
2024-03-12,hotel-demo-1,España,ES,5
2024-03-12,hotel-demo-1,Alemania,DE,2
2024-03-12,hotel-demo-2,Argentina,AR,59
2024-03-12,hotel-demo-2,Brasil,BR,14
2024-03-12,hotel-demo-2,Chile,CL,5
2024-03-12,hotel-demo-2,Uruguay,UY,4
2024-03-12,hotel-demo-2,Estados Unidos,US,4
2024-03-12,hotel-demo-2,España,ES,2
2024-03-12,hotel-demo-2,Alemania,DE,2
2024-03-13,hotel-demo-1,Argentina,AR,94
2024-03-13,hotel-demo-1,Brasil,BR,23
2024-03-13,hotel-demo-1,Chile,CL,9
2024-03-13,hotel-demo-1,Uruguay,UY,9
2024-03-13,hotel-demo-1,Estados Unidos,US,7
2024-03-13,hotel-demo-1,España,ES,5
2024-03-13,hotel-demo-1,Alemania,DE,1
2024-03-13,hotel-demo-2,Argentina,AR,56
2024-03-13,hotel-demo-2,Brasil,BR,13
2024-03-13,hotel-demo-2,Chile,CL,6
2024-03-13,hotel-demo-2,Uruguay,UY,3
2024-03-13,hotel-demo-2,Estados Unidos,US,4
2024-03-14,hotel-demo-1,Argentina,AR,79
2024-03-14,hotel-demo-1,Brasil,BR,20
2024-03-14,hotel-demo-1,Chile,CL,11
2024-03-14,hotel-demo-1,Uruguay,UY,7
2024-03-14,hotel-demo-1,Estados Unidos,US,9
2024-03-14,hotel-demo-1,España,ES,5
2024-03-14,hotel-demo-1,Alemania,DE,4
2024-03-14,hotel-demo-1,Francia,FR,3
2024-03-14,hotel-demo-1,México,MX,28
2024-03-14,hotel-demo-2,Argentina,AR,49
2024-03-14,hotel-demo-2,Brasil,BR,11
2024-03-14,hotel-demo-2,Chile,CL,4
2024-03-14,hotel-demo-2,Uruguay,UY,4
2024-03-14,hotel-demo-2,Estados Unidos,US,4
2024-03-14,hotel-demo-2,España,ES,2
2024-03-14,hotel-demo-2,Alemania,DE,2
2024-03-15,hotel-demo-1,Argentina,AR,124
2024-03-15,hotel-demo-1,Brasil,BR,24
2024-03-15,hotel-demo-1,Chile,CL,9
2024-03-15,hotel-demo-1,Uruguay,UY,6
2024-03-15,hotel-demo-1,Estados Unidos,US,8
2024-03-15,hotel-demo-2,Argentina,AR,63
2024-03-15,hotel-demo-2,Brasil,BR,15
2024-03-15,hotel-demo-2,Chile,CL,5
2024-03-15,hotel-demo-2,Uruguay,UY,5
2024-03-15,hotel-demo-2,Estados Unidos,US,5
2024-03-15,hotel-demo-2,España,ES,4
2024-03-15,hotel-demo-2,Alemania,DE,2
2024-03-15,hotel-demo-2,Francia,FR,1
2024-03-15,hotel-demo-2,México,MX,1
2024-03-16,hotel-demo-1,Argentina,AR,95
2024-03-16,hotel-demo-1,Brasil,BR,22
2024-03-16,hotel-demo-1,Chile,CL,9
2024-03-16,hotel-demo-1,Uruguay,UY,8
2024-03-16,hotel-demo-1,Estados Unidos,US,2
2024-03-16,hotel-demo-2,Argentina,AR,67
2024-03-16,hotel-demo-2,Brasil,BR,13
2024-03-16,hotel-demo-2,Chile,CL,6
2024-03-16,hotel-demo-2,Uruguay,UY,3
2024-03-17,hotel-demo-1,Argentina,AR,88
2024-03-17,hotel-demo-1,Brasil,BR,20
2024-03-17,hotel-demo-1,Chile,CL,11
2024-03-17,hotel-demo-1,Uruguay,UY,9
2024-03-17,hotel-demo-1,Estados Unidos,US,6
2024-03-17,hotel-demo-1,España,ES,3
2024-03-17,hotel-demo-1,Alemania,DE,2
2024-03-17,hotel-demo-1,Francia,FR,2
2024-03-17,hotel-demo-1,México,MX,2
2024-03-17,hotel-demo-2,Argentina,AR,51
2024-03-17,hotel-demo-2,Brasil,BR,12
2024-03-17,hotel-demo-2,Chile,CL,5
2024-03-17,hotel-demo-2,Uruguay,UY,4
2024-03-17,hotel-demo-2,Estados Unidos,US,5
2024-03-17,hotel-demo-2,España,ES,2
2024-03-17,hotel-demo-2,Alemania,DE,1
2024-03-18,hotel-demo-1,Argentina,AR,91
2024-03-18,hotel-demo-1,Brasil,BR,15
2024-03-18,hotel-demo-1,Chile,CL,7
2024-03-18,hotel-demo-1,Uruguay,UY,8
2024-03-18,hotel-demo-1,Estados Unidos,US,9
2024-03-18,hotel-demo-1,España,ES,4
2024-03-18,hotel-demo-1,Alemania,DE,3
2024-03-18,hotel-demo-1,Francia,FR,2
2024-03-18,hotel-demo-1,México,MX,4
2024-03-18,hotel-demo-2,Argentina,AR,68
2024-03-18,hotel-demo-2,Brasil,BR,12
2024-03-18,hotel-demo-2,Chile,CL,5
2024-03-19,hotel-demo-1,Argentina,AR,112
2024-03-19,hotel-demo-1,Brasil,BR,22
2024-03-19,hotel-demo-1,Chile,CL,9
2024-03-19,hotel-demo-1,Uruguay,UY,8
2024-03-19,hotel-demo-1,Estados Unidos,US,1
2024-03-19,hotel-demo-2,Argentina,AR,65
2024-03-19,hotel-demo-2,Brasil,BR,14
2024-03-19,hotel-demo-2,Chile,CL,2
2024-03-20,hotel-demo-1,Argentina,AR,72
2024-03-20,hotel-demo-1,Brasil,BR,20
2024-03-20,hotel-demo-1,Chile,CL,8
2024-03-20,hotel-demo-1,Uruguay,UY,8
2024-03-20,hotel-demo-1,Estados Unidos,US,6
2024-03-20,hotel-demo-1,España,ES,4
2024-03-20,hotel-demo-1,Alemania,DE,3
2024-03-20,hotel-demo-1,Francia,FR,2
2024-03-20,hotel-demo-2,Argentina,AR,39
2024-03-20,hotel-demo-2,Brasil,BR,10
2024-03-20,hotel-demo-2,Chile,CL,4
2024-03-20,hotel-demo-2,Uruguay,UY,3
2024-03-20,hotel-demo-2,Estados Unidos,US,5
2024-03-20,hotel-demo-2,España,ES,2
2024-03-20,hotel-demo-2,Alemania,DE,2
2024-03-20,hotel-demo-2,Francia,FR,1
2024-03-20,hotel-demo-2,México,MX,10
2024-03-21,hotel-demo-1,Argentina,AR,72
2024-03-21,hotel-demo-1,Brasil,BR,22
2024-03-21,hotel-demo-1,Chile,CL,7
2024-03-21,hotel-demo-1,Uruguay,UY,8
2024-03-21,hotel-demo-1,Estados Unidos,US,7
2024-03-21,hotel-demo-1,España,ES,3
2024-03-21,hotel-demo-2,Argentina,AR,59
2024-03-21,hotel-demo-2,Brasil,BR,14
2024-03-21,hotel-demo-2,Chile,CL,6
2024-03-21,hotel-demo-2,Uruguay,UY,4
2024-03-21,hotel-demo-2,Estados Unidos,US,3
2024-03-21,hotel-demo-2,España,ES,2
2024-03-22,hotel-demo-1,Argentina,AR,75
2024-03-22,hotel-demo-1,Brasil,BR,21
2024-03-22,hotel-demo-1,Chile,CL,11
2024-03-22,hotel-demo-1,Uruguay,UY,6
2024-03-22,hotel-demo-1,Estados Unidos,US,7
2024-03-22,hotel-demo-1,España,ES,6
2024-03-22,hotel-demo-1,Alemania,DE,3
2024-03-22,hotel-demo-1,Francia,FR,3
2024-03-22,hotel-demo-1,México,MX,31
2024-03-22,hotel-demo-2,Argentina,AR,52
2024-03-22,hotel-demo-2,Brasil,BR,11
2024-03-22,hotel-demo-2,Chile,CL,6
2024-03-22,hotel-demo-2,Uruguay,UY,6
2024-03-22,hotel-demo-2,Estados Unidos,US,5
2024-03-22,hotel-demo-2,España,ES,3
2024-03-22,hotel-demo-2,Alemania,DE,2
2024-03-22,hotel-demo-2,Francia,FR,2
2024-03-22,hotel-demo-2,México,MX,5
2024-03-23,hotel-demo-1,Argentina,AR,102
2024-03-23,hotel-demo-1,Brasil,BR,25
2024-03-23,hotel-demo-1,Chile,CL,8
2024-03-23,hotel-demo-1,Uruguay,UY,10
2024-03-23,hotel-demo-1,Estados Unidos,US,6
2024-03-23,hotel-demo-1,España,ES,4
2024-03-23,hotel-demo-2,Argentina,AR,52
2024-03-23,hotel-demo-2,Brasil,BR,9
2024-03-23,hotel-demo-2,Chile,CL,5
2024-03-23,hotel-demo-2,Uruguay,UY,4
2024-03-23,hotel-demo-2,Estados Unidos,US,4
2024-03-23,hotel-demo-2,España,ES,3
2024-03-23,hotel-demo-2,Alemania,DE,2
2024-03-23,hotel-demo-2,Francia,FR,2
2024-03-23,hotel-demo-2,México,MX,3
2024-03-24,hotel-demo-1,Argentina,AR,95
2024-03-24,hotel-demo-1,Brasil,BR,14
2024-03-24,hotel-demo-1,Chile,CL,7
2024-03-24,hotel-demo-1,Uruguay,UY,9
2024-03-24,hotel-demo-1,Estados Unidos,US,9
2024-03-24,hotel-demo-1,España,ES,4
2024-03-24,hotel-demo-1,Alemania,DE,3
2024-03-24,hotel-demo-1,Francia,FR,2
2024-03-24,hotel-demo-1,México,MX,2
2024-03-24,hotel-demo-2,Argentina,AR,40
2024-03-24,hotel-demo-2,Brasil,BR,15
2024-03-24,hotel-demo-2,Chile,CL,7
2024-03-24,hotel-demo-2,Uruguay,UY,3
2024-03-24,hotel-demo-2,Estados Unidos,US,4
2024-03-24,hotel-demo-2,España,ES,3
2024-03-24,hotel-demo-2,Alemania,DE,2
2024-03-24,hotel-demo-2,Francia,FR,1
2024-03-24,hotel-demo-2,México,MX,11
2024-03-25,hotel-demo-1,Argentina,AR,81
2024-03-25,hotel-demo-1,Brasil,BR,15
2024-03-25,hotel-demo-1,Chile,CL,8
2024-03-25,hotel-demo-1,Uruguay,UY,7
2024-03-25,hotel-demo-1,Estados Unidos,US,5
2024-03-25,hotel-demo-1,España,ES,4
2024-03-25,hotel-demo-1,Alemania,DE,3
2024-03-25,hotel-demo-2,Argentina,AR,40
2024-03-25,hotel-demo-2,Brasil,BR,13
2024-03-25,hotel-demo-2,Chile,CL,5
2024-03-25,hotel-demo-2,Uruguay,UY,3
2024-03-25,hotel-demo-2,Estados Unidos,US,4
2024-03-25,hotel-demo-2,España,ES,2
2024-03-25,hotel-demo-2,Alemania,DE,1
2024-03-25,hotel-demo-2,Francia,FR,1
2024-03-25,hotel-demo-2,México,MX,5
2024-03-26,hotel-demo-1,Argentina,AR,99
2024-03-26,hotel-demo-1,Brasil,BR,20
2024-03-26,hotel-demo-1,Chile,CL,6
2024-03-26,hotel-demo-1,Uruguay,UY,4
2024-03-26,hotel-demo-2,Argentina,AR,64
2024-03-26,hotel-demo-2,Brasil,BR,12
2024-03-26,hotel-demo-2,Chile,CL,5
2024-03-26,hotel-demo-2,Uruguay,UY,4
2024-03-26,hotel-demo-2,Estados Unidos,US,5
2024-03-27,hotel-demo-1,Argentina,AR,83
2024-03-27,hotel-demo-1,Brasil,BR,14
2024-03-27,hotel-demo-1,Chile,CL,5
2024-03-27,hotel-demo-1,Uruguay,UY,6
2024-03-27,hotel-demo-1,Estados Unidos,US,5
2024-03-27,hotel-demo-1,España,ES,2
2024-03-27,hotel-demo-2,Argentina,AR,63
2024-03-27,hotel-demo-2,Brasil,BR,10
2024-03-27,hotel-demo-2,Chile,CL,4
2024-03-27,hotel-demo-2,Uruguay,UY,4
2024-03-27,hotel-demo-2,Estados Unidos,US,4
2024-03-27,hotel-demo-2,España,ES,2
2024-03-27,hotel-demo-2,Alemania,DE,1
2024-03-28,hotel-demo-1,Argentina,AR,65
2024-03-28,hotel-demo-1,Brasil,BR,26
2024-03-28,hotel-demo-1,Chile,CL,10
2024-03-28,hotel-demo-1,Uruguay,UY,5
2024-03-28,hotel-demo-1,Estados Unidos,US,9
2024-03-28,hotel-demo-1,España,ES,5
2024-03-28,hotel-demo-1,Alemania,DE,3
2024-03-28,hotel-demo-1,Francia,FR,2
2024-03-28,hotel-demo-1,México,MX,18
2024-03-28,hotel-demo-2,Argentina,AR,55
2024-03-28,hotel-demo-2,Brasil,BR,9
2024-03-28,hotel-demo-2,Chile,CL,6
2024-03-28,hotel-demo-2,Uruguay,UY,3
2024-03-28,hotel-demo-2,Estados Unidos,US,4
2024-03-28,hotel-demo-2,España,ES,3
2024-03-28,hotel-demo-2,Alemania,DE,2
2024-03-28,hotel-demo-2,Francia,FR,1
2024-03-28,hotel-demo-2,México,MX,1
2024-03-29,hotel-demo-1,Argentina,AR,86
2024-03-29,hotel-demo-1,Brasil,BR,24
2024-03-29,hotel-demo-1,Chile,CL,10
2024-03-29,hotel-demo-1,Uruguay,UY,9
2024-03-29,hotel-demo-1,Estados Unidos,US,11
2024-03-29,hotel-demo-1,España,ES,4
2024-03-29,hotel-demo-1,Alemania,DE,3
2024-03-29,hotel-demo-1,Francia,FR,2
2024-03-29,hotel-demo-1,México,MX,24
2024-03-29,hotel-demo-2,Argentina,AR,70
2024-03-29,hotel-demo-2,Brasil,BR,10
2024-03-29,hotel-demo-2,Chile,CL,6
2024-03-29,hotel-demo-2,Uruguay,UY,6
2024-03-29,hotel-demo-2,Estados Unidos,US,1
2024-03-30,hotel-demo-1,Argentina,AR,72
2024-03-30,hotel-demo-1,Brasil,BR,26
2024-03-30,hotel-demo-1,Chile,CL,8
2024-03-30,hotel-demo-1,Uruguay,UY,6
2024-03-30,hotel-demo-1,Estados Unidos,US,7
2024-03-30,hotel-demo-1,España,ES,5
2024-03-30,hotel-demo-1,Alemania,DE,4
2024-03-30,hotel-demo-1,Francia,FR,2
2024-03-30,hotel-demo-1,México,MX,27
2024-03-30,hotel-demo-2,Argentina,AR,46
2024-03-30,hotel-demo-2,Brasil,BR,17
2024-03-30,hotel-demo-2,Chile,CL,7
2024-03-30,hotel-demo-2,Uruguay,UY,4
2024-03-30,hotel-demo-2,Estados Unidos,US,3
2024-03-30,hotel-demo-2,España,ES,3
2024-03-30,hotel-demo-2,Alemania,DE,2
2024-03-30,hotel-demo-2,Francia,FR,1
2024-03-30,hotel-demo-2,México,MX,12
2024-03-31,hotel-demo-1,Argentina,AR,74
2024-03-31,hotel-demo-1,Brasil,BR,23
2024-03-31,hotel-demo-1,Chile,CL,10
2024-03-31,hotel-demo-1,Uruguay,UY,8
2024-03-31,hotel-demo-1,Estados Unidos,US,8
2024-03-31,hotel-demo-1,España,ES,6
2024-03-31,hotel-demo-1,Alemania,DE,3
2024-03-31,hotel-demo-1,Francia,FR,2
2024-03-31,hotel-demo-1,México,MX,17
2024-03-31,hotel-demo-2,Argentina,AR,53
2024-03-31,hotel-demo-2,Brasil,BR,13
2024-03-31,hotel-demo-2,Chile,CL,5
2024-03-31,hotel-demo-2,Uruguay,UY,2
2024-04-01,hotel-demo-1,Argentina,AR,78
2024-04-01,hotel-demo-1,Brasil,BR,20
2024-04-01,hotel-demo-1,Chile,CL,7
2024-04-01,hotel-demo-1,Uruguay,UY,5
2024-04-01,hotel-demo-1,Estados Unidos,US,6
2024-04-01,hotel-demo-1,España,ES,3
2024-04-01,hotel-demo-1,Alemania,DE,3
2024-04-01,hotel-demo-1,Francia,FR,2
2024-04-01,hotel-demo-1,México,MX,14
2024-04-01,hotel-demo-2,Argentina,AR,62
2024-04-01,hotel-demo-2,Brasil,BR,9
2024-04-01,hotel-demo-2,Chile,CL,4
2024-04-01,hotel-demo-2,Uruguay,UY,2
2024-04-02,hotel-demo-1,Argentina,AR,95
2024-04-02,hotel-demo-1,Brasil,BR,16
2024-04-02,hotel-demo-1,Chile,CL,8
2024-04-02,hotel-demo-1,Uruguay,UY,6
2024-04-02,hotel-demo-1,Estados Unidos,US,8
2024-04-02,hotel-demo-1,España,ES,3
2024-04-02,hotel-demo-1,Alemania,DE,4
2024-04-02,hotel-demo-1,Francia,FR,2
2024-04-02,hotel-demo-1,México,MX,12
2024-04-02,hotel-demo-2,Argentina,AR,56
2024-04-02,hotel-demo-2,Brasil,BR,9
2024-04-02,hotel-demo-2,Chile,CL,4
2024-04-02,hotel-demo-2,Uruguay,UY,4
2024-04-02,hotel-demo-2,Estados Unidos,US,4
2024-04-02,hotel-demo-2,España,ES,2
2024-04-02,hotel-demo-2,Alemania,DE,1
2024-04-03,hotel-demo-1,Argentina,AR,75
2024-04-03,hotel-demo-1,Brasil,BR,27
2024-04-03,hotel-demo-1,Chile,CL,10
2024-04-03,hotel-demo-1,Uruguay,UY,9
2024-04-03,hotel-demo-1,Estados Unidos,US,9
2024-04-03,hotel-demo-1,España,ES,4
2024-04-03,hotel-demo-1,Alemania,DE,3
2024-04-03,hotel-demo-1,Francia,FR,2
2024-04-03,hotel-demo-1,México,MX,12
2024-04-03,hotel-demo-2,Argentina,AR,44
2024-04-03,hotel-demo-2,Brasil,BR,9
2024-04-03,hotel-demo-2,Chile,CL,4
2024-04-03,hotel-demo-2,Uruguay,UY,1
2024-04-04,hotel-demo-1,Argentina,AR,105
2024-04-04,hotel-demo-1,Brasil,BR,23
2024-04-04,hotel-demo-1,Chile,CL,11
2024-04-04,hotel-demo-1,Uruguay,UY,7
2024-04-04,hotel-demo-1,Estados Unidos,US,4
2024-04-04,hotel-demo-2,Argentina,AR,54
2024-04-04,hotel-demo-2,Brasil,BR,9
2024-04-04,hotel-demo-2,Chile,CL,4
2024-04-04,hotel-demo-2,Uruguay,UY,4
2024-04-05,hotel-demo-1,Argentina,AR,95
2024-04-05,hotel-demo-1,Brasil,BR,19
2024-04-05,hotel-demo-1,Chile,CL,10
2024-04-05,hotel-demo-1,Uruguay,UY,5
2024-04-05,hotel-demo-1,Estados Unidos,US,6
2024-04-05,hotel-demo-2,Argentina,AR,49
2024-04-05,hotel-demo-2,Brasil,BR,14
2024-04-05,hotel-demo-2,Chile,CL,5
2024-04-05,hotel-demo-2,Uruguay,UY,4
2024-04-05,hotel-demo-2,Estados Unidos,US,3
2024-04-05,hotel-demo-2,España,ES,2
2024-04-06,hotel-demo-1,Argentina,AR,84
2024-04-06,hotel-demo-1,Brasil,BR,21
2024-04-06,hotel-demo-1,Chile,CL,8
2024-04-06,hotel-demo-1,Uruguay,UY,10
2024-04-06,hotel-demo-1,Estados Unidos,US,7
2024-04-06,hotel-demo-1,España,ES,5
2024-04-06,hotel-demo-1,Alemania,DE,3
2024-04-06,hotel-demo-1,Francia,FR,3
2024-04-06,hotel-demo-1,México,MX,28
2024-04-06,hotel-demo-2,Argentina,AR,44
2024-04-06,hotel-demo-2,Brasil,BR,9
2024-04-06,hotel-demo-2,Chile,CL,5
2024-04-06,hotel-demo-2,Uruguay,UY,4
2024-04-06,hotel-demo-2,Estados Unidos,US,3
2024-04-06,hotel-demo-2,España,ES,2
2024-04-06,hotel-demo-2,Alemania,DE,1
2024-04-06,hotel-demo-2,Francia,FR,1
2024-04-06,hotel-demo-2,México,MX,5
2024-04-07,hotel-demo-1,Argentina,AR,112
2024-04-07,hotel-demo-1,Brasil,BR,21
2024-04-07,hotel-demo-1,Chile,CL,7
2024-04-07,hotel-demo-1,Uruguay,UY,3
2024-04-07,hotel-demo-2,Argentina,AR,41
2024-04-07,hotel-demo-2,Brasil,BR,9
2024-04-07,hotel-demo-2,Chile,CL,1
2024-04-08,hotel-demo-1,Argentina,AR,93
2024-04-08,hotel-demo-1,Brasil,BR,17
2024-04-08,hotel-demo-1,Chile,CL,9
2024-04-08,hotel-demo-1,Uruguay,UY,4
2024-04-08,hotel-demo-2,Argentina,AR,31
2024-04-08,hotel-demo-2,Brasil,BR,8
2024-04-08,hotel-demo-2,Chile,CL,4
2024-04-08,hotel-demo-2,Uruguay,UY,3
2024-04-08,hotel-demo-2,Estados Unidos,US,3
2024-04-08,hotel-demo-2,España,ES,2
2024-04-08,hotel-demo-2,Alemania,DE,1
2024-04-08,hotel-demo-2,Francia,FR,1
2024-04-08,hotel-demo-2,México,MX,13
2024-04-09,hotel-demo-1,Argentina,AR,71
2024-04-09,hotel-demo-1,Brasil,BR,22
2024-04-09,hotel-demo-1,Chile,CL,8
2024-04-09,hotel-demo-1,Uruguay,UY,7
2024-04-09,hotel-demo-1,Estados Unidos,US,7
2024-04-09,hotel-demo-1,España,ES,6
2024-04-09,hotel-demo-1,Alemania,DE,3
2024-04-09,hotel-demo-1,Francia,FR,3
2024-04-09,hotel-demo-1,México,MX,29
2024-04-09,hotel-demo-2,Argentina,AR,52
2024-04-09,hotel-demo-2,Brasil,BR,11
2024-04-09,hotel-demo-2,Chile,CL,3
2024-04-09,hotel-demo-2,Uruguay,UY,4
2024-04-09,hotel-demo-2,Estados Unidos,US,4
2024-04-10,hotel-demo-1,Argentina,AR,78
2024-04-10,hotel-demo-1,Brasil,BR,27
2024-04-10,hotel-demo-1,Chile,CL,8
2024-04-10,hotel-demo-1,Uruguay,UY,6
2024-04-10,hotel-demo-1,Estados Unidos,US,6
2024-04-10,hotel-demo-1,España,ES,3
2024-04-10,hotel-demo-1,Alemania,DE,3
2024-04-10,hotel-demo-1,Francia,FR,2
2024-04-10,hotel-demo-1,México,MX,24
2024-04-10,hotel-demo-2,Argentina,AR,43
2024-04-10,hotel-demo-2,Brasil,BR,7
2024-04-10,hotel-demo-2,Chile,CL,5
2024-04-10,hotel-demo-2,Uruguay,UY,3
2024-04-10,hotel-demo-2,Estados Unidos,US,3
2024-04-10,hotel-demo-2,España,ES,2
2024-04-10,hotel-demo-2,Alemania,DE,2
2024-04-11,hotel-demo-1,Argentina,AR,71
2024-04-11,hotel-demo-1,Brasil,BR,21
2024-04-11,hotel-demo-1,Chile,CL,8
2024-04-11,hotel-demo-1,Uruguay,UY,8
2024-04-11,hotel-demo-1,Estados Unidos,US,9
2024-04-11,hotel-demo-1,España,ES,5
2024-04-11,hotel-demo-1,Alemania,DE,3
2024-04-11,hotel-demo-1,Francia,FR,2
2024-04-11,hotel-demo-1,México,MX,11
2024-04-11,hotel-demo-2,Argentina,AR,45
2024-04-11,hotel-demo-2,Brasil,BR,9
2024-04-11,hotel-demo-2,Chile,CL,4
2024-04-11,hotel-demo-2,Uruguay,UY,3
2024-04-11,hotel-demo-2,Estados Unidos,US,3
2024-04-11,hotel-demo-2,España,ES,2
2024-04-11,hotel-demo-2,Alemania,DE,1
2024-04-12,hotel-demo-1,Argentina,AR,113
2024-04-12,hotel-demo-1,Brasil,BR,23
2024-04-12,hotel-demo-1,Chile,CL,9
2024-04-12,hotel-demo-1,Uruguay,UY,7
2024-04-12,hotel-demo-1,Estados Unidos,US,7
2024-04-12,hotel-demo-1,España,ES,4
2024-04-12,hotel-demo-1,Alemania,DE,1
2024-04-12,hotel-demo-2,Argentina,AR,41
2024-04-12,hotel-demo-2,Brasil,BR,9
2024-04-12,hotel-demo-2,Chile,CL,3
2024-04-12,hotel-demo-2,Uruguay,UY,3
2024-04-12,hotel-demo-2,Estados Unidos,US,4
2024-04-12,hotel-demo-2,España,ES,2
2024-04-12,hotel-demo-2,Alemania,DE,2
2024-04-12,hotel-demo-2,Francia,FR,1
2024-04-12,hotel-demo-2,México,MX,6
2024-04-13,hotel-demo-1,Argentina,AR,135
2024-04-13,hotel-demo-1,Brasil,BR,22
2024-04-13,hotel-demo-1,Chile,CL,9
2024-04-13,hotel-demo-1,Uruguay,UY,6
2024-04-13,hotel-demo-2,Argentina,AR,39
2024-04-13,hotel-demo-2,Brasil,BR,9
2024-04-13,hotel-demo-2,Chile,CL,6
2024-04-13,hotel-demo-2,Uruguay,UY,4
2024-04-13,hotel-demo-2,Estados Unidos,US,5
2024-04-13,hotel-demo-2,España,ES,2
2024-04-13,hotel-demo-2,Alemania,DE,2
2024-04-13,hotel-demo-2,Francia,FR,1
2024-04-13,hotel-demo-2,México,MX,7
2024-04-14,hotel-demo-1,Argentina,AR,83
2024-04-14,hotel-demo-1,Brasil,BR,18
2024-04-14,hotel-demo-1,Chile,CL,10
2024-04-14,hotel-demo-1,Uruguay,UY,5
2024-04-14,hotel-demo-1,Estados Unidos,US,9
2024-04-14,hotel-demo-1,España,ES,4
2024-04-14,hotel-demo-1,Alemania,DE,3
2024-04-14,hotel-demo-2,Argentina,AR,32
2024-04-14,hotel-demo-2,Brasil,BR,6
2024-04-14,hotel-demo-2,Chile,CL,3
2024-04-14,hotel-demo-2,Uruguay,UY,2
2024-04-14,hotel-demo-2,Estados Unidos,US,3
2024-04-14,hotel-demo-2,España,ES,2
2024-04-14,hotel-demo-2,Alemania,DE,1
2024-04-14,hotel-demo-2,Francia,FR,1
2024-04-14,hotel-demo-2,México,MX,9
2024-04-15,hotel-demo-1,Argentina,AR,84
2024-04-15,hotel-demo-1,Brasil,BR,14
2024-04-15,hotel-demo-1,Chile,CL,8
2024-04-15,hotel-demo-1,Uruguay,UY,9
2024-04-15,hotel-demo-1,Estados Unidos,US,6
2024-04-15,hotel-demo-1,España,ES,5
2024-04-15,hotel-demo-1,Alemania,DE,3
2024-04-15,hotel-demo-1,Francia,FR,2
2024-04-15,hotel-demo-1,México,MX,15
2024-04-15,hotel-demo-2,Argentina,AR,49
2024-04-15,hotel-demo-2,Brasil,BR,8
2024-04-15,hotel-demo-2,Chile,CL,4
2024-04-15,hotel-demo-2,Uruguay,UY,1
2024-04-16,hotel-demo-1,Argentina,AR,88
2024-04-16,hotel-demo-1,Brasil,BR,18
2024-04-16,hotel-demo-1,Chile,CL,6
2024-04-16,hotel-demo-1,Uruguay,UY,6
2024-04-16,hotel-demo-1,Estados Unidos,US,6
2024-04-16,hotel-demo-2,Argentina,AR,29
2024-04-16,hotel-demo-2,Brasil,BR,8
2024-04-16,hotel-demo-2,Chile,CL,3
2024-04-16,hotel-demo-2,Uruguay,UY,3
2024-04-16,hotel-demo-2,Estados Unidos,US,3
2024-04-16,hotel-demo-2,España,ES,2
2024-04-16,hotel-demo-2,Alemania,DE,1
2024-04-16,hotel-demo-2,Francia,FR,1
2024-04-16,hotel-demo-2,México,MX,11
2024-04-17,hotel-demo-1,Argentina,AR,73
2024-04-17,hotel-demo-1,Brasil,BR,16
2024-04-17,hotel-demo-1,Chile,CL,7
2024-04-17,hotel-demo-1,Uruguay,UY,6
2024-04-17,hotel-demo-1,Estados Unidos,US,6
2024-04-17,hotel-demo-1,España,ES,4
2024-04-17,hotel-demo-1,Alemania,DE,3
2024-04-17,hotel-demo-1,Francia,FR,2
2024-04-17,hotel-demo-1,México,MX,35
2024-04-17,hotel-demo-2,Argentina,AR,28
2024-04-17,hotel-demo-2,Brasil,BR,10
2024-04-17,hotel-demo-2,Chile,CL,5
2024-04-17,hotel-demo-2,Uruguay,UY,4
2024-04-17,hotel-demo-2,Estados Unidos,US,4
2024-04-17,hotel-demo-2,España,ES,2
2024-04-17,hotel-demo-2,Alemania,DE,1
2024-04-17,hotel-demo-2,Francia,FR,1
2024-04-17,hotel-demo-2,México,MX,9
2024-04-18,hotel-demo-1,Argentina,AR,109
2024-04-18,hotel-demo-1,Brasil,BR,24
2024-04-18,hotel-demo-1,Chile,CL,8
2024-04-18,hotel-demo-1,Uruguay,UY,2
2024-04-18,hotel-demo-2,Argentina,AR,48
2024-04-18,hotel-demo-2,Brasil,BR,7
2024-04-18,hotel-demo-2,Chile,CL,4
2024-04-18,hotel-demo-2,Uruguay,UY,3
2024-04-18,hotel-demo-2,Estados Unidos,US,1
2024-04-19,hotel-demo-1,Argentina,AR,129
2024-04-19,hotel-demo-1,Brasil,BR,33
2024-04-19,hotel-demo-1,Chile,CL,13
2024-04-19,hotel-demo-1,Uruguay,UY,8
2024-04-19,hotel-demo-1,Estados Unidos,US,9
2024-04-19,hotel-demo-1,España,ES,5
2024-04-19,hotel-demo-2,Argentina,AR,30
2024-04-19,hotel-demo-2,Brasil,BR,12
2024-04-19,hotel-demo-2,Chile,CL,4
2024-04-19,hotel-demo-2,Uruguay,UY,4
2024-04-19,hotel-demo-2,Estados Unidos,US,4
2024-04-19,hotel-demo-2,España,ES,2
2024-04-19,hotel-demo-2,Alemania,DE,2
2024-04-19,hotel-demo-2,Francia,FR,1
2024-04-19,hotel-demo-2,México,MX,9
2024-04-20,hotel-demo-1,Argentina,AR,107
2024-04-20,hotel-demo-1,Brasil,BR,21
2024-04-20,hotel-demo-1,Chile,CL,11
2024-04-20,hotel-demo-1,Uruguay,UY,4
2024-04-20,hotel-demo-2,Argentina,AR,57
2024-04-20,hotel-demo-2,Brasil,BR,11
2024-04-20,hotel-demo-2,Chile,CL,4
2024-04-20,hotel-demo-2,Uruguay,UY,4
2024-04-20,hotel-demo-2,Estados Unidos,US,5
2024-04-20,hotel-demo-2,España,ES,2
2024-04-20,hotel-demo-2,Alemania,DE,1
2024-04-21,hotel-demo-1,Argentina,AR,89
2024-04-21,hotel-demo-1,Brasil,BR,17
2024-04-21,hotel-demo-1,Chile,CL,8
2024-04-21,hotel-demo-1,Uruguay,UY,6
2024-04-21,hotel-demo-1,Estados Unidos,US,7
2024-04-21,hotel-demo-1,España,ES,5
2024-04-21,hotel-demo-1,Alemania,DE,2
2024-04-21,hotel-demo-2,Argentina,AR,42
2024-04-21,hotel-demo-2,Brasil,BR,7
2024-04-21,hotel-demo-2,Chile,CL,5
2024-04-21,hotel-demo-2,Uruguay,UY,2
2024-04-21,hotel-demo-2,Estados Unidos,US,3
2024-04-21,hotel-demo-2,España,ES,2
2024-04-21,hotel-demo-2,Alemania,DE,2
2024-04-21,hotel-demo-2,Francia,FR,1
2024-04-21,hotel-demo-2,México,MX,6
2024-04-22,hotel-demo-1,Argentina,AR,69
2024-04-22,hotel-demo-1,Brasil,BR,24
2024-04-22,hotel-demo-1,Chile,CL,7
2024-04-22,hotel-demo-1,Uruguay,UY,9
2024-04-22,hotel-demo-1,Estados Unidos,US,6
2024-04-22,hotel-demo-1,España,ES,4
2024-04-22,hotel-demo-1,Alemania,DE,3
2024-04-22,hotel-demo-1,Francia,FR,2
2024-04-22,hotel-demo-1,México,MX,20
2024-04-22,hotel-demo-2,Argentina,AR,30
2024-04-22,hotel-demo-2,Brasil,BR,11
2024-04-22,hotel-demo-2,Chile,CL,4
2024-04-22,hotel-demo-2,Uruguay,UY,3
2024-04-22,hotel-demo-2,Estados Unidos,US,4
2024-04-22,hotel-demo-2,España,ES,3
2024-04-22,hotel-demo-2,Alemania,DE,2
2024-04-22,hotel-demo-2,Francia,FR,1
2024-04-22,hotel-demo-2,México,MX,12
2024-04-23,hotel-demo-1,Argentina,AR,94
2024-04-23,hotel-demo-1,Brasil,BR,22
2024-04-23,hotel-demo-1,Chile,CL,7
2024-04-23,hotel-demo-1,Uruguay,UY,7
2024-04-23,hotel-demo-1,Estados Unidos,US,6
2024-04-23,hotel-demo-1,España,ES,4
2024-04-23,hotel-demo-1,Alemania,DE,3
2024-04-23,hotel-demo-2,Argentina,AR,51
2024-04-23,hotel-demo-2,Brasil,BR,10
2024-04-23,hotel-demo-2,Chile,CL,3
2024-04-23,hotel-demo-2,Uruguay,UY,1
2024-04-24,hotel-demo-1,Argentina,AR,108
2024-04-24,hotel-demo-1,Brasil,BR,22
2024-04-24,hotel-demo-1,Chile,CL,8
2024-04-24,hotel-demo-2,Argentina,AR,28
2024-04-24,hotel-demo-2,Brasil,BR,6
2024-04-24,hotel-demo-2,Chile,CL,4
2024-04-24,hotel-demo-2,Uruguay,UY,3
2024-04-24,hotel-demo-2,Estados Unidos,US,2
2024-04-24,hotel-demo-2,España,ES,2
2024-04-24,hotel-demo-2,Alemania,DE,1
2024-04-24,hotel-demo-2,Francia,FR,1
2024-04-24,hotel-demo-2,México,MX,5
2024-04-25,hotel-demo-1,Argentina,AR,84
2024-04-25,hotel-demo-1,Brasil,BR,24
2024-04-25,hotel-demo-1,Chile,CL,12
2024-04-25,hotel-demo-1,Uruguay,UY,7
2024-04-25,hotel-demo-1,Estados Unidos,US,10
2024-04-25,hotel-demo-1,España,ES,6
2024-04-25,hotel-demo-1,Alemania,DE,3
2024-04-25,hotel-demo-1,Francia,FR,2
2024-04-25,hotel-demo-1,México,MX,8
2024-04-25,hotel-demo-2,Argentina,AR,55
2024-04-25,hotel-demo-2,Brasil,BR,13
2024-04-25,hotel-demo-2,Chile,CL,5
2024-04-25,hotel-demo-2,Uruguay,UY,4
2024-04-25,hotel-demo-2,Estados Unidos,US,5
2024-04-26,hotel-demo-1,Argentina,AR,64
2024-04-26,hotel-demo-1,Brasil,BR,20
2024-04-26,hotel-demo-1,Chile,CL,7
2024-04-26,hotel-demo-1,Uruguay,UY,6
2024-04-26,hotel-demo-1,Estados Unidos,US,7
2024-04-26,hotel-demo-1,España,ES,3
2024-04-26,hotel-demo-1,Alemania,DE,2
2024-04-26,hotel-demo-1,Francia,FR,2
2024-04-26,hotel-demo-1,México,MX,22
2024-04-26,hotel-demo-2,Argentina,AR,36
2024-04-26,hotel-demo-2,Brasil,BR,12
2024-04-26,hotel-demo-2,Chile,CL,5
2024-04-26,hotel-demo-2,Uruguay,UY,5
2024-04-26,hotel-demo-2,Estados Unidos,US,4
2024-04-26,hotel-demo-2,España,ES,3
2024-04-26,hotel-demo-2,Alemania,DE,1
2024-04-26,hotel-demo-2,Francia,FR,1
2024-04-26,hotel-demo-2,México,MX,11
2024-04-27,hotel-demo-1,Argentina,AR,112
2024-04-27,hotel-demo-1,Brasil,BR,28
2024-04-27,hotel-demo-1,Chile,CL,11
2024-04-27,hotel-demo-1,Uruguay,UY,7
2024-04-27,hotel-demo-1,Estados Unidos,US,8
2024-04-27,hotel-demo-1,España,ES,4
2024-04-27,hotel-demo-1,Alemania,DE,4
2024-04-27,hotel-demo-1,Francia,FR,1
2024-04-27,hotel-demo-2,Argentina,AR,55
2024-04-27,hotel-demo-2,Brasil,BR,11
2024-04-27,hotel-demo-2,Chile,CL,7
2024-04-27,hotel-demo-2,Uruguay,UY,5
2024-04-27,hotel-demo-2,Estados Unidos,US,4
2024-04-27,hotel-demo-2,España,ES,3
2024-04-27,hotel-demo-2,Alemania,DE,2
2024-04-28,hotel-demo-1,Argentina,AR,78
2024-04-28,hotel-demo-1,Brasil,BR,23
2024-04-28,hotel-demo-1,Chile,CL,8
2024-04-28,hotel-demo-1,Uruguay,UY,9
2024-04-28,hotel-demo-1,Estados Unidos,US,9
2024-04-28,hotel-demo-1,España,ES,4
2024-04-28,hotel-demo-1,Alemania,DE,4
2024-04-28,hotel-demo-1,Francia,FR,3
2024-04-28,hotel-demo-1,México,MX,15
2024-04-28,hotel-demo-2,Argentina,AR,26
2024-04-28,hotel-demo-2,Brasil,BR,6
2024-04-28,hotel-demo-2,Chile,CL,4
2024-04-28,hotel-demo-2,Uruguay,UY,3
2024-04-28,hotel-demo-2,Estados Unidos,US,3
2024-04-28,hotel-demo-2,España,ES,1
2024-04-28,hotel-demo-2,Alemania,DE,1
2024-04-28,hotel-demo-2,Francia,FR,1
2024-04-28,hotel-demo-2,México,MX,11
2024-04-29,hotel-demo-1,Argentina,AR,67
2024-04-29,hotel-demo-1,Brasil,BR,25
2024-04-29,hotel-demo-1,Chile,CL,8
2024-04-29,hotel-demo-1,Uruguay,UY,7
2024-04-29,hotel-demo-1,Estados Unidos,US,7
2024-04-29,hotel-demo-1,España,ES,5
2024-04-29,hotel-demo-1,Alemania,DE,3
2024-04-29,hotel-demo-1,Francia,FR,2
2024-04-29,hotel-demo-1,México,MX,25
2024-04-29,hotel-demo-2,Argentina,AR,42
2024-04-29,hotel-demo-2,Brasil,BR,10
2024-04-29,hotel-demo-2,Chile,CL,3
2024-04-29,hotel-demo-2,Uruguay,UY,3
2024-04-30,hotel-demo-1,Argentina,AR,94
2024-04-30,hotel-demo-1,Brasil,BR,15
2024-04-30,hotel-demo-1,Chile,CL,8
2024-04-30,hotel-demo-1,Uruguay,UY,2
2024-04-30,hotel-demo-2,Argentina,AR,23
2024-04-30,hotel-demo-2,Brasil,BR,8
2024-04-30,hotel-demo-2,Chile,CL,4
2024-04-30,hotel-demo-2,Uruguay,UY,3
2024-04-30,hotel-demo-2,Estados Unidos,US,3
2024-04-30,hotel-demo-2,España,ES,1
2024-04-30,hotel-demo-2,Alemania,DE,1
2024-04-30,hotel-demo-2,Francia,FR,1
2024-04-30,hotel-demo-2,México,MX,7
2024-05-01,hotel-demo-1,Argentina,AR,93
2024-05-01,hotel-demo-1,Brasil,BR,19
2024-05-01,hotel-demo-1,Chile,CL,10
2024-05-01,hotel-demo-1,Uruguay,UY,8
2024-05-01,hotel-demo-1,Estados Unidos,US,6
2024-05-01,hotel-demo-1,España,ES,5
2024-05-01,hotel-demo-1,Alemania,DE,4
2024-05-01,hotel-demo-1,Francia,FR,3
2024-05-01,hotel-demo-1,México,MX,3
2024-05-01,hotel-demo-2,Argentina,AR,30
2024-05-01,hotel-demo-2,Brasil,BR,10
2024-05-01,hotel-demo-2,Chile,CL,5
2024-05-01,hotel-demo-2,Uruguay,UY,3
2024-05-01,hotel-demo-2,Estados Unidos,US,3
2024-05-01,hotel-demo-2,España,ES,2
2024-05-01,hotel-demo-2,Alemania,DE,1
2024-05-01,hotel-demo-2,Francia,FR,1
2024-05-01,hotel-demo-2,México,MX,7
2024-05-02,hotel-demo-1,Argentina,AR,105
2024-05-02,hotel-demo-1,Brasil,BR,21
2024-05-02,hotel-demo-1,Chile,CL,10
2024-05-02,hotel-demo-1,Uruguay,UY,4
2024-05-02,hotel-demo-2,Argentina,AR,22
2024-05-02,hotel-demo-2,Brasil,BR,6
2024-05-02,hotel-demo-2,Chile,CL,2
2024-05-02,hotel-demo-2,Uruguay,UY,2
2024-05-02,hotel-demo-2,Estados Unidos,US,2
2024-05-02,hotel-demo-2,España,ES,1
2024-05-02,hotel-demo-2,Alemania,DE,1
2024-05-02,hotel-demo-2,Francia,FR,1
2024-05-02,hotel-demo-2,México,MX,4
2024-05-03,hotel-demo-1,Argentina,AR,117
2024-05-03,hotel-demo-1,Brasil,BR,29
2024-05-03,hotel-demo-1,Chile,CL,7
2024-05-03,hotel-demo-1,Uruguay,UY,10
2024-05-03,hotel-demo-1,Estados Unidos,US,3
2024-05-03,hotel-demo-2,Argentina,AR,31
2024-05-03,hotel-demo-2,Brasil,BR,9
2024-05-03,hotel-demo-2,Chile,CL,3
2024-05-03,hotel-demo-2,Uruguay,UY,3
2024-05-03,hotel-demo-2,Estados Unidos,US,3
2024-05-03,hotel-demo-2,España,ES,1
2024-05-03,hotel-demo-2,Alemania,DE,1
2024-05-03,hotel-demo-2,Francia,FR,1
2024-05-03,hotel-demo-2,México,MX,3
2024-05-04,hotel-demo-1,Argentina,AR,102
2024-05-04,hotel-demo-1,Brasil,BR,23
2024-05-04,hotel-demo-1,Chile,CL,11
2024-05-04,hotel-demo-1,Uruguay,UY,8
2024-05-04,hotel-demo-1,Estados Unidos,US,7
2024-05-04,hotel-demo-1,España,ES,4
2024-05-04,hotel-demo-1,Alemania,DE,2
2024-05-04,hotel-demo-1,Francia,FR,3
2024-05-04,hotel-demo-1,México,MX,6
2024-05-04,hotel-demo-2,Argentina,AR,32
2024-05-04,hotel-demo-2,Brasil,BR,6
2024-05-04,hotel-demo-2,Chile,CL,4
2024-05-04,hotel-demo-2,Uruguay,UY,3
2024-05-04,hotel-demo-2,Estados Unidos,US,3
2024-05-04,hotel-demo-2,España,ES,2
2024-05-04,hotel-demo-2,Alemania,DE,1
2024-05-04,hotel-demo-2,Francia,FR,1
2024-05-04,hotel-demo-2,México,MX,5
2024-05-05,hotel-demo-1,Argentina,AR,111
2024-05-05,hotel-demo-1,Brasil,BR,21
2024-05-05,hotel-demo-1,Chile,CL,8
2024-05-05,hotel-demo-2,Argentina,AR,33
2024-05-05,hotel-demo-2,Brasil,BR,8
2024-05-05,hotel-demo-2,Chile,CL,3
2024-05-05,hotel-demo-2,Uruguay,UY,3
2024-05-05,hotel-demo-2,Estados Unidos,US,2
2024-05-05,hotel-demo-2,España,ES,1
2024-05-06,hotel-demo-1,Argentina,AR,77
2024-05-06,hotel-demo-1,Brasil,BR,23
2024-05-06,hotel-demo-1,Chile,CL,11
2024-05-06,hotel-demo-1,Uruguay,UY,6
2024-05-06,hotel-demo-1,Estados Unidos,US,10
2024-05-06,hotel-demo-1,España,ES,5
2024-05-06,hotel-demo-1,Alemania,DE,3
2024-05-06,hotel-demo-1,Francia,FR,2
2024-05-06,hotel-demo-1,México,MX,27
2024-05-06,hotel-demo-2,Argentina,AR,35
2024-05-06,hotel-demo-2,Brasil,BR,10
2024-05-06,hotel-demo-2,Chile,CL,4
2024-05-06,hotel-demo-2,Uruguay,UY,3
2024-05-06,hotel-demo-2,Estados Unidos,US,4
2024-05-06,hotel-demo-2,España,ES,2
2024-05-06,hotel-demo-2,Alemania,DE,1
2024-05-06,hotel-demo-2,Francia,FR,1
2024-05-07,hotel-demo-1,Argentina,AR,115
2024-05-07,hotel-demo-1,Brasil,BR,20
2024-05-07,hotel-demo-1,Chile,CL,7
2024-05-07,hotel-demo-1,Uruguay,UY,8
2024-05-07,hotel-demo-1,Estados Unidos,US,1
2024-05-07,hotel-demo-2,Argentina,AR,28
2024-05-07,hotel-demo-2,Brasil,BR,5
2024-05-07,hotel-demo-2,Chile,CL,2
2024-05-07,hotel-demo-2,Uruguay,UY,2
2024-05-08,hotel-demo-1,Argentina,AR,113
2024-05-08,hotel-demo-1,Brasil,BR,16
2024-05-08,hotel-demo-1,Chile,CL,7
2024-05-08,hotel-demo-1,Uruguay,UY,9
2024-05-08,hotel-demo-1,Estados Unidos,US,4
2024-05-08,hotel-demo-2,Argentina,AR,37
2024-05-08,hotel-demo-2,Brasil,BR,7
2024-05-08,hotel-demo-2,Chile,CL,3
2024-05-08,hotel-demo-2,Uruguay,UY,2
2024-05-08,hotel-demo-2,Estados Unidos,US,1
2024-05-09,hotel-demo-1,Argentina,AR,75
2024-05-09,hotel-demo-1,Brasil,BR,29
2024-05-09,hotel-demo-1,Chile,CL,13
2024-05-09,hotel-demo-1,Uruguay,UY,9
2024-05-09,hotel-demo-1,Estados Unidos,US,7
2024-05-09,hotel-demo-1,España,ES,6
2024-05-09,hotel-demo-1,Alemania,DE,3
2024-05-09,hotel-demo-1,Francia,FR,3
2024-05-09,hotel-demo-1,México,MX,26
2024-05-09,hotel-demo-2,Argentina,AR,31
2024-05-09,hotel-demo-2,Brasil,BR,5
2024-05-09,hotel-demo-2,Chile,CL,2
2024-05-09,hotel-demo-2,Uruguay,UY,2
2024-05-09,hotel-demo-2,Estados Unidos,US,2
2024-05-09,hotel-demo-2,España,ES,1
2024-05-10,hotel-demo-1,Argentina,AR,109
2024-05-10,hotel-demo-1,Brasil,BR,20
2024-05-10,hotel-demo-1,Chile,CL,10
2024-05-10,hotel-demo-1,Uruguay,UY,6
2024-05-10,hotel-demo-1,Estados Unidos,US,6
2024-05-10,hotel-demo-1,España,ES,4
2024-05-10,hotel-demo-1,Alemania,DE,4
2024-05-10,hotel-demo-1,Francia,FR,3
2024-05-10,hotel-demo-1,México,MX,7
2024-05-10,hotel-demo-2,Argentina,AR,53
2024-05-10,hotel-demo-2,Brasil,BR,12
2024-05-10,hotel-demo-2,Chile,CL,6
2024-05-10,hotel-demo-2,Uruguay,UY,2
2024-05-11,hotel-demo-1,Argentina,AR,152
2024-05-11,hotel-demo-1,Brasil,BR,24
2024-05-11,hotel-demo-1,Chile,CL,9
2024-05-11,hotel-demo-1,Uruguay,UY,11
2024-05-11,hotel-demo-1,Estados Unidos,US,8
2024-05-11,hotel-demo-2,Argentina,AR,47
2024-05-11,hotel-demo-2,Brasil,BR,8
2024-05-11,hotel-demo-2,Chile,CL,3
2024-05-11,hotel-demo-2,Uruguay,UY,3
2024-05-11,hotel-demo-2,Estados Unidos,US,3
2024-05-11,hotel-demo-2,España,ES,2
2024-05-12,hotel-demo-1,Argentina,AR,93
2024-05-12,hotel-demo-1,Brasil,BR,23
2024-05-12,hotel-demo-1,Chile,CL,9
2024-05-12,hotel-demo-1,Uruguay,UY,10
2024-05-12,hotel-demo-1,Estados Unidos,US,9
2024-05-12,hotel-demo-1,España,ES,6
2024-05-12,hotel-demo-1,Alemania,DE,2
2024-05-12,hotel-demo-2,Argentina,AR,25
2024-05-12,hotel-demo-2,Brasil,BR,6
2024-05-12,hotel-demo-2,Chile,CL,2
2024-05-12,hotel-demo-2,Uruguay,UY,2
2024-05-12,hotel-demo-2,Estados Unidos,US,2
2024-05-12,hotel-demo-2,España,ES,2
2024-05-12,hotel-demo-2,Alemania,DE,1
2024-05-13,hotel-demo-1,Argentina,AR,88
2024-05-13,hotel-demo-1,Brasil,BR,29
2024-05-13,hotel-demo-1,Chile,CL,9
2024-05-13,hotel-demo-1,Uruguay,UY,7
2024-05-13,hotel-demo-1,Estados Unidos,US,8
2024-05-13,hotel-demo-1,España,ES,5
2024-05-13,hotel-demo-1,Alemania,DE,4
2024-05-13,hotel-demo-1,Francia,FR,2
2024-05-13,hotel-demo-1,México,MX,12
2024-05-13,hotel-demo-2,Argentina,AR,28
2024-05-13,hotel-demo-2,Brasil,BR,6
2024-05-13,hotel-demo-2,Chile,CL,3
2024-05-13,hotel-demo-2,Uruguay,UY,2
2024-05-13,hotel-demo-2,Estados Unidos,US,2
2024-05-13,hotel-demo-2,España,ES,2
2024-05-13,hotel-demo-2,Alemania,DE,1
2024-05-13,hotel-demo-2,Francia,FR,1
2024-05-13,hotel-demo-2,México,MX,7
2024-05-14,hotel-demo-1,Argentina,AR,70
2024-05-14,hotel-demo-1,Brasil,BR,17
2024-05-14,hotel-demo-1,Chile,CL,7
2024-05-14,hotel-demo-1,Uruguay,UY,6
2024-05-14,hotel-demo-1,Estados Unidos,US,9
2024-05-14,hotel-demo-1,España,ES,3
2024-05-14,hotel-demo-1,Alemania,DE,3
2024-05-14,hotel-demo-1,Francia,FR,2
2024-05-14,hotel-demo-1,México,MX,32
2024-05-14,hotel-demo-2,Argentina,AR,42
2024-05-14,hotel-demo-2,Brasil,BR,6
2024-05-14,hotel-demo-2,Chile,CL,3
2024-05-14,hotel-demo-2,Uruguay,UY,2
2024-05-15,hotel-demo-1,Argentina,AR,70
2024-05-15,hotel-demo-1,Brasil,BR,19
2024-05-15,hotel-demo-1,Chile,CL,8
2024-05-15,hotel-demo-1,Uruguay,UY,8
2024-05-15,hotel-demo-1,Estados Unidos,US,5
2024-05-15,hotel-demo-1,España,ES,3
2024-05-15,hotel-demo-1,Alemania,DE,2
2024-05-15,hotel-demo-1,Francia,FR,2
2024-05-15,hotel-demo-1,México,MX,8
2024-05-15,hotel-demo-2,Argentina,AR,41
2024-05-15,hotel-demo-2,Brasil,BR,8
2024-05-15,hotel-demo-2,Chile,CL,3
2024-05-15,hotel-demo-2,Uruguay,UY,2
2024-05-15,hotel-demo-2,Estados Unidos,US,4
2024-05-16,hotel-demo-1,Argentina,AR,95
2024-05-16,hotel-demo-1,Brasil,BR,27
2024-05-16,hotel-demo-1,Chile,CL,7
2024-05-16,hotel-demo-1,Uruguay,UY,7
2024-05-16,hotel-demo-1,Estados Unidos,US,7
2024-05-16,hotel-demo-1,España,ES,5
2024-05-16,hotel-demo-1,Alemania,DE,4
2024-05-16,hotel-demo-1,Francia,FR,2
2024-05-16,hotel-demo-1,México,MX,10
2024-05-16,hotel-demo-2,Argentina,AR,24
2024-05-16,hotel-demo-2,Brasil,BR,7
2024-05-16,hotel-demo-2,Chile,CL,3
2024-05-16,hotel-demo-2,Uruguay,UY,2
2024-05-16,hotel-demo-2,Estados Unidos,US,3
2024-05-16,hotel-demo-2,España,ES,2
2024-05-16,hotel-demo-2,Alemania,DE,1
2024-05-17,hotel-demo-1,Argentina,AR,102
2024-05-17,hotel-demo-1,Brasil,BR,24
2024-05-17,hotel-demo-1,Chile,CL,11
2024-05-17,hotel-demo-1,Uruguay,UY,11
2024-05-17,hotel-demo-1,Estados Unidos,US,9
2024-05-17,hotel-demo-1,España,ES,5
2024-05-17,hotel-demo-1,Alemania,DE,3
2024-05-17,hotel-demo-1,Francia,FR,2
2024-05-17,hotel-demo-1,México,MX,18
2024-05-17,hotel-demo-2,Argentina,AR,33
2024-05-17,hotel-demo-2,Brasil,BR,9
2024-05-17,hotel-demo-2,Chile,CL,3
2024-05-17,hotel-demo-2,Uruguay,UY,3
2024-05-17,hotel-demo-2,Estados Unidos,US,3
2024-05-17,hotel-demo-2,España,ES,2
2024-05-18,hotel-demo-1,Argentina,AR,103
2024-05-18,hotel-demo-1,Brasil,BR,21
2024-05-18,hotel-demo-1,Chile,CL,12
2024-05-18,hotel-demo-1,Uruguay,UY,11
2024-05-18,hotel-demo-1,Estados Unidos,US,10
2024-05-18,hotel-demo-1,España,ES,6
2024-05-18,hotel-demo-1,Alemania,DE,3
2024-05-18,hotel-demo-1,Francia,FR,3
2024-05-18,hotel-demo-1,México,MX,5
2024-05-18,hotel-demo-2,Argentina,AR,36
2024-05-18,hotel-demo-2,Brasil,BR,10
2024-05-18,hotel-demo-2,Chile,CL,3
2024-05-18,hotel-demo-2,Uruguay,UY,2
2024-05-18,hotel-demo-2,Estados Unidos,US,2
2024-05-18,hotel-demo-2,España,ES,2
2024-05-18,hotel-demo-2,Alemania,DE,1
2024-05-18,hotel-demo-2,Francia,FR,1
2024-05-18,hotel-demo-2,México,MX,10
2024-05-19,hotel-demo-1,Argentina,AR,110
2024-05-19,hotel-demo-1,Brasil,BR,19
2024-05-19,hotel-demo-1,Chile,CL,7
2024-05-19,hotel-demo-2,Argentina,AR,45
2024-05-19,hotel-demo-2,Brasil,BR,9
2024-05-19,hotel-demo-2,Chile,CL,2
2024-05-20,hotel-demo-1,Argentina,AR,126
2024-05-20,hotel-demo-1,Brasil,BR,23
2024-05-20,hotel-demo-1,Chile,CL,8
2024-05-20,hotel-demo-1,Uruguay,UY,4
2024-05-20,hotel-demo-2,Argentina,AR,32
2024-05-20,hotel-demo-2,Brasil,BR,11
2024-05-20,hotel-demo-2,Chile,CL,4
2024-05-20,hotel-demo-2,Uruguay,UY,3
2024-05-20,hotel-demo-2,Estados Unidos,US,3
2024-05-20,hotel-demo-2,España,ES,1
2024-05-20,hotel-demo-2,Alemania,DE,1
2024-05-20,hotel-demo-2,Francia,FR,1
2024-05-20,hotel-demo-2,México,MX,5
2024-05-21,hotel-demo-1,Argentina,AR,90
2024-05-21,hotel-demo-1,Brasil,BR,13
2024-05-21,hotel-demo-1,Chile,CL,6
2024-05-21,hotel-demo-1,Uruguay,UY,8
2024-05-21,hotel-demo-1,Estados Unidos,US,7
2024-05-21,hotel-demo-2,Argentina,AR,31
2024-05-21,hotel-demo-2,Brasil,BR,7
2024-05-21,hotel-demo-2,Chile,CL,3
2024-05-21,hotel-demo-2,Uruguay,UY,3
2024-05-21,hotel-demo-2,Estados Unidos,US,3
2024-05-21,hotel-demo-2,España,ES,1
2024-05-21,hotel-demo-2,Alemania,DE,1
2024-05-22,hotel-demo-1,Argentina,AR,86
2024-05-22,hotel-demo-1,Brasil,BR,17
2024-05-22,hotel-demo-1,Chile,CL,6
2024-05-22,hotel-demo-1,Uruguay,UY,5
2024-05-22,hotel-demo-1,Estados Unidos,US,8
2024-05-22,hotel-demo-1,España,ES,4
2024-05-22,hotel-demo-1,Alemania,DE,2
2024-05-22,hotel-demo-2,Argentina,AR,27
2024-05-22,hotel-demo-2,Brasil,BR,6
2024-05-22,hotel-demo-2,Chile,CL,2
2024-05-22,hotel-demo-2,Uruguay,UY,3
2024-05-22,hotel-demo-2,Estados Unidos,US,2
2024-05-22,hotel-demo-2,España,ES,2
2024-05-22,hotel-demo-2,Alemania,DE,1
2024-05-22,hotel-demo-2,México,MX,3
2024-05-23,hotel-demo-1,Argentina,AR,91
2024-05-23,hotel-demo-1,Brasil,BR,24
2024-05-23,hotel-demo-1,Chile,CL,7
2024-05-23,hotel-demo-1,Uruguay,UY,10
2024-05-23,hotel-demo-1,Estados Unidos,US,7
2024-05-23,hotel-demo-1,España,ES,5
2024-05-23,hotel-demo-1,Alemania,DE,4
2024-05-23,hotel-demo-1,Francia,FR,2
2024-05-23,hotel-demo-1,México,MX,10
2024-05-23,hotel-demo-2,Argentina,AR,39
2024-05-23,hotel-demo-2,Brasil,BR,8
2024-05-23,hotel-demo-2,Chile,CL,4
2024-05-23,hotel-demo-2,Uruguay,UY,4
2024-05-23,hotel-demo-2,Estados Unidos,US,2
2024-05-23,hotel-demo-2,España,ES,1
2024-05-23,hotel-demo-2,Alemania,DE,1
2024-05-24,hotel-demo-1,Argentina,AR,76
2024-05-24,hotel-demo-1,Brasil,BR,24
2024-05-24,hotel-demo-1,Chile,CL,9
2024-05-24,hotel-demo-1,Uruguay,UY,8
2024-05-24,hotel-demo-1,Estados Unidos,US,9
2024-05-24,hotel-demo-1,España,ES,6
2024-05-24,hotel-demo-1,Alemania,DE,3
2024-05-24,hotel-demo-1,Francia,FR,2
2024-05-24,hotel-demo-1,México,MX,24
2024-05-24,hotel-demo-2,Argentina,AR,41
2024-05-24,hotel-demo-2,Brasil,BR,12
2024-05-24,hotel-demo-2,Chile,CL,5
2024-05-24,hotel-demo-2,Uruguay,UY,3
2024-05-24,hotel-demo-2,Estados Unidos,US,3
2024-05-25,hotel-demo-1,Argentina,AR,125
2024-05-25,hotel-demo-1,Brasil,BR,23
2024-05-25,hotel-demo-1,Chile,CL,8
2024-05-25,hotel-demo-2,Argentina,AR,40
2024-05-25,hotel-demo-2,Brasil,BR,7
2024-05-25,hotel-demo-2,Chile,CL,4
2024-05-25,hotel-demo-2,Uruguay,UY,2
2024-05-25,hotel-demo-2,Estados Unidos,US,3
2024-05-25,hotel-demo-2,España,ES,2
2024-05-25,hotel-demo-2,Alemania,DE,1
2024-05-25,hotel-demo-2,Francia,FR,1
2024-05-25,hotel-demo-2,México,MX,2
2024-05-26,hotel-demo-1,Argentina,AR,99
2024-05-26,hotel-demo-1,Brasil,BR,21
2024-05-26,hotel-demo-1,Chile,CL,11
2024-05-26,hotel-demo-1,Uruguay,UY,8
2024-05-26,hotel-demo-1,Estados Unidos,US,4
2024-05-26,hotel-demo-2,Argentina,AR,39
2024-05-26,hotel-demo-2,Brasil,BR,9
2024-05-26,hotel-demo-2,Chile,CL,4
2024-05-26,hotel-demo-2,Uruguay,UY,2
2024-05-27,hotel-demo-1,Argentina,AR,102
2024-05-27,hotel-demo-1,Brasil,BR,22
2024-05-27,hotel-demo-1,Chile,CL,8
2024-05-27,hotel-demo-1,Uruguay,UY,7
2024-05-27,hotel-demo-1,Estados Unidos,US,7
2024-05-27,hotel-demo-1,España,ES,4
2024-05-27,hotel-demo-1,Alemania,DE,2
2024-05-27,hotel-demo-1,Francia,FR,2
2024-05-27,hotel-demo-1,México,MX,1
2024-05-27,hotel-demo-2,Argentina,AR,36
2024-05-27,hotel-demo-2,Brasil,BR,7
2024-05-27,hotel-demo-2,Chile,CL,3
2024-05-27,hotel-demo-2,Uruguay,UY,3
2024-05-27,hotel-demo-2,Estados Unidos,US,3
2024-05-27,hotel-demo-2,España,ES,2
2024-05-27,hotel-demo-2,Alemania,DE,1
2024-05-27,hotel-demo-2,Francia,FR,1
2024-05-27,hotel-demo-2,México,MX,2
2024-05-28,hotel-demo-1,Argentina,AR,64
2024-05-28,hotel-demo-1,Brasil,BR,18
2024-05-28,hotel-demo-1,Chile,CL,11
2024-05-28,hotel-demo-1,Uruguay,UY,8
2024-05-28,hotel-demo-1,Estados Unidos,US,9
2024-05-28,hotel-demo-1,España,ES,4
2024-05-28,hotel-demo-1,Alemania,DE,2
2024-05-28,hotel-demo-1,Francia,FR,2
2024-05-28,hotel-demo-1,México,MX,27
2024-05-28,hotel-demo-2,Argentina,AR,50
2024-05-28,hotel-demo-2,Brasil,BR,11
2024-05-28,hotel-demo-2,Chile,CL,2
2024-05-29,hotel-demo-1,Argentina,AR,110
2024-05-29,hotel-demo-1,Brasil,BR,25
2024-05-29,hotel-demo-1,Chile,CL,9
2024-05-29,hotel-demo-1,Uruguay,UY,10
2024-05-29,hotel-demo-1,Estados Unidos,US,5
2024-05-29,hotel-demo-2,Argentina,AR,36
2024-05-29,hotel-demo-2,Brasil,BR,6
2024-05-29,hotel-demo-2,Chile,CL,2
2024-05-29,hotel-demo-2,Uruguay,UY,2
2024-05-29,hotel-demo-2,Estados Unidos,US,1
2024-05-30,hotel-demo-1,Argentina,AR,65
2024-05-30,hotel-demo-1,Brasil,BR,17
2024-05-30,hotel-demo-1,Chile,CL,9
2024-05-30,hotel-demo-1,Uruguay,UY,7
2024-05-30,hotel-demo-1,Estados Unidos,US,7
2024-05-30,hotel-demo-1,España,ES,3
2024-05-30,hotel-demo-1,Alemania,DE,3
2024-05-30,hotel-demo-1,Francia,FR,2
2024-05-30,hotel-demo-1,México,MX,33
2024-05-30,hotel-demo-2,Argentina,AR,33
2024-05-30,hotel-demo-2,Brasil,BR,7
2024-05-30,hotel-demo-2,Chile,CL,2
2024-05-30,hotel-demo-2,Uruguay,UY,1
2024-05-31,hotel-demo-1,Argentina,AR,119
2024-05-31,hotel-demo-1,Brasil,BR,25
2024-05-31,hotel-demo-1,Chile,CL,8
2024-05-31,hotel-demo-1,Uruguay,UY,10
2024-05-31,hotel-demo-1,Estados Unidos,US,9
2024-05-31,hotel-demo-1,España,ES,6
2024-05-31,hotel-demo-1,Alemania,DE,3
2024-05-31,hotel-demo-1,Francia,FR,1
2024-05-31,hotel-demo-2,Argentina,AR,31
2024-05-31,hotel-demo-2,Brasil,BR,6
2024-05-31,hotel-demo-2,Chile,CL,4
2024-05-31,hotel-demo-2,Uruguay,UY,4
2024-05-31,hotel-demo-2,Estados Unidos,US,3
2024-05-31,hotel-demo-2,España,ES,2
2024-05-31,hotel-demo-2,Alemania,DE,1
2024-05-31,hotel-demo-2,Francia,FR,1
2024-05-31,hotel-demo-2,México,MX,10
2024-06-01,hotel-demo-1,Argentina,AR,79
2024-06-01,hotel-demo-1,Brasil,BR,17
2024-06-01,hotel-demo-1,Chile,CL,7
2024-06-01,hotel-demo-1,Uruguay,UY,10
2024-06-01,hotel-demo-1,Estados Unidos,US,8
2024-06-01,hotel-demo-1,España,ES,5
2024-06-01,hotel-demo-1,Alemania,DE,3
2024-06-01,hotel-demo-1,Francia,FR,2
2024-06-01,hotel-demo-1,México,MX,25
2024-06-01,hotel-demo-2,Argentina,AR,48
2024-06-01,hotel-demo-2,Brasil,BR,9
2024-06-01,hotel-demo-2,Chile,CL,5
2024-06-01,hotel-demo-2,Uruguay,UY,3
2024-06-01,hotel-demo-2,Estados Unidos,US,3
2024-06-02,hotel-demo-1,Argentina,AR,81
2024-06-02,hotel-demo-1,Brasil,BR,20
2024-06-02,hotel-demo-1,Chile,CL,9
2024-06-02,hotel-demo-1,Uruguay,UY,8
2024-06-02,hotel-demo-1,Estados Unidos,US,8
2024-06-02,hotel-demo-1,España,ES,4
2024-06-02,hotel-demo-1,Alemania,DE,3
2024-06-02,hotel-demo-1,Francia,FR,2
2024-06-02,hotel-demo-2,Argentina,AR,31
2024-06-02,hotel-demo-2,Brasil,BR,4
2024-06-02,hotel-demo-2,Chile,CL,2
2024-06-02,hotel-demo-2,Uruguay,UY,2
2024-06-02,hotel-demo-2,Estados Unidos,US,3
2024-06-02,hotel-demo-2,España,ES,2
2024-06-03,hotel-demo-1,Argentina,AR,107
2024-06-03,hotel-demo-1,Brasil,BR,20
2024-06-03,hotel-demo-1,Chile,CL,8
2024-06-03,hotel-demo-1,Uruguay,UY,8
2024-06-03,hotel-demo-1,Estados Unidos,US,1
2024-06-03,hotel-demo-2,Argentina,AR,28
2024-06-03,hotel-demo-2,Brasil,BR,6
2024-06-03,hotel-demo-2,Chile,CL,2
2024-06-03,hotel-demo-2,Uruguay,UY,2
2024-06-03,hotel-demo-2,Estados Unidos,US,3
2024-06-03,hotel-demo-2,España,ES,2
2024-06-03,hotel-demo-2,Alemania,DE,1
2024-06-03,hotel-demo-2,Francia,FR,1
2024-06-03,hotel-demo-2,México,MX,3
2024-06-04,hotel-demo-1,Argentina,AR,80
2024-06-04,hotel-demo-1,Brasil,BR,23
2024-06-04,hotel-demo-1,Chile,CL,8
2024-06-04,hotel-demo-1,Uruguay,UY,9
2024-06-04,hotel-demo-1,Estados Unidos,US,6
2024-06-04,hotel-demo-1,España,ES,4
2024-06-04,hotel-demo-1,Alemania,DE,3
2024-06-04,hotel-demo-1,Francia,FR,3
2024-06-04,hotel-demo-1,México,MX,3
2024-06-04,hotel-demo-2,Argentina,AR,28
2024-06-04,hotel-demo-2,Brasil,BR,8
2024-06-04,hotel-demo-2,Chile,CL,4
2024-06-04,hotel-demo-2,Uruguay,UY,2
2024-06-04,hotel-demo-2,Estados Unidos,US,2
2024-06-04,hotel-demo-2,España,ES,2
2024-06-04,hotel-demo-2,Alemania,DE,1
2024-06-04,hotel-demo-2,Francia,FR,1
2024-06-04,hotel-demo-2,México,MX,3
2024-06-05,hotel-demo-1,Argentina,AR,97
2024-06-05,hotel-demo-1,Brasil,BR,21
2024-06-05,hotel-demo-1,Chile,CL,7
2024-06-05,hotel-demo-1,Uruguay,UY,8
2024-06-05,hotel-demo-1,Estados Unidos,US,7
2024-06-05,hotel-demo-1,España,ES,5
2024-06-05,hotel-demo-1,Alemania,DE,3
2024-06-05,hotel-demo-1,Francia,FR,2
2024-06-05,hotel-demo-1,México,MX,8
2024-06-05,hotel-demo-2,Argentina,AR,32
2024-06-05,hotel-demo-2,Brasil,BR,5
2024-06-05,hotel-demo-2,Chile,CL,3
2024-06-05,hotel-demo-2,Uruguay,UY,2
2024-06-05,hotel-demo-2,Estados Unidos,US,1
2024-06-06,hotel-demo-1,Argentina,AR,86
2024-06-06,hotel-demo-1,Brasil,BR,20
2024-06-06,hotel-demo-1,Chile,CL,7
2024-06-06,hotel-demo-1,Uruguay,UY,7
2024-06-06,hotel-demo-1,Estados Unidos,US,8
2024-06-06,hotel-demo-1,España,ES,4
2024-06-06,hotel-demo-1,Alemania,DE,2
2024-06-06,hotel-demo-1,Francia,FR,3
2024-06-06,hotel-demo-1,México,MX,14
2024-06-06,hotel-demo-2,Argentina,AR,30
2024-06-06,hotel-demo-2,Brasil,BR,5
2024-06-06,hotel-demo-2,Chile,CL,2
2024-06-07,hotel-demo-1,Argentina,AR,104
2024-06-07,hotel-demo-1,Brasil,BR,19
2024-06-07,hotel-demo-1,Chile,CL,11
2024-06-07,hotel-demo-1,Uruguay,UY,10
2024-06-07,hotel-demo-1,Estados Unidos,US,11
2024-06-07,hotel-demo-1,España,ES,4
2024-06-07,hotel-demo-1,Alemania,DE,2
2024-06-07,hotel-demo-1,Francia,FR,3
2024-06-07,hotel-demo-1,México,MX,5
2024-06-07,hotel-demo-2,Argentina,AR,36
2024-06-07,hotel-demo-2,Brasil,BR,6
2024-06-07,hotel-demo-2,Chile,CL,3
2024-06-07,hotel-demo-2,Uruguay,UY,3
2024-06-07,hotel-demo-2,Estados Unidos,US,1
2024-06-08,hotel-demo-1,Argentina,AR,83
2024-06-08,hotel-demo-1,Brasil,BR,23
2024-06-08,hotel-demo-1,Chile,CL,11
2024-06-08,hotel-demo-1,Uruguay,UY,9
2024-06-08,hotel-demo-1,Estados Unidos,US,8
2024-06-08,hotel-demo-1,España,ES,4
2024-06-08,hotel-demo-1,Alemania,DE,3
2024-06-08,hotel-demo-1,Francia,FR,3
2024-06-08,hotel-demo-1,México,MX,5
2024-06-08,hotel-demo-2,Argentina,AR,35
2024-06-08,hotel-demo-2,Brasil,BR,8
2024-06-08,hotel-demo-2,Chile,CL,3
2024-06-08,hotel-demo-2,Uruguay,UY,2
2024-06-08,hotel-demo-2,Estados Unidos,US,3
2024-06-08,hotel-demo-2,España,ES,1
2024-06-08,hotel-demo-2,Alemania,DE,1
2024-06-08,hotel-demo-2,Francia,FR,1
2024-06-09,hotel-demo-1,Argentina,AR,63
2024-06-09,hotel-demo-1,Brasil,BR,22
2024-06-09,hotel-demo-1,Chile,CL,7
2024-06-09,hotel-demo-1,Uruguay,UY,8
2024-06-09,hotel-demo-1,Estados Unidos,US,7
2024-06-09,hotel-demo-1,España,ES,3
2024-06-09,hotel-demo-1,Alemania,DE,2
2024-06-09,hotel-demo-1,Francia,FR,2
2024-06-09,hotel-demo-1,México,MX,18
2024-06-09,hotel-demo-2,Argentina,AR,32
2024-06-09,hotel-demo-2,Brasil,BR,8
2024-06-09,hotel-demo-2,Chile,CL,3
2024-06-09,hotel-demo-2,Uruguay,UY,1
2024-06-10,hotel-demo-1,Argentina,AR,113
2024-06-10,hotel-demo-1,Brasil,BR,22
2024-06-10,hotel-demo-1,Chile,CL,11
2024-06-10,hotel-demo-1,Uruguay,UY,8
2024-06-10,hotel-demo-1,Estados Unidos,US,6
2024-06-10,hotel-demo-2,Argentina,AR,30
2024-06-10,hotel-demo-2,Brasil,BR,6
2024-06-10,hotel-demo-2,Chile,CL,2
2024-06-10,hotel-demo-2,Uruguay,UY,2
2024-06-10,hotel-demo-2,Estados Unidos,US,2
2024-06-11,hotel-demo-1,Argentina,AR,67
2024-06-11,hotel-demo-1,Brasil,BR,22
2024-06-11,hotel-demo-1,Chile,CL,7
2024-06-11,hotel-demo-1,Uruguay,UY,6
2024-06-11,hotel-demo-1,Estados Unidos,US,5
2024-06-11,hotel-demo-1,España,ES,4
2024-06-11,hotel-demo-1,Alemania,DE,2
2024-06-11,hotel-demo-1,Francia,FR,2
2024-06-11,hotel-demo-1,México,MX,22
2024-06-11,hotel-demo-2,Argentina,AR,35
2024-06-11,hotel-demo-2,Brasil,BR,9
2024-06-11,hotel-demo-2,Chile,CL,3
2024-06-11,hotel-demo-2,Uruguay,UY,3
2024-06-12,hotel-demo-1,Argentina,AR,83
2024-06-12,hotel-demo-1,Brasil,BR,19
2024-06-12,hotel-demo-1,Chile,CL,9
2024-06-12,hotel-demo-1,Uruguay,UY,8
2024-06-12,hotel-demo-1,Estados Unidos,US,7
2024-06-12,hotel-demo-1,España,ES,3
2024-06-12,hotel-demo-1,Alemania,DE,2
2024-06-12,hotel-demo-1,Francia,FR,3
2024-06-12,hotel-demo-1,México,MX,3
2024-06-12,hotel-demo-2,Argentina,AR,22
2024-06-12,hotel-demo-2,Brasil,BR,5
2024-06-12,hotel-demo-2,Chile,CL,2
2024-06-12,hotel-demo-2,Uruguay,UY,1
2024-06-12,hotel-demo-2,Estados Unidos,US,2
2024-06-12,hotel-demo-2,España,ES,1
2024-06-12,hotel-demo-2,Alemania,DE,1
2024-06-12,hotel-demo-2,Francia,FR,1
2024-06-12,hotel-demo-2,México,MX,4
2024-06-13,hotel-demo-1,Argentina,AR,81
2024-06-13,hotel-demo-1,Brasil,BR,18
2024-06-13,hotel-demo-1,Chile,CL,9
2024-06-13,hotel-demo-1,Uruguay,UY,7
2024-06-13,hotel-demo-1,Estados Unidos,US,9
2024-06-13,hotel-demo-1,España,ES,4
2024-06-13,hotel-demo-1,Alemania,DE,3
2024-06-13,hotel-demo-1,Francia,FR,2
2024-06-13,hotel-demo-1,México,MX,6
2024-06-13,hotel-demo-2,Argentina,AR,29
2024-06-13,hotel-demo-2,Brasil,BR,7
2024-06-13,hotel-demo-2,Chile,CL,3
2024-06-13,hotel-demo-2,Uruguay,UY,3
2024-06-14,hotel-demo-1,Argentina,AR,111
2024-06-14,hotel-demo-1,Brasil,BR,17
2024-06-14,hotel-demo-1,Chile,CL,12
2024-06-14,hotel-demo-1,Uruguay,UY,10
2024-06-14,hotel-demo-1,Estados Unidos,US,10
2024-06-14,hotel-demo-1,España,ES,3
2024-06-14,hotel-demo-2,Argentina,AR,29
2024-06-14,hotel-demo-2,Brasil,BR,9
2024-06-14,hotel-demo-2,Chile,CL,4
2024-06-14,hotel-demo-2,Uruguay,UY,3
2024-06-14,hotel-demo-2,Estados Unidos,US,3
2024-06-14,hotel-demo-2,España,ES,2
2024-06-14,hotel-demo-2,Alemania,DE,1
2024-06-14,hotel-demo-2,Francia,FR,1
2024-06-14,hotel-demo-2,México,MX,2
2024-06-15,hotel-demo-1,Argentina,AR,100
2024-06-15,hotel-demo-1,Brasil,BR,24
2024-06-15,hotel-demo-1,Chile,CL,8
2024-06-15,hotel-demo-1,Uruguay,UY,9
2024-06-15,hotel-demo-1,Estados Unidos,US,3
2024-06-15,hotel-demo-2,Argentina,AR,29
2024-06-15,hotel-demo-2,Brasil,BR,8
2024-06-15,hotel-demo-2,Chile,CL,3
2024-06-15,hotel-demo-2,Uruguay,UY,2
2024-06-15,hotel-demo-2,Estados Unidos,US,2
2024-06-15,hotel-demo-2,España,ES,2
2024-06-16,hotel-demo-1,Argentina,AR,94
2024-06-16,hotel-demo-1,Brasil,BR,19
2024-06-16,hotel-demo-1,Chile,CL,9
2024-06-16,hotel-demo-1,Uruguay,UY,1
2024-06-16,hotel-demo-2,Argentina,AR,26
2024-06-16,hotel-demo-2,Brasil,BR,6
2024-06-16,hotel-demo-2,Chile,CL,2
2024-06-16,hotel-demo-2,Uruguay,UY,3
2024-06-16,hotel-demo-2,Estados Unidos,US,2
2024-06-16,hotel-demo-2,España,ES,2
2024-06-16,hotel-demo-2,Alemania,DE,1
2024-06-16,hotel-demo-2,Francia,FR,1
2024-06-16,hotel-demo-2,México,MX,2
2024-06-17,hotel-demo-1,Argentina,AR,66
2024-06-17,hotel-demo-1,Brasil,BR,19
2024-06-17,hotel-demo-1,Chile,CL,10
2024-06-17,hotel-demo-1,Uruguay,UY,9
2024-06-17,hotel-demo-1,Estados Unidos,US,5
2024-06-17,hotel-demo-1,España,ES,5
2024-06-17,hotel-demo-1,Alemania,DE,3
2024-06-17,hotel-demo-1,Francia,FR,2
2024-06-17,hotel-demo-1,México,MX,22
2024-06-17,hotel-demo-2,Argentina,AR,25
2024-06-17,hotel-demo-2,Brasil,BR,6
2024-06-17,hotel-demo-2,Chile,CL,3
2024-06-17,hotel-demo-2,Uruguay,UY,2
2024-06-17,hotel-demo-2,Estados Unidos,US,2
2024-06-17,hotel-demo-2,España,ES,2
2024-06-17,hotel-demo-2,Alemania,DE,1
2024-06-17,hotel-demo-2,Francia,FR,1
2024-06-17,hotel-demo-2,México,MX,3
2024-06-18,hotel-demo-1,Argentina,AR,87
2024-06-18,hotel-demo-1,Brasil,BR,15
2024-06-18,hotel-demo-1,Chile,CL,6
2024-06-18,hotel-demo-1,Uruguay,UY,8
2024-06-18,hotel-demo-1,Estados Unidos,US,6
2024-06-18,hotel-demo-1,España,ES,5
2024-06-18,hotel-demo-1,Alemania,DE,2
2024-06-18,hotel-demo-1,Francia,FR,2
2024-06-18,hotel-demo-1,México,MX,11
2024-06-18,hotel-demo-2,Argentina,AR,33
2024-06-18,hotel-demo-2,Brasil,BR,5
2024-06-18,hotel-demo-2,Chile,CL,2
2024-06-18,hotel-demo-2,Uruguay,UY,2
2024-06-18,hotel-demo-2,Estados Unidos,US,2
2024-06-18,hotel-demo-2,España,ES,1
2024-06-19,hotel-demo-1,Argentina,AR,90
2024-06-19,hotel-demo-1,Brasil,BR,24
2024-06-19,hotel-demo-1,Chile,CL,11
2024-06-19,hotel-demo-1,Uruguay,UY,6
2024-06-19,hotel-demo-1,Estados Unidos,US,6
2024-06-19,hotel-demo-1,España,ES,5
2024-06-19,hotel-demo-1,Alemania,DE,3
2024-06-19,hotel-demo-1,Francia,FR,3
2024-06-19,hotel-demo-1,México,MX,12
2024-06-19,hotel-demo-2,Argentina,AR,18
2024-06-19,hotel-demo-2,Brasil,BR,6
2024-06-19,hotel-demo-2,Chile,CL,2
2024-06-19,hotel-demo-2,Uruguay,UY,2
2024-06-19,hotel-demo-2,Estados Unidos,US,2
2024-06-19,hotel-demo-2,España,ES,1
2024-06-19,hotel-demo-2,Alemania,DE,1
2024-06-19,hotel-demo-2,Francia,FR,1
2024-06-19,hotel-demo-2,México,MX,1
2024-06-20,hotel-demo-1,Argentina,AR,72
2024-06-20,hotel-demo-1,Brasil,BR,20
2024-06-20,hotel-demo-1,Chile,CL,9
2024-06-20,hotel-demo-1,Uruguay,UY,7
2024-06-20,hotel-demo-1,Estados Unidos,US,7
2024-06-20,hotel-demo-1,España,ES,3
2024-06-20,hotel-demo-1,Alemania,DE,2
2024-06-20,hotel-demo-1,Francia,FR,2
2024-06-20,hotel-demo-1,México,MX,3
2024-06-20,hotel-demo-2,Argentina,AR,36
2024-06-20,hotel-demo-2,Brasil,BR,7
2024-06-20,hotel-demo-2,Chile,CL,4
2024-06-20,hotel-demo-2,Uruguay,UY,2
2024-06-20,hotel-demo-2,Estados Unidos,US,2
2024-06-20,hotel-demo-2,España,ES,1
2024-06-21,hotel-demo-1,Argentina,AR,140
2024-06-21,hotel-demo-1,Brasil,BR,26
2024-06-21,hotel-demo-1,Chile,CL,14
2024-06-21,hotel-demo-1,Uruguay,UY,2
2024-06-21,hotel-demo-2,Argentina,AR,28
2024-06-21,hotel-demo-2,Brasil,BR,6
2024-06-21,hotel-demo-2,Chile,CL,4
2024-06-21,hotel-demo-2,Uruguay,UY,3
2024-06-21,hotel-demo-2,Estados Unidos,US,3
2024-06-21,hotel-demo-2,España,ES,1
2024-06-21,hotel-demo-2,Alemania,DE,1
2024-06-21,hotel-demo-2,Francia,FR,1
2024-06-21,hotel-demo-2,México,MX,9
2024-06-22,hotel-demo-1,Argentina,AR,95
2024-06-22,hotel-demo-1,Brasil,BR,25
2024-06-22,hotel-demo-1,Chile,CL,10
2024-06-22,hotel-demo-1,Uruguay,UY,5
2024-06-22,hotel-demo-1,Estados Unidos,US,5
2024-06-22,hotel-demo-1,España,ES,1
2024-06-22,hotel-demo-2,Argentina,AR,44
2024-06-22,hotel-demo-2,Brasil,BR,8
2024-06-22,hotel-demo-2,Chile,CL,3
2024-06-22,hotel-demo-2,Uruguay,UY,2
2024-06-23,hotel-demo-1,Argentina,AR,72
2024-06-23,hotel-demo-1,Brasil,BR,16
2024-06-23,hotel-demo-1,Chile,CL,6
2024-06-23,hotel-demo-1,Uruguay,UY,8
2024-06-23,hotel-demo-1,Estados Unidos,US,7
2024-06-23,hotel-demo-1,España,ES,4
2024-06-23,hotel-demo-1,Alemania,DE,3
2024-06-23,hotel-demo-1,Francia,FR,2
2024-06-23,hotel-demo-1,México,MX,11
2024-06-23,hotel-demo-2,Argentina,AR,20
2024-06-23,hotel-demo-2,Brasil,BR,5
2024-06-23,hotel-demo-2,Chile,CL,2
2024-06-23,hotel-demo-2,Uruguay,UY,2
2024-06-23,hotel-demo-2,Estados Unidos,US,2
2024-06-23,hotel-demo-2,España,ES,1
2024-06-23,hotel-demo-2,Alemania,DE,1
2024-06-23,hotel-demo-2,México,MX,4
2024-06-24,hotel-demo-1,Argentina,AR,113
2024-06-24,hotel-demo-1,Brasil,BR,27
2024-06-24,hotel-demo-1,Chile,CL,7
2024-06-24,hotel-demo-1,Uruguay,UY,6
2024-06-24,hotel-demo-2,Argentina,AR,20
2024-06-24,hotel-demo-2,Brasil,BR,5
2024-06-24,hotel-demo-2,Chile,CL,3
2024-06-24,hotel-demo-2,Uruguay,UY,2
2024-06-24,hotel-demo-2,Estados Unidos,US,3
2024-06-24,hotel-demo-2,España,ES,1
2024-06-24,hotel-demo-2,Alemania,DE,1
2024-06-24,hotel-demo-2,Francia,FR,1
2024-06-24,hotel-demo-2,México,MX,8
2024-06-25,hotel-demo-1,Argentina,AR,77
2024-06-25,hotel-demo-1,Brasil,BR,24
2024-06-25,hotel-demo-1,Chile,CL,10
2024-06-25,hotel-demo-1,Uruguay,UY,6
2024-06-25,hotel-demo-1,Estados Unidos,US,7
2024-06-25,hotel-demo-1,España,ES,4
2024-06-25,hotel-demo-1,Alemania,DE,4
2024-06-25,hotel-demo-1,Francia,FR,3
2024-06-25,hotel-demo-1,México,MX,26
2024-06-25,hotel-demo-2,Argentina,AR,33
2024-06-25,hotel-demo-2,Brasil,BR,7
2024-06-25,hotel-demo-2,Chile,CL,2
2024-06-25,hotel-demo-2,Uruguay,UY,2
2024-06-25,hotel-demo-2,Estados Unidos,US,2
2024-06-26,hotel-demo-1,Argentina,AR,56
2024-06-26,hotel-demo-1,Brasil,BR,12
2024-06-26,hotel-demo-1,Chile,CL,9
2024-06-26,hotel-demo-1,Uruguay,UY,7
2024-06-26,hotel-demo-1,Estados Unidos,US,6
2024-06-26,hotel-demo-1,España,ES,3
2024-06-26,hotel-demo-1,Alemania,DE,3
2024-06-26,hotel-demo-1,Francia,FR,2
2024-06-26,hotel-demo-1,México,MX,22
2024-06-26,hotel-demo-2,Argentina,AR,35
2024-06-26,hotel-demo-2,Brasil,BR,5
2024-06-26,hotel-demo-2,Chile,CL,3
2024-06-26,hotel-demo-2,Uruguay,UY,3
2024-06-26,hotel-demo-2,Estados Unidos,US,3
2024-06-26,hotel-demo-2,España,ES,2
2024-06-26,hotel-demo-2,Alemania,DE,1
2024-06-26,hotel-demo-2,Francia,FR,1
2024-06-27,hotel-demo-1,Argentina,AR,102
2024-06-27,hotel-demo-1,Brasil,BR,25
2024-06-27,hotel-demo-1,Chile,CL,8
2024-06-27,hotel-demo-1,Uruguay,UY,6
2024-06-27,hotel-demo-1,Estados Unidos,US,6
2024-06-27,hotel-demo-1,España,ES,4
2024-06-27,hotel-demo-1,Alemania,DE,4
2024-06-27,hotel-demo-1,Francia,FR,3
2024-06-27,hotel-demo-1,México,MX,10
2024-06-27,hotel-demo-2,Argentina,AR,27
2024-06-27,hotel-demo-2,Brasil,BR,8
2024-06-27,hotel-demo-2,Chile,CL,3
2024-06-27,hotel-demo-2,Uruguay,UY,2
2024-06-27,hotel-demo-2,Estados Unidos,US,3
2024-06-27,hotel-demo-2,España,ES,2
2024-06-27,hotel-demo-2,Alemania,DE,1
2024-06-27,hotel-demo-2,Francia,FR,1
2024-06-27,hotel-demo-2,México,MX,2
2024-06-28,hotel-demo-1,Argentina,AR,108
2024-06-28,hotel-demo-1,Brasil,BR,19
2024-06-28,hotel-demo-1,Chile,CL,7
2024-06-28,hotel-demo-1,Uruguay,UY,9
2024-06-28,hotel-demo-1,Estados Unidos,US,6
2024-06-28,hotel-demo-2,Argentina,AR,33
2024-06-28,hotel-demo-2,Brasil,BR,6
2024-06-28,hotel-demo-2,Chile,CL,3
2024-06-28,hotel-demo-2,Uruguay,UY,2
2024-06-28,hotel-demo-2,Estados Unidos,US,2
2024-06-28,hotel-demo-2,España,ES,1
2024-06-28,hotel-demo-2,Alemania,DE,1
2024-06-28,hotel-demo-2,Francia,FR,1
2024-06-28,hotel-demo-2,México,MX,5
2024-06-29,hotel-demo-1,Argentina,AR,117
2024-06-29,hotel-demo-1,Brasil,BR,20
2024-06-29,hotel-demo-1,Chile,CL,14
2024-06-29,hotel-demo-1,Uruguay,UY,11
2024-06-29,hotel-demo-1,Estados Unidos,US,7
2024-06-29,hotel-demo-1,España,ES,6
2024-06-29,hotel-demo-1,Alemania,DE,2
2024-06-29,hotel-demo-2,Argentina,AR,33
2024-06-29,hotel-demo-2,Brasil,BR,7
2024-06-29,hotel-demo-2,Chile,CL,4
2024-06-29,hotel-demo-2,Uruguay,UY,4
2024-06-29,hotel-demo-2,Estados Unidos,US,3
2024-06-29,hotel-demo-2,España,ES,2
2024-06-29,hotel-demo-2,Alemania,DE,1
2024-06-29,hotel-demo-2,Francia,FR,1
2024-06-29,hotel-demo-2,México,MX,1
2024-06-30,hotel-demo-1,Argentina,AR,86
2024-06-30,hotel-demo-1,Brasil,BR,24
2024-06-30,hotel-demo-1,Chile,CL,7
2024-06-30,hotel-demo-1,Uruguay,UY,9
2024-06-30,hotel-demo-1,Estados Unidos,US,10
2024-06-30,hotel-demo-1,España,ES,4
2024-06-30,hotel-demo-1,Alemania,DE,3
2024-06-30,hotel-demo-1,Francia,FR,3
2024-06-30,hotel-demo-1,México,MX,18
2024-06-30,hotel-demo-2,Argentina,AR,34
2024-06-30,hotel-demo-2,Brasil,BR,6
2024-06-30,hotel-demo-2,Chile,CL,2
2024-06-30,hotel-demo-2,Uruguay,UY,1
2024-07-01,hotel-demo-1,Argentina,AR,114
2024-07-01,hotel-demo-1,Brasil,BR,30
2024-07-01,hotel-demo-1,Chile,CL,13
2024-07-01,hotel-demo-1,Uruguay,UY,7
2024-07-01,hotel-demo-1,Estados Unidos,US,11
2024-07-01,hotel-demo-1,España,ES,5
2024-07-01,hotel-demo-2,Argentina,AR,42
2024-07-01,hotel-demo-2,Brasil,BR,7
2024-07-01,hotel-demo-2,Chile,CL,4
2024-07-01,hotel-demo-2,Uruguay,UY,3
2024-07-01,hotel-demo-2,Estados Unidos,US,4
2024-07-01,hotel-demo-2,España,ES,2
2024-07-01,hotel-demo-2,Alemania,DE,1
2024-07-01,hotel-demo-2,Francia,FR,1
2024-07-01,hotel-demo-2,México,MX,2
2024-07-02,hotel-demo-1,Argentina,AR,90
2024-07-02,hotel-demo-1,Brasil,BR,26
2024-07-02,hotel-demo-1,Chile,CL,12
2024-07-02,hotel-demo-1,Uruguay,UY,10
2024-07-02,hotel-demo-1,Estados Unidos,US,12
2024-07-02,hotel-demo-1,España,ES,6
2024-07-02,hotel-demo-1,Alemania,DE,4
2024-07-02,hotel-demo-1,Francia,FR,4
2024-07-02,hotel-demo-1,México,MX,34
2024-07-02,hotel-demo-2,Argentina,AR,32
2024-07-02,hotel-demo-2,Brasil,BR,11
2024-07-02,hotel-demo-2,Chile,CL,3
2024-07-02,hotel-demo-2,Uruguay,UY,3
2024-07-02,hotel-demo-2,Estados Unidos,US,3
2024-07-02,hotel-demo-2,España,ES,2
2024-07-02,hotel-demo-2,Alemania,DE,1
2024-07-02,hotel-demo-2,Francia,FR,1
2024-07-02,hotel-demo-2,México,MX,7
2024-07-03,hotel-demo-1,Argentina,AR,80
2024-07-03,hotel-demo-1,Brasil,BR,21
2024-07-03,hotel-demo-1,Chile,CL,10
2024-07-03,hotel-demo-1,Uruguay,UY,9
2024-07-03,hotel-demo-1,Estados Unidos,US,7
2024-07-03,hotel-demo-1,España,ES,4
2024-07-03,hotel-demo-1,Alemania,DE,4
2024-07-03,hotel-demo-1,Francia,FR,2
2024-07-03,hotel-demo-1,México,MX,28
2024-07-03,hotel-demo-2,Argentina,AR,46
2024-07-03,hotel-demo-2,Brasil,BR,11
2024-07-03,hotel-demo-2,Chile,CL,4
2024-07-03,hotel-demo-2,Uruguay,UY,3
2024-07-03,hotel-demo-2,Estados Unidos,US,3
2024-07-04,hotel-demo-1,Argentina,AR,71
2024-07-04,hotel-demo-1,Brasil,BR,16
2024-07-04,hotel-demo-1,Chile,CL,10
2024-07-04,hotel-demo-1,Uruguay,UY,9
2024-07-04,hotel-demo-1,Estados Unidos,US,8
2024-07-04,hotel-demo-1,España,ES,3
2024-07-04,hotel-demo-1,Alemania,DE,2
2024-07-04,hotel-demo-1,Francia,FR,3
2024-07-04,hotel-demo-1,México,MX,20
2024-07-04,hotel-demo-2,Argentina,AR,37
2024-07-04,hotel-demo-2,Brasil,BR,8
2024-07-04,hotel-demo-2,Chile,CL,4
2024-07-04,hotel-demo-2,Uruguay,UY,3
2024-07-04,hotel-demo-2,Estados Unidos,US,3
2024-07-04,hotel-demo-2,España,ES,2
2024-07-04,hotel-demo-2,Alemania,DE,1
2024-07-04,hotel-demo-2,Francia,FR,1
2024-07-04,hotel-demo-2,México,MX,6
2024-07-05,hotel-demo-1,Argentina,AR,150
2024-07-05,hotel-demo-1,Brasil,BR,35
2024-07-05,hotel-demo-1,Chile,CL,11
2024-07-05,hotel-demo-2,Argentina,AR,42
2024-07-05,hotel-demo-2,Brasil,BR,12
2024-07-05,hotel-demo-2,Chile,CL,4
2024-07-05,hotel-demo-2,Uruguay,UY,3
2024-07-05,hotel-demo-2,Estados Unidos,US,3
2024-07-05,hotel-demo-2,España,ES,2
2024-07-05,hotel-demo-2,Alemania,DE,2
2024-07-05,hotel-demo-2,Francia,FR,1
2024-07-05,hotel-demo-2,México,MX,3
2024-07-06,hotel-demo-1,Argentina,AR,134
2024-07-06,hotel-demo-1,Brasil,BR,32
2024-07-06,hotel-demo-1,Chile,CL,13
2024-07-06,hotel-demo-1,Uruguay,UY,8
2024-07-06,hotel-demo-1,Estados Unidos,US,12
2024-07-06,hotel-demo-1,España,ES,6
2024-07-06,hotel-demo-1,Alemania,DE,5
2024-07-06,hotel-demo-1,Francia,FR,3
2024-07-06,hotel-demo-1,México,MX,4
2024-07-06,hotel-demo-2,Argentina,AR,53
2024-07-06,hotel-demo-2,Brasil,BR,10
2024-07-06,hotel-demo-2,Chile,CL,6
2024-07-06,hotel-demo-2,Uruguay,UY,4
2024-07-06,hotel-demo-2,Estados Unidos,US,2
2024-07-07,hotel-demo-1,Argentina,AR,137
2024-07-07,hotel-demo-1,Brasil,BR,26
2024-07-07,hotel-demo-1,Chile,CL,10
2024-07-07,hotel-demo-1,Uruguay,UY,3
2024-07-07,hotel-demo-2,Argentina,AR,40
2024-07-07,hotel-demo-2,Brasil,BR,9
2024-07-07,hotel-demo-2,Chile,CL,3
2024-07-07,hotel-demo-2,Uruguay,UY,2
2024-07-08,hotel-demo-1,Argentina,AR,78
2024-07-08,hotel-demo-1,Brasil,BR,28
2024-07-08,hotel-demo-1,Chile,CL,10
2024-07-08,hotel-demo-1,Uruguay,UY,11
2024-07-08,hotel-demo-1,Estados Unidos,US,9
2024-07-08,hotel-demo-1,España,ES,5
2024-07-08,hotel-demo-1,Alemania,DE,3
2024-07-08,hotel-demo-1,Francia,FR,3
2024-07-08,hotel-demo-1,México,MX,28
2024-07-08,hotel-demo-2,Argentina,AR,42
2024-07-08,hotel-demo-2,Brasil,BR,6
2024-07-08,hotel-demo-2,Chile,CL,2
2024-07-08,hotel-demo-2,Uruguay,UY,2
2024-07-08,hotel-demo-2,Estados Unidos,US,3
2024-07-08,hotel-demo-2,España,ES,1
2024-07-09,hotel-demo-1,Argentina,AR,96
2024-07-09,hotel-demo-1,Brasil,BR,20
2024-07-09,hotel-demo-1,Chile,CL,6
2024-07-09,hotel-demo-1,Uruguay,UY,6
2024-07-09,hotel-demo-1,Estados Unidos,US,5
2024-07-09,hotel-demo-2,Argentina,AR,39
2024-07-09,hotel-demo-2,Brasil,BR,8
2024-07-09,hotel-demo-2,Chile,CL,5
2024-07-09,hotel-demo-2,Uruguay,UY,2
2024-07-09,hotel-demo-2,Estados Unidos,US,2
2024-07-09,hotel-demo-2,España,ES,2
2024-07-09,hotel-demo-2,Alemania,DE,1
2024-07-09,hotel-demo-2,Francia,FR,1
2024-07-09,hotel-demo-2,México,MX,3
2024-07-10,hotel-demo-1,Argentina,AR,76
2024-07-10,hotel-demo-1,Brasil,BR,17
2024-07-10,hotel-demo-1,Chile,CL,7
2024-07-10,hotel-demo-1,Uruguay,UY,7
2024-07-10,hotel-demo-1,Estados Unidos,US,9
2024-07-10,hotel-demo-1,España,ES,4
2024-07-10,hotel-demo-1,Alemania,DE,3
2024-07-10,hotel-demo-1,Francia,FR,3
2024-07-10,hotel-demo-1,México,MX,34
2024-07-10,hotel-demo-2,Argentina,AR,38
2024-07-10,hotel-demo-2,Brasil,BR,5
2024-07-10,hotel-demo-2,Chile,CL,3
2024-07-10,hotel-demo-2,Uruguay,UY,2
2024-07-10,hotel-demo-2,Estados Unidos,US,2
2024-07-11,hotel-demo-1,Argentina,AR,98
2024-07-11,hotel-demo-1,Brasil,BR,19
2024-07-11,hotel-demo-1,Chile,CL,12
2024-07-11,hotel-demo-1,Uruguay,UY,11
2024-07-11,hotel-demo-1,Estados Unidos,US,11
2024-07-11,hotel-demo-1,España,ES,7
2024-07-11,hotel-demo-1,Alemania,DE,3
2024-07-11,hotel-demo-1,Francia,FR,3
2024-07-11,hotel-demo-1,México,MX,21
2024-07-11,hotel-demo-2,Argentina,AR,41
2024-07-11,hotel-demo-2,Brasil,BR,12
2024-07-11,hotel-demo-2,Chile,CL,5
2024-07-11,hotel-demo-2,Uruguay,UY,4
2024-07-11,hotel-demo-2,Estados Unidos,US,4
2024-07-11,hotel-demo-2,España,ES,2
2024-07-11,hotel-demo-2,Alemania,DE,2
2024-07-11,hotel-demo-2,Francia,FR,1
2024-07-11,hotel-demo-2,México,MX,1
2024-07-12,hotel-demo-1,Argentina,AR,134
2024-07-12,hotel-demo-1,Brasil,BR,25
2024-07-12,hotel-demo-1,Chile,CL,12
2024-07-12,hotel-demo-1,Uruguay,UY,7
2024-07-12,hotel-demo-1,Estados Unidos,US,1
2024-07-12,hotel-demo-2,Argentina,AR,36
2024-07-12,hotel-demo-2,Brasil,BR,12
2024-07-12,hotel-demo-2,Chile,CL,5
2024-07-12,hotel-demo-2,Uruguay,UY,4
2024-07-12,hotel-demo-2,Estados Unidos,US,3
2024-07-12,hotel-demo-2,España,ES,2
2024-07-12,hotel-demo-2,Alemania,DE,1
2024-07-12,hotel-demo-2,Francia,FR,1
2024-07-12,hotel-demo-2,México,MX,11
2024-07-13,hotel-demo-1,Argentina,AR,129
2024-07-13,hotel-demo-1,Brasil,BR,31
2024-07-13,hotel-demo-1,Chile,CL,10
2024-07-13,hotel-demo-1,Uruguay,UY,6
2024-07-13,hotel-demo-2,Argentina,AR,37
2024-07-13,hotel-demo-2,Brasil,BR,10
2024-07-13,hotel-demo-2,Chile,CL,4
2024-07-13,hotel-demo-2,Uruguay,UY,3
2024-07-13,hotel-demo-2,Estados Unidos,US,5
2024-07-13,hotel-demo-2,España,ES,2
2024-07-13,hotel-demo-2,Alemania,DE,1
2024-07-13,hotel-demo-2,Francia,FR,1
2024-07-13,hotel-demo-2,México,MX,12
2024-07-14,hotel-demo-1,Argentina,AR,116
2024-07-14,hotel-demo-1,Brasil,BR,27
2024-07-14,hotel-demo-1,Chile,CL,4
2024-07-14,hotel-demo-2,Argentina,AR,39
2024-07-14,hotel-demo-2,Brasil,BR,7
2024-07-14,hotel-demo-2,Chile,CL,3
2024-07-14,hotel-demo-2,Uruguay,UY,3
2024-07-14,hotel-demo-2,Estados Unidos,US,3
2024-07-14,hotel-demo-2,España,ES,2
2024-07-14,hotel-demo-2,Alemania,DE,1
2024-07-14,hotel-demo-2,Francia,FR,1
2024-07-15,hotel-demo-1,Argentina,AR,76
2024-07-15,hotel-demo-1,Brasil,BR,23
2024-07-15,hotel-demo-1,Chile,CL,13
2024-07-15,hotel-demo-1,Uruguay,UY,8
2024-07-15,hotel-demo-1,Estados Unidos,US,8
2024-07-15,hotel-demo-1,España,ES,5
2024-07-15,hotel-demo-1,Alemania,DE,3
2024-07-15,hotel-demo-1,Francia,FR,2
2024-07-15,hotel-demo-1,México,MX,32
2024-07-15,hotel-demo-2,Argentina,AR,34
2024-07-15,hotel-demo-2,Brasil,BR,9
2024-07-15,hotel-demo-2,Chile,CL,4
2024-07-15,hotel-demo-2,Uruguay,UY,3
2024-07-15,hotel-demo-2,Estados Unidos,US,3
2024-07-15,hotel-demo-2,España,ES,2
2024-07-15,hotel-demo-2,Alemania,DE,1
2024-07-15,hotel-demo-2,Francia,FR,1
2024-07-15,hotel-demo-2,México,MX,1
2024-07-16,hotel-demo-1,Argentina,AR,74
2024-07-16,hotel-demo-1,Brasil,BR,17
2024-07-16,hotel-demo-1,Chile,CL,12
2024-07-16,hotel-demo-1,Uruguay,UY,8
2024-07-16,hotel-demo-1,Estados Unidos,US,10
2024-07-16,hotel-demo-1,España,ES,4
2024-07-16,hotel-demo-1,Alemania,DE,4
2024-07-16,hotel-demo-1,Francia,FR,2
2024-07-16,hotel-demo-1,México,MX,35
2024-07-16,hotel-demo-2,Argentina,AR,33
2024-07-16,hotel-demo-2,Brasil,BR,6
2024-07-16,hotel-demo-2,Chile,CL,4
2024-07-16,hotel-demo-2,Uruguay,UY,4
2024-07-16,hotel-demo-2,Estados Unidos,US,2
2024-07-16,hotel-demo-2,España,ES,1
2024-07-16,hotel-demo-2,Alemania,DE,1
2024-07-16,hotel-demo-2,Francia,FR,1
2024-07-16,hotel-demo-2,México,MX,8
2024-07-17,hotel-demo-1,Argentina,AR,94
2024-07-17,hotel-demo-1,Brasil,BR,24
2024-07-17,hotel-demo-1,Chile,CL,12
2024-07-17,hotel-demo-1,Uruguay,UY,6
2024-07-17,hotel-demo-1,Estados Unidos,US,9
2024-07-17,hotel-demo-1,España,ES,4
2024-07-17,hotel-demo-1,Alemania,DE,3
2024-07-17,hotel-demo-1,Francia,FR,3
2024-07-17,hotel-demo-1,México,MX,8
2024-07-17,hotel-demo-2,Argentina,AR,25
2024-07-17,hotel-demo-2,Brasil,BR,9
2024-07-17,hotel-demo-2,Chile,CL,3
2024-07-17,hotel-demo-2,Uruguay,UY,2
2024-07-17,hotel-demo-2,Estados Unidos,US,2
2024-07-17,hotel-demo-2,España,ES,2
2024-07-17,hotel-demo-2,Alemania,DE,1
2024-07-17,hotel-demo-2,Francia,FR,1
2024-07-17,hotel-demo-2,México,MX,10
2024-07-18,hotel-demo-1,Argentina,AR,142
2024-07-18,hotel-demo-1,Brasil,BR,30
2024-07-18,hotel-demo-1,Chile,CL,10
2024-07-18,hotel-demo-1,Uruguay,UY,11
2024-07-18,hotel-demo-1,Estados Unidos,US,1
2024-07-18,hotel-demo-2,Argentina,AR,32
2024-07-18,hotel-demo-2,Brasil,BR,9
2024-07-18,hotel-demo-2,Chile,CL,4
2024-07-18,hotel-demo-2,Uruguay,UY,4
2024-07-18,hotel-demo-2,Estados Unidos,US,4
2024-07-18,hotel-demo-2,España,ES,2
2024-07-18,hotel-demo-2,Alemania,DE,1
2024-07-18,hotel-demo-2,Francia,FR,1
2024-07-18,hotel-demo-2,México,MX,7
2024-07-19,hotel-demo-1,Argentina,AR,142
2024-07-19,hotel-demo-1,Brasil,BR,33
2024-07-19,hotel-demo-1,Chile,CL,11
2024-07-19,hotel-demo-1,Uruguay,UY,12
2024-07-19,hotel-demo-2,Argentina,AR,32
2024-07-19,hotel-demo-2,Brasil,BR,10
2024-07-19,hotel-demo-2,Chile,CL,4
2024-07-19,hotel-demo-2,Uruguay,UY,3
2024-07-19,hotel-demo-2,Estados Unidos,US,3
2024-07-19,hotel-demo-2,España,ES,2
2024-07-19,hotel-demo-2,Alemania,DE,1
2024-07-19,hotel-demo-2,Francia,FR,1
2024-07-19,hotel-demo-2,México,MX,4
2024-07-20,hotel-demo-1,Argentina,AR,161
2024-07-20,hotel-demo-1,Brasil,BR,22
2024-07-20,hotel-demo-1,Chile,CL,14
2024-07-20,hotel-demo-1,Uruguay,UY,13
2024-07-20,hotel-demo-1,Estados Unidos,US,3
2024-07-20,hotel-demo-2,Argentina,AR,34
2024-07-20,hotel-demo-2,Brasil,BR,11
2024-07-20,hotel-demo-2,Chile,CL,5
2024-07-20,hotel-demo-2,Uruguay,UY,4
2024-07-20,hotel-demo-2,Estados Unidos,US,4
2024-07-20,hotel-demo-2,España,ES,2
2024-07-20,hotel-demo-2,Alemania,DE,1
2024-07-20,hotel-demo-2,Francia,FR,1
2024-07-20,hotel-demo-2,México,MX,10
2024-07-21,hotel-demo-1,Argentina,AR,87
2024-07-21,hotel-demo-1,Brasil,BR,21
2024-07-21,hotel-demo-1,Chile,CL,10
2024-07-21,hotel-demo-1,Uruguay,UY,10
2024-07-21,hotel-demo-1,Estados Unidos,US,6
2024-07-21,hotel-demo-1,España,ES,5
2024-07-21,hotel-demo-1,Alemania,DE,4
2024-07-21,hotel-demo-1,Francia,FR,2
2024-07-21,hotel-demo-1,México,MX,25
2024-07-21,hotel-demo-2,Argentina,AR,40
2024-07-21,hotel-demo-2,Brasil,BR,10
2024-07-21,hotel-demo-2,Chile,CL,2
2024-07-21,hotel-demo-2,Uruguay,UY,4
2024-07-21,hotel-demo-2,Estados Unidos,US,1
2024-07-22,hotel-demo-1,Argentina,AR,106
2024-07-22,hotel-demo-1,Brasil,BR,20
2024-07-22,hotel-demo-1,Chile,CL,10
2024-07-22,hotel-demo-1,Uruguay,UY,6
2024-07-22,hotel-demo-1,Estados Unidos,US,11
2024-07-22,hotel-demo-1,España,ES,6
2024-07-22,hotel-demo-1,Alemania,DE,4
2024-07-22,hotel-demo-1,Francia,FR,2
2024-07-22,hotel-demo-1,México,MX,3
2024-07-22,hotel-demo-2,Argentina,AR,36
2024-07-22,hotel-demo-2,Brasil,BR,9
2024-07-22,hotel-demo-2,Chile,CL,3
2024-07-22,hotel-demo-2,Uruguay,UY,2
2024-07-22,hotel-demo-2,Estados Unidos,US,3
2024-07-22,hotel-demo-2,España,ES,1
2024-07-23,hotel-demo-1,Argentina,AR,112
2024-07-23,hotel-demo-1,Brasil,BR,21
2024-07-23,hotel-demo-1,Chile,CL,7
2024-07-23,hotel-demo-1,Uruguay,UY,6
2024-07-23,hotel-demo-1,Estados Unidos,US,9
2024-07-23,hotel-demo-1,España,ES,3
2024-07-23,hotel-demo-2,Argentina,AR,45
2024-07-23,hotel-demo-2,Brasil,BR,10
2024-07-23,hotel-demo-2,Chile,CL,3
2024-07-23,hotel-demo-2,Uruguay,UY,3
2024-07-23,hotel-demo-2,Estados Unidos,US,2
2024-07-24,hotel-demo-1,Argentina,AR,132
2024-07-24,hotel-demo-1,Brasil,BR,29
2024-07-24,hotel-demo-1,Chile,CL,7
2024-07-24,hotel-demo-2,Argentina,AR,30
2024-07-24,hotel-demo-2,Brasil,BR,8
2024-07-24,hotel-demo-2,Chile,CL,5
2024-07-24,hotel-demo-2,Uruguay,UY,3
2024-07-24,hotel-demo-2,Estados Unidos,US,4
2024-07-24,hotel-demo-2,España,ES,2
2024-07-24,hotel-demo-2,Alemania,DE,2
2024-07-24,hotel-demo-2,Francia,FR,1
2024-07-24,hotel-demo-2,México,MX,10
2024-07-25,hotel-demo-1,Argentina,AR,119
2024-07-25,hotel-demo-1,Brasil,BR,23
2024-07-25,hotel-demo-1,Chile,CL,12
2024-07-25,hotel-demo-1,Uruguay,UY,4
2024-07-25,hotel-demo-2,Argentina,AR,27
2024-07-25,hotel-demo-2,Brasil,BR,8
2024-07-25,hotel-demo-2,Chile,CL,4
2024-07-25,hotel-demo-2,Uruguay,UY,4
2024-07-25,hotel-demo-2,Estados Unidos,US,3
2024-07-25,hotel-demo-2,España,ES,1
2024-07-25,hotel-demo-2,Alemania,DE,1
2024-07-25,hotel-demo-2,Francia,FR,1
2024-07-25,hotel-demo-2,México,MX,9
2024-07-26,hotel-demo-1,Argentina,AR,157
2024-07-26,hotel-demo-1,Brasil,BR,29
2024-07-26,hotel-demo-1,Chile,CL,12
2024-07-26,hotel-demo-2,Argentina,AR,37
2024-07-26,hotel-demo-2,Brasil,BR,9
2024-07-26,hotel-demo-2,Chile,CL,3
2024-07-26,hotel-demo-2,Uruguay,UY,4
2024-07-26,hotel-demo-2,Estados Unidos,US,3
2024-07-26,hotel-demo-2,España,ES,2
2024-07-26,hotel-demo-2,Alemania,DE,1
2024-07-26,hotel-demo-2,Francia,FR,1
2024-07-26,hotel-demo-2,México,MX,6
2024-07-27,hotel-demo-1,Argentina,AR,90
2024-07-27,hotel-demo-1,Brasil,BR,21
2024-07-27,hotel-demo-1,Chile,CL,13
2024-07-27,hotel-demo-1,Uruguay,UY,8
2024-07-27,hotel-demo-1,Estados Unidos,US,11
2024-07-27,hotel-demo-1,España,ES,6
2024-07-27,hotel-demo-1,Alemania,DE,3
2024-07-27,hotel-demo-1,Francia,FR,3
2024-07-27,hotel-demo-1,México,MX,15
2024-07-27,hotel-demo-2,Argentina,AR,38
2024-07-27,hotel-demo-2,Brasil,BR,11
2024-07-27,hotel-demo-2,Chile,CL,5
2024-07-27,hotel-demo-2,Uruguay,UY,2
2024-07-27,hotel-demo-2,Estados Unidos,US,3
2024-07-27,hotel-demo-2,España,ES,2
2024-07-27,hotel-demo-2,Alemania,DE,1
2024-07-27,hotel-demo-2,Francia,FR,1
2024-07-28,hotel-demo-1,Argentina,AR,116
2024-07-28,hotel-demo-1,Brasil,BR,28
2024-07-28,hotel-demo-1,Chile,CL,9
2024-07-28,hotel-demo-1,Uruguay,UY,12
2024-07-28,hotel-demo-1,Estados Unidos,US,6
2024-07-28,hotel-demo-1,España,ES,6
2024-07-28,hotel-demo-1,Alemania,DE,3
2024-07-28,hotel-demo-1,Francia,FR,1
2024-07-28,hotel-demo-2,Argentina,AR,26
2024-07-28,hotel-demo-2,Brasil,BR,6
2024-07-28,hotel-demo-2,Chile,CL,3
2024-07-28,hotel-demo-2,Uruguay,UY,3
2024-07-28,hotel-demo-2,Estados Unidos,US,2
2024-07-28,hotel-demo-2,España,ES,1
2024-07-28,hotel-demo-2,Alemania,DE,1
2024-07-28,hotel-demo-2,Francia,FR,1
2024-07-28,hotel-demo-2,México,MX,1
2024-07-29,hotel-demo-1,Argentina,AR,114
2024-07-29,hotel-demo-1,Brasil,BR,25
2024-07-29,hotel-demo-1,Chile,CL,3
2024-07-29,hotel-demo-2,Argentina,AR,38
2024-07-29,hotel-demo-2,Brasil,BR,6
2024-07-29,hotel-demo-2,Chile,CL,3
2024-07-29,hotel-demo-2,Uruguay,UY,3
2024-07-29,hotel-demo-2,Estados Unidos,US,3
2024-07-29,hotel-demo-2,España,ES,2
2024-07-29,hotel-demo-2,Alemania,DE,2
2024-07-29,hotel-demo-2,Francia,FR,1
2024-07-29,hotel-demo-2,México,MX,7
2024-07-30,hotel-demo-1,Argentina,AR,89
2024-07-30,hotel-demo-1,Brasil,BR,19
2024-07-30,hotel-demo-1,Chile,CL,8
2024-07-30,hotel-demo-1,Uruguay,UY,8
2024-07-30,hotel-demo-1,Estados Unidos,US,6
2024-07-30,hotel-demo-1,España,ES,4
2024-07-30,hotel-demo-1,Alemania,DE,3
2024-07-30,hotel-demo-1,Francia,FR,2
2024-07-30,hotel-demo-1,México,MX,9
2024-07-30,hotel-demo-2,Argentina,AR,60
2024-07-30,hotel-demo-2,Brasil,BR,11
2024-07-30,hotel-demo-2,Chile,CL,5
2024-07-30,hotel-demo-2,Uruguay,UY,1
2024-07-31,hotel-demo-1,Argentina,AR,80
2024-07-31,hotel-demo-1,Brasil,BR,22
2024-07-31,hotel-demo-1,Chile,CL,8
2024-07-31,hotel-demo-1,Uruguay,UY,9
2024-07-31,hotel-demo-1,Estados Unidos,US,9
2024-07-31,hotel-demo-1,España,ES,4
2024-07-31,hotel-demo-1,Alemania,DE,3
2024-07-31,hotel-demo-1,Francia,FR,2
2024-07-31,hotel-demo-1,México,MX,31
2024-07-31,hotel-demo-2,Argentina,AR,38
2024-07-31,hotel-demo-2,Brasil,BR,10
2024-07-31,hotel-demo-2,Chile,CL,3
2024-07-31,hotel-demo-2,Uruguay,UY,4
2024-07-31,hotel-demo-2,Estados Unidos,US,4
2024-07-31,hotel-demo-2,España,ES,2
2024-07-31,hotel-demo-2,Alemania,DE,2
2024-07-31,hotel-demo-2,Francia,FR,1
2024-08-01,hotel-demo-1,Argentina,AR,79
2024-08-01,hotel-demo-1,Brasil,BR,20
2024-08-01,hotel-demo-1,Chile,CL,9
2024-08-01,hotel-demo-1,Uruguay,UY,9
2024-08-01,hotel-demo-1,Estados Unidos,US,10
2024-08-01,hotel-demo-1,España,ES,7
2024-08-01,hotel-demo-1,Alemania,DE,5
2024-08-01,hotel-demo-1,Francia,FR,3
2024-08-01,hotel-demo-1,México,MX,40
2024-08-01,hotel-demo-2,Argentina,AR,34
2024-08-01,hotel-demo-2,Brasil,BR,5
2024-08-01,hotel-demo-2,Chile,CL,2
2024-08-01,hotel-demo-2,Uruguay,UY,2
2024-08-01,hotel-demo-2,Estados Unidos,US,3
2024-08-01,hotel-demo-2,España,ES,1
2024-08-02,hotel-demo-1,Argentina,AR,92
2024-08-02,hotel-demo-1,Brasil,BR,15
2024-08-02,hotel-demo-1,Chile,CL,7
2024-08-02,hotel-demo-1,Uruguay,UY,6
2024-08-02,hotel-demo-1,Estados Unidos,US,8
2024-08-02,hotel-demo-1,España,ES,6
2024-08-02,hotel-demo-1,Alemania,DE,3
2024-08-02,hotel-demo-1,Francia,FR,3
2024-08-02,hotel-demo-1,México,MX,11
2024-08-02,hotel-demo-2,Argentina,AR,42
2024-08-02,hotel-demo-2,Brasil,BR,8
2024-08-02,hotel-demo-2,Chile,CL,3
2024-08-02,hotel-demo-2,Uruguay,UY,3
2024-08-03,hotel-demo-1,Argentina,AR,95
2024-08-03,hotel-demo-1,Brasil,BR,21
2024-08-03,hotel-demo-1,Chile,CL,8
2024-08-03,hotel-demo-1,Uruguay,UY,8
2024-08-03,hotel-demo-1,Estados Unidos,US,9
2024-08-03,hotel-demo-1,España,ES,3
2024-08-03,hotel-demo-1,Alemania,DE,3
2024-08-03,hotel-demo-2,Argentina,AR,29
2024-08-03,hotel-demo-2,Brasil,BR,10
2024-08-03,hotel-demo-2,Chile,CL,3
2024-08-03,hotel-demo-2,Uruguay,UY,3
2024-08-03,hotel-demo-2,Estados Unidos,US,3
2024-08-03,hotel-demo-2,España,ES,2
2024-08-03,hotel-demo-2,Alemania,DE,1
2024-08-03,hotel-demo-2,Francia,FR,1
2024-08-03,hotel-demo-2,México,MX,5
2024-08-04,hotel-demo-1,Argentina,AR,93
2024-08-04,hotel-demo-1,Brasil,BR,15
2024-08-04,hotel-demo-1,Chile,CL,7
2024-08-04,hotel-demo-1,Uruguay,UY,7
2024-08-04,hotel-demo-1,Estados Unidos,US,5
2024-08-04,hotel-demo-1,España,ES,4
2024-08-04,hotel-demo-1,Alemania,DE,4
2024-08-04,hotel-demo-1,Francia,FR,1
2024-08-04,hotel-demo-2,Argentina,AR,24
2024-08-04,hotel-demo-2,Brasil,BR,4
2024-08-04,hotel-demo-2,Chile,CL,2
2024-08-04,hotel-demo-2,Uruguay,UY,1
2024-08-04,hotel-demo-2,Estados Unidos,US,1
2024-08-05,hotel-demo-1,Argentina,AR,87
2024-08-05,hotel-demo-1,Brasil,BR,19
2024-08-05,hotel-demo-1,Chile,CL,14
2024-08-05,hotel-demo-1,Uruguay,UY,11
2024-08-05,hotel-demo-1,Estados Unidos,US,12
2024-08-05,hotel-demo-1,España,ES,6
2024-08-05,hotel-demo-1,Alemania,DE,5
2024-08-05,hotel-demo-1,Francia,FR,3
2024-08-05,hotel-demo-1,México,MX,27
2024-08-05,hotel-demo-2,Argentina,AR,34
2024-08-05,hotel-demo-2,Brasil,BR,8
2024-08-05,hotel-demo-2,Chile,CL,2
2024-08-05,hotel-demo-2,Uruguay,UY,1
2024-08-06,hotel-demo-1,Argentina,AR,93
2024-08-06,hotel-demo-1,Brasil,BR,19
2024-08-06,hotel-demo-1,Chile,CL,7
2024-08-06,hotel-demo-1,Uruguay,UY,7
2024-08-06,hotel-demo-1,Estados Unidos,US,9
2024-08-06,hotel-demo-1,España,ES,4
2024-08-06,hotel-demo-1,Alemania,DE,3
2024-08-06,hotel-demo-1,Francia,FR,2
2024-08-06,hotel-demo-1,México,MX,9
2024-08-06,hotel-demo-2,Argentina,AR,34
2024-08-06,hotel-demo-2,Brasil,BR,7
2024-08-06,hotel-demo-2,Chile,CL,2
2024-08-06,hotel-demo-2,Uruguay,UY,2
2024-08-07,hotel-demo-1,Argentina,AR,139
2024-08-07,hotel-demo-1,Brasil,BR,31
2024-08-07,hotel-demo-1,Chile,CL,4
2024-08-07,hotel-demo-2,Argentina,AR,29
2024-08-07,hotel-demo-2,Brasil,BR,8
2024-08-07,hotel-demo-2,Chile,CL,4
2024-08-07,hotel-demo-2,Uruguay,UY,4
2024-08-07,hotel-demo-2,Estados Unidos,US,3
2024-08-07,hotel-demo-2,España,ES,2
2024-08-07,hotel-demo-2,Alemania,DE,1
2024-08-07,hotel-demo-2,Francia,FR,1
2024-08-07,hotel-demo-2,México,MX,7
2024-08-08,hotel-demo-1,Argentina,AR,95
2024-08-08,hotel-demo-1,Brasil,BR,22
2024-08-08,hotel-demo-1,Chile,CL,8
2024-08-08,hotel-demo-1,Uruguay,UY,8
2024-08-08,hotel-demo-1,Estados Unidos,US,7
2024-08-08,hotel-demo-1,España,ES,4
2024-08-08,hotel-demo-1,Alemania,DE,3
2024-08-08,hotel-demo-1,Francia,FR,2
2024-08-08,hotel-demo-1,México,MX,3
2024-08-08,hotel-demo-2,Argentina,AR,20
2024-08-08,hotel-demo-2,Brasil,BR,6
2024-08-08,hotel-demo-2,Chile,CL,3
2024-08-08,hotel-demo-2,Uruguay,UY,2
2024-08-08,hotel-demo-2,Estados Unidos,US,2
2024-08-08,hotel-demo-2,España,ES,1
2024-08-08,hotel-demo-2,Alemania,DE,1
2024-08-08,hotel-demo-2,Francia,FR,1
2024-08-08,hotel-demo-2,México,MX,8
2024-08-09,hotel-demo-1,Argentina,AR,119
2024-08-09,hotel-demo-1,Brasil,BR,23
2024-08-09,hotel-demo-1,Chile,CL,9
2024-08-09,hotel-demo-1,Uruguay,UY,11
2024-08-09,hotel-demo-1,Estados Unidos,US,10
2024-08-09,hotel-demo-1,España,ES,6
2024-08-09,hotel-demo-1,Alemania,DE,3
2024-08-09,hotel-demo-2,Argentina,AR,32
2024-08-09,hotel-demo-2,Brasil,BR,7
2024-08-09,hotel-demo-2,Chile,CL,2
2024-08-09,hotel-demo-2,Uruguay,UY,3
2024-08-09,hotel-demo-2,Estados Unidos,US,2
2024-08-09,hotel-demo-2,España,ES,1
2024-08-09,hotel-demo-2,Alemania,DE,1
2024-08-09,hotel-demo-2,Francia,FR,1
2024-08-09,hotel-demo-2,México,MX,5
2024-08-10,hotel-demo-1,Argentina,AR,121
2024-08-10,hotel-demo-1,Brasil,BR,23
2024-08-10,hotel-demo-1,Chile,CL,8
2024-08-10,hotel-demo-1,Uruguay,UY,9
2024-08-10,hotel-demo-1,Estados Unidos,US,9
2024-08-10,hotel-demo-1,España,ES,2
2024-08-10,hotel-demo-2,Argentina,AR,50
2024-08-10,hotel-demo-2,Brasil,BR,10
2024-08-10,hotel-demo-2,Chile,CL,4
2024-08-11,hotel-demo-1,Argentina,AR,79
2024-08-11,hotel-demo-1,Brasil,BR,17
2024-08-11,hotel-demo-1,Chile,CL,10
2024-08-11,hotel-demo-1,Uruguay,UY,5
2024-08-11,hotel-demo-1,Estados Unidos,US,8
2024-08-11,hotel-demo-1,España,ES,3
2024-08-11,hotel-demo-1,Alemania,DE,2
2024-08-11,hotel-demo-1,Francia,FR,2
2024-08-11,hotel-demo-1,México,MX,20
2024-08-11,hotel-demo-2,Argentina,AR,34
2024-08-11,hotel-demo-2,Brasil,BR,7
2024-08-11,hotel-demo-2,Chile,CL,3
2024-08-11,hotel-demo-2,Uruguay,UY,2
2024-08-11,hotel-demo-2,Estados Unidos,US,1
2024-08-12,hotel-demo-1,Argentina,AR,70
2024-08-12,hotel-demo-1,Brasil,BR,17
2024-08-12,hotel-demo-1,Chile,CL,6
2024-08-12,hotel-demo-1,Uruguay,UY,8
2024-08-12,hotel-demo-1,Estados Unidos,US,9
2024-08-12,hotel-demo-1,España,ES,4
2024-08-12,hotel-demo-1,Alemania,DE,3
2024-08-12,hotel-demo-1,Francia,FR,2
2024-08-12,hotel-demo-1,México,MX,31
2024-08-12,hotel-demo-2,Argentina,AR,26
2024-08-12,hotel-demo-2,Brasil,BR,7
2024-08-12,hotel-demo-2,Chile,CL,2
2024-08-12,hotel-demo-2,Uruguay,UY,3
2024-08-12,hotel-demo-2,Estados Unidos,US,2
2024-08-12,hotel-demo-2,España,ES,1
2024-08-12,hotel-demo-2,Alemania,DE,1
2024-08-12,hotel-demo-2,Francia,FR,1
2024-08-13,hotel-demo-1,Argentina,AR,81
2024-08-13,hotel-demo-1,Brasil,BR,16
2024-08-13,hotel-demo-1,Chile,CL,6
2024-08-13,hotel-demo-1,Uruguay,UY,7
2024-08-13,hotel-demo-1,Estados Unidos,US,7
2024-08-13,hotel-demo-1,España,ES,3
2024-08-13,hotel-demo-1,Alemania,DE,4
2024-08-13,hotel-demo-1,Francia,FR,2
2024-08-13,hotel-demo-1,México,MX,19
2024-08-13,hotel-demo-2,Argentina,AR,25
2024-08-13,hotel-demo-2,Brasil,BR,5
2024-08-13,hotel-demo-2,Chile,CL,2
2024-08-13,hotel-demo-2,Uruguay,UY,1
2024-08-13,hotel-demo-2,Estados Unidos,US,2
2024-08-13,hotel-demo-2,España,ES,1
2024-08-13,hotel-demo-2,Alemania,DE,1
2024-08-13,hotel-demo-2,Francia,FR,1
2024-08-14,hotel-demo-1,Argentina,AR,100
2024-08-14,hotel-demo-1,Brasil,BR,15
2024-08-14,hotel-demo-1,Chile,CL,7
2024-08-14,hotel-demo-1,Uruguay,UY,5
2024-08-14,hotel-demo-2,Argentina,AR,32
2024-08-14,hotel-demo-2,Brasil,BR,8
2024-08-14,hotel-demo-2,Chile,CL,3
2024-08-14,hotel-demo-2,Uruguay,UY,3
2024-08-14,hotel-demo-2,Estados Unidos,US,2
2024-08-14,hotel-demo-2,España,ES,2
2024-08-14,hotel-demo-2,Alemania,DE,1
2024-08-14,hotel-demo-2,Francia,FR,1
2024-08-14,hotel-demo-2,México,MX,6
2024-08-15,hotel-demo-1,Argentina,AR,110
2024-08-15,hotel-demo-1,Brasil,BR,18
2024-08-15,hotel-demo-1,Chile,CL,7
2024-08-15,hotel-demo-1,Uruguay,UY,10
2024-08-15,hotel-demo-1,Estados Unidos,US,7
2024-08-15,hotel-demo-1,España,ES,4
2024-08-15,hotel-demo-1,Alemania,DE,4
2024-08-15,hotel-demo-1,Francia,FR,2
2024-08-15,hotel-demo-2,Argentina,AR,28
2024-08-15,hotel-demo-2,Brasil,BR,5
2024-08-15,hotel-demo-2,Chile,CL,2
2024-08-15,hotel-demo-2,Uruguay,UY,2
2024-08-15,hotel-demo-2,Estados Unidos,US,2
2024-08-15,hotel-demo-2,España,ES,1
2024-08-15,hotel-demo-2,Alemania,DE,1
2024-08-15,hotel-demo-2,Francia,FR,1
2024-08-15,hotel-demo-2,México,MX,6
2024-08-16,hotel-demo-1,Argentina,AR,79
2024-08-16,hotel-demo-1,Brasil,BR,27
2024-08-16,hotel-demo-1,Chile,CL,8
2024-08-16,hotel-demo-1,Uruguay,UY,10
2024-08-16,hotel-demo-1,Estados Unidos,US,6
2024-08-16,hotel-demo-1,España,ES,6
2024-08-16,hotel-demo-1,Alemania,DE,3
2024-08-16,hotel-demo-1,Francia,FR,2
2024-08-16,hotel-demo-1,México,MX,13
2024-08-16,hotel-demo-2,Argentina,AR,50
2024-08-16,hotel-demo-2,Brasil,BR,11
2024-08-16,hotel-demo-2,Chile,CL,3
2024-08-16,hotel-demo-2,Uruguay,UY,2
2024-08-16,hotel-demo-2,Estados Unidos,US,3
2024-08-17,hotel-demo-1,Argentina,AR,99
2024-08-17,hotel-demo-1,Brasil,BR,19
2024-08-17,hotel-demo-1,Chile,CL,13
2024-08-17,hotel-demo-1,Uruguay,UY,11
2024-08-17,hotel-demo-1,Estados Unidos,US,11
2024-08-17,hotel-demo-1,España,ES,7
2024-08-17,hotel-demo-1,Alemania,DE,3
2024-08-17,hotel-demo-1,Francia,FR,3
2024-08-17,hotel-demo-1,México,MX,29
2024-08-17,hotel-demo-2,Argentina,AR,36
2024-08-17,hotel-demo-2,Brasil,BR,8
2024-08-17,hotel-demo-2,Chile,CL,2
2024-08-17,hotel-demo-2,Uruguay,UY,3
2024-08-17,hotel-demo-2,Estados Unidos,US,3
2024-08-18,hotel-demo-1,Argentina,AR,112
2024-08-18,hotel-demo-1,Brasil,BR,24
2024-08-18,hotel-demo-1,Chile,CL,7
2024-08-18,hotel-demo-2,Argentina,AR,31
2024-08-18,hotel-demo-2,Brasil,BR,8
2024-08-18,hotel-demo-2,Chile,CL,2
2024-08-18,hotel-demo-2,Uruguay,UY,3
2024-08-18,hotel-demo-2,Estados Unidos,US,2
2024-08-19,hotel-demo-1,Argentina,AR,107
2024-08-19,hotel-demo-1,Brasil,BR,23
2024-08-19,hotel-demo-1,Chile,CL,11
2024-08-19,hotel-demo-2,Argentina,AR,34
2024-08-19,hotel-demo-2,Brasil,BR,6
2024-08-19,hotel-demo-2,Chile,CL,3
2024-08-19,hotel-demo-2,Uruguay,UY,2
2024-08-19,hotel-demo-2,Estados Unidos,US,2
2024-08-19,hotel-demo-2,España,ES,1
2024-08-19,hotel-demo-2,Alemania,DE,1
2024-08-19,hotel-demo-2,Francia,FR,1
2024-08-19,hotel-demo-2,México,MX,1
2024-08-20,hotel-demo-1,Argentina,AR,71
2024-08-20,hotel-demo-1,Brasil,BR,20
2024-08-20,hotel-demo-1,Chile,CL,11
2024-08-20,hotel-demo-1,Uruguay,UY,6
2024-08-20,hotel-demo-1,Estados Unidos,US,6
2024-08-20,hotel-demo-1,España,ES,6
2024-08-20,hotel-demo-1,Alemania,DE,3
2024-08-20,hotel-demo-1,Francia,FR,2
2024-08-20,hotel-demo-1,México,MX,33
2024-08-20,hotel-demo-2,Argentina,AR,26
2024-08-20,hotel-demo-2,Brasil,BR,4
2024-08-20,hotel-demo-2,Chile,CL,2
2024-08-20,hotel-demo-2,Uruguay,UY,2
2024-08-20,hotel-demo-2,Estados Unidos,US,1
2024-08-20,hotel-demo-2,España,ES,1
2024-08-21,hotel-demo-1,Argentina,AR,95
2024-08-21,hotel-demo-1,Brasil,BR,15
2024-08-21,hotel-demo-1,Chile,CL,8
2024-08-21,hotel-demo-1,Uruguay,UY,7
2024-08-21,hotel-demo-1,Estados Unidos,US,6
2024-08-21,hotel-demo-2,Argentina,AR,27
2024-08-21,hotel-demo-2,Brasil,BR,7
2024-08-21,hotel-demo-2,Chile,CL,3
2024-08-21,hotel-demo-2,Uruguay,UY,2
2024-08-21,hotel-demo-2,Estados Unidos,US,2
2024-08-21,hotel-demo-2,España,ES,2
2024-08-21,hotel-demo-2,Alemania,DE,1
2024-08-21,hotel-demo-2,Francia,FR,1
2024-08-21,hotel-demo-2,México,MX,3
2024-08-22,hotel-demo-1,Argentina,AR,73
2024-08-22,hotel-demo-1,Brasil,BR,25
2024-08-22,hotel-demo-1,Chile,CL,10
2024-08-22,hotel-demo-1,Uruguay,UY,6
2024-08-22,hotel-demo-1,Estados Unidos,US,8
2024-08-22,hotel-demo-1,España,ES,5
2024-08-22,hotel-demo-1,Alemania,DE,4
2024-08-22,hotel-demo-1,Francia,FR,2
2024-08-22,hotel-demo-1,México,MX,10
2024-08-22,hotel-demo-2,Argentina,AR,37
2024-08-22,hotel-demo-2,Brasil,BR,9
2024-08-22,hotel-demo-2,Chile,CL,3
2024-08-23,hotel-demo-1,Argentina,AR,91
2024-08-23,hotel-demo-1,Brasil,BR,23
2024-08-23,hotel-demo-1,Chile,CL,8
2024-08-23,hotel-demo-1,Uruguay,UY,8
2024-08-23,hotel-demo-1,Estados Unidos,US,9
2024-08-23,hotel-demo-1,España,ES,6
2024-08-23,hotel-demo-1,Alemania,DE,3
2024-08-23,hotel-demo-1,Francia,FR,3
2024-08-23,hotel-demo-1,México,MX,9
2024-08-23,hotel-demo-2,Argentina,AR,31
2024-08-23,hotel-demo-2,Brasil,BR,6
2024-08-23,hotel-demo-2,Chile,CL,4
2024-08-23,hotel-demo-2,Uruguay,UY,4
2024-08-23,hotel-demo-2,Estados Unidos,US,2
2024-08-23,hotel-demo-2,España,ES,2
2024-08-23,hotel-demo-2,Alemania,DE,1
2024-08-23,hotel-demo-2,Francia,FR,1
2024-08-23,hotel-demo-2,México,MX,11
2024-08-24,hotel-demo-1,Argentina,AR,117
2024-08-24,hotel-demo-1,Brasil,BR,24
2024-08-24,hotel-demo-1,Chile,CL,12
2024-08-24,hotel-demo-1,Uruguay,UY,7
2024-08-24,hotel-demo-1,Estados Unidos,US,11
2024-08-24,hotel-demo-1,España,ES,4
2024-08-24,hotel-demo-2,Argentina,AR,56
2024-08-24,hotel-demo-2,Brasil,BR,9
2024-08-24,hotel-demo-2,Chile,CL,4
2024-08-24,hotel-demo-2,Uruguay,UY,3
2024-08-24,hotel-demo-2,Estados Unidos,US,2
2024-08-25,hotel-demo-1,Argentina,AR,86
2024-08-25,hotel-demo-1,Brasil,BR,16
2024-08-25,hotel-demo-1,Chile,CL,7
2024-08-25,hotel-demo-1,Uruguay,UY,5
2024-08-25,hotel-demo-1,Estados Unidos,US,6
2024-08-25,hotel-demo-2,Argentina,AR,22
2024-08-25,hotel-demo-2,Brasil,BR,8
2024-08-25,hotel-demo-2,Chile,CL,2
2024-08-25,hotel-demo-2,Uruguay,UY,2
2024-08-25,hotel-demo-2,Estados Unidos,US,3
2024-08-25,hotel-demo-2,España,ES,1
2024-08-25,hotel-demo-2,Alemania,DE,1
2024-08-25,hotel-demo-2,Francia,FR,1
2024-08-25,hotel-demo-2,México,MX,4
2024-08-26,hotel-demo-1,Argentina,AR,78
2024-08-26,hotel-demo-1,Brasil,BR,17
2024-08-26,hotel-demo-1,Chile,CL,7
2024-08-26,hotel-demo-1,Uruguay,UY,6
2024-08-26,hotel-demo-1,Estados Unidos,US,6
2024-08-26,hotel-demo-1,España,ES,3
2024-08-26,hotel-demo-1,Alemania,DE,3
2024-08-26,hotel-demo-1,Francia,FR,2
2024-08-26,hotel-demo-1,México,MX,8
2024-08-26,hotel-demo-2,Argentina,AR,40
2024-08-26,hotel-demo-2,Brasil,BR,5
2024-08-26,hotel-demo-2,Chile,CL,2
2024-08-26,hotel-demo-2,Uruguay,UY,2
2024-08-26,hotel-demo-2,Estados Unidos,US,2
2024-08-27,hotel-demo-1,Argentina,AR,90
2024-08-27,hotel-demo-1,Brasil,BR,27
2024-08-27,hotel-demo-1,Chile,CL,9
2024-08-27,hotel-demo-1,Uruguay,UY,8
2024-08-27,hotel-demo-1,Estados Unidos,US,11
2024-08-27,hotel-demo-1,España,ES,6
2024-08-27,hotel-demo-1,Alemania,DE,4
2024-08-27,hotel-demo-1,Francia,FR,3
2024-08-27,hotel-demo-1,México,MX,11
2024-08-27,hotel-demo-2,Argentina,AR,29
2024-08-27,hotel-demo-2,Brasil,BR,6
2024-08-27,hotel-demo-2,Chile,CL,2
2024-08-27,hotel-demo-2,Uruguay,UY,2
2024-08-27,hotel-demo-2,Estados Unidos,US,1
2024-08-28,hotel-demo-1,Argentina,AR,111
2024-08-28,hotel-demo-1,Brasil,BR,14
2024-08-28,hotel-demo-1,Chile,CL,10
2024-08-28,hotel-demo-1,Uruguay,UY,7
2024-08-28,hotel-demo-2,Argentina,AR,39
2024-08-28,hotel-demo-2,Brasil,BR,7
2024-08-28,hotel-demo-2,Chile,CL,2
2024-08-29,hotel-demo-1,Argentina,AR,111
2024-08-29,hotel-demo-1,Brasil,BR,17
2024-08-29,hotel-demo-1,Chile,CL,12
2024-08-29,hotel-demo-1,Uruguay,UY,9
2024-08-29,hotel-demo-1,Estados Unidos,US,7
2024-08-29,hotel-demo-1,España,ES,4
2024-08-29,hotel-demo-1,Alemania,DE,4
2024-08-29,hotel-demo-1,Francia,FR,2
2024-08-29,hotel-demo-1,México,MX,7
2024-08-29,hotel-demo-2,Argentina,AR,42
2024-08-29,hotel-demo-2,Brasil,BR,7
2024-08-29,hotel-demo-2,Chile,CL,4
2024-08-29,hotel-demo-2,Uruguay,UY,1
2024-08-30,hotel-demo-1,Argentina,AR,111
2024-08-30,hotel-demo-1,Brasil,BR,28
2024-08-30,hotel-demo-1,Chile,CL,9
2024-08-30,hotel-demo-1,Uruguay,UY,6
2024-08-30,hotel-demo-1,Estados Unidos,US,7
2024-08-30,hotel-demo-1,España,ES,4
2024-08-30,hotel-demo-1,Alemania,DE,3
2024-08-30,hotel-demo-1,Francia,FR,3
2024-08-30,hotel-demo-1,México,MX,8
2024-08-30,hotel-demo-2,Argentina,AR,46
2024-08-30,hotel-demo-2,Brasil,BR,12
2024-08-30,hotel-demo-2,Chile,CL,4
2024-08-30,hotel-demo-2,Uruguay,UY,4
2024-08-30,hotel-demo-2,Estados Unidos,US,2
2024-08-31,hotel-demo-1,Argentina,AR,117
2024-08-31,hotel-demo-1,Brasil,BR,18
2024-08-31,hotel-demo-1,Chile,CL,11
2024-08-31,hotel-demo-1,Uruguay,UY,3
2024-08-31,hotel-demo-2,Argentina,AR,35
2024-08-31,hotel-demo-2,Brasil,BR,9
2024-08-31,hotel-demo-2,Chile,CL,3
2024-08-31,hotel-demo-2,Uruguay,UY,2
2024-08-31,hotel-demo-2,Estados Unidos,US,2
2024-08-31,hotel-demo-2,España,ES,1
2024-08-31,hotel-demo-2,Alemania,DE,1
2024-08-31,hotel-demo-2,Francia,FR,1
2024-08-31,hotel-demo-2,México,MX,2
2024-09-01,hotel-demo-1,Argentina,AR,73
2024-09-01,hotel-demo-1,Brasil,BR,21
2024-09-01,hotel-demo-1,Chile,CL,8
2024-09-01,hotel-demo-1,Uruguay,UY,5
2024-09-01,hotel-demo-1,Estados Unidos,US,7
2024-09-01,hotel-demo-1,España,ES,3
2024-09-01,hotel-demo-1,Alemania,DE,3
2024-09-01,hotel-demo-1,Francia,FR,2
2024-09-01,hotel-demo-1,México,MX,9
2024-09-01,hotel-demo-2,Argentina,AR,28
2024-09-01,hotel-demo-2,Brasil,BR,5
2024-09-01,hotel-demo-2,Chile,CL,3
2024-09-01,hotel-demo-2,Uruguay,UY,3
2024-09-01,hotel-demo-2,Estados Unidos,US,2
2024-09-01,hotel-demo-2,España,ES,1
2024-09-01,hotel-demo-2,Alemania,DE,1
2024-09-01,hotel-demo-2,Francia,FR,1
2024-09-01,hotel-demo-2,México,MX,5
2024-09-02,hotel-demo-1,Argentina,AR,92
2024-09-02,hotel-demo-1,Brasil,BR,17
2024-09-02,hotel-demo-1,Chile,CL,7
2024-09-02,hotel-demo-1,Uruguay,UY,10
2024-09-02,hotel-demo-1,Estados Unidos,US,10
2024-09-02,hotel-demo-1,España,ES,6
2024-09-02,hotel-demo-1,Alemania,DE,3
2024-09-02,hotel-demo-1,Francia,FR,2
2024-09-02,hotel-demo-1,México,MX,20
2024-09-02,hotel-demo-2,Argentina,AR,51
2024-09-02,hotel-demo-2,Brasil,BR,7
2024-09-02,hotel-demo-2,Chile,CL,5
2024-09-02,hotel-demo-2,Uruguay,UY,2
2024-09-03,hotel-demo-1,Argentina,AR,70
2024-09-03,hotel-demo-1,Brasil,BR,18
2024-09-03,hotel-demo-1,Chile,CL,7
2024-09-03,hotel-demo-1,Uruguay,UY,7
2024-09-03,hotel-demo-1,Estados Unidos,US,7
2024-09-03,hotel-demo-1,España,ES,3
2024-09-03,hotel-demo-1,Alemania,DE,3
2024-09-03,hotel-demo-1,Francia,FR,2
2024-09-03,hotel-demo-1,México,MX,23
2024-09-03,hotel-demo-2,Argentina,AR,53
2024-09-03,hotel-demo-2,Brasil,BR,12
2024-09-03,hotel-demo-2,Chile,CL,6
2024-09-03,hotel-demo-2,Uruguay,UY,4
2024-09-03,hotel-demo-2,Estados Unidos,US,1
2024-09-04,hotel-demo-1,Argentina,AR,77
2024-09-04,hotel-demo-1,Brasil,BR,20
2024-09-04,hotel-demo-1,Chile,CL,9
2024-09-04,hotel-demo-1,Uruguay,UY,6
2024-09-04,hotel-demo-1,Estados Unidos,US,7
2024-09-04,hotel-demo-1,España,ES,3
2024-09-04,hotel-demo-1,Alemania,DE,3
2024-09-04,hotel-demo-1,Francia,FR,3
2024-09-04,hotel-demo-1,México,MX,9
2024-09-04,hotel-demo-2,Argentina,AR,32
2024-09-04,hotel-demo-2,Brasil,BR,7
2024-09-04,hotel-demo-2,Chile,CL,4
2024-09-04,hotel-demo-2,Uruguay,UY,3
2024-09-04,hotel-demo-2,Estados Unidos,US,3
2024-09-04,hotel-demo-2,España,ES,2
2024-09-04,hotel-demo-2,Alemania,DE,1
2024-09-04,hotel-demo-2,Francia,FR,1
2024-09-04,hotel-demo-2,México,MX,15
2024-09-05,hotel-demo-1,Argentina,AR,116
2024-09-05,hotel-demo-1,Brasil,BR,25
2024-09-05,hotel-demo-1,Chile,CL,8
2024-09-05,hotel-demo-1,Uruguay,UY,9
2024-09-05,hotel-demo-2,Argentina,AR,47
2024-09-05,hotel-demo-2,Brasil,BR,7
2024-09-05,hotel-demo-2,Chile,CL,4
2024-09-05,hotel-demo-2,Uruguay,UY,4
2024-09-05,hotel-demo-2,Estados Unidos,US,3
2024-09-05,hotel-demo-2,España,ES,3
2024-09-05,hotel-demo-2,Alemania,DE,2
2024-09-06,hotel-demo-1,Argentina,AR,90
2024-09-06,hotel-demo-1,Brasil,BR,22
2024-09-06,hotel-demo-1,Chile,CL,9
2024-09-06,hotel-demo-1,Uruguay,UY,9
2024-09-06,hotel-demo-1,Estados Unidos,US,10
2024-09-06,hotel-demo-1,España,ES,5
2024-09-06,hotel-demo-1,Alemania,DE,4
2024-09-06,hotel-demo-1,Francia,FR,2
2024-09-06,hotel-demo-1,México,MX,30
2024-09-06,hotel-demo-2,Argentina,AR,58
2024-09-06,hotel-demo-2,Brasil,BR,13
2024-09-06,hotel-demo-2,Chile,CL,3
2024-09-06,hotel-demo-2,Uruguay,UY,4
2024-09-07,hotel-demo-1,Argentina,AR,136
2024-09-07,hotel-demo-1,Brasil,BR,22
2024-09-07,hotel-demo-1,Chile,CL,15
2024-09-07,hotel-demo-1,Uruguay,UY,7
2024-09-07,hotel-demo-1,Estados Unidos,US,12
2024-09-07,hotel-demo-1,España,ES,2
2024-09-07,hotel-demo-2,Argentina,AR,46
2024-09-07,hotel-demo-2,Brasil,BR,8
2024-09-07,hotel-demo-2,Chile,CL,6
2024-09-07,hotel-demo-2,Uruguay,UY,4
2024-09-07,hotel-demo-2,Estados Unidos,US,4
2024-09-07,hotel-demo-2,España,ES,2
2024-09-07,hotel-demo-2,Alemania,DE,2
2024-09-07,hotel-demo-2,Francia,FR,1
2024-09-07,hotel-demo-2,México,MX,5
2024-09-08,hotel-demo-1,Argentina,AR,78
2024-09-08,hotel-demo-1,Brasil,BR,20
2024-09-08,hotel-demo-1,Chile,CL,11
2024-09-08,hotel-demo-1,Uruguay,UY,7
2024-09-08,hotel-demo-1,Estados Unidos,US,8
2024-09-08,hotel-demo-1,España,ES,3
2024-09-08,hotel-demo-1,Alemania,DE,3
2024-09-08,hotel-demo-1,Francia,FR,2
2024-09-08,hotel-demo-1,México,MX,16
2024-09-08,hotel-demo-2,Argentina,AR,24
2024-09-08,hotel-demo-2,Brasil,BR,9
2024-09-08,hotel-demo-2,Chile,CL,4
2024-09-08,hotel-demo-2,Uruguay,UY,3
2024-09-08,hotel-demo-2,Estados Unidos,US,3
2024-09-08,hotel-demo-2,España,ES,2
2024-09-08,hotel-demo-2,Alemania,DE,1
2024-09-08,hotel-demo-2,Francia,FR,1
2024-09-08,hotel-demo-2,México,MX,7
2024-09-09,hotel-demo-1,Argentina,AR,100
2024-09-09,hotel-demo-1,Brasil,BR,29
2024-09-09,hotel-demo-1,Chile,CL,12
2024-09-09,hotel-demo-1,Uruguay,UY,6
2024-09-09,hotel-demo-1,Estados Unidos,US,9
2024-09-09,hotel-demo-1,España,ES,6
2024-09-09,hotel-demo-1,Alemania,DE,3
2024-09-09,hotel-demo-1,Francia,FR,2
2024-09-09,hotel-demo-1,México,MX,4
2024-09-09,hotel-demo-2,Argentina,AR,36
2024-09-09,hotel-demo-2,Brasil,BR,12
2024-09-09,hotel-demo-2,Chile,CL,5
2024-09-09,hotel-demo-2,Uruguay,UY,4
2024-09-09,hotel-demo-2,Estados Unidos,US,4
2024-09-09,hotel-demo-2,España,ES,2
2024-09-09,hotel-demo-2,Alemania,DE,1
2024-09-09,hotel-demo-2,Francia,FR,1
2024-09-09,hotel-demo-2,México,MX,13
2024-09-10,hotel-demo-1,Argentina,AR,80
2024-09-10,hotel-demo-1,Brasil,BR,26
2024-09-10,hotel-demo-1,Chile,CL,9
2024-09-10,hotel-demo-1,Uruguay,UY,8
2024-09-10,hotel-demo-1,Estados Unidos,US,8
2024-09-10,hotel-demo-1,España,ES,5
2024-09-10,hotel-demo-1,Alemania,DE,2
2024-09-10,hotel-demo-1,Francia,FR,2
2024-09-10,hotel-demo-1,México,MX,10
2024-09-10,hotel-demo-2,Argentina,AR,28
2024-09-10,hotel-demo-2,Brasil,BR,8
2024-09-10,hotel-demo-2,Chile,CL,5
2024-09-10,hotel-demo-2,Uruguay,UY,3
2024-09-10,hotel-demo-2,Estados Unidos,US,4
2024-09-10,hotel-demo-2,España,ES,1
2024-09-10,hotel-demo-2,Alemania,DE,1
2024-09-10,hotel-demo-2,Francia,FR,1
2024-09-10,hotel-demo-2,México,MX,12
2024-09-11,hotel-demo-1,Argentina,AR,121
2024-09-11,hotel-demo-1,Brasil,BR,25
2024-09-11,hotel-demo-1,Chile,CL,4
2024-09-11,hotel-demo-2,Argentina,AR,36
2024-09-11,hotel-demo-2,Brasil,BR,11
2024-09-11,hotel-demo-2,Chile,CL,6
2024-09-11,hotel-demo-2,Uruguay,UY,4
2024-09-11,hotel-demo-2,Estados Unidos,US,3
2024-09-11,hotel-demo-2,España,ES,2
2024-09-11,hotel-demo-2,Alemania,DE,2
2024-09-11,hotel-demo-2,Francia,FR,1
2024-09-11,hotel-demo-2,México,MX,10
2024-09-12,hotel-demo-1,Argentina,AR,96
2024-09-12,hotel-demo-1,Brasil,BR,16
2024-09-12,hotel-demo-1,Chile,CL,8
2024-09-12,hotel-demo-1,Uruguay,UY,7
2024-09-12,hotel-demo-1,Estados Unidos,US,4
2024-09-12,hotel-demo-2,Argentina,AR,32
2024-09-12,hotel-demo-2,Brasil,BR,9
2024-09-12,hotel-demo-2,Chile,CL,4
2024-09-12,hotel-demo-2,Uruguay,UY,4
2024-09-12,hotel-demo-2,Estados Unidos,US,3
2024-09-12,hotel-demo-2,España,ES,2
2024-09-12,hotel-demo-2,Alemania,DE,2
2024-09-12,hotel-demo-2,Francia,FR,1
2024-09-12,hotel-demo-2,México,MX,9
2024-09-13,hotel-demo-1,Argentina,AR,129
2024-09-13,hotel-demo-1,Brasil,BR,28
2024-09-13,hotel-demo-1,Chile,CL,8
2024-09-13,hotel-demo-1,Uruguay,UY,9
2024-09-13,hotel-demo-1,Estados Unidos,US,7
2024-09-13,hotel-demo-2,Argentina,AR,44
2024-09-13,hotel-demo-2,Brasil,BR,11
2024-09-13,hotel-demo-2,Chile,CL,3
2024-09-13,hotel-demo-2,Uruguay,UY,4
2024-09-13,hotel-demo-2,Estados Unidos,US,4
2024-09-13,hotel-demo-2,España,ES,3
2024-09-13,hotel-demo-2,Alemania,DE,1
2024-09-14,hotel-demo-1,Argentina,AR,93
2024-09-14,hotel-demo-1,Brasil,BR,18
2024-09-14,hotel-demo-1,Chile,CL,9
2024-09-14,hotel-demo-1,Uruguay,UY,9
2024-09-14,hotel-demo-1,Estados Unidos,US,7
2024-09-14,hotel-demo-1,España,ES,6
2024-09-14,hotel-demo-1,Alemania,DE,4
2024-09-14,hotel-demo-1,Francia,FR,2
2024-09-14,hotel-demo-1,México,MX,23
2024-09-14,hotel-demo-2,Argentina,AR,48
2024-09-14,hotel-demo-2,Brasil,BR,7
2024-09-14,hotel-demo-2,Chile,CL,3
2024-09-14,hotel-demo-2,Uruguay,UY,2
2024-09-15,hotel-demo-1,Argentina,AR,70
2024-09-15,hotel-demo-1,Brasil,BR,21
2024-09-15,hotel-demo-1,Chile,CL,9
2024-09-15,hotel-demo-1,Uruguay,UY,8
2024-09-15,hotel-demo-1,Estados Unidos,US,5
2024-09-15,hotel-demo-1,España,ES,3
2024-09-15,hotel-demo-1,Alemania,DE,3
2024-09-15,hotel-demo-1,Francia,FR,2
2024-09-15,hotel-demo-1,México,MX,9
2024-09-15,hotel-demo-2,Argentina,AR,40
2024-09-15,hotel-demo-2,Brasil,BR,12
2024-09-15,hotel-demo-2,Chile,CL,4
2024-09-15,hotel-demo-2,Uruguay,UY,4
2024-09-15,hotel-demo-2,Estados Unidos,US,3
2024-09-15,hotel-demo-2,España,ES,2
2024-09-15,hotel-demo-2,Alemania,DE,2
2024-09-15,hotel-demo-2,Francia,FR,1
2024-09-15,hotel-demo-2,México,MX,1
2024-09-16,hotel-demo-1,Argentina,AR,87
2024-09-16,hotel-demo-1,Brasil,BR,26
2024-09-16,hotel-demo-1,Chile,CL,11
2024-09-16,hotel-demo-1,Uruguay,UY,10
2024-09-16,hotel-demo-1,Estados Unidos,US,9
2024-09-16,hotel-demo-1,España,ES,6
2024-09-16,hotel-demo-1,Alemania,DE,3
2024-09-16,hotel-demo-1,Francia,FR,3
2024-09-16,hotel-demo-1,México,MX,42
2024-09-16,hotel-demo-2,Argentina,AR,44
2024-09-16,hotel-demo-2,Brasil,BR,11
2024-09-16,hotel-demo-2,Chile,CL,5
2024-09-16,hotel-demo-2,Uruguay,UY,4
2024-09-16,hotel-demo-2,Estados Unidos,US,3
2024-09-17,hotel-demo-1,Argentina,AR,114
2024-09-17,hotel-demo-1,Brasil,BR,27
2024-09-17,hotel-demo-1,Chile,CL,9
2024-09-17,hotel-demo-1,Uruguay,UY,7
2024-09-17,hotel-demo-2,Argentina,AR,46
2024-09-17,hotel-demo-2,Brasil,BR,9
2024-09-17,hotel-demo-2,Chile,CL,3
2024-09-17,hotel-demo-2,Uruguay,UY,3
2024-09-17,hotel-demo-2,Estados Unidos,US,3
2024-09-17,hotel-demo-2,España,ES,2
2024-09-17,hotel-demo-2,Alemania,DE,2
2024-09-17,hotel-demo-2,Francia,FR,1
2024-09-18,hotel-demo-1,Argentina,AR,68
2024-09-18,hotel-demo-1,Brasil,BR,15
2024-09-18,hotel-demo-1,Chile,CL,9
2024-09-18,hotel-demo-1,Uruguay,UY,8
2024-09-18,hotel-demo-1,Estados Unidos,US,7
2024-09-18,hotel-demo-1,España,ES,3
2024-09-18,hotel-demo-1,Alemania,DE,3
2024-09-18,hotel-demo-1,Francia,FR,2
2024-09-18,hotel-demo-1,México,MX,28
2024-09-18,hotel-demo-2,Argentina,AR,38
2024-09-18,hotel-demo-2,Brasil,BR,7
2024-09-18,hotel-demo-2,Chile,CL,4
2024-09-18,hotel-demo-2,Uruguay,UY,4
2024-09-18,hotel-demo-2,Estados Unidos,US,4
2024-09-18,hotel-demo-2,España,ES,2
2024-09-18,hotel-demo-2,Alemania,DE,1
2024-09-18,hotel-demo-2,Francia,FR,1
2024-09-18,hotel-demo-2,México,MX,8
2024-09-19,hotel-demo-1,Argentina,AR,108
2024-09-19,hotel-demo-1,Brasil,BR,27
2024-09-19,hotel-demo-1,Chile,CL,11
2024-09-19,hotel-demo-1,Uruguay,UY,5
2024-09-19,hotel-demo-2,Argentina,AR,30
2024-09-19,hotel-demo-2,Brasil,BR,7
2024-09-19,hotel-demo-2,Chile,CL,3
2024-09-19,hotel-demo-2,Uruguay,UY,4
2024-09-19,hotel-demo-2,Estados Unidos,US,3
2024-09-19,hotel-demo-2,España,ES,2
2024-09-19,hotel-demo-2,Alemania,DE,1
2024-09-19,hotel-demo-2,Francia,FR,1
2024-09-19,hotel-demo-2,México,MX,13
2024-09-20,hotel-demo-1,Argentina,AR,123
2024-09-20,hotel-demo-1,Brasil,BR,31
2024-09-20,hotel-demo-1,Chile,CL,11
2024-09-20,hotel-demo-1,Uruguay,UY,8
2024-09-20,hotel-demo-1,Estados Unidos,US,13
2024-09-20,hotel-demo-1,España,ES,6
2024-09-20,hotel-demo-1,Alemania,DE,4
2024-09-20,hotel-demo-1,Francia,FR,3
2024-09-20,hotel-demo-1,México,MX,19
2024-09-20,hotel-demo-2,Argentina,AR,34
2024-09-20,hotel-demo-2,Brasil,BR,9
2024-09-20,hotel-demo-2,Chile,CL,4
2024-09-20,hotel-demo-2,Uruguay,UY,5
2024-09-20,hotel-demo-2,Estados Unidos,US,3
2024-09-20,hotel-demo-2,España,ES,2
2024-09-20,hotel-demo-2,Alemania,DE,1
2024-09-20,hotel-demo-2,Francia,FR,1
2024-09-20,hotel-demo-2,México,MX,15
2024-09-21,hotel-demo-1,Argentina,AR,123
2024-09-21,hotel-demo-1,Brasil,BR,26
2024-09-21,hotel-demo-1,Chile,CL,9
2024-09-21,hotel-demo-1,Uruguay,UY,11
2024-09-21,hotel-demo-1,Estados Unidos,US,8
2024-09-21,hotel-demo-1,España,ES,5
2024-09-21,hotel-demo-2,Argentina,AR,37
2024-09-21,hotel-demo-2,Brasil,BR,8
2024-09-21,hotel-demo-2,Chile,CL,3
2024-09-21,hotel-demo-2,Uruguay,UY,4
2024-09-21,hotel-demo-2,Estados Unidos,US,3
2024-09-21,hotel-demo-2,España,ES,1
2024-09-21,hotel-demo-2,Alemania,DE,1
2024-09-21,hotel-demo-2,Francia,FR,1
2024-09-21,hotel-demo-2,México,MX,7
2024-09-22,hotel-demo-1,Argentina,AR,110
2024-09-22,hotel-demo-1,Brasil,BR,27
2024-09-22,hotel-demo-1,Chile,CL,10
2024-09-22,hotel-demo-1,Uruguay,UY,8
2024-09-22,hotel-demo-1,Estados Unidos,US,3
2024-09-22,hotel-demo-2,Argentina,AR,40
2024-09-22,hotel-demo-2,Brasil,BR,7
2024-09-22,hotel-demo-2,Chile,CL,4
2024-09-22,hotel-demo-2,Uruguay,UY,3
2024-09-22,hotel-demo-2,Estados Unidos,US,3
2024-09-22,hotel-demo-2,España,ES,1
2024-09-22,hotel-demo-2,Alemania,DE,1
2024-09-22,hotel-demo-2,Francia,FR,1
2024-09-22,hotel-demo-2,México,MX,1
2024-09-23,hotel-demo-1,Argentina,AR,135
2024-09-23,hotel-demo-1,Brasil,BR,26
2024-09-23,hotel-demo-1,Chile,CL,10
2024-09-23,hotel-demo-1,Uruguay,UY,9
2024-09-23,hotel-demo-1,Estados Unidos,US,4
2024-09-23,hotel-demo-2,Argentina,AR,44
2024-09-23,hotel-demo-2,Brasil,BR,6
2024-09-23,hotel-demo-2,Chile,CL,2
2024-09-23,hotel-demo-2,Uruguay,UY,3
2024-09-23,hotel-demo-2,Estados Unidos,US,1
2024-09-24,hotel-demo-1,Argentina,AR,107
2024-09-24,hotel-demo-1,Brasil,BR,28
2024-09-24,hotel-demo-1,Chile,CL,11
2024-09-24,hotel-demo-1,Uruguay,UY,9
2024-09-24,hotel-demo-1,Estados Unidos,US,7
2024-09-24,hotel-demo-2,Argentina,AR,46
2024-09-24,hotel-demo-2,Brasil,BR,7
2024-09-24,hotel-demo-2,Chile,CL,3
2024-09-24,hotel-demo-2,Uruguay,UY,2
2024-09-24,hotel-demo-2,Estados Unidos,US,2
2024-09-25,hotel-demo-1,Argentina,AR,72
2024-09-25,hotel-demo-1,Brasil,BR,25
2024-09-25,hotel-demo-1,Chile,CL,9
2024-09-25,hotel-demo-1,Uruguay,UY,10
2024-09-25,hotel-demo-1,Estados Unidos,US,10
2024-09-25,hotel-demo-1,España,ES,6
2024-09-25,hotel-demo-1,Alemania,DE,3
2024-09-25,hotel-demo-1,Francia,FR,3
2024-09-25,hotel-demo-1,México,MX,27
2024-09-25,hotel-demo-2,Argentina,AR,27
2024-09-25,hotel-demo-2,Brasil,BR,7
2024-09-25,hotel-demo-2,Chile,CL,4
2024-09-25,hotel-demo-2,Uruguay,UY,3
2024-09-25,hotel-demo-2,Estados Unidos,US,2
2024-09-25,hotel-demo-2,España,ES,2
2024-09-25,hotel-demo-2,Alemania,DE,1
2024-09-25,hotel-demo-2,Francia,FR,1
2024-09-25,hotel-demo-2,México,MX,9
2024-09-26,hotel-demo-1,Argentina,AR,130
2024-09-26,hotel-demo-1,Brasil,BR,24
2024-09-26,hotel-demo-1,Chile,CL,9
2024-09-26,hotel-demo-1,Uruguay,UY,7
2024-09-26,hotel-demo-2,Argentina,AR,41
2024-09-26,hotel-demo-2,Brasil,BR,10
2024-09-26,hotel-demo-2,Chile,CL,3
2024-09-26,hotel-demo-2,Uruguay,UY,2
2024-09-26,hotel-demo-2,Estados Unidos,US,1
2024-09-27,hotel-demo-1,Argentina,AR,94
2024-09-27,hotel-demo-1,Brasil,BR,17
2024-09-27,hotel-demo-1,Chile,CL,7
2024-09-27,hotel-demo-1,Uruguay,UY,6
2024-09-27,hotel-demo-1,Estados Unidos,US,6
2024-09-27,hotel-demo-1,España,ES,5
2024-09-27,hotel-demo-1,Alemania,DE,4
2024-09-27,hotel-demo-1,Francia,FR,2
2024-09-27,hotel-demo-1,México,MX,22
2024-09-27,hotel-demo-2,Argentina,AR,40
2024-09-27,hotel-demo-2,Brasil,BR,10
2024-09-27,hotel-demo-2,Chile,CL,5
2024-09-27,hotel-demo-2,Uruguay,UY,3
2024-09-27,hotel-demo-2,Estados Unidos,US,3
2024-09-27,hotel-demo-2,España,ES,2
2024-09-27,hotel-demo-2,Alemania,DE,1
2024-09-27,hotel-demo-2,Francia,FR,1
2024-09-27,hotel-demo-2,México,MX,3
2024-09-28,hotel-demo-1,Argentina,AR,114
2024-09-28,hotel-demo-1,Brasil,BR,26
2024-09-28,hotel-demo-1,Chile,CL,9
2024-09-28,hotel-demo-1,Uruguay,UY,7
2024-09-28,hotel-demo-1,Estados Unidos,US,6
2024-09-28,hotel-demo-1,España,ES,7
2024-09-28,hotel-demo-1,Alemania,DE,4
2024-09-28,hotel-demo-1,Francia,FR,2
2024-09-28,hotel-demo-2,Argentina,AR,34
2024-09-28,hotel-demo-2,Brasil,BR,9
2024-09-28,hotel-demo-2,Chile,CL,3
2024-09-28,hotel-demo-2,Uruguay,UY,3
2024-09-28,hotel-demo-2,Estados Unidos,US,2
2024-09-28,hotel-demo-2,España,ES,1
2024-09-28,hotel-demo-2,Alemania,DE,1
2024-09-28,hotel-demo-2,Francia,FR,1
2024-09-28,hotel-demo-2,México,MX,11
2024-09-29,hotel-demo-1,Argentina,AR,94
2024-09-29,hotel-demo-1,Brasil,BR,19
2024-09-29,hotel-demo-1,Chile,CL,7
2024-09-29,hotel-demo-1,Uruguay,UY,7
2024-09-29,hotel-demo-1,Estados Unidos,US,6
2024-09-29,hotel-demo-1,España,ES,3
2024-09-29,hotel-demo-1,Alemania,DE,3
2024-09-29,hotel-demo-1,Francia,FR,2
2024-09-29,hotel-demo-1,México,MX,2
2024-09-29,hotel-demo-2,Argentina,AR,39
2024-09-29,hotel-demo-2,Brasil,BR,7
2024-09-29,hotel-demo-2,Chile,CL,3
2024-09-29,hotel-demo-2,Uruguay,UY,4
2024-09-29,hotel-demo-2,Estados Unidos,US,2
2024-09-29,hotel-demo-2,España,ES,2
2024-09-29,hotel-demo-2,Alemania,DE,1
2024-09-30,hotel-demo-1,Argentina,AR,118
2024-09-30,hotel-demo-1,Brasil,BR,31
2024-09-30,hotel-demo-1,Chile,CL,12
2024-09-30,hotel-demo-1,Uruguay,UY,8
2024-09-30,hotel-demo-1,Estados Unidos,US,7
2024-09-30,hotel-demo-1,España,ES,6
2024-09-30,hotel-demo-1,Alemania,DE,4
2024-09-30,hotel-demo-1,Francia,FR,4
2024-09-30,hotel-demo-1,México,MX,3
2024-09-30,hotel-demo-2,Argentina,AR,35
2024-09-30,hotel-demo-2,Brasil,BR,11
2024-09-30,hotel-demo-2,Chile,CL,4
2024-09-30,hotel-demo-2,Uruguay,UY,2
2024-09-30,hotel-demo-2,Estados Unidos,US,3
2024-09-30,hotel-demo-2,España,ES,2
2024-09-30,hotel-demo-2,Alemania,DE,1
2024-09-30,hotel-demo-2,Francia,FR,1
2024-09-30,hotel-demo-2,México,MX,1
2024-10-01,hotel-demo-1,Argentina,AR,113
2024-10-01,hotel-demo-1,Brasil,BR,21
2024-10-01,hotel-demo-1,Chile,CL,11
2024-10-01,hotel-demo-1,Uruguay,UY,7
2024-10-01,hotel-demo-1,Estados Unidos,US,6
2024-10-01,hotel-demo-2,Argentina,AR,38
2024-10-01,hotel-demo-2,Brasil,BR,11
2024-10-01,hotel-demo-2,Chile,CL,5
2024-10-01,hotel-demo-2,Uruguay,UY,3
2024-10-01,hotel-demo-2,Estados Unidos,US,3
2024-10-01,hotel-demo-2,España,ES,2
2024-10-01,hotel-demo-2,Alemania,DE,1
2024-10-01,hotel-demo-2,Francia,FR,1
2024-10-01,hotel-demo-2,México,MX,9
2024-10-02,hotel-demo-1,Argentina,AR,137
2024-10-02,hotel-demo-1,Brasil,BR,31
2024-10-02,hotel-demo-1,Chile,CL,16
2024-10-02,hotel-demo-1,Uruguay,UY,9
2024-10-02,hotel-demo-1,Estados Unidos,US,10
2024-10-02,hotel-demo-2,Argentina,AR,30
2024-10-02,hotel-demo-2,Brasil,BR,7
2024-10-02,hotel-demo-2,Chile,CL,2
2024-10-02,hotel-demo-2,Uruguay,UY,3
2024-10-02,hotel-demo-2,Estados Unidos,US,3
2024-10-02,hotel-demo-2,España,ES,2
2024-10-02,hotel-demo-2,Alemania,DE,1
2024-10-02,hotel-demo-2,Francia,FR,1
2024-10-02,hotel-demo-2,México,MX,7
2024-10-03,hotel-demo-1,Argentina,AR,108
2024-10-03,hotel-demo-1,Brasil,BR,28
2024-10-03,hotel-demo-1,Chile,CL,11
2024-10-03,hotel-demo-1,Uruguay,UY,7
2024-10-03,hotel-demo-1,Estados Unidos,US,7
2024-10-03,hotel-demo-1,España,ES,5
2024-10-03,hotel-demo-2,Argentina,AR,29
2024-10-03,hotel-demo-2,Brasil,BR,7
2024-10-03,hotel-demo-2,Chile,CL,3
2024-10-03,hotel-demo-2,Uruguay,UY,4
2024-10-03,hotel-demo-2,Estados Unidos,US,3
2024-10-03,hotel-demo-2,España,ES,2
2024-10-03,hotel-demo-2,Alemania,DE,1
2024-10-03,hotel-demo-2,Francia,FR,1
2024-10-03,hotel-demo-2,México,MX,7
2024-10-04,hotel-demo-1,Argentina,AR,81
2024-10-04,hotel-demo-1,Brasil,BR,31
2024-10-04,hotel-demo-1,Chile,CL,13
2024-10-04,hotel-demo-1,Uruguay,UY,10
2024-10-04,hotel-demo-1,Estados Unidos,US,7
2024-10-04,hotel-demo-1,España,ES,5
2024-10-04,hotel-demo-1,Alemania,DE,3
2024-10-04,hotel-demo-1,Francia,FR,2
2024-10-04,hotel-demo-1,México,MX,32
2024-10-04,hotel-demo-2,Argentina,AR,54
2024-10-04,hotel-demo-2,Brasil,BR,9
2024-10-04,hotel-demo-2,Chile,CL,5
2024-10-04,hotel-demo-2,Uruguay,UY,4
2024-10-04,hotel-demo-2,Estados Unidos,US,4
2024-10-04,hotel-demo-2,España,ES,1
2024-10-05,hotel-demo-1,Argentina,AR,92
2024-10-05,hotel-demo-1,Brasil,BR,33
2024-10-05,hotel-demo-1,Chile,CL,8
2024-10-05,hotel-demo-1,Uruguay,UY,9
2024-10-05,hotel-demo-1,Estados Unidos,US,7
2024-10-05,hotel-demo-1,España,ES,6
2024-10-05,hotel-demo-1,Alemania,DE,3
2024-10-05,hotel-demo-1,Francia,FR,3
2024-10-05,hotel-demo-1,México,MX,28
2024-10-05,hotel-demo-2,Argentina,AR,67
2024-10-05,hotel-demo-2,Brasil,BR,10
2024-10-05,hotel-demo-2,Chile,CL,4
2024-10-05,hotel-demo-2,Uruguay,UY,4
2024-10-06,hotel-demo-1,Argentina,AR,94
2024-10-06,hotel-demo-1,Brasil,BR,18
2024-10-06,hotel-demo-1,Chile,CL,13
2024-10-06,hotel-demo-1,Uruguay,UY,9
2024-10-06,hotel-demo-1,Estados Unidos,US,11
2024-10-06,hotel-demo-1,España,ES,6
2024-10-06,hotel-demo-1,Alemania,DE,4
2024-10-06,hotel-demo-1,Francia,FR,2
2024-10-06,hotel-demo-1,México,MX,10
2024-10-06,hotel-demo-2,Argentina,AR,50
2024-10-06,hotel-demo-2,Brasil,BR,12
2024-10-06,hotel-demo-2,Chile,CL,5
2024-10-06,hotel-demo-2,Uruguay,UY,2
2024-10-07,hotel-demo-1,Argentina,AR,128
2024-10-07,hotel-demo-1,Brasil,BR,27
2024-10-07,hotel-demo-1,Chile,CL,9
2024-10-07,hotel-demo-1,Uruguay,UY,8
2024-10-07,hotel-demo-1,Estados Unidos,US,3
2024-10-07,hotel-demo-2,Argentina,AR,39
2024-10-07,hotel-demo-2,Brasil,BR,11
2024-10-07,hotel-demo-2,Chile,CL,4
2024-10-07,hotel-demo-2,Uruguay,UY,5
2024-10-07,hotel-demo-2,Estados Unidos,US,4
2024-10-07,hotel-demo-2,España,ES,2
2024-10-07,hotel-demo-2,Alemania,DE,1
2024-10-07,hotel-demo-2,Francia,FR,1
2024-10-07,hotel-demo-2,México,MX,17
2024-10-08,hotel-demo-1,Argentina,AR,142
2024-10-08,hotel-demo-1,Brasil,BR,20
2024-10-08,hotel-demo-1,Chile,CL,9
2024-10-08,hotel-demo-1,Uruguay,UY,12
2024-10-08,hotel-demo-1,Estados Unidos,US,9
2024-10-08,hotel-demo-2,Argentina,AR,34
2024-10-08,hotel-demo-2,Brasil,BR,8
2024-10-08,hotel-demo-2,Chile,CL,4
2024-10-08,hotel-demo-2,Uruguay,UY,2
2024-10-08,hotel-demo-2,Estados Unidos,US,4
2024-10-08,hotel-demo-2,España,ES,2
2024-10-08,hotel-demo-2,Alemania,DE,2
2024-10-08,hotel-demo-2,Francia,FR,1
2024-10-08,hotel-demo-2,México,MX,13
2024-10-09,hotel-demo-1,Argentina,AR,82
2024-10-09,hotel-demo-1,Brasil,BR,27
2024-10-09,hotel-demo-1,Chile,CL,11
2024-10-09,hotel-demo-1,Uruguay,UY,7
2024-10-09,hotel-demo-1,Estados Unidos,US,7
2024-10-09,hotel-demo-1,España,ES,5
2024-10-09,hotel-demo-1,Alemania,DE,3
2024-10-09,hotel-demo-1,Francia,FR,3
2024-10-09,hotel-demo-1,México,MX,35
2024-10-09,hotel-demo-2,Argentina,AR,38
2024-10-09,hotel-demo-2,Brasil,BR,14
2024-10-09,hotel-demo-2,Chile,CL,5
2024-10-09,hotel-demo-2,Uruguay,UY,5
2024-10-09,hotel-demo-2,Estados Unidos,US,3
2024-10-09,hotel-demo-2,España,ES,2
2024-10-09,hotel-demo-2,Alemania,DE,2
2024-10-09,hotel-demo-2,Francia,FR,1
2024-10-09,hotel-demo-2,México,MX,8
2024-10-10,hotel-demo-1,Argentina,AR,98
2024-10-10,hotel-demo-1,Brasil,BR,17
2024-10-10,hotel-demo-1,Chile,CL,9
2024-10-10,hotel-demo-1,Uruguay,UY,8
2024-10-10,hotel-demo-1,Estados Unidos,US,7
2024-10-10,hotel-demo-1,España,ES,4
2024-10-10,hotel-demo-1,Alemania,DE,3
2024-10-10,hotel-demo-1,Francia,FR,3
2024-10-10,hotel-demo-1,México,MX,21
2024-10-10,hotel-demo-2,Argentina,AR,42
2024-10-10,hotel-demo-2,Brasil,BR,11
2024-10-10,hotel-demo-2,Chile,CL,5
2024-10-10,hotel-demo-2,Uruguay,UY,3
2024-10-10,hotel-demo-2,Estados Unidos,US,3
2024-10-10,hotel-demo-2,España,ES,3
2024-10-10,hotel-demo-2,Alemania,DE,2
2024-10-10,hotel-demo-2,Francia,FR,1
2024-10-10,hotel-demo-2,México,MX,6
2024-10-11,hotel-demo-1,Argentina,AR,108
2024-10-11,hotel-demo-1,Brasil,BR,26
2024-10-11,hotel-demo-1,Chile,CL,11
2024-10-11,hotel-demo-1,Uruguay,UY,8
2024-10-11,hotel-demo-1,Estados Unidos,US,11
2024-10-11,hotel-demo-1,España,ES,5
2024-10-11,hotel-demo-1,Alemania,DE,5
2024-10-11,hotel-demo-1,Francia,FR,3
2024-10-11,hotel-demo-1,México,MX,19
2024-10-11,hotel-demo-2,Argentina,AR,41
2024-10-11,hotel-demo-2,Brasil,BR,8
2024-10-11,hotel-demo-2,Chile,CL,4
2024-10-11,hotel-demo-2,Uruguay,UY,5
2024-10-11,hotel-demo-2,Estados Unidos,US,3
2024-10-11,hotel-demo-2,España,ES,3
2024-10-11,hotel-demo-2,Alemania,DE,2
2024-10-11,hotel-demo-2,Francia,FR,1
2024-10-11,hotel-demo-2,México,MX,9
2024-10-12,hotel-demo-1,Argentina,AR,107
2024-10-12,hotel-demo-1,Brasil,BR,20
2024-10-12,hotel-demo-1,Chile,CL,9
2024-10-12,hotel-demo-1,Uruguay,UY,10
2024-10-12,hotel-demo-1,Estados Unidos,US,11
2024-10-12,hotel-demo-1,España,ES,4
2024-10-12,hotel-demo-1,Alemania,DE,4
2024-10-12,hotel-demo-1,Francia,FR,3
2024-10-12,hotel-demo-1,México,MX,11
2024-10-12,hotel-demo-2,Argentina,AR,51
2024-10-12,hotel-demo-2,Brasil,BR,8
2024-10-12,hotel-demo-2,Chile,CL,5
2024-10-12,hotel-demo-2,Uruguay,UY,4
2024-10-12,hotel-demo-2,Estados Unidos,US,1
2024-10-13,hotel-demo-1,Argentina,AR,105
2024-10-13,hotel-demo-1,Brasil,BR,24
2024-10-13,hotel-demo-1,Chile,CL,2
2024-10-13,hotel-demo-2,Argentina,AR,67
2024-10-13,hotel-demo-2,Brasil,BR,16
2024-10-13,hotel-demo-2,Chile,CL,5
2024-10-13,hotel-demo-2,Uruguay,UY,1
2024-10-14,hotel-demo-1,Argentina,AR,106
2024-10-14,hotel-demo-1,Brasil,BR,16
2024-10-14,hotel-demo-1,Chile,CL,10
2024-10-14,hotel-demo-1,Uruguay,UY,8
2024-10-14,hotel-demo-1,Estados Unidos,US,1
2024-10-14,hotel-demo-2,Argentina,AR,41
2024-10-14,hotel-demo-2,Brasil,BR,9
2024-10-14,hotel-demo-2,Chile,CL,6
2024-10-14,hotel-demo-2,Uruguay,UY,4
2024-10-14,hotel-demo-2,Estados Unidos,US,4
2024-10-14,hotel-demo-2,España,ES,2
2024-10-14,hotel-demo-2,Alemania,DE,1
2024-10-14,hotel-demo-2,Francia,FR,1
2024-10-14,hotel-demo-2,México,MX,6
2024-10-15,hotel-demo-1,Argentina,AR,100
2024-10-15,hotel-demo-1,Brasil,BR,23
2024-10-15,hotel-demo-1,Chile,CL,7
2024-10-15,hotel-demo-1,Uruguay,UY,10
2024-10-15,hotel-demo-1,Estados Unidos,US,11
2024-10-15,hotel-demo-1,España,ES,6
2024-10-15,hotel-demo-1,Alemania,DE,3
2024-10-15,hotel-demo-1,Francia,FR,3
2024-10-15,hotel-demo-1,México,MX,6
2024-10-15,hotel-demo-2,Argentina,AR,44
2024-10-15,hotel-demo-2,Brasil,BR,15
2024-10-15,hotel-demo-2,Chile,CL,4
2024-10-15,hotel-demo-2,Uruguay,UY,3
2024-10-15,hotel-demo-2,Estados Unidos,US,5
2024-10-15,hotel-demo-2,España,ES,2
2024-10-15,hotel-demo-2,Alemania,DE,2
2024-10-15,hotel-demo-2,Francia,FR,1
2024-10-15,hotel-demo-2,México,MX,10
2024-10-16,hotel-demo-1,Argentina,AR,104
2024-10-16,hotel-demo-1,Brasil,BR,18
2024-10-16,hotel-demo-1,Chile,CL,13
2024-10-16,hotel-demo-1,Uruguay,UY,10
2024-10-16,hotel-demo-1,Estados Unidos,US,7
2024-10-16,hotel-demo-1,España,ES,6
2024-10-16,hotel-demo-1,Alemania,DE,4
2024-10-16,hotel-demo-1,Francia,FR,2
2024-10-16,hotel-demo-1,México,MX,16
2024-10-16,hotel-demo-2,Argentina,AR,60
2024-10-16,hotel-demo-2,Brasil,BR,10
2024-10-16,hotel-demo-2,Chile,CL,6
2024-10-16,hotel-demo-2,Uruguay,UY,6
2024-10-16,hotel-demo-2,Estados Unidos,US,5
2024-10-17,hotel-demo-1,Argentina,AR,126
2024-10-17,hotel-demo-1,Brasil,BR,23
2024-10-17,hotel-demo-1,Chile,CL,7
2024-10-17,hotel-demo-1,Uruguay,UY,3
2024-10-17,hotel-demo-2,Argentina,AR,50
2024-10-17,hotel-demo-2,Brasil,BR,8
2024-10-17,hotel-demo-2,Chile,CL,3
2024-10-17,hotel-demo-2,Uruguay,UY,3
2024-10-17,hotel-demo-2,Estados Unidos,US,3
2024-10-17,hotel-demo-2,España,ES,2
2024-10-17,hotel-demo-2,Alemania,DE,1
2024-10-18,hotel-demo-1,Argentina,AR,157
2024-10-18,hotel-demo-1,Brasil,BR,22
2024-10-18,hotel-demo-1,Chile,CL,9
2024-10-18,hotel-demo-1,Uruguay,UY,13
2024-10-18,hotel-demo-1,Estados Unidos,US,8
2024-10-18,hotel-demo-1,España,ES,1
2024-10-18,hotel-demo-2,Argentina,AR,51
2024-10-18,hotel-demo-2,Brasil,BR,9
2024-10-18,hotel-demo-2,Chile,CL,6
2024-10-18,hotel-demo-2,Uruguay,UY,5
2024-10-18,hotel-demo-2,Estados Unidos,US,4
2024-10-18,hotel-demo-2,España,ES,3
2024-10-18,hotel-demo-2,Alemania,DE,2
2024-10-19,hotel-demo-1,Argentina,AR,122
2024-10-19,hotel-demo-1,Brasil,BR,27
2024-10-19,hotel-demo-1,Chile,CL,9
2024-10-19,hotel-demo-1,Uruguay,UY,5
2024-10-19,hotel-demo-2,Argentina,AR,42
2024-10-19,hotel-demo-2,Brasil,BR,10
2024-10-19,hotel-demo-2,Chile,CL,4
2024-10-19,hotel-demo-2,Uruguay,UY,4
2024-10-19,hotel-demo-2,Estados Unidos,US,3
2024-10-19,hotel-demo-2,España,ES,2
2024-10-19,hotel-demo-2,Alemania,DE,2
2024-10-19,hotel-demo-2,Francia,FR,1
2024-10-19,hotel-demo-2,México,MX,3
2024-10-20,hotel-demo-1,Argentina,AR,75
2024-10-20,hotel-demo-1,Brasil,BR,23
2024-10-20,hotel-demo-1,Chile,CL,9
2024-10-20,hotel-demo-1,Uruguay,UY,9
2024-10-20,hotel-demo-1,Estados Unidos,US,10
2024-10-20,hotel-demo-1,España,ES,6
2024-10-20,hotel-demo-1,Alemania,DE,2
2024-10-20,hotel-demo-1,Francia,FR,2
2024-10-20,hotel-demo-1,México,MX,20
2024-10-20,hotel-demo-2,Argentina,AR,53
2024-10-20,hotel-demo-2,Brasil,BR,7
2024-10-20,hotel-demo-2,Chile,CL,4
2024-10-20,hotel-demo-2,Uruguay,UY,4
2024-10-21,hotel-demo-1,Argentina,AR,81
2024-10-21,hotel-demo-1,Brasil,BR,19
2024-10-21,hotel-demo-1,Chile,CL,8
2024-10-21,hotel-demo-1,Uruguay,UY,6
2024-10-21,hotel-demo-1,Estados Unidos,US,11
2024-10-21,hotel-demo-1,España,ES,7
2024-10-21,hotel-demo-1,Alemania,DE,3
2024-10-21,hotel-demo-1,Francia,FR,3
2024-10-21,hotel-demo-1,México,MX,40
2024-10-21,hotel-demo-2,Argentina,AR,60
2024-10-21,hotel-demo-2,Brasil,BR,10
2024-10-21,hotel-demo-2,Chile,CL,5
2024-10-21,hotel-demo-2,Uruguay,UY,3
2024-10-21,hotel-demo-2,Estados Unidos,US,2
2024-10-22,hotel-demo-1,Argentina,AR,66
2024-10-22,hotel-demo-1,Brasil,BR,26
2024-10-22,hotel-demo-1,Chile,CL,11
2024-10-22,hotel-demo-1,Uruguay,UY,7
2024-10-22,hotel-demo-1,Estados Unidos,US,8
2024-10-22,hotel-demo-1,España,ES,5
2024-10-22,hotel-demo-1,Alemania,DE,2
2024-10-22,hotel-demo-1,Francia,FR,3
2024-10-22,hotel-demo-1,México,MX,19
2024-10-22,hotel-demo-2,Argentina,AR,37
2024-10-22,hotel-demo-2,Brasil,BR,9
2024-10-22,hotel-demo-2,Chile,CL,4
2024-10-22,hotel-demo-2,Uruguay,UY,3
2024-10-22,hotel-demo-2,Estados Unidos,US,4
2024-10-22,hotel-demo-2,España,ES,3
2024-10-22,hotel-demo-2,Alemania,DE,1
2024-10-22,hotel-demo-2,Francia,FR,1
2024-10-22,hotel-demo-2,México,MX,16
2024-10-23,hotel-demo-1,Argentina,AR,90
2024-10-23,hotel-demo-1,Brasil,BR,20
2024-10-23,hotel-demo-1,Chile,CL,12
2024-10-23,hotel-demo-1,Uruguay,UY,10
2024-10-23,hotel-demo-1,Estados Unidos,US,11
2024-10-23,hotel-demo-1,España,ES,4
2024-10-23,hotel-demo-1,Alemania,DE,4
2024-10-23,hotel-demo-1,Francia,FR,3
2024-10-23,hotel-demo-1,México,MX,17
2024-10-23,hotel-demo-2,Argentina,AR,58
2024-10-23,hotel-demo-2,Brasil,BR,12
2024-10-23,hotel-demo-2,Chile,CL,5
2024-10-23,hotel-demo-2,Uruguay,UY,3
2024-10-24,hotel-demo-1,Argentina,AR,102
2024-10-24,hotel-demo-1,Brasil,BR,19
2024-10-24,hotel-demo-1,Chile,CL,13
2024-10-24,hotel-demo-1,Uruguay,UY,8
2024-10-24,hotel-demo-1,Estados Unidos,US,7
2024-10-24,hotel-demo-1,España,ES,4
2024-10-24,hotel-demo-1,Alemania,DE,3
2024-10-24,hotel-demo-1,Francia,FR,2
2024-10-24,hotel-demo-1,México,MX,18
2024-10-24,hotel-demo-2,Argentina,AR,50
2024-10-24,hotel-demo-2,Brasil,BR,12
2024-10-24,hotel-demo-2,Chile,CL,4
2024-10-24,hotel-demo-2,Uruguay,UY,2
2024-10-25,hotel-demo-1,Argentina,AR,75
2024-10-25,hotel-demo-1,Brasil,BR,23
2024-10-25,hotel-demo-1,Chile,CL,7
2024-10-25,hotel-demo-1,Uruguay,UY,7
2024-10-25,hotel-demo-1,Estados Unidos,US,6
2024-10-25,hotel-demo-1,España,ES,5
2024-10-25,hotel-demo-1,Alemania,DE,4
2024-10-25,hotel-demo-1,Francia,FR,3
2024-10-25,hotel-demo-1,México,MX,35
2024-10-25,hotel-demo-2,Argentina,AR,43
2024-10-25,hotel-demo-2,Brasil,BR,13
2024-10-25,hotel-demo-2,Chile,CL,5
2024-10-25,hotel-demo-2,Uruguay,UY,5
2024-10-25,hotel-demo-2,Estados Unidos,US,5
2024-10-25,hotel-demo-2,España,ES,2
2024-10-25,hotel-demo-2,Alemania,DE,2
2024-10-25,hotel-demo-2,Francia,FR,1
2024-10-25,hotel-demo-2,México,MX,4
2024-10-26,hotel-demo-1,Argentina,AR,120
2024-10-26,hotel-demo-1,Brasil,BR,32
2024-10-26,hotel-demo-1,Chile,CL,12
2024-10-26,hotel-demo-1,Uruguay,UY,12
2024-10-26,hotel-demo-1,Estados Unidos,US,13
2024-10-26,hotel-demo-1,España,ES,5
2024-10-26,hotel-demo-1,Alemania,DE,4
2024-10-26,hotel-demo-1,Francia,FR,3
2024-10-26,hotel-demo-1,México,MX,5
2024-10-26,hotel-demo-2,Argentina,AR,51
2024-10-26,hotel-demo-2,Brasil,BR,10
2024-10-26,hotel-demo-2,Chile,CL,7
2024-10-26,hotel-demo-2,Uruguay,UY,6
2024-10-26,hotel-demo-2,Estados Unidos,US,6
2024-10-26,hotel-demo-2,España,ES,3
2024-10-26,hotel-demo-2,Alemania,DE,1
2024-10-26,hotel-demo-2,Francia,FR,2
2024-10-26,hotel-demo-2,México,MX,13
2024-10-27,hotel-demo-1,Argentina,AR,91
2024-10-27,hotel-demo-1,Brasil,BR,19
2024-10-27,hotel-demo-1,Chile,CL,8
2024-10-27,hotel-demo-1,Uruguay,UY,8
2024-10-27,hotel-demo-1,Estados Unidos,US,7
2024-10-27,hotel-demo-1,España,ES,6
2024-10-27,hotel-demo-1,Alemania,DE,4
2024-10-27,hotel-demo-1,Francia,FR,3
2024-10-27,hotel-demo-1,México,MX,24
2024-10-27,hotel-demo-2,Argentina,AR,37
2024-10-27,hotel-demo-2,Brasil,BR,11
2024-10-27,hotel-demo-2,Chile,CL,4
2024-10-27,hotel-demo-2,Uruguay,UY,3
2024-10-27,hotel-demo-2,Estados Unidos,US,4
2024-10-27,hotel-demo-2,España,ES,2
2024-10-27,hotel-demo-2,Alemania,DE,1
2024-10-27,hotel-demo-2,Francia,FR,1
2024-10-27,hotel-demo-2,México,MX,5
2024-10-28,hotel-demo-1,Argentina,AR,91
2024-10-28,hotel-demo-1,Brasil,BR,22
2024-10-28,hotel-demo-1,Chile,CL,9
2024-10-28,hotel-demo-1,Uruguay,UY,9
2024-10-28,hotel-demo-1,Estados Unidos,US,9
2024-10-28,hotel-demo-1,España,ES,5
2024-10-28,hotel-demo-1,Alemania,DE,3
2024-10-28,hotel-demo-1,Francia,FR,3
2024-10-28,hotel-demo-1,México,MX,6
2024-10-28,hotel-demo-2,Argentina,AR,45
2024-10-28,hotel-demo-2,Brasil,BR,11
2024-10-28,hotel-demo-2,Chile,CL,4
2024-10-28,hotel-demo-2,Uruguay,UY,4
2024-10-28,hotel-demo-2,Estados Unidos,US,3
2024-10-28,hotel-demo-2,España,ES,2
2024-10-28,hotel-demo-2,Alemania,DE,2
2024-10-28,hotel-demo-2,Francia,FR,1
2024-10-28,hotel-demo-2,México,MX,3
2024-10-29,hotel-demo-1,Argentina,AR,118
2024-10-29,hotel-demo-1,Brasil,BR,24
2024-10-29,hotel-demo-1,Chile,CL,9
2024-10-29,hotel-demo-1,Uruguay,UY,11
2024-10-29,hotel-demo-1,Estados Unidos,US,6
2024-10-29,hotel-demo-1,España,ES,5
2024-10-29,hotel-demo-2,Argentina,AR,32
2024-10-29,hotel-demo-2,Brasil,BR,7
2024-10-29,hotel-demo-2,Chile,CL,3
2024-10-29,hotel-demo-2,Uruguay,UY,3
2024-10-29,hotel-demo-2,Estados Unidos,US,3
2024-10-29,hotel-demo-2,España,ES,2
2024-10-29,hotel-demo-2,Alemania,DE,1
2024-10-29,hotel-demo-2,Francia,FR,1
2024-10-29,hotel-demo-2,México,MX,12
2024-10-30,hotel-demo-1,Argentina,AR,100
2024-10-30,hotel-demo-1,Brasil,BR,24
2024-10-30,hotel-demo-1,Chile,CL,8
2024-10-30,hotel-demo-1,Uruguay,UY,6
2024-10-30,hotel-demo-1,Estados Unidos,US,9
2024-10-30,hotel-demo-1,España,ES,3
2024-10-30,hotel-demo-2,Argentina,AR,56
2024-10-30,hotel-demo-2,Brasil,BR,11
2024-10-30,hotel-demo-2,Chile,CL,4
2024-10-30,hotel-demo-2,Uruguay,UY,5
2024-10-30,hotel-demo-2,Estados Unidos,US,3
2024-10-30,hotel-demo-2,España,ES,1
2024-10-31,hotel-demo-1,Argentina,AR,135
2024-10-31,hotel-demo-1,Brasil,BR,19
2024-10-31,hotel-demo-1,Chile,CL,10
2024-10-31,hotel-demo-1,Uruguay,UY,9
2024-10-31,hotel-demo-1,Estados Unidos,US,7
2024-10-31,hotel-demo-1,España,ES,7
2024-10-31,hotel-demo-1,Alemania,DE,1
2024-10-31,hotel-demo-2,Argentina,AR,34
2024-10-31,hotel-demo-2,Brasil,BR,9
2024-10-31,hotel-demo-2,Chile,CL,5
2024-10-31,hotel-demo-2,Uruguay,UY,4
2024-10-31,hotel-demo-2,Estados Unidos,US,4
2024-10-31,hotel-demo-2,España,ES,3
2024-10-31,hotel-demo-2,Alemania,DE,1
2024-10-31,hotel-demo-2,Francia,FR,1
2024-10-31,hotel-demo-2,México,MX,12
2024-11-01,hotel-demo-1,Argentina,AR,115
2024-11-01,hotel-demo-1,Brasil,BR,23
2024-11-01,hotel-demo-1,Chile,CL,11
2024-11-01,hotel-demo-1,Uruguay,UY,10
2024-11-01,hotel-demo-1,Estados Unidos,US,7
2024-11-01,hotel-demo-1,España,ES,5
2024-11-01,hotel-demo-1,Alemania,DE,3
2024-11-01,hotel-demo-1,Francia,FR,4
2024-11-01,hotel-demo-1,México,MX,9
2024-11-01,hotel-demo-2,Argentina,AR,53
2024-11-01,hotel-demo-2,Brasil,BR,19
2024-11-01,hotel-demo-2,Chile,CL,7
2024-11-01,hotel-demo-2,Uruguay,UY,7
2024-11-01,hotel-demo-2,Estados Unidos,US,6
2024-11-01,hotel-demo-2,España,ES,3
2024-11-01,hotel-demo-2,Alemania,DE,3
2024-11-01,hotel-demo-2,Francia,FR,2
2024-11-01,hotel-demo-2,México,MX,4
2024-11-02,hotel-demo-1,Argentina,AR,100
2024-11-02,hotel-demo-1,Brasil,BR,29
2024-11-02,hotel-demo-1,Chile,CL,13
2024-11-02,hotel-demo-1,Uruguay,UY,12
2024-11-02,hotel-demo-1,Estados Unidos,US,8
2024-11-02,hotel-demo-1,España,ES,7
2024-11-02,hotel-demo-1,Alemania,DE,4
2024-11-02,hotel-demo-1,Francia,FR,4
2024-11-02,hotel-demo-1,México,MX,22
2024-11-02,hotel-demo-2,Argentina,AR,77
2024-11-02,hotel-demo-2,Brasil,BR,15
2024-11-02,hotel-demo-2,Chile,CL,5
2024-11-03,hotel-demo-1,Argentina,AR,121
2024-11-03,hotel-demo-1,Brasil,BR,26
2024-11-03,hotel-demo-1,Chile,CL,10
2024-11-03,hotel-demo-1,Uruguay,UY,2
2024-11-03,hotel-demo-2,Argentina,AR,53
2024-11-03,hotel-demo-2,Brasil,BR,10
2024-11-03,hotel-demo-2,Chile,CL,4
2024-11-03,hotel-demo-2,Uruguay,UY,5
2024-11-03,hotel-demo-2,Estados Unidos,US,5
2024-11-04,hotel-demo-1,Argentina,AR,74
2024-11-04,hotel-demo-1,Brasil,BR,24
2024-11-04,hotel-demo-1,Chile,CL,8
2024-11-04,hotel-demo-1,Uruguay,UY,6
2024-11-04,hotel-demo-1,Estados Unidos,US,8
2024-11-04,hotel-demo-1,España,ES,5
2024-11-04,hotel-demo-1,Alemania,DE,2
2024-11-04,hotel-demo-1,Francia,FR,2
2024-11-04,hotel-demo-1,México,MX,7
2024-11-04,hotel-demo-2,Argentina,AR,53
2024-11-04,hotel-demo-2,Brasil,BR,15
2024-11-04,hotel-demo-2,Chile,CL,4
2024-11-04,hotel-demo-2,Uruguay,UY,5
2024-11-04,hotel-demo-2,Estados Unidos,US,3
2024-11-04,hotel-demo-2,España,ES,2
2024-11-04,hotel-demo-2,Alemania,DE,2
2024-11-04,hotel-demo-2,Francia,FR,2
2024-11-04,hotel-demo-2,México,MX,1
2024-11-05,hotel-demo-1,Argentina,AR,69
2024-11-05,hotel-demo-1,Brasil,BR,26
2024-11-05,hotel-demo-1,Chile,CL,12
2024-11-05,hotel-demo-1,Uruguay,UY,8
2024-11-05,hotel-demo-1,Estados Unidos,US,6
2024-11-05,hotel-demo-1,España,ES,3
2024-11-05,hotel-demo-1,Alemania,DE,4
2024-11-05,hotel-demo-1,Francia,FR,3
2024-11-05,hotel-demo-1,México,MX,27
2024-11-05,hotel-demo-2,Argentina,AR,55
2024-11-05,hotel-demo-2,Brasil,BR,12
2024-11-05,hotel-demo-2,Chile,CL,6
2024-11-05,hotel-demo-2,Uruguay,UY,5
2024-11-05,hotel-demo-2,Estados Unidos,US,4
2024-11-05,hotel-demo-2,España,ES,3
2024-11-06,hotel-demo-1,Argentina,AR,75
2024-11-06,hotel-demo-1,Brasil,BR,15
2024-11-06,hotel-demo-1,Chile,CL,10
2024-11-06,hotel-demo-1,Uruguay,UY,6
2024-11-06,hotel-demo-1,Estados Unidos,US,6
2024-11-06,hotel-demo-1,España,ES,4
2024-11-06,hotel-demo-1,Alemania,DE,3
2024-11-06,hotel-demo-1,Francia,FR,3
2024-11-06,hotel-demo-1,México,MX,35
2024-11-06,hotel-demo-2,Argentina,AR,58
2024-11-06,hotel-demo-2,Brasil,BR,9
2024-11-06,hotel-demo-2,Chile,CL,5
2024-11-06,hotel-demo-2,Uruguay,UY,4
2024-11-06,hotel-demo-2,Estados Unidos,US,2
2024-11-07,hotel-demo-1,Argentina,AR,138
2024-11-07,hotel-demo-1,Brasil,BR,24
2024-11-07,hotel-demo-1,Chile,CL,11
2024-11-07,hotel-demo-1,Uruguay,UY,1
2024-11-07,hotel-demo-2,Argentina,AR,63
2024-11-07,hotel-demo-2,Brasil,BR,13
2024-11-07,hotel-demo-2,Chile,CL,7
2024-11-07,hotel-demo-2,Uruguay,UY,4
2024-11-07,hotel-demo-2,Estados Unidos,US,4
2024-11-07,hotel-demo-2,España,ES,2
2024-11-08,hotel-demo-1,Argentina,AR,127
2024-11-08,hotel-demo-1,Brasil,BR,27
2024-11-08,hotel-demo-1,Chile,CL,11
2024-11-08,hotel-demo-1,Uruguay,UY,11
2024-11-08,hotel-demo-1,Estados Unidos,US,7
2024-11-08,hotel-demo-1,España,ES,4
2024-11-08,hotel-demo-2,Argentina,AR,78
2024-11-08,hotel-demo-2,Brasil,BR,16
2024-11-08,hotel-demo-2,Chile,CL,6
2024-11-09,hotel-demo-1,Argentina,AR,133
2024-11-09,hotel-demo-1,Brasil,BR,32
2024-11-09,hotel-demo-1,Chile,CL,13
2024-11-09,hotel-demo-1,Uruguay,UY,7
2024-11-09,hotel-demo-2,Argentina,AR,67
2024-11-09,hotel-demo-2,Brasil,BR,10
2024-11-09,hotel-demo-2,Chile,CL,5
2024-11-09,hotel-demo-2,Uruguay,UY,4
2024-11-09,hotel-demo-2,Estados Unidos,US,5
2024-11-09,hotel-demo-2,España,ES,2
2024-11-09,hotel-demo-2,Alemania,DE,2
2024-11-09,hotel-demo-2,Francia,FR,2
2024-11-09,hotel-demo-2,México,MX,3
2024-11-10,hotel-demo-1,Argentina,AR,70
2024-11-10,hotel-demo-1,Brasil,BR,28
2024-11-10,hotel-demo-1,Chile,CL,7
2024-11-10,hotel-demo-1,Uruguay,UY,6
2024-11-10,hotel-demo-1,Estados Unidos,US,6
2024-11-10,hotel-demo-1,España,ES,3
2024-11-10,hotel-demo-1,Alemania,DE,4
2024-11-10,hotel-demo-1,Francia,FR,2
2024-11-10,hotel-demo-1,México,MX,31
2024-11-10,hotel-demo-2,Argentina,AR,46
2024-11-10,hotel-demo-2,Brasil,BR,15
2024-11-10,hotel-demo-2,Chile,CL,5
2024-11-10,hotel-demo-2,Uruguay,UY,4
2024-11-10,hotel-demo-2,Estados Unidos,US,6
2024-11-10,hotel-demo-2,España,ES,3
2024-11-10,hotel-demo-2,Alemania,DE,2
2024-11-10,hotel-demo-2,Francia,FR,1
2024-11-10,hotel-demo-2,México,MX,8
2024-11-11,hotel-demo-1,Argentina,AR,74
2024-11-11,hotel-demo-1,Brasil,BR,16
2024-11-11,hotel-demo-1,Chile,CL,10
2024-11-11,hotel-demo-1,Uruguay,UY,8
2024-11-11,hotel-demo-1,Estados Unidos,US,6
2024-11-11,hotel-demo-1,España,ES,4
2024-11-11,hotel-demo-1,Alemania,DE,2
2024-11-11,hotel-demo-1,Francia,FR,2
2024-11-11,hotel-demo-1,México,MX,11
2024-11-11,hotel-demo-2,Argentina,AR,38
2024-11-11,hotel-demo-2,Brasil,BR,13
2024-11-11,hotel-demo-2,Chile,CL,4
2024-11-11,hotel-demo-2,Uruguay,UY,4
2024-11-11,hotel-demo-2,Estados Unidos,US,5
2024-11-11,hotel-demo-2,España,ES,2
2024-11-11,hotel-demo-2,Alemania,DE,1
2024-11-11,hotel-demo-2,Francia,FR,1
2024-11-11,hotel-demo-2,México,MX,15
2024-11-12,hotel-demo-1,Argentina,AR,92
2024-11-12,hotel-demo-1,Brasil,BR,18
2024-11-12,hotel-demo-1,Chile,CL,13
2024-11-12,hotel-demo-1,Uruguay,UY,11
2024-11-12,hotel-demo-1,Estados Unidos,US,10
2024-11-12,hotel-demo-1,España,ES,6
2024-11-12,hotel-demo-1,Alemania,DE,3
2024-11-12,hotel-demo-1,Francia,FR,3
2024-11-12,hotel-demo-1,México,MX,20
2024-11-12,hotel-demo-2,Argentina,AR,40
2024-11-12,hotel-demo-2,Brasil,BR,9
2024-11-12,hotel-demo-2,Chile,CL,5
2024-11-12,hotel-demo-2,Uruguay,UY,5
2024-11-12,hotel-demo-2,Estados Unidos,US,4
2024-11-12,hotel-demo-2,España,ES,2
2024-11-12,hotel-demo-2,Alemania,DE,2
2024-11-12,hotel-demo-2,Francia,FR,2
2024-11-12,hotel-demo-2,México,MX,19
2024-11-13,hotel-demo-1,Argentina,AR,127
2024-11-13,hotel-demo-1,Brasil,BR,28
2024-11-13,hotel-demo-1,Chile,CL,10
2024-11-13,hotel-demo-1,Uruguay,UY,8
2024-11-13,hotel-demo-1,Estados Unidos,US,3
2024-11-13,hotel-demo-2,Argentina,AR,46
2024-11-13,hotel-demo-2,Brasil,BR,13
2024-11-13,hotel-demo-2,Chile,CL,6
2024-11-13,hotel-demo-2,Uruguay,UY,4
2024-11-13,hotel-demo-2,Estados Unidos,US,3
2024-11-13,hotel-demo-2,España,ES,3
2024-11-13,hotel-demo-2,Alemania,DE,2
2024-11-13,hotel-demo-2,Francia,FR,1
2024-11-13,hotel-demo-2,México,MX,1
2024-11-14,hotel-demo-1,Argentina,AR,113
2024-11-14,hotel-demo-1,Brasil,BR,24
2024-11-14,hotel-demo-1,Chile,CL,8
2024-11-14,hotel-demo-1,Uruguay,UY,6
2024-11-14,hotel-demo-1,Estados Unidos,US,7
2024-11-14,hotel-demo-1,España,ES,5
2024-11-14,hotel-demo-1,Alemania,DE,3
2024-11-14,hotel-demo-1,Francia,FR,3
2024-11-14,hotel-demo-1,México,MX,2
2024-11-14,hotel-demo-2,Argentina,AR,62
2024-11-14,hotel-demo-2,Brasil,BR,10
2024-11-14,hotel-demo-2,Chile,CL,6
2024-11-14,hotel-demo-2,Uruguay,UY,4
2024-11-15,hotel-demo-1,Argentina,AR,105
2024-11-15,hotel-demo-1,Brasil,BR,30
2024-11-15,hotel-demo-1,Chile,CL,9
2024-11-15,hotel-demo-1,Uruguay,UY,12
2024-11-15,hotel-demo-1,Estados Unidos,US,10
2024-11-15,hotel-demo-1,España,ES,6
2024-11-15,hotel-demo-1,Alemania,DE,4
2024-11-15,hotel-demo-1,Francia,FR,2
2024-11-15,hotel-demo-1,México,MX,5
2024-11-15,hotel-demo-2,Argentina,AR,65
2024-11-15,hotel-demo-2,Brasil,BR,11
2024-11-15,hotel-demo-2,Chile,CL,4
2024-11-15,hotel-demo-2,Uruguay,UY,4
2024-11-15,hotel-demo-2,Estados Unidos,US,3
2024-11-16,hotel-demo-1,Argentina,AR,130
2024-11-16,hotel-demo-1,Brasil,BR,28
2024-11-16,hotel-demo-1,Chile,CL,11
2024-11-16,hotel-demo-2,Argentina,AR,65
2024-11-16,hotel-demo-2,Brasil,BR,14
2024-11-16,hotel-demo-2,Chile,CL,7
2024-11-16,hotel-demo-2,Uruguay,UY,6
2024-11-16,hotel-demo-2,Estados Unidos,US,4
2024-11-16,hotel-demo-2,España,ES,4
2024-11-16,hotel-demo-2,Alemania,DE,2
2024-11-17,hotel-demo-1,Argentina,AR,85
2024-11-17,hotel-demo-1,Brasil,BR,22
2024-11-17,hotel-demo-1,Chile,CL,8
2024-11-17,hotel-demo-1,Uruguay,UY,8
2024-11-17,hotel-demo-1,Estados Unidos,US,9
2024-11-17,hotel-demo-1,España,ES,5
2024-11-17,hotel-demo-1,Alemania,DE,3
2024-11-17,hotel-demo-1,Francia,FR,2
2024-11-17,hotel-demo-1,México,MX,4
2024-11-17,hotel-demo-2,Argentina,AR,39
2024-11-17,hotel-demo-2,Brasil,BR,11
2024-11-17,hotel-demo-2,Chile,CL,6
2024-11-17,hotel-demo-2,Uruguay,UY,5
2024-11-17,hotel-demo-2,Estados Unidos,US,4
2024-11-17,hotel-demo-2,España,ES,3
2024-11-17,hotel-demo-2,Alemania,DE,1
2024-11-17,hotel-demo-2,Francia,FR,2
2024-11-17,hotel-demo-2,México,MX,17
2024-11-18,hotel-demo-1,Argentina,AR,71
2024-11-18,hotel-demo-1,Brasil,BR,22
2024-11-18,hotel-demo-1,Chile,CL,6
2024-11-18,hotel-demo-1,Uruguay,UY,6
2024-11-18,hotel-demo-1,Estados Unidos,US,5
2024-11-18,hotel-demo-1,España,ES,5
2024-11-18,hotel-demo-1,Alemania,DE,4
2024-11-18,hotel-demo-1,Francia,FR,2
2024-11-18,hotel-demo-1,México,MX,24
2024-11-18,hotel-demo-2,Argentina,AR,66
2024-11-18,hotel-demo-2,Brasil,BR,15
2024-11-18,hotel-demo-2,Chile,CL,5
2024-11-18,hotel-demo-2,Uruguay,UY,2
2024-11-19,hotel-demo-1,Argentina,AR,96
2024-11-19,hotel-demo-1,Brasil,BR,28
2024-11-19,hotel-demo-1,Chile,CL,9
2024-11-19,hotel-demo-1,Uruguay,UY,8
2024-11-19,hotel-demo-1,Estados Unidos,US,9
2024-11-19,hotel-demo-1,España,ES,5
2024-11-19,hotel-demo-1,Alemania,DE,4
2024-11-19,hotel-demo-1,Francia,FR,3
2024-11-19,hotel-demo-1,México,MX,10
2024-11-19,hotel-demo-2,Argentina,AR,48
2024-11-19,hotel-demo-2,Brasil,BR,14
2024-11-19,hotel-demo-2,Chile,CL,6
2024-11-19,hotel-demo-2,Uruguay,UY,5
2024-11-19,hotel-demo-2,Estados Unidos,US,5
2024-11-19,hotel-demo-2,España,ES,3
2024-11-19,hotel-demo-2,Alemania,DE,2
2024-11-19,hotel-demo-2,Francia,FR,1
2024-11-19,hotel-demo-2,México,MX,3
2024-11-20,hotel-demo-1,Argentina,AR,115
2024-11-20,hotel-demo-1,Brasil,BR,23
2024-11-20,hotel-demo-1,Chile,CL,8
2024-11-20,hotel-demo-1,Uruguay,UY,10
2024-11-20,hotel-demo-1,Estados Unidos,US,6
2024-11-20,hotel-demo-2,Argentina,AR,44
2024-11-20,hotel-demo-2,Brasil,BR,10
2024-11-20,hotel-demo-2,Chile,CL,5
2024-11-20,hotel-demo-2,Uruguay,UY,3
2024-11-20,hotel-demo-2,Estados Unidos,US,3
2024-11-20,hotel-demo-2,España,ES,3
2024-11-20,hotel-demo-2,Alemania,DE,2
2024-11-20,hotel-demo-2,Francia,FR,1
2024-11-20,hotel-demo-2,México,MX,6
2024-11-21,hotel-demo-1,Argentina,AR,73
2024-11-21,hotel-demo-1,Brasil,BR,22
2024-11-21,hotel-demo-1,Chile,CL,11
2024-11-21,hotel-demo-1,Uruguay,UY,7
2024-11-21,hotel-demo-1,Estados Unidos,US,8
2024-11-21,hotel-demo-1,España,ES,4
2024-11-21,hotel-demo-1,Alemania,DE,3
2024-11-21,hotel-demo-1,Francia,FR,2
2024-11-21,hotel-demo-1,México,MX,21
2024-11-21,hotel-demo-2,Argentina,AR,42
2024-11-21,hotel-demo-2,Brasil,BR,9
2024-11-21,hotel-demo-2,Chile,CL,5
2024-11-21,hotel-demo-2,Uruguay,UY,3
2024-11-21,hotel-demo-2,Estados Unidos,US,4
2024-11-21,hotel-demo-2,España,ES,3
2024-11-21,hotel-demo-2,Alemania,DE,2
2024-11-21,hotel-demo-2,Francia,FR,1
2024-11-21,hotel-demo-2,México,MX,14
2024-11-22,hotel-demo-1,Argentina,AR,118
2024-11-22,hotel-demo-1,Brasil,BR,22
2024-11-22,hotel-demo-1,Chile,CL,13
2024-11-22,hotel-demo-1,Uruguay,UY,8
2024-11-22,hotel-demo-1,Estados Unidos,US,9
2024-11-22,hotel-demo-1,España,ES,5
2024-11-22,hotel-demo-1,Alemania,DE,5
2024-11-22,hotel-demo-1,Francia,FR,3
2024-11-22,hotel-demo-1,México,MX,17
2024-11-22,hotel-demo-2,Argentina,AR,61
2024-11-22,hotel-demo-2,Brasil,BR,14
2024-11-22,hotel-demo-2,Chile,CL,7
2024-11-22,hotel-demo-2,Uruguay,UY,5
2024-11-22,hotel-demo-2,Estados Unidos,US,5
2024-11-22,hotel-demo-2,España,ES,2
2024-11-22,hotel-demo-2,Alemania,DE,2
2024-11-22,hotel-demo-2,Francia,FR,2
2024-11-22,hotel-demo-2,México,MX,6
2024-11-23,hotel-demo-1,Argentina,AR,106
2024-11-23,hotel-demo-1,Brasil,BR,34
2024-11-23,hotel-demo-1,Chile,CL,11
2024-11-23,hotel-demo-1,Uruguay,UY,12
2024-11-23,hotel-demo-1,Estados Unidos,US,9
2024-11-23,hotel-demo-1,España,ES,6
2024-11-23,hotel-demo-1,Alemania,DE,3
2024-11-23,hotel-demo-1,Francia,FR,3
2024-11-23,hotel-demo-1,México,MX,29
2024-11-23,hotel-demo-2,Argentina,AR,39
2024-11-23,hotel-demo-2,Brasil,BR,13
2024-11-23,hotel-demo-2,Chile,CL,5
2024-11-23,hotel-demo-2,Uruguay,UY,5
2024-11-23,hotel-demo-2,Estados Unidos,US,3
2024-11-23,hotel-demo-2,España,ES,2
2024-11-23,hotel-demo-2,Alemania,DE,2
2024-11-23,hotel-demo-2,Francia,FR,1
2024-11-23,hotel-demo-2,México,MX,10
2024-11-24,hotel-demo-1,Argentina,AR,98
2024-11-24,hotel-demo-1,Brasil,BR,16
2024-11-24,hotel-demo-1,Chile,CL,7
2024-11-24,hotel-demo-1,Uruguay,UY,6
2024-11-24,hotel-demo-1,Estados Unidos,US,6
2024-11-24,hotel-demo-1,España,ES,5
2024-11-24,hotel-demo-1,Alemania,DE,3
2024-11-24,hotel-demo-1,Francia,FR,2
2024-11-24,hotel-demo-1,México,MX,5
2024-11-24,hotel-demo-2,Argentina,AR,37
2024-11-24,hotel-demo-2,Brasil,BR,10
2024-11-24,hotel-demo-2,Chile,CL,6
2024-11-24,hotel-demo-2,Uruguay,UY,4
2024-11-24,hotel-demo-2,Estados Unidos,US,5
2024-11-24,hotel-demo-2,España,ES,3
2024-11-24,hotel-demo-2,Alemania,DE,2
2024-11-24,hotel-demo-2,Francia,FR,1
2024-11-24,hotel-demo-2,México,MX,15
2024-11-25,hotel-demo-1,Argentina,AR,91
2024-11-25,hotel-demo-1,Brasil,BR,24
2024-11-25,hotel-demo-1,Chile,CL,9
2024-11-25,hotel-demo-1,Uruguay,UY,11
2024-11-25,hotel-demo-1,Estados Unidos,US,11
2024-11-25,hotel-demo-1,España,ES,5
2024-11-25,hotel-demo-1,Alemania,DE,4
2024-11-25,hotel-demo-1,Francia,FR,2
2024-11-25,hotel-demo-1,México,MX,33
2024-11-25,hotel-demo-2,Argentina,AR,66
2024-11-25,hotel-demo-2,Brasil,BR,13
2024-11-25,hotel-demo-2,Chile,CL,5
2024-11-25,hotel-demo-2,Uruguay,UY,5
2024-11-25,hotel-demo-2,Estados Unidos,US,6
2024-11-26,hotel-demo-1,Argentina,AR,88
2024-11-26,hotel-demo-1,Brasil,BR,30
2024-11-26,hotel-demo-1,Chile,CL,13
2024-11-26,hotel-demo-1,Uruguay,UY,11
2024-11-26,hotel-demo-1,Estados Unidos,US,10
2024-11-26,hotel-demo-1,España,ES,4
2024-11-26,hotel-demo-1,Alemania,DE,3
2024-11-26,hotel-demo-1,Francia,FR,3
2024-11-26,hotel-demo-1,México,MX,12
2024-11-26,hotel-demo-2,Argentina,AR,54
2024-11-26,hotel-demo-2,Brasil,BR,14
2024-11-26,hotel-demo-2,Chile,CL,7
2024-11-26,hotel-demo-2,Uruguay,UY,6
2024-11-26,hotel-demo-2,Estados Unidos,US,6
2024-11-26,hotel-demo-2,España,ES,3
2024-11-26,hotel-demo-2,Alemania,DE,2
2024-11-26,hotel-demo-2,Francia,FR,1
2024-11-26,hotel-demo-2,México,MX,2
2024-11-27,hotel-demo-1,Argentina,AR,129
2024-11-27,hotel-demo-1,Brasil,BR,20
2024-11-27,hotel-demo-1,Chile,CL,11
2024-11-27,hotel-demo-1,Uruguay,UY,2
2024-11-27,hotel-demo-2,Argentina,AR,42
2024-11-27,hotel-demo-2,Brasil,BR,11
2024-11-27,hotel-demo-2,Chile,CL,6
2024-11-27,hotel-demo-2,Uruguay,UY,5
2024-11-27,hotel-demo-2,Estados Unidos,US,3
2024-11-27,hotel-demo-2,España,ES,3
2024-11-27,hotel-demo-2,Alemania,DE,1
2024-11-27,hotel-demo-2,Francia,FR,1
2024-11-27,hotel-demo-2,México,MX,6
2024-11-28,hotel-demo-1,Argentina,AR,86
2024-11-28,hotel-demo-1,Brasil,BR,17
2024-11-28,hotel-demo-1,Chile,CL,11
2024-11-28,hotel-demo-1,Uruguay,UY,7
2024-11-28,hotel-demo-1,Estados Unidos,US,8
2024-11-28,hotel-demo-1,España,ES,3
2024-11-28,hotel-demo-1,Alemania,DE,4
2024-11-28,hotel-demo-1,Francia,FR,2
2024-11-28,hotel-demo-1,México,MX,5
2024-11-28,hotel-demo-2,Argentina,AR,73
2024-11-28,hotel-demo-2,Brasil,BR,15
2024-11-28,hotel-demo-2,Chile,CL,6
2024-11-28,hotel-demo-2,Uruguay,UY,1
2024-11-29,hotel-demo-1,Argentina,AR,69
2024-11-29,hotel-demo-1,Brasil,BR,27
2024-11-29,hotel-demo-1,Chile,CL,11
2024-11-29,hotel-demo-1,Uruguay,UY,8
2024-11-29,hotel-demo-1,Estados Unidos,US,8
2024-11-29,hotel-demo-1,España,ES,6
2024-11-29,hotel-demo-1,Alemania,DE,2
2024-11-29,hotel-demo-1,Francia,FR,2
2024-11-29,hotel-demo-1,México,MX,24
2024-11-29,hotel-demo-2,Argentina,AR,59
2024-11-29,hotel-demo-2,Brasil,BR,9
2024-11-29,hotel-demo-2,Chile,CL,6
2024-11-29,hotel-demo-2,Uruguay,UY,4
2024-11-29,hotel-demo-2,Estados Unidos,US,3
2024-11-29,hotel-demo-2,España,ES,2
2024-11-29,hotel-demo-2,Alemania,DE,2
2024-11-29,hotel-demo-2,Francia,FR,2
2024-11-30,hotel-demo-1,Argentina,AR,103
2024-11-30,hotel-demo-1,Brasil,BR,24
2024-11-30,hotel-demo-1,Chile,CL,11
2024-11-30,hotel-demo-1,Uruguay,UY,7
2024-11-30,hotel-demo-1,Estados Unidos,US,8
2024-11-30,hotel-demo-1,España,ES,5
2024-11-30,hotel-demo-1,Alemania,DE,3
2024-11-30,hotel-demo-1,Francia,FR,3
2024-11-30,hotel-demo-1,México,MX,24
2024-11-30,hotel-demo-2,Argentina,AR,63
2024-11-30,hotel-demo-2,Brasil,BR,13
2024-11-30,hotel-demo-2,Chile,CL,5
2024-11-30,hotel-demo-2,Uruguay,UY,6
2024-11-30,hotel-demo-2,Estados Unidos,US,4
2024-12-01,hotel-demo-1,Argentina,AR,85
2024-12-01,hotel-demo-1,Brasil,BR,21
2024-12-01,hotel-demo-1,Chile,CL,5
2024-12-01,hotel-demo-1,Uruguay,UY,5
2024-12-01,hotel-demo-2,Argentina,AR,60
2024-12-01,hotel-demo-2,Brasil,BR,16
2024-12-01,hotel-demo-2,Chile,CL,7
2024-12-01,hotel-demo-2,Uruguay,UY,4
2024-12-01,hotel-demo-2,Estados Unidos,US,6
2024-12-01,hotel-demo-2,España,ES,3
2024-12-01,hotel-demo-2,Alemania,DE,2
2024-12-01,hotel-demo-2,Francia,FR,1
2024-12-01,hotel-demo-2,México,MX,3
2024-12-02,hotel-demo-1,Argentina,AR,102
2024-12-02,hotel-demo-1,Brasil,BR,24
2024-12-02,hotel-demo-1,Chile,CL,6
2024-12-02,hotel-demo-1,Uruguay,UY,3
2024-12-02,hotel-demo-2,Argentina,AR,74
2024-12-02,hotel-demo-2,Brasil,BR,14
2024-12-02,hotel-demo-2,Chile,CL,7
2024-12-02,hotel-demo-2,Uruguay,UY,5
2024-12-02,hotel-demo-2,Estados Unidos,US,1
2024-12-03,hotel-demo-1,Argentina,AR,103
2024-12-03,hotel-demo-1,Brasil,BR,25
2024-12-03,hotel-demo-1,Chile,CL,8
2024-12-03,hotel-demo-1,Uruguay,UY,4
2024-12-03,hotel-demo-2,Argentina,AR,78
2024-12-03,hotel-demo-2,Brasil,BR,10
2024-12-03,hotel-demo-2,Chile,CL,7
2024-12-03,hotel-demo-2,Uruguay,UY,2
2024-12-04,hotel-demo-1,Argentina,AR,73
2024-12-04,hotel-demo-1,Brasil,BR,20
2024-12-04,hotel-demo-1,Chile,CL,7
2024-12-04,hotel-demo-1,Uruguay,UY,7
2024-12-04,hotel-demo-1,Estados Unidos,US,8
2024-12-04,hotel-demo-1,España,ES,4
2024-12-04,hotel-demo-1,Alemania,DE,3
2024-12-04,hotel-demo-1,Francia,FR,2
2024-12-04,hotel-demo-2,Argentina,AR,63
2024-12-04,hotel-demo-2,Brasil,BR,16
2024-12-04,hotel-demo-2,Chile,CL,5
2024-12-04,hotel-demo-2,Uruguay,UY,6
2024-12-04,hotel-demo-2,Estados Unidos,US,5
2024-12-04,hotel-demo-2,España,ES,1
2024-12-05,hotel-demo-1,Argentina,AR,89
2024-12-05,hotel-demo-1,Brasil,BR,14
2024-12-05,hotel-demo-1,Chile,CL,6
2024-12-05,hotel-demo-1,Uruguay,UY,9
2024-12-05,hotel-demo-1,Estados Unidos,US,6
2024-12-05,hotel-demo-1,España,ES,5
2024-12-05,hotel-demo-1,Alemania,DE,3
2024-12-05,hotel-demo-1,Francia,FR,2
2024-12-05,hotel-demo-1,México,MX,11
2024-12-05,hotel-demo-2,Argentina,AR,53
2024-12-05,hotel-demo-2,Brasil,BR,14
2024-12-05,hotel-demo-2,Chile,CL,6
2024-12-05,hotel-demo-2,Uruguay,UY,6
2024-12-05,hotel-demo-2,Estados Unidos,US,6
2024-12-05,hotel-demo-2,España,ES,4
2024-12-05,hotel-demo-2,Alemania,DE,2
2024-12-05,hotel-demo-2,Francia,FR,2
2024-12-05,hotel-demo-2,México,MX,3
2024-12-06,hotel-demo-1,Argentina,AR,68
2024-12-06,hotel-demo-1,Brasil,BR,23
2024-12-06,hotel-demo-1,Chile,CL,10
2024-12-06,hotel-demo-1,Uruguay,UY,8
2024-12-06,hotel-demo-1,Estados Unidos,US,6
2024-12-06,hotel-demo-1,España,ES,4
2024-12-06,hotel-demo-1,Alemania,DE,3
2024-12-06,hotel-demo-1,Francia,FR,3
2024-12-06,hotel-demo-1,México,MX,11
2024-12-06,hotel-demo-2,Argentina,AR,41
2024-12-06,hotel-demo-2,Brasil,BR,12
2024-12-06,hotel-demo-2,Chile,CL,4
2024-12-06,hotel-demo-2,Uruguay,UY,4
2024-12-06,hotel-demo-2,Estados Unidos,US,4
2024-12-06,hotel-demo-2,España,ES,4
2024-12-06,hotel-demo-2,Alemania,DE,2
2024-12-06,hotel-demo-2,Francia,FR,1
2024-12-06,hotel-demo-2,México,MX,23
2024-12-07,hotel-demo-1,Argentina,AR,98
2024-12-07,hotel-demo-1,Brasil,BR,19
2024-12-07,hotel-demo-1,Chile,CL,9
2024-12-07,hotel-demo-1,Uruguay,UY,7
2024-12-07,hotel-demo-1,Estados Unidos,US,6
2024-12-07,hotel-demo-1,España,ES,1
2024-12-07,hotel-demo-2,Argentina,AR,54
2024-12-07,hotel-demo-2,Brasil,BR,15
2024-12-07,hotel-demo-2,Chile,CL,8
2024-12-07,hotel-demo-2,Uruguay,UY,4
2024-12-07,hotel-demo-2,Estados Unidos,US,6
2024-12-07,hotel-demo-2,España,ES,2
2024-12-07,hotel-demo-2,Alemania,DE,2
2024-12-07,hotel-demo-2,Francia,FR,2
2024-12-07,hotel-demo-2,México,MX,18
2024-12-08,hotel-demo-1,Argentina,AR,115
2024-12-08,hotel-demo-1,Brasil,BR,23
2024-12-08,hotel-demo-1,Chile,CL,6
2024-12-08,hotel-demo-2,Argentina,AR,45
2024-12-08,hotel-demo-2,Brasil,BR,12
2024-12-08,hotel-demo-2,Chile,CL,4
2024-12-08,hotel-demo-2,Uruguay,UY,5
2024-12-08,hotel-demo-2,Estados Unidos,US,5
2024-12-08,hotel-demo-2,España,ES,2
2024-12-08,hotel-demo-2,Alemania,DE,2
2024-12-08,hotel-demo-2,Francia,FR,1
2024-12-08,hotel-demo-2,México,MX,12
2024-12-09,hotel-demo-1,Argentina,AR,78
2024-12-09,hotel-demo-1,Brasil,BR,21
2024-12-09,hotel-demo-1,Chile,CL,8
2024-12-09,hotel-demo-1,Uruguay,UY,7
2024-12-09,hotel-demo-1,Estados Unidos,US,5
2024-12-09,hotel-demo-1,España,ES,1
2024-12-09,hotel-demo-2,Argentina,AR,65
2024-12-09,hotel-demo-2,Brasil,BR,15
2024-12-09,hotel-demo-2,Chile,CL,6
2024-12-09,hotel-demo-2,Uruguay,UY,5
2024-12-09,hotel-demo-2,Estados Unidos,US,6
2024-12-09,hotel-demo-2,España,ES,3
2024-12-09,hotel-demo-2,Alemania,DE,3
2024-12-09,hotel-demo-2,Francia,FR,2
2024-12-09,hotel-demo-2,México,MX,14
2024-12-10,hotel-demo-1,Argentina,AR,91
2024-12-10,hotel-demo-1,Brasil,BR,23
2024-12-10,hotel-demo-1,Chile,CL,11
2024-12-10,hotel-demo-1,Uruguay,UY,5
2024-12-10,hotel-demo-1,Estados Unidos,US,9
2024-12-10,hotel-demo-1,España,ES,4
2024-12-10,hotel-demo-1,Alemania,DE,3
2024-12-10,hotel-demo-1,Francia,FR,2
2024-12-10,hotel-demo-1,México,MX,3
2024-12-10,hotel-demo-2,Argentina,AR,82
2024-12-10,hotel-demo-2,Brasil,BR,18
2024-12-10,hotel-demo-2,Chile,CL,5
2024-12-10,hotel-demo-2,Uruguay,UY,6
2024-12-11,hotel-demo-1,Argentina,AR,66
2024-12-11,hotel-demo-1,Brasil,BR,18
2024-12-11,hotel-demo-1,Chile,CL,10
2024-12-11,hotel-demo-1,Uruguay,UY,6
2024-12-11,hotel-demo-1,Estados Unidos,US,7
2024-12-11,hotel-demo-1,España,ES,4
2024-12-11,hotel-demo-1,Alemania,DE,3
2024-12-11,hotel-demo-1,Francia,FR,2
2024-12-11,hotel-demo-1,México,MX,23
2024-12-11,hotel-demo-2,Argentina,AR,59
2024-12-11,hotel-demo-2,Brasil,BR,12
2024-12-11,hotel-demo-2,Chile,CL,5
2024-12-11,hotel-demo-2,Uruguay,UY,5
2024-12-11,hotel-demo-2,Estados Unidos,US,4
2024-12-11,hotel-demo-2,España,ES,3
2024-12-11,hotel-demo-2,Alemania,DE,2
2024-12-11,hotel-demo-2,Francia,FR,1
2024-12-12,hotel-demo-1,Argentina,AR,74
2024-12-12,hotel-demo-1,Brasil,BR,13
2024-12-12,hotel-demo-1,Chile,CL,8
2024-12-12,hotel-demo-1,Uruguay,UY,8
2024-12-12,hotel-demo-1,Estados Unidos,US,8
2024-12-12,hotel-demo-1,España,ES,5
2024-12-12,hotel-demo-1,Alemania,DE,3
2024-12-12,hotel-demo-1,Francia,FR,2
2024-12-12,hotel-demo-1,México,MX,6
2024-12-12,hotel-demo-2,Argentina,AR,91
2024-12-12,hotel-demo-2,Brasil,BR,21
2024-12-12,hotel-demo-2,Chile,CL,7
2024-12-12,hotel-demo-2,Uruguay,UY,5
2024-12-12,hotel-demo-2,Estados Unidos,US,3
2024-12-13,hotel-demo-1,Argentina,AR,80
2024-12-13,hotel-demo-1,Brasil,BR,17
2024-12-13,hotel-demo-1,Chile,CL,10
2024-12-13,hotel-demo-1,Uruguay,UY,8
2024-12-13,hotel-demo-1,Estados Unidos,US,7
2024-12-13,hotel-demo-1,España,ES,5
2024-12-13,hotel-demo-1,Alemania,DE,3
2024-12-13,hotel-demo-1,Francia,FR,2
2024-12-13,hotel-demo-1,México,MX,31
2024-12-13,hotel-demo-2,Argentina,AR,97
2024-12-13,hotel-demo-2,Brasil,BR,21
2024-12-13,hotel-demo-2,Chile,CL,8
2024-12-14,hotel-demo-1,Argentina,AR,85
2024-12-14,hotel-demo-1,Brasil,BR,15
2024-12-14,hotel-demo-1,Chile,CL,7
2024-12-14,hotel-demo-1,Uruguay,UY,7
2024-12-14,hotel-demo-1,Estados Unidos,US,5
2024-12-14,hotel-demo-1,España,ES,4
2024-12-14,hotel-demo-1,Alemania,DE,2
2024-12-14,hotel-demo-1,Francia,FR,2
2024-12-14,hotel-demo-1,México,MX,19
2024-12-14,hotel-demo-2,Argentina,AR,72
2024-12-14,hotel-demo-2,Brasil,BR,14
2024-12-14,hotel-demo-2,Chile,CL,8
2024-12-14,hotel-demo-2,Uruguay,UY,7
2024-12-14,hotel-demo-2,Estados Unidos,US,6
2024-12-14,hotel-demo-2,España,ES,3
2024-12-14,hotel-demo-2,Alemania,DE,3
2024-12-14,hotel-demo-2,Francia,FR,1
2024-12-14,hotel-demo-2,México,MX,8
2024-12-15,hotel-demo-1,Argentina,AR,101
2024-12-15,hotel-demo-1,Brasil,BR,20
2024-12-15,hotel-demo-1,Chile,CL,7
2024-12-15,hotel-demo-1,Uruguay,UY,7
2024-12-15,hotel-demo-1,Estados Unidos,US,8
2024-12-15,hotel-demo-1,España,ES,3
2024-12-15,hotel-demo-1,Alemania,DE,2
2024-12-15,hotel-demo-2,Argentina,AR,69
2024-12-15,hotel-demo-2,Brasil,BR,12
2024-12-15,hotel-demo-2,Chile,CL,5
2024-12-16,hotel-demo-1,Argentina,AR,102
2024-12-16,hotel-demo-1,Brasil,BR,20
2024-12-16,hotel-demo-1,Chile,CL,9
2024-12-16,hotel-demo-1,Uruguay,UY,9
2024-12-16,hotel-demo-1,Estados Unidos,US,9
2024-12-16,hotel-demo-1,España,ES,3
2024-12-16,hotel-demo-1,Alemania,DE,3
2024-12-16,hotel-demo-1,Francia,FR,1
2024-12-16,hotel-demo-2,Argentina,AR,82
2024-12-16,hotel-demo-2,Brasil,BR,14
2024-12-16,hotel-demo-2,Chile,CL,5
2024-12-16,hotel-demo-2,Uruguay,UY,4
2024-12-16,hotel-demo-2,Estados Unidos,US,7
2024-12-16,hotel-demo-2,España,ES,4
2024-12-17,hotel-demo-1,Argentina,AR,92
2024-12-17,hotel-demo-1,Brasil,BR,17
2024-12-17,hotel-demo-1,Chile,CL,11
2024-12-17,hotel-demo-1,Uruguay,UY,9
2024-12-17,hotel-demo-1,Estados Unidos,US,10
2024-12-17,hotel-demo-1,España,ES,4
2024-12-17,hotel-demo-1,Alemania,DE,3
2024-12-17,hotel-demo-1,Francia,FR,3
2024-12-17,hotel-demo-1,México,MX,17
2024-12-17,hotel-demo-2,Argentina,AR,62
2024-12-17,hotel-demo-2,Brasil,BR,16
2024-12-17,hotel-demo-2,Chile,CL,7
2024-12-17,hotel-demo-2,Uruguay,UY,4
2024-12-17,hotel-demo-2,Estados Unidos,US,3
2024-12-18,hotel-demo-1,Argentina,AR,75
2024-12-18,hotel-demo-1,Brasil,BR,12
2024-12-18,hotel-demo-1,Chile,CL,7
2024-12-18,hotel-demo-1,Uruguay,UY,4
2024-12-18,hotel-demo-1,Estados Unidos,US,5
2024-12-18,hotel-demo-1,España,ES,3
2024-12-18,hotel-demo-1,Alemania,DE,2
2024-12-18,hotel-demo-1,Francia,FR,1
2024-12-18,hotel-demo-2,Argentina,AR,54
2024-12-18,hotel-demo-2,Brasil,BR,11
2024-12-18,hotel-demo-2,Chile,CL,4
2024-12-18,hotel-demo-2,Uruguay,UY,4
2024-12-18,hotel-demo-2,Estados Unidos,US,4
2024-12-18,hotel-demo-2,España,ES,3
2024-12-18,hotel-demo-2,Alemania,DE,2
2024-12-18,hotel-demo-2,Francia,FR,2
2024-12-18,hotel-demo-2,México,MX,14
2024-12-19,hotel-demo-1,Argentina,AR,59
2024-12-19,hotel-demo-1,Brasil,BR,21
2024-12-19,hotel-demo-1,Chile,CL,7
2024-12-19,hotel-demo-1,Uruguay,UY,6
2024-12-19,hotel-demo-1,Estados Unidos,US,5
2024-12-19,hotel-demo-1,España,ES,3
2024-12-19,hotel-demo-1,Alemania,DE,2
2024-12-19,hotel-demo-1,Francia,FR,2
2024-12-19,hotel-demo-1,México,MX,16
2024-12-19,hotel-demo-2,Argentina,AR,54
2024-12-19,hotel-demo-2,Brasil,BR,12
2024-12-19,hotel-demo-2,Chile,CL,5
2024-12-19,hotel-demo-2,Uruguay,UY,5
2024-12-19,hotel-demo-2,Estados Unidos,US,3
2024-12-19,hotel-demo-2,España,ES,3
2024-12-19,hotel-demo-2,Alemania,DE,2
2024-12-19,hotel-demo-2,Francia,FR,1
2024-12-19,hotel-demo-2,México,MX,9
2024-12-20,hotel-demo-1,Argentina,AR,77
2024-12-20,hotel-demo-1,Brasil,BR,24
2024-12-20,hotel-demo-1,Chile,CL,6
2024-12-20,hotel-demo-1,Uruguay,UY,6
2024-12-20,hotel-demo-1,Estados Unidos,US,6
2024-12-20,hotel-demo-1,España,ES,3
2024-12-20,hotel-demo-1,Alemania,DE,2
2024-12-20,hotel-demo-1,Francia,FR,2
2024-12-20,hotel-demo-1,México,MX,8
2024-12-20,hotel-demo-2,Argentina,AR,86
2024-12-20,hotel-demo-2,Brasil,BR,20
2024-12-20,hotel-demo-2,Chile,CL,9
2024-12-20,hotel-demo-2,Uruguay,UY,7
2024-12-20,hotel-demo-2,Estados Unidos,US,6
2024-12-21,hotel-demo-1,Argentina,AR,72
2024-12-21,hotel-demo-1,Brasil,BR,18
2024-12-21,hotel-demo-1,Chile,CL,6
2024-12-21,hotel-demo-1,Uruguay,UY,8
2024-12-21,hotel-demo-1,Estados Unidos,US,6
2024-12-21,hotel-demo-1,España,ES,4
2024-12-21,hotel-demo-1,Alemania,DE,3
2024-12-21,hotel-demo-1,Francia,FR,2
2024-12-21,hotel-demo-1,México,MX,10
2024-12-21,hotel-demo-2,Argentina,AR,104
2024-12-21,hotel-demo-2,Brasil,BR,17
2024-12-21,hotel-demo-2,Chile,CL,7
2024-12-21,hotel-demo-2,Uruguay,UY,4
2024-12-22,hotel-demo-1,Argentina,AR,84
2024-12-22,hotel-demo-1,Brasil,BR,22
2024-12-22,hotel-demo-1,Chile,CL,7
2024-12-22,hotel-demo-1,Uruguay,UY,5
2024-12-22,hotel-demo-1,Estados Unidos,US,5
2024-12-22,hotel-demo-1,España,ES,3
2024-12-22,hotel-demo-1,Alemania,DE,3
2024-12-22,hotel-demo-1,Francia,FR,2
2024-12-22,hotel-demo-1,México,MX,6
2024-12-22,hotel-demo-2,Argentina,AR,65
2024-12-22,hotel-demo-2,Brasil,BR,15
2024-12-22,hotel-demo-2,Chile,CL,7
2024-12-23,hotel-demo-1,Argentina,AR,86
2024-12-23,hotel-demo-1,Brasil,BR,18
2024-12-23,hotel-demo-1,Chile,CL,7
2024-12-23,hotel-demo-1,Uruguay,UY,4
2024-12-23,hotel-demo-1,Estados Unidos,US,4
2024-12-23,hotel-demo-2,Argentina,AR,55
2024-12-23,hotel-demo-2,Brasil,BR,13
2024-12-23,hotel-demo-2,Chile,CL,8
2024-12-23,hotel-demo-2,Uruguay,UY,6
2024-12-23,hotel-demo-2,Estados Unidos,US,4
2024-12-23,hotel-demo-2,España,ES,3
2024-12-23,hotel-demo-2,Alemania,DE,2
2024-12-23,hotel-demo-2,Francia,FR,2
2024-12-23,hotel-demo-2,México,MX,19
2024-12-24,hotel-demo-1,Argentina,AR,110
2024-12-24,hotel-demo-1,Brasil,BR,20
2024-12-24,hotel-demo-1,Chile,CL,10
2024-12-24,hotel-demo-1,Uruguay,UY,7
2024-12-24,hotel-demo-1,Estados Unidos,US,7
2024-12-24,hotel-demo-2,Argentina,AR,75
2024-12-24,hotel-demo-2,Brasil,BR,11
2024-12-24,hotel-demo-2,Chile,CL,6
2024-12-24,hotel-demo-2,Uruguay,UY,4
2024-12-25,hotel-demo-1,Argentina,AR,83
2024-12-25,hotel-demo-1,Brasil,BR,20
2024-12-25,hotel-demo-1,Chile,CL,11
2024-12-25,hotel-demo-1,Uruguay,UY,7
2024-12-25,hotel-demo-1,Estados Unidos,US,7
2024-12-25,hotel-demo-1,España,ES,5
2024-12-25,hotel-demo-1,Alemania,DE,4
2024-12-25,hotel-demo-1,Francia,FR,2
2024-12-25,hotel-demo-1,México,MX,6
2024-12-25,hotel-demo-2,Argentina,AR,71
2024-12-25,hotel-demo-2,Brasil,BR,13
2024-12-25,hotel-demo-2,Chile,CL,8
2024-12-25,hotel-demo-2,Uruguay,UY,4
2024-12-25,hotel-demo-2,Estados Unidos,US,7
2024-12-25,hotel-demo-2,España,ES,3
2024-12-25,hotel-demo-2,Alemania,DE,2
2024-12-25,hotel-demo-2,Francia,FR,1
2024-12-25,hotel-demo-2,México,MX,4
2024-12-26,hotel-demo-1,Argentina,AR,110
2024-12-26,hotel-demo-1,Brasil,BR,24
2024-12-26,hotel-demo-1,Chile,CL,9
2024-12-26,hotel-demo-1,Uruguay,UY,4
2024-12-26,hotel-demo-2,Argentina,AR,89
2024-12-26,hotel-demo-2,Brasil,BR,17
2024-12-26,hotel-demo-2,Chile,CL,7
2024-12-26,hotel-demo-2,Uruguay,UY,5
2024-12-26,hotel-demo-2,Estados Unidos,US,4
2024-12-27,hotel-demo-1,Argentina,AR,66
2024-12-27,hotel-demo-1,Brasil,BR,25
2024-12-27,hotel-demo-1,Chile,CL,9
2024-12-27,hotel-demo-1,Uruguay,UY,5
2024-12-27,hotel-demo-1,Estados Unidos,US,6
2024-12-27,hotel-demo-1,España,ES,5
2024-12-27,hotel-demo-1,Alemania,DE,3
2024-12-27,hotel-demo-1,Francia,FR,2
2024-12-27,hotel-demo-1,México,MX,23
2024-12-27,hotel-demo-2,Argentina,AR,64
2024-12-27,hotel-demo-2,Brasil,BR,11
2024-12-27,hotel-demo-2,Chile,CL,7
2024-12-27,hotel-demo-2,Uruguay,UY,6
2024-12-27,hotel-demo-2,Estados Unidos,US,5
2024-12-27,hotel-demo-2,España,ES,2
2024-12-27,hotel-demo-2,Alemania,DE,2
2024-12-27,hotel-demo-2,Francia,FR,2
2024-12-27,hotel-demo-2,México,MX,6
2024-12-28,hotel-demo-1,Argentina,AR,90
2024-12-28,hotel-demo-1,Brasil,BR,25
2024-12-28,hotel-demo-1,Chile,CL,9
2024-12-28,hotel-demo-1,Uruguay,UY,8
2024-12-28,hotel-demo-1,Estados Unidos,US,7
2024-12-28,hotel-demo-1,España,ES,5
2024-12-28,hotel-demo-1,Alemania,DE,3
2024-12-28,hotel-demo-1,Francia,FR,3
2024-12-28,hotel-demo-1,México,MX,18
2024-12-28,hotel-demo-2,Argentina,AR,67
2024-12-28,hotel-demo-2,Brasil,BR,14
2024-12-28,hotel-demo-2,Chile,CL,8
2024-12-28,hotel-demo-2,Uruguay,UY,5
2024-12-28,hotel-demo-2,Estados Unidos,US,4
2024-12-28,hotel-demo-2,España,ES,2
2024-12-28,hotel-demo-2,Alemania,DE,2
2024-12-28,hotel-demo-2,Francia,FR,1
2024-12-28,hotel-demo-2,México,MX,6
2024-12-29,hotel-demo-1,Argentina,AR,93
2024-12-29,hotel-demo-1,Brasil,BR,18
2024-12-29,hotel-demo-1,Chile,CL,9
2024-12-29,hotel-demo-1,Uruguay,UY,8
2024-12-29,hotel-demo-1,Estados Unidos,US,1
2024-12-29,hotel-demo-2,Argentina,AR,58
2024-12-29,hotel-demo-2,Brasil,BR,14
2024-12-29,hotel-demo-2,Chile,CL,6
2024-12-29,hotel-demo-2,Uruguay,UY,4
2024-12-29,hotel-demo-2,Estados Unidos,US,4
2024-12-30,hotel-demo-1,Argentina,AR,114
2024-12-30,hotel-demo-1,Brasil,BR,15
2024-12-30,hotel-demo-1,Chile,CL,8
2024-12-30,hotel-demo-1,Uruguay,UY,8
2024-12-30,hotel-demo-1,Estados Unidos,US,1
2024-12-30,hotel-demo-2,Argentina,AR,58
2024-12-30,hotel-demo-2,Brasil,BR,15
2024-12-30,hotel-demo-2,Chile,CL,5
2024-12-30,hotel-demo-2,Uruguay,UY,4
2024-12-30,hotel-demo-2,Estados Unidos,US,5
2024-12-30,hotel-demo-2,España,ES,4
2024-12-30,hotel-demo-2,Alemania,DE,2
2024-12-30,hotel-demo-2,Francia,FR,1
2024-12-30,hotel-demo-2,México,MX,11
2024-12-31,hotel-demo-1,Argentina,AR,83
2024-12-31,hotel-demo-1,Brasil,BR,16
2024-12-31,hotel-demo-1,Chile,CL,9
2024-12-31,hotel-demo-1,Uruguay,UY,6
2024-12-31,hotel-demo-1,Estados Unidos,US,5
2024-12-31,hotel-demo-1,España,ES,4
2024-12-31,hotel-demo-1,Alemania,DE,2
2024-12-31,hotel-demo-1,Francia,FR,2
2024-12-31,hotel-demo-1,México,MX,8
2024-12-31,hotel-demo-2,Argentina,AR,52
2024-12-31,hotel-demo-2,Brasil,BR,12
2024-12-31,hotel-demo-2,Chile,CL,6
2024-12-31,hotel-demo-2,Uruguay,UY,4
2024-12-31,hotel-demo-2,Estados Unidos,US,4
2024-12-31,hotel-demo-2,España,ES,3
2024-12-31,hotel-demo-2,Alemania,DE,2
2024-12-31,hotel-demo-2,Francia,FR,2
2024-12-31,hotel-demo-2,México,MX,21
2025-01-01,hotel-demo-1,Argentina,AR,105
2025-01-01,hotel-demo-1,Brasil,BR,17
2025-01-01,hotel-demo-1,Chile,CL,9
2025-01-01,hotel-demo-1,Uruguay,UY,2
2025-01-01,hotel-demo-2,Argentina,AR,74
2025-01-01,hotel-demo-2,Brasil,BR,17
2025-01-01,hotel-demo-2,Chile,CL,7
2025-01-01,hotel-demo-2,Uruguay,UY,5
2025-01-01,hotel-demo-2,Estados Unidos,US,6
2025-01-01,hotel-demo-2,España,ES,5
2025-01-01,hotel-demo-2,Alemania,DE,3
2025-01-01,hotel-demo-2,Francia,FR,1
2025-01-01,hotel-demo-2,México,MX,8
2025-01-02,hotel-demo-1,Argentina,AR,53
2025-01-02,hotel-demo-1,Brasil,BR,12
2025-01-02,hotel-demo-1,Chile,CL,7
2025-01-02,hotel-demo-1,Uruguay,UY,4
2025-01-02,hotel-demo-1,Estados Unidos,US,5
2025-01-02,hotel-demo-1,España,ES,3
2025-01-02,hotel-demo-1,Alemania,DE,3
2025-01-02,hotel-demo-1,Francia,FR,2
2025-01-02,hotel-demo-1,México,MX,25
2025-01-02,hotel-demo-2,Argentina,AR,75
2025-01-02,hotel-demo-2,Brasil,BR,21
2025-01-02,hotel-demo-2,Chile,CL,9
2025-01-02,hotel-demo-2,Uruguay,UY,7
2025-01-02,hotel-demo-2,Estados Unidos,US,5
2025-01-02,hotel-demo-2,España,ES,4
2025-01-02,hotel-demo-2,Alemania,DE,2
2025-01-02,hotel-demo-2,Francia,FR,1
2025-01-03,hotel-demo-1,Argentina,AR,75
2025-01-03,hotel-demo-1,Brasil,BR,15
2025-01-03,hotel-demo-1,Chile,CL,10
2025-01-03,hotel-demo-1,Uruguay,UY,7
2025-01-03,hotel-demo-1,Estados Unidos,US,8
2025-01-03,hotel-demo-1,España,ES,4
2025-01-03,hotel-demo-1,Alemania,DE,3
2025-01-03,hotel-demo-1,Francia,FR,2
2025-01-03,hotel-demo-1,México,MX,11
2025-01-03,hotel-demo-2,Argentina,AR,65
2025-01-03,hotel-demo-2,Brasil,BR,13
2025-01-03,hotel-demo-2,Chile,CL,7
2025-01-03,hotel-demo-2,Uruguay,UY,7
2025-01-03,hotel-demo-2,Estados Unidos,US,4
2025-01-03,hotel-demo-2,España,ES,3
2025-01-03,hotel-demo-2,Alemania,DE,2
2025-01-03,hotel-demo-2,Francia,FR,1
2025-01-03,hotel-demo-2,México,MX,16
2025-01-04,hotel-demo-1,Argentina,AR,66
2025-01-04,hotel-demo-1,Brasil,BR,26
2025-01-04,hotel-demo-1,Chile,CL,11
2025-01-04,hotel-demo-1,Uruguay,UY,6
2025-01-04,hotel-demo-1,Estados Unidos,US,9
2025-01-04,hotel-demo-1,España,ES,3
2025-01-04,hotel-demo-1,Alemania,DE,4
2025-01-04,hotel-demo-1,Francia,FR,3
2025-01-04,hotel-demo-1,México,MX,21
2025-01-04,hotel-demo-2,Argentina,AR,52
2025-01-04,hotel-demo-2,Brasil,BR,13
2025-01-04,hotel-demo-2,Chile,CL,8
2025-01-04,hotel-demo-2,Uruguay,UY,6
2025-01-04,hotel-demo-2,Estados Unidos,US,4
2025-01-04,hotel-demo-2,España,ES,4
2025-01-04,hotel-demo-2,Alemania,DE,2
2025-01-04,hotel-demo-2,Francia,FR,2
2025-01-04,hotel-demo-2,México,MX,21
2025-01-05,hotel-demo-1,Argentina,AR,79
2025-01-05,hotel-demo-1,Brasil,BR,10
2025-01-05,hotel-demo-1,Chile,CL,6
2025-01-05,hotel-demo-1,Uruguay,UY,5
2025-01-05,hotel-demo-1,Estados Unidos,US,1
2025-01-05,hotel-demo-2,Argentina,AR,67
2025-01-05,hotel-demo-2,Brasil,BR,16
2025-01-05,hotel-demo-2,Chile,CL,9
2025-01-05,hotel-demo-2,Uruguay,UY,5
2025-01-05,hotel-demo-2,Estados Unidos,US,6
2025-01-05,hotel-demo-2,España,ES,3
2025-01-05,hotel-demo-2,Alemania,DE,2
2025-01-05,hotel-demo-2,Francia,FR,1
2025-01-05,hotel-demo-2,México,MX,6
2025-01-06,hotel-demo-1,Argentina,AR,65
2025-01-06,hotel-demo-1,Brasil,BR,18
2025-01-06,hotel-demo-1,Chile,CL,9
2025-01-06,hotel-demo-1,Uruguay,UY,6
2025-01-06,hotel-demo-1,Estados Unidos,US,5
2025-01-06,hotel-demo-1,España,ES,4
2025-01-06,hotel-demo-1,Alemania,DE,2
2025-01-06,hotel-demo-1,Francia,FR,2
2025-01-06,hotel-demo-1,México,MX,9
2025-01-06,hotel-demo-2,Argentina,AR,61
2025-01-06,hotel-demo-2,Brasil,BR,18
2025-01-06,hotel-demo-2,Chile,CL,7
2025-01-06,hotel-demo-2,Uruguay,UY,4
2025-01-06,hotel-demo-2,Estados Unidos,US,4
2025-01-06,hotel-demo-2,España,ES,2
2025-01-06,hotel-demo-2,Alemania,DE,2
2025-01-06,hotel-demo-2,Francia,FR,2
2025-01-06,hotel-demo-2,México,MX,6
2025-01-07,hotel-demo-1,Argentina,AR,56
2025-01-07,hotel-demo-1,Brasil,BR,22
2025-01-07,hotel-demo-1,Chile,CL,6
2025-01-07,hotel-demo-1,Uruguay,UY,6
2025-01-07,hotel-demo-1,Estados Unidos,US,8
2025-01-07,hotel-demo-1,España,ES,4
2025-01-07,hotel-demo-1,Alemania,DE,2
2025-01-07,hotel-demo-1,Francia,FR,1
2025-01-07,hotel-demo-1,México,MX,15
2025-01-07,hotel-demo-2,Argentina,AR,80
2025-01-07,hotel-demo-2,Brasil,BR,22
2025-01-07,hotel-demo-2,Chile,CL,8
2025-01-07,hotel-demo-2,Uruguay,UY,5
2025-01-07,hotel-demo-2,Estados Unidos,US,6
2025-01-07,hotel-demo-2,España,ES,5
2025-01-08,hotel-demo-1,Argentina,AR,52
2025-01-08,hotel-demo-1,Brasil,BR,11
2025-01-08,hotel-demo-1,Chile,CL,7
2025-01-08,hotel-demo-1,Uruguay,UY,5
2025-01-08,hotel-demo-1,Estados Unidos,US,6
2025-01-08,hotel-demo-1,España,ES,3
2025-01-08,hotel-demo-1,Alemania,DE,2
2025-01-08,hotel-demo-1,Francia,FR,2
2025-01-08,hotel-demo-1,México,MX,13
2025-01-08,hotel-demo-2,Argentina,AR,55
2025-01-08,hotel-demo-2,Brasil,BR,22
2025-01-08,hotel-demo-2,Chile,CL,7
2025-01-08,hotel-demo-2,Uruguay,UY,5
2025-01-08,hotel-demo-2,Estados Unidos,US,5
2025-01-08,hotel-demo-2,España,ES,3
2025-01-08,hotel-demo-2,Alemania,DE,2
2025-01-08,hotel-demo-2,Francia,FR,1
2025-01-08,hotel-demo-2,México,MX,24
2025-01-09,hotel-demo-1,Argentina,AR,68
2025-01-09,hotel-demo-1,Brasil,BR,21
2025-01-09,hotel-demo-1,Chile,CL,7
2025-01-09,hotel-demo-1,Uruguay,UY,5
2025-01-09,hotel-demo-1,Estados Unidos,US,6
2025-01-09,hotel-demo-1,España,ES,4
2025-01-09,hotel-demo-1,Alemania,DE,3
2025-01-09,hotel-demo-1,Francia,FR,2
2025-01-09,hotel-demo-1,México,MX,1
2025-01-09,hotel-demo-2,Argentina,AR,84
2025-01-09,hotel-demo-2,Brasil,BR,19
2025-01-09,hotel-demo-2,Chile,CL,7
2025-01-09,hotel-demo-2,Uruguay,UY,6
2025-01-09,hotel-demo-2,Estados Unidos,US,5
2025-01-09,hotel-demo-2,España,ES,2
2025-01-10,hotel-demo-1,Argentina,AR,84
2025-01-10,hotel-demo-1,Brasil,BR,23
2025-01-10,hotel-demo-1,Chile,CL,10
2025-01-10,hotel-demo-1,Uruguay,UY,8
2025-01-10,hotel-demo-1,Estados Unidos,US,5
2025-01-10,hotel-demo-1,España,ES,1
2025-01-10,hotel-demo-2,Argentina,AR,62
2025-01-10,hotel-demo-2,Brasil,BR,21
2025-01-10,hotel-demo-2,Chile,CL,8
2025-01-10,hotel-demo-2,Uruguay,UY,7
2025-01-10,hotel-demo-2,Estados Unidos,US,6
2025-01-10,hotel-demo-2,España,ES,3
2025-01-10,hotel-demo-2,Alemania,DE,3
2025-01-10,hotel-demo-2,Francia,FR,2
2025-01-10,hotel-demo-2,México,MX,14
2025-01-11,hotel-demo-1,Argentina,AR,116
2025-01-11,hotel-demo-1,Brasil,BR,20
2025-01-11,hotel-demo-1,Chile,CL,7
2025-01-11,hotel-demo-1,Uruguay,UY,4
2025-01-11,hotel-demo-2,Argentina,AR,83
2025-01-11,hotel-demo-2,Brasil,BR,16
2025-01-11,hotel-demo-2,Chile,CL,10
2025-01-11,hotel-demo-2,Uruguay,UY,7
2025-01-11,hotel-demo-2,Estados Unidos,US,8
2025-01-11,hotel-demo-2,España,ES,3
2025-01-11,hotel-demo-2,Alemania,DE,2
2025-01-12,hotel-demo-1,Argentina,AR,65
2025-01-12,hotel-demo-1,Brasil,BR,22
2025-01-12,hotel-demo-1,Chile,CL,6
2025-01-12,hotel-demo-1,Uruguay,UY,6
2025-01-12,hotel-demo-1,Estados Unidos,US,7
2025-01-12,hotel-demo-1,España,ES,4
2025-01-12,hotel-demo-1,Alemania,DE,3
2025-01-12,hotel-demo-1,Francia,FR,2
2025-01-12,hotel-demo-1,México,MX,11
2025-01-12,hotel-demo-2,Argentina,AR,63
2025-01-12,hotel-demo-2,Brasil,BR,13
2025-01-12,hotel-demo-2,Chile,CL,6
2025-01-12,hotel-demo-2,Uruguay,UY,4
2025-01-12,hotel-demo-2,Estados Unidos,US,4
2025-01-12,hotel-demo-2,España,ES,3
2025-01-12,hotel-demo-2,Alemania,DE,1
2025-01-13,hotel-demo-1,Argentina,AR,94
2025-01-13,hotel-demo-1,Brasil,BR,18
2025-01-13,hotel-demo-1,Chile,CL,11
2025-01-13,hotel-demo-1,Uruguay,UY,10
2025-01-13,hotel-demo-1,Estados Unidos,US,8
2025-01-13,hotel-demo-1,España,ES,4
2025-01-13,hotel-demo-1,Alemania,DE,3
2025-01-13,hotel-demo-1,Francia,FR,2
2025-01-13,hotel-demo-1,México,MX,9
2025-01-13,hotel-demo-2,Argentina,AR,73
2025-01-13,hotel-demo-2,Brasil,BR,13
2025-01-13,hotel-demo-2,Chile,CL,6
2025-01-13,hotel-demo-2,Uruguay,UY,7
2025-01-13,hotel-demo-2,Estados Unidos,US,7
2025-01-13,hotel-demo-2,España,ES,4
2025-01-13,hotel-demo-2,Alemania,DE,3
2025-01-13,hotel-demo-2,Francia,FR,2
2025-01-13,hotel-demo-2,México,MX,7
2025-01-14,hotel-demo-1,Argentina,AR,80
2025-01-14,hotel-demo-1,Brasil,BR,19
2025-01-14,hotel-demo-1,Chile,CL,6
2025-01-14,hotel-demo-1,Uruguay,UY,7
2025-01-14,hotel-demo-1,Estados Unidos,US,7
2025-01-14,hotel-demo-1,España,ES,4
2025-01-14,hotel-demo-2,Argentina,AR,50
2025-01-14,hotel-demo-2,Brasil,BR,11
2025-01-14,hotel-demo-2,Chile,CL,8
2025-01-14,hotel-demo-2,Uruguay,UY,4
2025-01-14,hotel-demo-2,Estados Unidos,US,6
2025-01-14,hotel-demo-2,España,ES,4
2025-01-14,hotel-demo-2,Alemania,DE,2
2025-01-14,hotel-demo-2,Francia,FR,2
2025-01-14,hotel-demo-2,México,MX,19
2025-01-15,hotel-demo-1,Argentina,AR,96
2025-01-15,hotel-demo-1,Brasil,BR,21
2025-01-15,hotel-demo-1,Chile,CL,6
2025-01-15,hotel-demo-1,Uruguay,UY,7
2025-01-15,hotel-demo-1,Estados Unidos,US,3
2025-01-15,hotel-demo-2,Argentina,AR,66
2025-01-15,hotel-demo-2,Brasil,BR,17
2025-01-15,hotel-demo-2,Chile,CL,6
2025-01-15,hotel-demo-2,Uruguay,UY,6
2025-01-15,hotel-demo-2,Estados Unidos,US,8
2025-01-15,hotel-demo-2,España,ES,3
2025-01-15,hotel-demo-2,Alemania,DE,3
2025-01-15,hotel-demo-2,Francia,FR,2
2025-01-15,hotel-demo-2,México,MX,15
2025-01-16,hotel-demo-1,Argentina,AR,66
2025-01-16,hotel-demo-1,Brasil,BR,17
2025-01-16,hotel-demo-1,Chile,CL,8
2025-01-16,hotel-demo-1,Uruguay,UY,7
2025-01-16,hotel-demo-1,Estados Unidos,US,5
2025-01-16,hotel-demo-1,España,ES,3
2025-01-16,hotel-demo-1,Alemania,DE,3
2025-01-16,hotel-demo-1,Francia,FR,1
2025-01-16,hotel-demo-1,México,MX,7
2025-01-16,hotel-demo-2,Argentina,AR,60
2025-01-16,hotel-demo-2,Brasil,BR,18
2025-01-16,hotel-demo-2,Chile,CL,8
2025-01-16,hotel-demo-2,Uruguay,UY,6
2025-01-16,hotel-demo-2,Estados Unidos,US,7
2025-01-16,hotel-demo-2,España,ES,3
2025-01-16,hotel-demo-2,Alemania,DE,2
2025-01-16,hotel-demo-2,Francia,FR,2
2025-01-16,hotel-demo-2,México,MX,1
2025-01-17,hotel-demo-1,Argentina,AR,109
2025-01-17,hotel-demo-1,Brasil,BR,27
2025-01-17,hotel-demo-1,Chile,CL,10
2025-01-17,hotel-demo-1,Uruguay,UY,9
2025-01-17,hotel-demo-1,Estados Unidos,US,1
2025-01-17,hotel-demo-2,Argentina,AR,59
2025-01-17,hotel-demo-2,Brasil,BR,23
2025-01-17,hotel-demo-2,Chile,CL,7
2025-01-17,hotel-demo-2,Uruguay,UY,5
2025-01-17,hotel-demo-2,Estados Unidos,US,7
2025-01-17,hotel-demo-2,España,ES,4
2025-01-17,hotel-demo-2,Alemania,DE,2
2025-01-17,hotel-demo-2,Francia,FR,2
2025-01-17,hotel-demo-2,México,MX,18
2025-01-18,hotel-demo-1,Argentina,AR,108
2025-01-18,hotel-demo-1,Brasil,BR,20
2025-01-18,hotel-demo-1,Chile,CL,8
2025-01-18,hotel-demo-1,Uruguay,UY,7
2025-01-18,hotel-demo-1,Estados Unidos,US,1
2025-01-18,hotel-demo-2,Argentina,AR,91
2025-01-18,hotel-demo-2,Brasil,BR,15
2025-01-18,hotel-demo-2,Chile,CL,7
2025-01-18,hotel-demo-2,Uruguay,UY,8
2025-01-18,hotel-demo-2,Estados Unidos,US,3
2025-01-19,hotel-demo-1,Argentina,AR,91
2025-01-19,hotel-demo-1,Brasil,BR,15
2025-01-19,hotel-demo-1,Chile,CL,10
2025-01-19,hotel-demo-1,Uruguay,UY,6
2025-01-19,hotel-demo-1,Estados Unidos,US,6
2025-01-19,hotel-demo-1,España,ES,5
2025-01-19,hotel-demo-1,Alemania,DE,4
2025-01-19,hotel-demo-1,Francia,FR,3
2025-01-19,hotel-demo-1,México,MX,3
2025-01-19,hotel-demo-2,Argentina,AR,97
2025-01-19,hotel-demo-2,Brasil,BR,14
2025-01-19,hotel-demo-2,Chile,CL,8
2025-01-19,hotel-demo-2,Uruguay,UY,4
2025-01-20,hotel-demo-1,Argentina,AR,100
2025-01-20,hotel-demo-1,Brasil,BR,23
2025-01-20,hotel-demo-1,Chile,CL,4
2025-01-20,hotel-demo-2,Argentina,AR,78
2025-01-20,hotel-demo-2,Brasil,BR,19
2025-01-20,hotel-demo-2,Chile,CL,6
2025-01-20,hotel-demo-2,Uruguay,UY,5
2025-01-20,hotel-demo-2,Estados Unidos,US,8
2025-01-20,hotel-demo-2,España,ES,2
2025-01-21,hotel-demo-1,Argentina,AR,61
2025-01-21,hotel-demo-1,Brasil,BR,12
2025-01-21,hotel-demo-1,Chile,CL,6
2025-01-21,hotel-demo-1,Uruguay,UY,6
2025-01-21,hotel-demo-1,Estados Unidos,US,6
2025-01-21,hotel-demo-1,España,ES,4
2025-01-21,hotel-demo-1,Alemania,DE,2
2025-01-21,hotel-demo-1,Francia,FR,2
2025-01-21,hotel-demo-1,México,MX,11
2025-01-21,hotel-demo-2,Argentina,AR,61
2025-01-21,hotel-demo-2,Brasil,BR,13
2025-01-21,hotel-demo-2,Chile,CL,6
2025-01-21,hotel-demo-2,Uruguay,UY,6
2025-01-21,hotel-demo-2,Estados Unidos,US,4
2025-01-21,hotel-demo-2,España,ES,3
2025-01-21,hotel-demo-2,Alemania,DE,2
2025-01-21,hotel-demo-2,Francia,FR,1
2025-01-21,hotel-demo-2,México,MX,18
2025-01-22,hotel-demo-1,Argentina,AR,80
2025-01-22,hotel-demo-1,Brasil,BR,14
2025-01-22,hotel-demo-1,Chile,CL,10
2025-01-22,hotel-demo-1,Uruguay,UY,7
2025-01-22,hotel-demo-1,Estados Unidos,US,8
2025-01-22,hotel-demo-1,España,ES,5
2025-01-22,hotel-demo-1,Alemania,DE,2
2025-01-22,hotel-demo-1,Francia,FR,2
2025-01-22,hotel-demo-1,México,MX,10
2025-01-22,hotel-demo-2,Argentina,AR,61
2025-01-22,hotel-demo-2,Brasil,BR,16
2025-01-22,hotel-demo-2,Chile,CL,9
2025-01-22,hotel-demo-2,Uruguay,UY,7
2025-01-22,hotel-demo-2,Estados Unidos,US,6
2025-01-22,hotel-demo-2,España,ES,4
2025-01-22,hotel-demo-2,Alemania,DE,2
2025-01-22,hotel-demo-2,Francia,FR,2
2025-01-22,hotel-demo-2,México,MX,15
2025-01-23,hotel-demo-1,Argentina,AR,109
2025-01-23,hotel-demo-1,Brasil,BR,20
2025-01-23,hotel-demo-1,Chile,CL,9
2025-01-23,hotel-demo-1,Uruguay,UY,4
2025-01-23,hotel-demo-2,Argentina,AR,81
2025-01-23,hotel-demo-2,Brasil,BR,14
2025-01-23,hotel-demo-2,Chile,CL,7
2025-01-24,hotel-demo-1,Argentina,AR,77
2025-01-24,hotel-demo-1,Brasil,BR,16
2025-01-24,hotel-demo-1,Chile,CL,8
2025-01-24,hotel-demo-1,Uruguay,UY,5
2025-01-24,hotel-demo-1,Estados Unidos,US,5
2025-01-24,hotel-demo-1,España,ES,4
2025-01-24,hotel-demo-1,Alemania,DE,2
2025-01-24,hotel-demo-1,Francia,FR,2
2025-01-24,hotel-demo-1,México,MX,3
2025-01-24,hotel-demo-2,Argentina,AR,68
2025-01-24,hotel-demo-2,Brasil,BR,16
2025-01-24,hotel-demo-2,Chile,CL,8
2025-01-24,hotel-demo-2,Uruguay,UY,5
2025-01-24,hotel-demo-2,Estados Unidos,US,7
2025-01-24,hotel-demo-2,España,ES,3
2025-01-24,hotel-demo-2,Alemania,DE,3
2025-01-24,hotel-demo-2,Francia,FR,1
2025-01-24,hotel-demo-2,México,MX,7
2025-01-25,hotel-demo-1,Argentina,AR,79
2025-01-25,hotel-demo-1,Brasil,BR,28
2025-01-25,hotel-demo-1,Chile,CL,7
2025-01-25,hotel-demo-1,Uruguay,UY,9
2025-01-25,hotel-demo-1,Estados Unidos,US,10
2025-01-25,hotel-demo-1,España,ES,5
2025-01-25,hotel-demo-1,Alemania,DE,3
2025-01-25,hotel-demo-1,Francia,FR,2
2025-01-25,hotel-demo-1,México,MX,14
2025-01-25,hotel-demo-2,Argentina,AR,66
2025-01-25,hotel-demo-2,Brasil,BR,19
2025-01-25,hotel-demo-2,Chile,CL,7
2025-01-25,hotel-demo-2,Uruguay,UY,6
2025-01-25,hotel-demo-2,Estados Unidos,US,6
2025-01-25,hotel-demo-2,España,ES,3
2025-01-25,hotel-demo-2,Alemania,DE,2
2025-01-25,hotel-demo-2,Francia,FR,2
2025-01-25,hotel-demo-2,México,MX,8
2025-01-26,hotel-demo-1,Argentina,AR,88
2025-01-26,hotel-demo-1,Brasil,BR,15
2025-01-26,hotel-demo-1,Chile,CL,5
2025-01-26,hotel-demo-1,Uruguay,UY,5
2025-01-26,hotel-demo-2,Argentina,AR,64
2025-01-26,hotel-demo-2,Brasil,BR,13
2025-01-26,hotel-demo-2,Chile,CL,8
2025-01-26,hotel-demo-2,Uruguay,UY,6
2025-01-26,hotel-demo-2,Estados Unidos,US,5
2025-01-26,hotel-demo-2,España,ES,3
2025-01-26,hotel-demo-2,Alemania,DE,2
2025-01-26,hotel-demo-2,Francia,FR,2
2025-01-26,hotel-demo-2,México,MX,6
2025-01-27,hotel-demo-1,Argentina,AR,63
2025-01-27,hotel-demo-1,Brasil,BR,20
2025-01-27,hotel-demo-1,Chile,CL,10
2025-01-27,hotel-demo-1,Uruguay,UY,7
2025-01-27,hotel-demo-1,Estados Unidos,US,7
2025-01-27,hotel-demo-1,España,ES,3
2025-01-27,hotel-demo-1,Alemania,DE,2
2025-01-27,hotel-demo-1,Francia,FR,2
2025-01-27,hotel-demo-1,México,MX,13
2025-01-27,hotel-demo-2,Argentina,AR,76
2025-01-27,hotel-demo-2,Brasil,BR,13
2025-01-27,hotel-demo-2,Chile,CL,10
2025-01-27,hotel-demo-2,Uruguay,UY,6
2025-01-27,hotel-demo-2,Estados Unidos,US,5
2025-01-27,hotel-demo-2,España,ES,3
2025-01-27,hotel-demo-2,Alemania,DE,3
2025-01-27,hotel-demo-2,Francia,FR,1
2025-01-27,hotel-demo-2,México,MX,6
2025-01-28,hotel-demo-1,Argentina,AR,77
2025-01-28,hotel-demo-1,Brasil,BR,22
2025-01-28,hotel-demo-1,Chile,CL,9
2025-01-28,hotel-demo-1,Uruguay,UY,7
2025-01-28,hotel-demo-1,Estados Unidos,US,5
2025-01-28,hotel-demo-1,España,ES,3
2025-01-28,hotel-demo-1,Alemania,DE,1
2025-01-28,hotel-demo-2,Argentina,AR,61
2025-01-28,hotel-demo-2,Brasil,BR,12
2025-01-28,hotel-demo-2,Chile,CL,5
2025-01-28,hotel-demo-2,Uruguay,UY,5
2025-01-28,hotel-demo-2,Estados Unidos,US,6
2025-01-28,hotel-demo-2,España,ES,3
2025-01-28,hotel-demo-2,Alemania,DE,3
2025-01-28,hotel-demo-2,Francia,FR,1
2025-01-28,hotel-demo-2,México,MX,16
2025-01-29,hotel-demo-1,Argentina,AR,49
2025-01-29,hotel-demo-1,Brasil,BR,18
2025-01-29,hotel-demo-1,Chile,CL,8
2025-01-29,hotel-demo-1,Uruguay,UY,5
2025-01-29,hotel-demo-1,Estados Unidos,US,4
2025-01-29,hotel-demo-1,España,ES,4
2025-01-29,hotel-demo-1,Alemania,DE,2
2025-01-29,hotel-demo-1,Francia,FR,1
2025-01-29,hotel-demo-1,México,MX,21
2025-01-29,hotel-demo-2,Argentina,AR,71
2025-01-29,hotel-demo-2,Brasil,BR,11
2025-01-29,hotel-demo-2,Chile,CL,7
2025-01-29,hotel-demo-2,Uruguay,UY,7
2025-01-29,hotel-demo-2,Estados Unidos,US,7
2025-01-29,hotel-demo-2,España,ES,4
2025-01-29,hotel-demo-2,Alemania,DE,2
2025-01-29,hotel-demo-2,Francia,FR,1
2025-01-30,hotel-demo-1,Argentina,AR,66
2025-01-30,hotel-demo-1,Brasil,BR,13
2025-01-30,hotel-demo-1,Chile,CL,5
2025-01-30,hotel-demo-1,Uruguay,UY,6
2025-01-30,hotel-demo-1,Estados Unidos,US,4
2025-01-30,hotel-demo-1,España,ES,4
2025-01-30,hotel-demo-1,Alemania,DE,3
2025-01-30,hotel-demo-1,Francia,FR,2
2025-01-30,hotel-demo-1,México,MX,1
2025-01-30,hotel-demo-2,Argentina,AR,81
2025-01-30,hotel-demo-2,Brasil,BR,20
2025-01-30,hotel-demo-2,Chile,CL,5
2025-01-30,hotel-demo-2,Uruguay,UY,2
2025-01-31,hotel-demo-1,Argentina,AR,58
2025-01-31,hotel-demo-1,Brasil,BR,13
2025-01-31,hotel-demo-1,Chile,CL,8
2025-01-31,hotel-demo-1,Uruguay,UY,6
2025-01-31,hotel-demo-1,Estados Unidos,US,6
2025-01-31,hotel-demo-1,España,ES,4
2025-01-31,hotel-demo-1,Alemania,DE,2
2025-01-31,hotel-demo-1,Francia,FR,2
2025-01-31,hotel-demo-1,México,MX,16
2025-01-31,hotel-demo-2,Argentina,AR,90
2025-01-31,hotel-demo-2,Brasil,BR,21
2025-01-31,hotel-demo-2,Chile,CL,6
2025-02-01,hotel-demo-1,Argentina,AR,98
2025-02-01,hotel-demo-1,Brasil,BR,21
2025-02-01,hotel-demo-1,Chile,CL,9
2025-02-01,hotel-demo-1,Uruguay,UY,8
2025-02-01,hotel-demo-2,Argentina,AR,90
2025-02-01,hotel-demo-2,Brasil,BR,13
2025-02-01,hotel-demo-2,Chile,CL,5
2025-02-01,hotel-demo-2,Uruguay,UY,8
2025-02-01,hotel-demo-2,Estados Unidos,US,5
2025-02-01,hotel-demo-2,España,ES,3
2025-02-02,hotel-demo-1,Argentina,AR,62
2025-02-02,hotel-demo-1,Brasil,BR,12
2025-02-02,hotel-demo-1,Chile,CL,6
2025-02-02,hotel-demo-1,Uruguay,UY,6
2025-02-02,hotel-demo-1,Estados Unidos,US,4
2025-02-02,hotel-demo-1,España,ES,4
2025-02-02,hotel-demo-1,Alemania,DE,2
2025-02-02,hotel-demo-1,Francia,FR,1
2025-02-02,hotel-demo-1,México,MX,13
2025-02-02,hotel-demo-2,Argentina,AR,60
2025-02-02,hotel-demo-2,Brasil,BR,12
2025-02-02,hotel-demo-2,Chile,CL,9
2025-02-02,hotel-demo-2,Uruguay,UY,7
2025-02-02,hotel-demo-2,Estados Unidos,US,4
2025-02-02,hotel-demo-2,España,ES,2
2025-02-02,hotel-demo-2,Alemania,DE,3
2025-02-02,hotel-demo-2,Francia,FR,2
2025-02-02,hotel-demo-2,México,MX,14
2025-02-03,hotel-demo-1,Argentina,AR,81
2025-02-03,hotel-demo-1,Brasil,BR,18
2025-02-03,hotel-demo-1,Chile,CL,3
2025-02-03,hotel-demo-2,Argentina,AR,86
2025-02-03,hotel-demo-2,Brasil,BR,16
2025-02-03,hotel-demo-2,Chile,CL,9
2025-02-03,hotel-demo-2,Uruguay,UY,8
2025-02-03,hotel-demo-2,Estados Unidos,US,6
2025-02-03,hotel-demo-2,España,ES,4
2025-02-04,hotel-demo-1,Argentina,AR,71
2025-02-04,hotel-demo-1,Brasil,BR,9
2025-02-04,hotel-demo-1,Chile,CL,5
2025-02-04,hotel-demo-1,Uruguay,UY,4
2025-02-04,hotel-demo-1,Estados Unidos,US,3
2025-02-04,hotel-demo-2,Argentina,AR,73
2025-02-04,hotel-demo-2,Brasil,BR,14
2025-02-04,hotel-demo-2,Chile,CL,6
2025-02-04,hotel-demo-2,Uruguay,UY,6
2025-02-04,hotel-demo-2,Estados Unidos,US,5
2025-02-04,hotel-demo-2,España,ES,4
2025-02-04,hotel-demo-2,Alemania,DE,2
2025-02-04,hotel-demo-2,Francia,FR,2
2025-02-04,hotel-demo-2,México,MX,1
2025-02-05,hotel-demo-1,Argentina,AR,61
2025-02-05,hotel-demo-1,Brasil,BR,20
2025-02-05,hotel-demo-1,Chile,CL,9
2025-02-05,hotel-demo-1,Uruguay,UY,4
2025-02-05,hotel-demo-1,Estados Unidos,US,6
2025-02-05,hotel-demo-1,España,ES,3
2025-02-05,hotel-demo-1,Alemania,DE,2
2025-02-05,hotel-demo-1,Francia,FR,1
2025-02-05,hotel-demo-1,México,MX,9
2025-02-05,hotel-demo-2,Argentina,AR,85
2025-02-05,hotel-demo-2,Brasil,BR,20
2025-02-05,hotel-demo-2,Chile,CL,5
2025-02-05,hotel-demo-2,Uruguay,UY,4
2025-02-05,hotel-demo-2,Estados Unidos,US,3
2025-02-06,hotel-demo-1,Argentina,AR,83
2025-02-06,hotel-demo-1,Brasil,BR,19
2025-02-06,hotel-demo-1,Chile,CL,5
2025-02-06,hotel-demo-2,Argentina,AR,79
2025-02-06,hotel-demo-2,Brasil,BR,16
2025-02-06,hotel-demo-2,Chile,CL,8
2025-02-06,hotel-demo-2,Uruguay,UY,6
2025-02-06,hotel-demo-2,Estados Unidos,US,5
2025-02-07,hotel-demo-1,Argentina,AR,107
2025-02-07,hotel-demo-1,Brasil,BR,18
2025-02-07,hotel-demo-1,Chile,CL,8
2025-02-07,hotel-demo-1,Uruguay,UY,9
2025-02-07,hotel-demo-1,Estados Unidos,US,7
2025-02-07,hotel-demo-1,España,ES,1
2025-02-07,hotel-demo-2,Argentina,AR,89
2025-02-07,hotel-demo-2,Brasil,BR,13
2025-02-07,hotel-demo-2,Chile,CL,5
2025-02-07,hotel-demo-2,Uruguay,UY,6
2025-02-07,hotel-demo-2,Estados Unidos,US,7
2025-02-07,hotel-demo-2,España,ES,4
2025-02-08,hotel-demo-1,Argentina,AR,96
2025-02-08,hotel-demo-1,Brasil,BR,26
2025-02-08,hotel-demo-1,Chile,CL,9
2025-02-08,hotel-demo-1,Uruguay,UY,8
2025-02-08,hotel-demo-1,Estados Unidos,US,6
2025-02-08,hotel-demo-2,Argentina,AR,63
2025-02-08,hotel-demo-2,Brasil,BR,15
2025-02-08,hotel-demo-2,Chile,CL,7
2025-02-08,hotel-demo-2,Uruguay,UY,7
2025-02-08,hotel-demo-2,Estados Unidos,US,7
2025-02-08,hotel-demo-2,España,ES,4
2025-02-08,hotel-demo-2,Alemania,DE,2
2025-02-08,hotel-demo-2,Francia,FR,2
2025-02-08,hotel-demo-2,México,MX,5
2025-02-09,hotel-demo-1,Argentina,AR,59
2025-02-09,hotel-demo-1,Brasil,BR,10
2025-02-09,hotel-demo-1,Chile,CL,7
2025-02-09,hotel-demo-1,Uruguay,UY,6
2025-02-09,hotel-demo-1,Estados Unidos,US,4
2025-02-09,hotel-demo-1,España,ES,3
2025-02-09,hotel-demo-1,Alemania,DE,2
2025-02-09,hotel-demo-1,Francia,FR,1
2025-02-09,hotel-demo-1,México,MX,10
2025-02-09,hotel-demo-2,Argentina,AR,80
2025-02-09,hotel-demo-2,Brasil,BR,13
2025-02-09,hotel-demo-2,Chile,CL,5
2025-02-09,hotel-demo-2,Uruguay,UY,6
2025-02-09,hotel-demo-2,Estados Unidos,US,2
2025-02-10,hotel-demo-1,Argentina,AR,81
2025-02-10,hotel-demo-1,Brasil,BR,15
2025-02-10,hotel-demo-1,Chile,CL,5
2025-02-10,hotel-demo-1,Uruguay,UY,5
2025-02-10,hotel-demo-1,Estados Unidos,US,4
2025-02-10,hotel-demo-1,España,ES,1
2025-02-10,hotel-demo-2,Argentina,AR,69
2025-02-10,hotel-demo-2,Brasil,BR,15
2025-02-10,hotel-demo-2,Chile,CL,5
2025-02-10,hotel-demo-2,Uruguay,UY,5
2025-02-10,hotel-demo-2,Estados Unidos,US,5
2025-02-10,hotel-demo-2,España,ES,4
2025-02-10,hotel-demo-2,Alemania,DE,2
2025-02-10,hotel-demo-2,Francia,FR,2
2025-02-11,hotel-demo-1,Argentina,AR,71
2025-02-11,hotel-demo-1,Brasil,BR,19
2025-02-11,hotel-demo-1,Chile,CL,10
2025-02-11,hotel-demo-1,Uruguay,UY,5
2025-02-11,hotel-demo-1,Estados Unidos,US,7
2025-02-11,hotel-demo-1,España,ES,3
2025-02-11,hotel-demo-1,Alemania,DE,3
2025-02-11,hotel-demo-1,Francia,FR,2
2025-02-11,hotel-demo-1,México,MX,8
2025-02-11,hotel-demo-2,Argentina,AR,67
2025-02-11,hotel-demo-2,Brasil,BR,15
2025-02-11,hotel-demo-2,Chile,CL,8
2025-02-11,hotel-demo-2,Uruguay,UY,7
2025-02-11,hotel-demo-2,Estados Unidos,US,6
2025-02-11,hotel-demo-2,España,ES,2
2025-02-11,hotel-demo-2,Alemania,DE,1
2025-02-12,hotel-demo-1,Argentina,AR,78
2025-02-12,hotel-demo-1,Brasil,BR,14
2025-02-12,hotel-demo-1,Chile,CL,7
2025-02-12,hotel-demo-1,Uruguay,UY,6
2025-02-12,hotel-demo-1,Estados Unidos,US,8
2025-02-12,hotel-demo-1,España,ES,4
2025-02-12,hotel-demo-1,Alemania,DE,3
2025-02-12,hotel-demo-1,Francia,FR,2
2025-02-12,hotel-demo-1,México,MX,5
2025-02-12,hotel-demo-2,Argentina,AR,82
2025-02-12,hotel-demo-2,Brasil,BR,14
2025-02-12,hotel-demo-2,Chile,CL,8
2025-02-12,hotel-demo-2,Uruguay,UY,5
2025-02-12,hotel-demo-2,Estados Unidos,US,3
2025-02-13,hotel-demo-1,Argentina,AR,83
2025-02-13,hotel-demo-1,Brasil,BR,21
2025-02-13,hotel-demo-1,Chile,CL,6
2025-02-13,hotel-demo-1,Uruguay,UY,5
2025-02-13,hotel-demo-1,Estados Unidos,US,5
2025-02-13,hotel-demo-1,España,ES,4
2025-02-13,hotel-demo-1,Alemania,DE,2
2025-02-13,hotel-demo-1,Francia,FR,1
2025-02-13,hotel-demo-2,Argentina,AR,84
2025-02-13,hotel-demo-2,Brasil,BR,15
2025-02-13,hotel-demo-2,Chile,CL,5
2025-02-13,hotel-demo-2,Uruguay,UY,5
2025-02-13,hotel-demo-2,Estados Unidos,US,4
2025-02-14,hotel-demo-1,Argentina,AR,65
2025-02-14,hotel-demo-1,Brasil,BR,14
2025-02-14,hotel-demo-1,Chile,CL,6
2025-02-14,hotel-demo-1,Uruguay,UY,8
2025-02-14,hotel-demo-1,Estados Unidos,US,5
2025-02-14,hotel-demo-1,España,ES,4
2025-02-14,hotel-demo-1,Alemania,DE,2
2025-02-14,hotel-demo-1,Francia,FR,1
2025-02-14,hotel-demo-1,México,MX,28
2025-02-14,hotel-demo-2,Argentina,AR,59
2025-02-14,hotel-demo-2,Brasil,BR,20
2025-02-14,hotel-demo-2,Chile,CL,9
2025-02-14,hotel-demo-2,Uruguay,UY,6
2025-02-14,hotel-demo-2,Estados Unidos,US,5
2025-02-14,hotel-demo-2,España,ES,4
2025-02-14,hotel-demo-2,Alemania,DE,2
2025-02-14,hotel-demo-2,Francia,FR,2
2025-02-14,hotel-demo-2,México,MX,13
2025-02-15,hotel-demo-1,Argentina,AR,91
2025-02-15,hotel-demo-1,Brasil,BR,13
2025-02-15,hotel-demo-1,Chile,CL,6
2025-02-15,hotel-demo-1,Uruguay,UY,5
2025-02-15,hotel-demo-2,Argentina,AR,70
2025-02-15,hotel-demo-2,Brasil,BR,11
2025-02-15,hotel-demo-2,Chile,CL,7
2025-02-15,hotel-demo-2,Uruguay,UY,6
2025-02-15,hotel-demo-2,Estados Unidos,US,5
2025-02-15,hotel-demo-2,España,ES,4
2025-02-15,hotel-demo-2,Alemania,DE,2
2025-02-15,hotel-demo-2,Francia,FR,1
2025-02-15,hotel-demo-2,México,MX,2
2025-02-16,hotel-demo-1,Argentina,AR,44
2025-02-16,hotel-demo-1,Brasil,BR,10
2025-02-16,hotel-demo-1,Chile,CL,4
2025-02-16,hotel-demo-1,Uruguay,UY,3
2025-02-16,hotel-demo-1,Estados Unidos,US,3
2025-02-16,hotel-demo-1,España,ES,2
2025-02-16,hotel-demo-1,Alemania,DE,2
2025-02-16,hotel-demo-1,Francia,FR,1
2025-02-16,hotel-demo-1,México,MX,10
2025-02-16,hotel-demo-2,Argentina,AR,50
2025-02-16,hotel-demo-2,Brasil,BR,16
2025-02-16,hotel-demo-2,Chile,CL,7
2025-02-16,hotel-demo-2,Uruguay,UY,4
2025-02-16,hotel-demo-2,Estados Unidos,US,5
2025-02-16,hotel-demo-2,España,ES,2
2025-02-16,hotel-demo-2,Alemania,DE,2
2025-02-16,hotel-demo-2,Francia,FR,1
2025-02-16,hotel-demo-2,México,MX,11
2025-02-17,hotel-demo-1,Argentina,AR,53
2025-02-17,hotel-demo-1,Brasil,BR,13
2025-02-17,hotel-demo-1,Chile,CL,6
2025-02-17,hotel-demo-1,Uruguay,UY,6
2025-02-17,hotel-demo-1,Estados Unidos,US,6
2025-02-17,hotel-demo-1,España,ES,3
2025-02-17,hotel-demo-1,Alemania,DE,2
2025-02-17,hotel-demo-1,Francia,FR,2
2025-02-17,hotel-demo-1,México,MX,14
2025-02-17,hotel-demo-2,Argentina,AR,57
2025-02-17,hotel-demo-2,Brasil,BR,12
2025-02-17,hotel-demo-2,Chile,CL,5
2025-02-17,hotel-demo-2,Uruguay,UY,4
2025-02-17,hotel-demo-2,Estados Unidos,US,4
2025-02-17,hotel-demo-2,España,ES,3
2025-02-17,hotel-demo-2,Alemania,DE,2
2025-02-17,hotel-demo-2,Francia,FR,2
2025-02-17,hotel-demo-2,México,MX,31
2025-02-18,hotel-demo-1,Argentina,AR,68
2025-02-18,hotel-demo-1,Brasil,BR,12
2025-02-18,hotel-demo-1,Chile,CL,8
2025-02-18,hotel-demo-1,Uruguay,UY,7
2025-02-18,hotel-demo-1,Estados Unidos,US,5
2025-02-18,hotel-demo-1,España,ES,3
2025-02-18,hotel-demo-1,Alemania,DE,3
2025-02-18,hotel-demo-1,Francia,FR,2
2025-02-18,hotel-demo-1,México,MX,8
2025-02-18,hotel-demo-2,Argentina,AR,53
2025-02-18,hotel-demo-2,Brasil,BR,11
2025-02-18,hotel-demo-2,Chile,CL,7
2025-02-18,hotel-demo-2,Uruguay,UY,5
2025-02-18,hotel-demo-2,Estados Unidos,US,7
2025-02-18,hotel-demo-2,España,ES,4
2025-02-18,hotel-demo-2,Alemania,DE,2
2025-02-18,hotel-demo-2,Francia,FR,1
2025-02-18,hotel-demo-2,México,MX,17
2025-02-19,hotel-demo-1,Argentina,AR,53
2025-02-19,hotel-demo-1,Brasil,BR,11
2025-02-19,hotel-demo-1,Chile,CL,8
2025-02-19,hotel-demo-1,Uruguay,UY,6
2025-02-19,hotel-demo-1,Estados Unidos,US,7
2025-02-19,hotel-demo-1,España,ES,4
2025-02-19,hotel-demo-1,Alemania,DE,2
2025-02-19,hotel-demo-1,Francia,FR,2
2025-02-19,hotel-demo-1,México,MX,13
2025-02-19,hotel-demo-2,Argentina,AR,53
2025-02-19,hotel-demo-2,Brasil,BR,19
2025-02-19,hotel-demo-2,Chile,CL,9
2025-02-19,hotel-demo-2,Uruguay,UY,7
2025-02-19,hotel-demo-2,Estados Unidos,US,6
2025-02-19,hotel-demo-2,España,ES,5
2025-02-19,hotel-demo-2,Alemania,DE,2
2025-02-19,hotel-demo-2,Francia,FR,2
2025-02-19,hotel-demo-2,México,MX,20
2025-02-20,hotel-demo-1,Argentina,AR,88
2025-02-20,hotel-demo-1,Brasil,BR,18
2025-02-20,hotel-demo-1,Chile,CL,7
2025-02-20,hotel-demo-1,Uruguay,UY,7
2025-02-20,hotel-demo-1,Estados Unidos,US,5
2025-02-20,hotel-demo-2,Argentina,AR,55
2025-02-20,hotel-demo-2,Brasil,BR,14
2025-02-20,hotel-demo-2,Chile,CL,6
2025-02-20,hotel-demo-2,Uruguay,UY,7
2025-02-20,hotel-demo-2,Estados Unidos,US,6
2025-02-20,hotel-demo-2,España,ES,3
2025-02-20,hotel-demo-2,Alemania,DE,2
2025-02-20,hotel-demo-2,Francia,FR,2
2025-02-20,hotel-demo-2,México,MX,23
2025-02-21,hotel-demo-1,Argentina,AR,99
2025-02-21,hotel-demo-1,Brasil,BR,15
2025-02-21,hotel-demo-1,Chile,CL,9
2025-02-21,hotel-demo-1,Uruguay,UY,5
2025-02-21,hotel-demo-1,Estados Unidos,US,6
2025-02-21,hotel-demo-2,Argentina,AR,95
2025-02-21,hotel-demo-2,Brasil,BR,18
2025-02-21,hotel-demo-2,Chile,CL,7
2025-02-21,hotel-demo-2,Uruguay,UY,8
2025-02-21,hotel-demo-2,Estados Unidos,US,3
2025-02-22,hotel-demo-1,Argentina,AR,101
2025-02-22,hotel-demo-1,Brasil,BR,22
2025-02-22,hotel-demo-1,Chile,CL,10
2025-02-22,hotel-demo-1,Uruguay,UY,8
2025-02-22,hotel-demo-2,Argentina,AR,54
2025-02-22,hotel-demo-2,Brasil,BR,12
2025-02-22,hotel-demo-2,Chile,CL,6
2025-02-22,hotel-demo-2,Uruguay,UY,5
2025-02-22,hotel-demo-2,Estados Unidos,US,7
2025-02-22,hotel-demo-2,España,ES,3
2025-02-22,hotel-demo-2,Alemania,DE,2
2025-02-22,hotel-demo-2,Francia,FR,2
2025-02-22,hotel-demo-2,México,MX,30
2025-02-23,hotel-demo-1,Argentina,AR,78
2025-02-23,hotel-demo-1,Brasil,BR,15
2025-02-23,hotel-demo-1,Chile,CL,6
2025-02-23,hotel-demo-1,Uruguay,UY,1
2025-02-23,hotel-demo-2,Argentina,AR,56
2025-02-23,hotel-demo-2,Brasil,BR,18
2025-02-23,hotel-demo-2,Chile,CL,6
2025-02-23,hotel-demo-2,Uruguay,UY,4
2025-02-23,hotel-demo-2,Estados Unidos,US,4
2025-02-23,hotel-demo-2,España,ES,3
2025-02-23,hotel-demo-2,Alemania,DE,2
2025-02-23,hotel-demo-2,Francia,FR,1
2025-02-23,hotel-demo-2,México,MX,5
2025-02-24,hotel-demo-1,Argentina,AR,93
2025-02-24,hotel-demo-1,Brasil,BR,22
2025-02-24,hotel-demo-1,Chile,CL,6
2025-02-24,hotel-demo-1,Uruguay,UY,6
2025-02-24,hotel-demo-1,Estados Unidos,US,1
2025-02-24,hotel-demo-2,Argentina,AR,79
2025-02-24,hotel-demo-2,Brasil,BR,12
2025-02-24,hotel-demo-2,Chile,CL,7
2025-02-24,hotel-demo-2,Uruguay,UY,7
2025-02-24,hotel-demo-2,Estados Unidos,US,6
2025-02-24,hotel-demo-2,España,ES,4
2025-02-24,hotel-demo-2,Alemania,DE,2
2025-02-25,hotel-demo-1,Argentina,AR,83
2025-02-25,hotel-demo-1,Brasil,BR,18
2025-02-25,hotel-demo-1,Chile,CL,6
2025-02-25,hotel-demo-1,Uruguay,UY,5
2025-02-25,hotel-demo-1,Estados Unidos,US,5
2025-02-25,hotel-demo-2,Argentina,AR,91
2025-02-25,hotel-demo-2,Brasil,BR,23
2025-02-25,hotel-demo-2,Chile,CL,8
2025-02-25,hotel-demo-2,Uruguay,UY,6
2025-02-26,hotel-demo-1,Argentina,AR,92
2025-02-26,hotel-demo-1,Brasil,BR,19
2025-02-26,hotel-demo-1,Chile,CL,7
2025-02-26,hotel-demo-1,Uruguay,UY,3
2025-02-26,hotel-demo-2,Argentina,AR,55
2025-02-26,hotel-demo-2,Brasil,BR,20
2025-02-26,hotel-demo-2,Chile,CL,6
2025-02-26,hotel-demo-2,Uruguay,UY,6
2025-02-26,hotel-demo-2,Estados Unidos,US,6
2025-02-26,hotel-demo-2,España,ES,3
2025-02-26,hotel-demo-2,Alemania,DE,2
2025-02-26,hotel-demo-2,Francia,FR,1
2025-02-26,hotel-demo-2,México,MX,21
2025-02-27,hotel-demo-1,Argentina,AR,84
2025-02-27,hotel-demo-1,Brasil,BR,14
2025-02-27,hotel-demo-1,Chile,CL,6
2025-02-27,hotel-demo-1,Uruguay,UY,6
2025-02-27,hotel-demo-1,Estados Unidos,US,4
2025-02-27,hotel-demo-2,Argentina,AR,75
2025-02-27,hotel-demo-2,Brasil,BR,21
2025-02-27,hotel-demo-2,Chile,CL,5
2025-02-27,hotel-demo-2,Uruguay,UY,6
2025-02-27,hotel-demo-2,Estados Unidos,US,8
2025-02-27,hotel-demo-2,España,ES,4
2025-02-27,hotel-demo-2,Alemania,DE,2
2025-02-28,hotel-demo-1,Argentina,AR,64
2025-02-28,hotel-demo-1,Brasil,BR,20
2025-02-28,hotel-demo-1,Chile,CL,7
2025-02-28,hotel-demo-1,Uruguay,UY,6
2025-02-28,hotel-demo-1,Estados Unidos,US,8
2025-02-28,hotel-demo-1,España,ES,3
2025-02-28,hotel-demo-1,Alemania,DE,3
2025-02-28,hotel-demo-1,Francia,FR,2
2025-02-28,hotel-demo-1,México,MX,14
2025-02-28,hotel-demo-2,Argentina,AR,78
2025-02-28,hotel-demo-2,Brasil,BR,15
2025-02-28,hotel-demo-2,Chile,CL,5
2025-02-28,hotel-demo-2,Uruguay,UY,4
2025-02-28,hotel-demo-2,Estados Unidos,US,4
2025-02-28,hotel-demo-2,España,ES,2
2025-03-01,hotel-demo-1,Argentina,AR,126
2025-03-01,hotel-demo-1,Brasil,BR,23
2025-03-01,hotel-demo-1,Chile,CL,10
2025-03-01,hotel-demo-1,Uruguay,UY,8
2025-03-01,hotel-demo-2,Argentina,AR,56
2025-03-01,hotel-demo-2,Brasil,BR,14
2025-03-01,hotel-demo-2,Chile,CL,5
2025-03-01,hotel-demo-2,Uruguay,UY,4
2025-03-01,hotel-demo-2,Estados Unidos,US,4
2025-03-01,hotel-demo-2,España,ES,2
2025-03-01,hotel-demo-2,Alemania,DE,2
2025-03-01,hotel-demo-2,Francia,FR,1
2025-03-01,hotel-demo-2,México,MX,2
2025-03-02,hotel-demo-1,Argentina,AR,98
2025-03-02,hotel-demo-1,Brasil,BR,23
2025-03-02,hotel-demo-1,Chile,CL,7
2025-03-02,hotel-demo-1,Uruguay,UY,8
2025-03-02,hotel-demo-1,Estados Unidos,US,9
2025-03-02,hotel-demo-1,España,ES,5
2025-03-02,hotel-demo-2,Argentina,AR,52
2025-03-02,hotel-demo-2,Brasil,BR,9
2025-03-02,hotel-demo-2,Chile,CL,4
2025-03-02,hotel-demo-2,Uruguay,UY,4
2025-03-02,hotel-demo-2,Estados Unidos,US,4
2025-03-02,hotel-demo-2,España,ES,1
2025-03-03,hotel-demo-1,Argentina,AR,76
2025-03-03,hotel-demo-1,Brasil,BR,19
2025-03-03,hotel-demo-1,Chile,CL,7
2025-03-03,hotel-demo-1,Uruguay,UY,5
2025-03-03,hotel-demo-1,Estados Unidos,US,8
2025-03-03,hotel-demo-1,España,ES,3
2025-03-03,hotel-demo-1,Alemania,DE,3
2025-03-03,hotel-demo-1,Francia,FR,2
2025-03-03,hotel-demo-1,México,MX,9
2025-03-03,hotel-demo-2,Argentina,AR,66
2025-03-03,hotel-demo-2,Brasil,BR,12
2025-03-03,hotel-demo-2,Chile,CL,4
2025-03-04,hotel-demo-1,Argentina,AR,69
2025-03-04,hotel-demo-1,Brasil,BR,23
2025-03-04,hotel-demo-1,Chile,CL,7
2025-03-04,hotel-demo-1,Uruguay,UY,6
2025-03-04,hotel-demo-1,Estados Unidos,US,10
2025-03-04,hotel-demo-1,España,ES,5
2025-03-04,hotel-demo-1,Alemania,DE,3
2025-03-04,hotel-demo-1,Francia,FR,2
2025-03-04,hotel-demo-1,México,MX,28
2025-03-04,hotel-demo-2,Argentina,AR,59
2025-03-04,hotel-demo-2,Brasil,BR,11
2025-03-04,hotel-demo-2,Chile,CL,5
2025-03-04,hotel-demo-2,Uruguay,UY,5
2025-03-04,hotel-demo-2,Estados Unidos,US,5
2025-03-04,hotel-demo-2,España,ES,2
2025-03-04,hotel-demo-2,Alemania,DE,2
2025-03-04,hotel-demo-2,Francia,FR,2
2025-03-04,hotel-demo-2,México,MX,1
2025-03-05,hotel-demo-1,Argentina,AR,123
2025-03-05,hotel-demo-1,Brasil,BR,28
2025-03-05,hotel-demo-1,Chile,CL,8
2025-03-05,hotel-demo-1,Uruguay,UY,1
2025-03-05,hotel-demo-2,Argentina,AR,55
2025-03-05,hotel-demo-2,Brasil,BR,14
2025-03-05,hotel-demo-2,Chile,CL,5
2025-03-05,hotel-demo-2,Uruguay,UY,5
2025-03-05,hotel-demo-2,Estados Unidos,US,4
2025-03-05,hotel-demo-2,España,ES,4
2025-03-05,hotel-demo-2,Alemania,DE,2
2025-03-05,hotel-demo-2,Francia,FR,2
2025-03-05,hotel-demo-2,México,MX,4
2025-03-06,hotel-demo-1,Argentina,AR,95
2025-03-06,hotel-demo-1,Brasil,BR,20
2025-03-06,hotel-demo-1,Chile,CL,6
2025-03-06,hotel-demo-1,Uruguay,UY,6
2025-03-06,hotel-demo-1,Estados Unidos,US,1
2025-03-06,hotel-demo-2,Argentina,AR,41
2025-03-06,hotel-demo-2,Brasil,BR,14
2025-03-06,hotel-demo-2,Chile,CL,4
2025-03-06,hotel-demo-2,Uruguay,UY,5
2025-03-06,hotel-demo-2,Estados Unidos,US,4
2025-03-06,hotel-demo-2,España,ES,2
2025-03-06,hotel-demo-2,Alemania,DE,2
2025-03-06,hotel-demo-2,Francia,FR,1
2025-03-06,hotel-demo-2,México,MX,16
2025-03-07,hotel-demo-1,Argentina,AR,103
2025-03-07,hotel-demo-1,Brasil,BR,23
2025-03-07,hotel-demo-1,Chile,CL,11
2025-03-07,hotel-demo-1,Uruguay,UY,9
2025-03-07,hotel-demo-1,Estados Unidos,US,7
2025-03-07,hotel-demo-2,Argentina,AR,50
2025-03-07,hotel-demo-2,Brasil,BR,16
2025-03-07,hotel-demo-2,Chile,CL,5
2025-03-07,hotel-demo-2,Uruguay,UY,6
2025-03-07,hotel-demo-2,Estados Unidos,US,4
2025-03-07,hotel-demo-2,España,ES,2
2025-03-07,hotel-demo-2,Alemania,DE,2
2025-03-07,hotel-demo-2,Francia,FR,1
2025-03-07,hotel-demo-2,México,MX,6
2025-03-08,hotel-demo-1,Argentina,AR,103
2025-03-08,hotel-demo-1,Brasil,BR,16
2025-03-08,hotel-demo-1,Chile,CL,11
2025-03-08,hotel-demo-1,Uruguay,UY,7
2025-03-08,hotel-demo-1,Estados Unidos,US,9
2025-03-08,hotel-demo-1,España,ES,5
2025-03-08,hotel-demo-1,Alemania,DE,4
2025-03-08,hotel-demo-1,Francia,FR,1
2025-03-08,hotel-demo-2,Argentina,AR,68
2025-03-08,hotel-demo-2,Brasil,BR,13
2025-03-08,hotel-demo-2,Chile,CL,4
2025-03-08,hotel-demo-2,Uruguay,UY,5
2025-03-08,hotel-demo-2,Estados Unidos,US,3
2025-03-08,hotel-demo-2,España,ES,1
2025-03-09,hotel-demo-1,Argentina,AR,95
2025-03-09,hotel-demo-1,Brasil,BR,23
2025-03-09,hotel-demo-1,Chile,CL,6
2025-03-09,hotel-demo-1,Uruguay,UY,7
2025-03-09,hotel-demo-1,Estados Unidos,US,5
2025-03-09,hotel-demo-1,España,ES,4
2025-03-09,hotel-demo-1,Alemania,DE,2
2025-03-09,hotel-demo-2,Argentina,AR,63
2025-03-09,hotel-demo-2,Brasil,BR,13
2025-03-09,hotel-demo-2,Chile,CL,6
2025-03-09,hotel-demo-2,Uruguay,UY,4
2025-03-09,hotel-demo-2,Estados Unidos,US,1
2025-03-10,hotel-demo-1,Argentina,AR,88
2025-03-10,hotel-demo-1,Brasil,BR,19
2025-03-10,hotel-demo-1,Chile,CL,8
2025-03-10,hotel-demo-1,Uruguay,UY,5
2025-03-10,hotel-demo-1,Estados Unidos,US,7
2025-03-10,hotel-demo-1,España,ES,5
2025-03-10,hotel-demo-1,Alemania,DE,2
2025-03-10,hotel-demo-1,Francia,FR,3
2025-03-10,hotel-demo-1,México,MX,16
2025-03-10,hotel-demo-2,Argentina,AR,49
2025-03-10,hotel-demo-2,Brasil,BR,11
2025-03-10,hotel-demo-2,Chile,CL,5
2025-03-10,hotel-demo-2,Uruguay,UY,5
2025-03-10,hotel-demo-2,Estados Unidos,US,4
2025-03-10,hotel-demo-2,España,ES,2
2025-03-10,hotel-demo-2,Alemania,DE,1
2025-03-10,hotel-demo-2,Francia,FR,2
2025-03-11,hotel-demo-1,Argentina,AR,98
2025-03-11,hotel-demo-1,Brasil,BR,30
2025-03-11,hotel-demo-1,Chile,CL,11
2025-03-11,hotel-demo-1,Uruguay,UY,7
2025-03-11,hotel-demo-1,Estados Unidos,US,12
2025-03-11,hotel-demo-1,España,ES,7
2025-03-11,hotel-demo-1,Alemania,DE,3
2025-03-11,hotel-demo-1,Francia,FR,2
2025-03-11,hotel-demo-1,México,MX,11
2025-03-11,hotel-demo-2,Argentina,AR,32
2025-03-11,hotel-demo-2,Brasil,BR,8
2025-03-11,hotel-demo-2,Chile,CL,4
2025-03-11,hotel-demo-2,Uruguay,UY,3
2025-03-11,hotel-demo-2,Estados Unidos,US,3
2025-03-11,hotel-demo-2,España,ES,3
2025-03-11,hotel-demo-2,Alemania,DE,1
2025-03-11,hotel-demo-2,Francia,FR,1
2025-03-11,hotel-demo-2,México,MX,17
2025-03-12,hotel-demo-1,Argentina,AR,91
2025-03-12,hotel-demo-1,Brasil,BR,23
2025-03-12,hotel-demo-1,Chile,CL,9
2025-03-12,hotel-demo-1,Uruguay,UY,9
2025-03-12,hotel-demo-1,Estados Unidos,US,6
2025-03-12,hotel-demo-1,España,ES,4
2025-03-12,hotel-demo-2,Argentina,AR,41
2025-03-12,hotel-demo-2,Brasil,BR,9
2025-03-12,hotel-demo-2,Chile,CL,4
2025-03-12,hotel-demo-2,Uruguay,UY,4
2025-03-12,hotel-demo-2,Estados Unidos,US,4
2025-03-12,hotel-demo-2,España,ES,3
2025-03-12,hotel-demo-2,Alemania,DE,2
2025-03-12,hotel-demo-2,Francia,FR,1
2025-03-12,hotel-demo-2,México,MX,23
2025-03-13,hotel-demo-1,Argentina,AR,67
2025-03-13,hotel-demo-1,Brasil,BR,20
2025-03-13,hotel-demo-1,Chile,CL,8
2025-03-13,hotel-demo-1,Uruguay,UY,5
2025-03-13,hotel-demo-1,Estados Unidos,US,4
2025-03-13,hotel-demo-1,España,ES,3
2025-03-13,hotel-demo-1,Alemania,DE,3
2025-03-13,hotel-demo-2,Argentina,AR,45
2025-03-13,hotel-demo-2,Brasil,BR,12
2025-03-13,hotel-demo-2,Chile,CL,5
2025-03-13,hotel-demo-2,Uruguay,UY,4
2025-03-13,hotel-demo-2,Estados Unidos,US,5
2025-03-13,hotel-demo-2,España,ES,3
2025-03-13,hotel-demo-2,Alemania,DE,2
2025-03-13,hotel-demo-2,Francia,FR,1
2025-03-13,hotel-demo-2,México,MX,4
2025-03-14,hotel-demo-1,Argentina,AR,72
2025-03-14,hotel-demo-1,Brasil,BR,24
2025-03-14,hotel-demo-1,Chile,CL,11
2025-03-14,hotel-demo-1,Uruguay,UY,7
2025-03-14,hotel-demo-1,Estados Unidos,US,10
2025-03-14,hotel-demo-1,España,ES,5
2025-03-14,hotel-demo-1,Alemania,DE,4
2025-03-14,hotel-demo-1,Francia,FR,2
2025-03-14,hotel-demo-1,México,MX,25
2025-03-14,hotel-demo-2,Argentina,AR,55
2025-03-14,hotel-demo-2,Brasil,BR,12
2025-03-14,hotel-demo-2,Chile,CL,4
2025-03-14,hotel-demo-2,Uruguay,UY,4
2025-03-14,hotel-demo-2,Estados Unidos,US,5
2025-03-14,hotel-demo-2,España,ES,4
2025-03-14,hotel-demo-2,Alemania,DE,1
2025-03-14,hotel-demo-2,Francia,FR,1
2025-03-14,hotel-demo-2,México,MX,8
2025-03-15,hotel-demo-1,Argentina,AR,144
2025-03-15,hotel-demo-1,Brasil,BR,26
2025-03-15,hotel-demo-1,Chile,CL,14
2025-03-15,hotel-demo-1,Uruguay,UY,5
2025-03-15,hotel-demo-2,Argentina,AR,71
2025-03-15,hotel-demo-2,Brasil,BR,11
2025-03-15,hotel-demo-2,Chile,CL,6
2025-03-15,hotel-demo-2,Uruguay,UY,6
2025-03-15,hotel-demo-2,Estados Unidos,US,6
2025-03-16,hotel-demo-1,Argentina,AR,100
2025-03-16,hotel-demo-1,Brasil,BR,16
2025-03-16,hotel-demo-1,Chile,CL,11
2025-03-16,hotel-demo-1,Uruguay,UY,7
2025-03-16,hotel-demo-1,Estados Unidos,US,6
2025-03-16,hotel-demo-1,España,ES,5
2025-03-16,hotel-demo-1,Alemania,DE,4
2025-03-16,hotel-demo-1,Francia,FR,2
2025-03-16,hotel-demo-1,México,MX,3
2025-03-16,hotel-demo-2,Argentina,AR,62
2025-03-16,hotel-demo-2,Brasil,BR,9
2025-03-16,hotel-demo-2,Chile,CL,5
2025-03-16,hotel-demo-2,Uruguay,UY,3
2025-03-16,hotel-demo-2,Estados Unidos,US,4
2025-03-17,hotel-demo-1,Argentina,AR,78
2025-03-17,hotel-demo-1,Brasil,BR,19
2025-03-17,hotel-demo-1,Chile,CL,7
2025-03-17,hotel-demo-1,Uruguay,UY,8
2025-03-17,hotel-demo-1,Estados Unidos,US,6
2025-03-17,hotel-demo-1,España,ES,5
2025-03-17,hotel-demo-1,Alemania,DE,2
2025-03-17,hotel-demo-1,Francia,FR,3
2025-03-17,hotel-demo-1,México,MX,10
2025-03-17,hotel-demo-2,Argentina,AR,68
2025-03-17,hotel-demo-2,Brasil,BR,10
2025-03-17,hotel-demo-2,Chile,CL,7
2025-03-17,hotel-demo-2,Uruguay,UY,3
2025-03-17,hotel-demo-2,Estados Unidos,US,1
2025-03-18,hotel-demo-1,Argentina,AR,76
2025-03-18,hotel-demo-1,Brasil,BR,20
2025-03-18,hotel-demo-1,Chile,CL,6
2025-03-18,hotel-demo-1,Uruguay,UY,6
2025-03-18,hotel-demo-1,Estados Unidos,US,6
2025-03-18,hotel-demo-1,España,ES,3
2025-03-18,hotel-demo-1,Alemania,DE,2
2025-03-18,hotel-demo-1,Francia,FR,3
2025-03-18,hotel-demo-1,México,MX,26
2025-03-18,hotel-demo-2,Argentina,AR,61
2025-03-18,hotel-demo-2,Brasil,BR,17
2025-03-18,hotel-demo-2,Chile,CL,7
2025-03-18,hotel-demo-2,Uruguay,UY,6
2025-03-18,hotel-demo-2,Estados Unidos,US,6
2025-03-18,hotel-demo-2,España,ES,4
2025-03-18,hotel-demo-2,Alemania,DE,1
2025-03-19,hotel-demo-1,Argentina,AR,90
2025-03-19,hotel-demo-1,Brasil,BR,26
2025-03-19,hotel-demo-1,Chile,CL,13
2025-03-19,hotel-demo-1,Uruguay,UY,11
2025-03-19,hotel-demo-1,Estados Unidos,US,10
2025-03-19,hotel-demo-1,España,ES,5
2025-03-19,hotel-demo-1,Alemania,DE,4
2025-03-19,hotel-demo-1,Francia,FR,3
2025-03-19,hotel-demo-1,México,MX,10
2025-03-19,hotel-demo-2,Argentina,AR,50
2025-03-19,hotel-demo-2,Brasil,BR,12
2025-03-19,hotel-demo-2,Chile,CL,6
2025-03-19,hotel-demo-2,Uruguay,UY,6
2025-03-19,hotel-demo-2,Estados Unidos,US,5
2025-03-19,hotel-demo-2,España,ES,3
2025-03-19,hotel-demo-2,Alemania,DE,2
2025-03-19,hotel-demo-2,Francia,FR,2
2025-03-19,hotel-demo-2,México,MX,12
2025-03-20,hotel-demo-1,Argentina,AR,119
2025-03-20,hotel-demo-1,Brasil,BR,20
2025-03-20,hotel-demo-1,Chile,CL,8
2025-03-20,hotel-demo-1,Uruguay,UY,1
2025-03-20,hotel-demo-2,Argentina,AR,45
2025-03-20,hotel-demo-2,Brasil,BR,9
2025-03-20,hotel-demo-2,Chile,CL,5
2025-03-20,hotel-demo-2,Uruguay,UY,3
2025-03-20,hotel-demo-2,Estados Unidos,US,3
2025-03-20,hotel-demo-2,España,ES,3
2025-03-20,hotel-demo-2,Alemania,DE,1
2025-03-20,hotel-demo-2,Francia,FR,1
2025-03-20,hotel-demo-2,México,MX,5
2025-03-21,hotel-demo-1,Argentina,AR,111
2025-03-21,hotel-demo-1,Brasil,BR,26
2025-03-21,hotel-demo-1,Chile,CL,6
2025-03-21,hotel-demo-1,Uruguay,UY,2
2025-03-21,hotel-demo-2,Argentina,AR,76
2025-03-21,hotel-demo-2,Brasil,BR,13
2025-03-21,hotel-demo-2,Chile,CL,7
2025-03-21,hotel-demo-2,Uruguay,UY,2
2025-03-22,hotel-demo-1,Argentina,AR,132
2025-03-22,hotel-demo-1,Brasil,BR,20
2025-03-22,hotel-demo-1,Chile,CL,8
2025-03-22,hotel-demo-1,Uruguay,UY,6
2025-03-22,hotel-demo-1,Estados Unidos,US,5
2025-03-22,hotel-demo-2,Argentina,AR,82
2025-03-22,hotel-demo-2,Brasil,BR,18
2025-03-22,hotel-demo-2,Chile,CL,6
2025-03-22,hotel-demo-2,Uruguay,UY,5
2025-03-22,hotel-demo-2,Estados Unidos,US,3
2025-03-23,hotel-demo-1,Argentina,AR,66
2025-03-23,hotel-demo-1,Brasil,BR,23
2025-03-23,hotel-demo-1,Chile,CL,9
2025-03-23,hotel-demo-1,Uruguay,UY,8
2025-03-23,hotel-demo-1,Estados Unidos,US,7
2025-03-23,hotel-demo-1,España,ES,5
2025-03-23,hotel-demo-1,Alemania,DE,3
2025-03-23,hotel-demo-1,Francia,FR,3
2025-03-23,hotel-demo-1,México,MX,7
2025-03-23,hotel-demo-2,Argentina,AR,54
2025-03-23,hotel-demo-2,Brasil,BR,8
2025-03-23,hotel-demo-2,Chile,CL,6
2025-03-23,hotel-demo-2,Uruguay,UY,5
2025-03-23,hotel-demo-2,Estados Unidos,US,4
2025-03-23,hotel-demo-2,España,ES,3
2025-03-24,hotel-demo-1,Argentina,AR,132
2025-03-24,hotel-demo-1,Brasil,BR,24
2025-03-24,hotel-demo-1,Chile,CL,12
2025-03-24,hotel-demo-1,Uruguay,UY,2
2025-03-24,hotel-demo-2,Argentina,AR,40
2025-03-24,hotel-demo-2,Brasil,BR,11
2025-03-24,hotel-demo-2,Chile,CL,5
2025-03-24,hotel-demo-2,Uruguay,UY,4
2025-03-24,hotel-demo-2,Estados Unidos,US,3
2025-03-24,hotel-demo-2,España,ES,3
2025-03-24,hotel-demo-2,Alemania,DE,2
2025-03-24,hotel-demo-2,Francia,FR,1
2025-03-24,hotel-demo-2,México,MX,23
2025-03-25,hotel-demo-1,Argentina,AR,65
2025-03-25,hotel-demo-1,Brasil,BR,20
2025-03-25,hotel-demo-1,Chile,CL,6
2025-03-25,hotel-demo-1,Uruguay,UY,7
2025-03-25,hotel-demo-1,Estados Unidos,US,4
2025-03-25,hotel-demo-1,España,ES,3
2025-03-25,hotel-demo-1,Alemania,DE,3
2025-03-25,hotel-demo-1,Francia,FR,1
2025-03-25,hotel-demo-1,México,MX,9
2025-03-25,hotel-demo-2,Argentina,AR,54
2025-03-25,hotel-demo-2,Brasil,BR,13
2025-03-25,hotel-demo-2,Chile,CL,6
2025-03-25,hotel-demo-2,Uruguay,UY,4
2025-03-25,hotel-demo-2,Estados Unidos,US,3
2025-03-25,hotel-demo-2,España,ES,2
2025-03-25,hotel-demo-2,Alemania,DE,2
2025-03-25,hotel-demo-2,Francia,FR,1
2025-03-25,hotel-demo-2,México,MX,9
2025-03-26,hotel-demo-1,Argentina,AR,73
2025-03-26,hotel-demo-1,Brasil,BR,17
2025-03-26,hotel-demo-1,Chile,CL,10
2025-03-26,hotel-demo-1,Uruguay,UY,6
2025-03-26,hotel-demo-1,Estados Unidos,US,6
2025-03-26,hotel-demo-1,España,ES,5
2025-03-26,hotel-demo-1,Alemania,DE,3
2025-03-26,hotel-demo-1,Francia,FR,2
2025-03-26,hotel-demo-1,México,MX,24
2025-03-26,hotel-demo-2,Argentina,AR,53
2025-03-26,hotel-demo-2,Brasil,BR,17
2025-03-26,hotel-demo-2,Chile,CL,7
2025-03-26,hotel-demo-2,Uruguay,UY,4
2025-03-26,hotel-demo-2,Estados Unidos,US,6
2025-03-26,hotel-demo-2,España,ES,3
2025-03-26,hotel-demo-2,Alemania,DE,2
2025-03-26,hotel-demo-2,Francia,FR,1
2025-03-26,hotel-demo-2,México,MX,4
2025-03-27,hotel-demo-1,Argentina,AR,78
2025-03-27,hotel-demo-1,Brasil,BR,28
2025-03-27,hotel-demo-1,Chile,CL,12
2025-03-27,hotel-demo-1,Uruguay,UY,7
2025-03-27,hotel-demo-1,Estados Unidos,US,7
2025-03-27,hotel-demo-1,España,ES,4
2025-03-27,hotel-demo-1,Alemania,DE,4
2025-03-27,hotel-demo-1,Francia,FR,3
2025-03-27,hotel-demo-1,México,MX,15
2025-03-27,hotel-demo-2,Argentina,AR,69
2025-03-27,hotel-demo-2,Brasil,BR,13
2025-03-27,hotel-demo-2,Chile,CL,7
2025-03-27,hotel-demo-2,Uruguay,UY,2
2025-03-28,hotel-demo-1,Argentina,AR,146
2025-03-28,hotel-demo-1,Brasil,BR,24
2025-03-28,hotel-demo-1,Chile,CL,11
2025-03-28,hotel-demo-1,Uruguay,UY,2
2025-03-28,hotel-demo-2,Argentina,AR,47
2025-03-28,hotel-demo-2,Brasil,BR,14
2025-03-28,hotel-demo-2,Chile,CL,4
2025-03-28,hotel-demo-2,Uruguay,UY,5
2025-03-28,hotel-demo-2,Estados Unidos,US,4
2025-03-28,hotel-demo-2,España,ES,2
2025-03-28,hotel-demo-2,Alemania,DE,2
2025-03-28,hotel-demo-2,Francia,FR,2
2025-03-28,hotel-demo-2,México,MX,14
2025-03-29,hotel-demo-1,Argentina,AR,101
2025-03-29,hotel-demo-1,Brasil,BR,19
2025-03-29,hotel-demo-1,Chile,CL,8
2025-03-29,hotel-demo-1,Uruguay,UY,7
2025-03-29,hotel-demo-1,Estados Unidos,US,6
2025-03-29,hotel-demo-1,España,ES,5
2025-03-29,hotel-demo-2,Argentina,AR,52
2025-03-29,hotel-demo-2,Brasil,BR,10
2025-03-29,hotel-demo-2,Chile,CL,6
2025-03-29,hotel-demo-2,Uruguay,UY,6
2025-03-29,hotel-demo-2,Estados Unidos,US,4
2025-03-29,hotel-demo-2,España,ES,3
2025-03-29,hotel-demo-2,Alemania,DE,2
2025-03-29,hotel-demo-2,Francia,FR,1
2025-03-29,hotel-demo-2,México,MX,6
2025-03-30,hotel-demo-1,Argentina,AR,82
2025-03-30,hotel-demo-1,Brasil,BR,18
2025-03-30,hotel-demo-1,Chile,CL,7
2025-03-30,hotel-demo-1,Uruguay,UY,9
2025-03-30,hotel-demo-1,Estados Unidos,US,7
2025-03-30,hotel-demo-1,España,ES,5
2025-03-30,hotel-demo-1,Alemania,DE,2
2025-03-30,hotel-demo-1,Francia,FR,2
2025-03-30,hotel-demo-1,México,MX,19
2025-03-30,hotel-demo-2,Argentina,AR,39
2025-03-30,hotel-demo-2,Brasil,BR,9
2025-03-30,hotel-demo-2,Chile,CL,6
2025-03-30,hotel-demo-2,Uruguay,UY,3
2025-03-30,hotel-demo-2,Estados Unidos,US,3
2025-03-30,hotel-demo-2,España,ES,2
2025-03-30,hotel-demo-2,Alemania,DE,1
2025-03-30,hotel-demo-2,Francia,FR,1
2025-03-30,hotel-demo-2,México,MX,14
2025-03-31,hotel-demo-1,Argentina,AR,61
2025-03-31,hotel-demo-1,Brasil,BR,15
2025-03-31,hotel-demo-1,Chile,CL,5
2025-03-31,hotel-demo-1,Uruguay,UY,7
2025-03-31,hotel-demo-1,Estados Unidos,US,4
2025-03-31,hotel-demo-1,España,ES,4
2025-03-31,hotel-demo-1,Alemania,DE,2
2025-03-31,hotel-demo-1,Francia,FR,1
2025-03-31,hotel-demo-1,México,MX,12
2025-03-31,hotel-demo-2,Argentina,AR,40
2025-03-31,hotel-demo-2,Brasil,BR,16
2025-03-31,hotel-demo-2,Chile,CL,5
2025-03-31,hotel-demo-2,Uruguay,UY,5
2025-03-31,hotel-demo-2,Estados Unidos,US,5
2025-03-31,hotel-demo-2,España,ES,3
2025-03-31,hotel-demo-2,Alemania,DE,1
2025-03-31,hotel-demo-2,Francia,FR,1
2025-03-31,hotel-demo-2,México,MX,15
2025-04-01,hotel-demo-1,Argentina,AR,107
2025-04-01,hotel-demo-1,Brasil,BR,21
2025-04-01,hotel-demo-1,Chile,CL,9
2025-04-01,hotel-demo-1,Uruguay,UY,9
2025-04-01,hotel-demo-1,Estados Unidos,US,10
2025-04-01,hotel-demo-1,España,ES,4
2025-04-01,hotel-demo-1,Alemania,DE,4
2025-04-01,hotel-demo-1,Francia,FR,2
2025-04-01,hotel-demo-2,Argentina,AR,58
2025-04-01,hotel-demo-2,Brasil,BR,9
2025-04-01,hotel-demo-2,Chile,CL,5
2025-04-01,hotel-demo-2,Uruguay,UY,3
2025-04-02,hotel-demo-1,Argentina,AR,72
2025-04-02,hotel-demo-1,Brasil,BR,18
2025-04-02,hotel-demo-1,Chile,CL,10
2025-04-02,hotel-demo-1,Uruguay,UY,7
2025-04-02,hotel-demo-1,Estados Unidos,US,6
2025-04-02,hotel-demo-1,España,ES,4
2025-04-02,hotel-demo-1,Alemania,DE,3
2025-04-02,hotel-demo-1,Francia,FR,2
2025-04-02,hotel-demo-1,México,MX,29
2025-04-02,hotel-demo-2,Argentina,AR,46
2025-04-02,hotel-demo-2,Brasil,BR,11
2025-04-02,hotel-demo-2,Chile,CL,5
2025-04-02,hotel-demo-2,Uruguay,UY,3
2025-04-02,hotel-demo-2,Estados Unidos,US,4
2025-04-02,hotel-demo-2,España,ES,3
2025-04-03,hotel-demo-1,Argentina,AR,100
2025-04-03,hotel-demo-1,Brasil,BR,17
2025-04-03,hotel-demo-1,Chile,CL,11
2025-04-03,hotel-demo-1,Uruguay,UY,10
2025-04-03,hotel-demo-1,Estados Unidos,US,8
2025-04-03,hotel-demo-1,España,ES,5
2025-04-03,hotel-demo-1,Alemania,DE,3
2025-04-03,hotel-demo-1,Francia,FR,2
2025-04-03,hotel-demo-2,Argentina,AR,46
2025-04-03,hotel-demo-2,Brasil,BR,8
2025-04-03,hotel-demo-2,Chile,CL,3
2025-04-03,hotel-demo-2,Uruguay,UY,3
2025-04-03,hotel-demo-2,Estados Unidos,US,4
2025-04-03,hotel-demo-2,España,ES,2
2025-04-03,hotel-demo-2,Alemania,DE,1
2025-04-03,hotel-demo-2,Francia,FR,1
2025-04-04,hotel-demo-1,Argentina,AR,82
2025-04-04,hotel-demo-1,Brasil,BR,28
2025-04-04,hotel-demo-1,Chile,CL,9
2025-04-04,hotel-demo-1,Uruguay,UY,6
2025-04-04,hotel-demo-1,Estados Unidos,US,7
2025-04-04,hotel-demo-1,España,ES,4
2025-04-04,hotel-demo-1,Alemania,DE,3
2025-04-04,hotel-demo-1,Francia,FR,2
2025-04-04,hotel-demo-1,México,MX,24
2025-04-04,hotel-demo-2,Argentina,AR,70
2025-04-04,hotel-demo-2,Brasil,BR,16
2025-04-04,hotel-demo-2,Chile,CL,5
2025-04-05,hotel-demo-1,Argentina,AR,139
2025-04-05,hotel-demo-1,Brasil,BR,21
2025-04-05,hotel-demo-1,Chile,CL,10
2025-04-05,hotel-demo-1,Uruguay,UY,11
2025-04-05,hotel-demo-1,Estados Unidos,US,5
2025-04-05,hotel-demo-2,Argentina,AR,64
2025-04-05,hotel-demo-2,Brasil,BR,12
2025-04-05,hotel-demo-2,Chile,CL,6
2025-04-05,hotel-demo-2,Uruguay,UY,1
2025-04-06,hotel-demo-1,Argentina,AR,74
2025-04-06,hotel-demo-1,Brasil,BR,20
2025-04-06,hotel-demo-1,Chile,CL,10
2025-04-06,hotel-demo-1,Uruguay,UY,5
2025-04-06,hotel-demo-1,Estados Unidos,US,7
2025-04-06,hotel-demo-1,España,ES,5
2025-04-06,hotel-demo-1,Alemania,DE,2
2025-04-06,hotel-demo-1,Francia,FR,2
2025-04-06,hotel-demo-1,México,MX,14
2025-04-06,hotel-demo-2,Argentina,AR,35
2025-04-06,hotel-demo-2,Brasil,BR,7
2025-04-06,hotel-demo-2,Chile,CL,3
2025-04-06,hotel-demo-2,Uruguay,UY,4
2025-04-06,hotel-demo-2,Estados Unidos,US,2
2025-04-06,hotel-demo-2,España,ES,2
2025-04-06,hotel-demo-2,Alemania,DE,1
2025-04-06,hotel-demo-2,Francia,FR,1
2025-04-06,hotel-demo-2,México,MX,9
2025-04-07,hotel-demo-1,Argentina,AR,93
2025-04-07,hotel-demo-1,Brasil,BR,25
2025-04-07,hotel-demo-1,Chile,CL,9
2025-04-07,hotel-demo-1,Uruguay,UY,9
2025-04-07,hotel-demo-1,Estados Unidos,US,8
2025-04-07,hotel-demo-1,España,ES,3
2025-04-07,hotel-demo-1,Alemania,DE,3
2025-04-07,hotel-demo-1,Francia,FR,1
2025-04-07,hotel-demo-2,Argentina,AR,33
2025-04-07,hotel-demo-2,Brasil,BR,7
2025-04-07,hotel-demo-2,Chile,CL,3
2025-04-07,hotel-demo-2,Uruguay,UY,3
2025-04-07,hotel-demo-2,Estados Unidos,US,2
2025-04-07,hotel-demo-2,España,ES,2
2025-04-07,hotel-demo-2,Alemania,DE,1
2025-04-07,hotel-demo-2,Francia,FR,1
2025-04-07,hotel-demo-2,México,MX,9
2025-04-08,hotel-demo-1,Argentina,AR,89
2025-04-08,hotel-demo-1,Brasil,BR,20
2025-04-08,hotel-demo-1,Chile,CL,6
2025-04-08,hotel-demo-1,Uruguay,UY,5
2025-04-08,hotel-demo-1,Estados Unidos,US,8
2025-04-08,hotel-demo-1,España,ES,5
2025-04-08,hotel-demo-1,Alemania,DE,3
2025-04-08,hotel-demo-1,Francia,FR,2
2025-04-08,hotel-demo-1,México,MX,5
2025-04-08,hotel-demo-2,Argentina,AR,33
2025-04-08,hotel-demo-2,Brasil,BR,8
2025-04-08,hotel-demo-2,Chile,CL,3
2025-04-08,hotel-demo-2,Uruguay,UY,3
2025-04-08,hotel-demo-2,Estados Unidos,US,4
2025-04-08,hotel-demo-2,España,ES,2
2025-04-08,hotel-demo-2,Alemania,DE,2
2025-04-08,hotel-demo-2,Francia,FR,1
2025-04-08,hotel-demo-2,México,MX,11
2025-04-09,hotel-demo-1,Argentina,AR,99
2025-04-09,hotel-demo-1,Brasil,BR,24
2025-04-09,hotel-demo-1,Chile,CL,6
2025-04-09,hotel-demo-1,Uruguay,UY,8
2025-04-09,hotel-demo-1,Estados Unidos,US,8
2025-04-09,hotel-demo-1,España,ES,4
2025-04-09,hotel-demo-2,Argentina,AR,60
2025-04-09,hotel-demo-2,Brasil,BR,14
2025-04-09,hotel-demo-2,Chile,CL,4
2025-04-10,hotel-demo-1,Argentina,AR,65
2025-04-10,hotel-demo-1,Brasil,BR,14
2025-04-10,hotel-demo-1,Chile,CL,9
2025-04-10,hotel-demo-1,Uruguay,UY,7
2025-04-10,hotel-demo-1,Estados Unidos,US,6
2025-04-10,hotel-demo-1,España,ES,3
2025-04-10,hotel-demo-1,Alemania,DE,3
2025-04-10,hotel-demo-1,Francia,FR,2
2025-04-10,hotel-demo-1,México,MX,23
2025-04-10,hotel-demo-2,Argentina,AR,50
2025-04-10,hotel-demo-2,Brasil,BR,10
2025-04-10,hotel-demo-2,Chile,CL,4
2025-04-10,hotel-demo-2,Uruguay,UY,3
2025-04-10,hotel-demo-2,Estados Unidos,US,4
2025-04-11,hotel-demo-1,Argentina,AR,113
2025-04-11,hotel-demo-1,Brasil,BR,25
2025-04-11,hotel-demo-1,Chile,CL,9
2025-04-11,hotel-demo-1,Uruguay,UY,8
2025-04-11,hotel-demo-1,Estados Unidos,US,1
2025-04-11,hotel-demo-2,Argentina,AR,64
2025-04-11,hotel-demo-2,Brasil,BR,18
2025-04-11,hotel-demo-2,Chile,CL,4
2025-04-11,hotel-demo-2,Uruguay,UY,4
2025-04-11,hotel-demo-2,Estados Unidos,US,4
2025-04-11,hotel-demo-2,España,ES,3
2025-04-11,hotel-demo-2,Alemania,DE,2
2025-04-11,hotel-demo-2,Francia,FR,2
2025-04-11,hotel-demo-2,México,MX,1
2025-04-12,hotel-demo-1,Argentina,AR,85
2025-04-12,hotel-demo-1,Brasil,BR,32
2025-04-12,hotel-demo-1,Chile,CL,9
2025-04-12,hotel-demo-1,Uruguay,UY,12
2025-04-12,hotel-demo-1,Estados Unidos,US,8
2025-04-12,hotel-demo-1,España,ES,6
2025-04-12,hotel-demo-1,Alemania,DE,3
2025-04-12,hotel-demo-1,Francia,FR,3
2025-04-12,hotel-demo-1,México,MX,28
2025-04-12,hotel-demo-2,Argentina,AR,36
2025-04-12,hotel-demo-2,Brasil,BR,12
2025-04-12,hotel-demo-2,Chile,CL,5
2025-04-12,hotel-demo-2,Uruguay,UY,4
2025-04-12,hotel-demo-2,Estados Unidos,US,5
2025-04-12,hotel-demo-2,España,ES,2
2025-04-12,hotel-demo-2,Alemania,DE,1
2025-04-12,hotel-demo-2,Francia,FR,2
2025-04-12,hotel-demo-2,México,MX,11
2025-04-13,hotel-demo-1,Argentina,AR,72
2025-04-13,hotel-demo-1,Brasil,BR,17
2025-04-13,hotel-demo-1,Chile,CL,7
2025-04-13,hotel-demo-1,Uruguay,UY,9
2025-04-13,hotel-demo-1,Estados Unidos,US,9
2025-04-13,hotel-demo-1,España,ES,5
2025-04-13,hotel-demo-1,Alemania,DE,4
2025-04-13,hotel-demo-1,Francia,FR,3
2025-04-13,hotel-demo-1,México,MX,34
2025-04-13,hotel-demo-2,Argentina,AR,30
2025-04-13,hotel-demo-2,Brasil,BR,8
2025-04-13,hotel-demo-2,Chile,CL,5
2025-04-13,hotel-demo-2,Uruguay,UY,4
2025-04-13,hotel-demo-2,Estados Unidos,US,2
2025-04-13,hotel-demo-2,España,ES,2
2025-04-13,hotel-demo-2,Alemania,DE,2
2025-04-13,hotel-demo-2,Francia,FR,1
2025-04-13,hotel-demo-2,México,MX,15
2025-04-14,hotel-demo-1,Argentina,AR,137
2025-04-14,hotel-demo-1,Brasil,BR,19
2025-04-14,hotel-demo-1,Chile,CL,12
2025-04-14,hotel-demo-1,Uruguay,UY,4
2025-04-14,hotel-demo-2,Argentina,AR,50
2025-04-14,hotel-demo-2,Brasil,BR,8
2025-04-14,hotel-demo-2,Chile,CL,4
2025-04-14,hotel-demo-2,Uruguay,UY,3
2025-04-14,hotel-demo-2,Estados Unidos,US,3
2025-04-14,hotel-demo-2,España,ES,1
2025-04-15,hotel-demo-1,Argentina,AR,85
2025-04-15,hotel-demo-1,Brasil,BR,20
2025-04-15,hotel-demo-1,Chile,CL,7
2025-04-15,hotel-demo-1,Uruguay,UY,7
2025-04-15,hotel-demo-1,Estados Unidos,US,6
2025-04-15,hotel-demo-1,España,ES,5
2025-04-15,hotel-demo-1,Alemania,DE,4
2025-04-15,hotel-demo-1,Francia,FR,2
2025-04-15,hotel-demo-1,México,MX,23
2025-04-15,hotel-demo-2,Argentina,AR,39
2025-04-15,hotel-demo-2,Brasil,BR,8
2025-04-15,hotel-demo-2,Chile,CL,4
2025-04-15,hotel-demo-2,Uruguay,UY,4
2025-04-15,hotel-demo-2,Estados Unidos,US,2
2025-04-15,hotel-demo-2,España,ES,2
2025-04-15,hotel-demo-2,Alemania,DE,1
2025-04-15,hotel-demo-2,Francia,FR,1
2025-04-15,hotel-demo-2,México,MX,3
2025-04-16,hotel-demo-1,Argentina,AR,111
2025-04-16,hotel-demo-1,Brasil,BR,28
2025-04-16,hotel-demo-1,Chile,CL,12
2025-04-16,hotel-demo-1,Uruguay,UY,8
2025-04-16,hotel-demo-1,Estados Unidos,US,9
2025-04-16,hotel-demo-2,Argentina,AR,37
2025-04-16,hotel-demo-2,Brasil,BR,7
2025-04-16,hotel-demo-2,Chile,CL,4
2025-04-16,hotel-demo-2,Uruguay,UY,3
2025-04-16,hotel-demo-2,Estados Unidos,US,4
2025-04-16,hotel-demo-2,España,ES,2
2025-04-16,hotel-demo-2,Alemania,DE,1
2025-04-16,hotel-demo-2,Francia,FR,1
2025-04-16,hotel-demo-2,México,MX,3
2025-04-17,hotel-demo-1,Argentina,AR,87
2025-04-17,hotel-demo-1,Brasil,BR,18
2025-04-17,hotel-demo-1,Chile,CL,11
2025-04-17,hotel-demo-1,Uruguay,UY,10
2025-04-17,hotel-demo-1,Estados Unidos,US,9
2025-04-17,hotel-demo-1,España,ES,5
2025-04-17,hotel-demo-1,Alemania,DE,3
2025-04-17,hotel-demo-1,Francia,FR,2
2025-04-17,hotel-demo-1,México,MX,10
2025-04-17,hotel-demo-2,Argentina,AR,50
2025-04-17,hotel-demo-2,Brasil,BR,10
2025-04-17,hotel-demo-2,Chile,CL,5
2025-04-17,hotel-demo-2,Uruguay,UY,3
2025-04-18,hotel-demo-1,Argentina,AR,128
2025-04-18,hotel-demo-1,Brasil,BR,26
2025-04-18,hotel-demo-1,Chile,CL,10
2025-04-18,hotel-demo-1,Uruguay,UY,10
2025-04-18,hotel-demo-1,Estados Unidos,US,4
2025-04-18,hotel-demo-2,Argentina,AR,48
2025-04-18,hotel-demo-2,Brasil,BR,8
2025-04-18,hotel-demo-2,Chile,CL,5
2025-04-18,hotel-demo-2,Uruguay,UY,3
2025-04-18,hotel-demo-2,Estados Unidos,US,4
2025-04-18,hotel-demo-2,España,ES,3
2025-04-18,hotel-demo-2,Alemania,DE,2
2025-04-18,hotel-demo-2,Francia,FR,1
2025-04-19,hotel-demo-1,Argentina,AR,107
2025-04-19,hotel-demo-1,Brasil,BR,26
2025-04-19,hotel-demo-1,Chile,CL,14
2025-04-19,hotel-demo-1,Uruguay,UY,7
2025-04-19,hotel-demo-1,Estados Unidos,US,10
2025-04-19,hotel-demo-1,España,ES,4
2025-04-19,hotel-demo-1,Alemania,DE,4
2025-04-19,hotel-demo-1,Francia,FR,2
2025-04-19,hotel-demo-1,México,MX,7
2025-04-19,hotel-demo-2,Argentina,AR,44
2025-04-19,hotel-demo-2,Brasil,BR,12
2025-04-19,hotel-demo-2,Chile,CL,3
2025-04-19,hotel-demo-2,Uruguay,UY,4
2025-04-19,hotel-demo-2,Estados Unidos,US,3
2025-04-19,hotel-demo-2,España,ES,2
2025-04-20,hotel-demo-1,Argentina,AR,124
2025-04-20,hotel-demo-1,Brasil,BR,17
2025-04-20,hotel-demo-1,Chile,CL,8
2025-04-20,hotel-demo-1,Uruguay,UY,9
2025-04-20,hotel-demo-1,Estados Unidos,US,4
2025-04-20,hotel-demo-2,Argentina,AR,36
2025-04-20,hotel-demo-2,Brasil,BR,8
2025-04-20,hotel-demo-2,Chile,CL,3
2025-04-20,hotel-demo-2,Uruguay,UY,3
2025-04-20,hotel-demo-2,Estados Unidos,US,4
2025-04-20,hotel-demo-2,España,ES,1
2025-04-20,hotel-demo-2,Alemania,DE,1
2025-04-21,hotel-demo-1,Argentina,AR,125
2025-04-21,hotel-demo-1,Brasil,BR,27
2025-04-21,hotel-demo-1,Chile,CL,9
2025-04-21,hotel-demo-1,Uruguay,UY,6
2025-04-21,hotel-demo-2,Argentina,AR,50
2025-04-21,hotel-demo-2,Brasil,BR,12
2025-04-21,hotel-demo-2,Chile,CL,6
2025-04-21,hotel-demo-2,Uruguay,UY,4
2025-04-21,hotel-demo-2,Estados Unidos,US,5
2025-04-21,hotel-demo-2,España,ES,2
2025-04-21,hotel-demo-2,Alemania,DE,1
2025-04-22,hotel-demo-1,Argentina,AR,105
2025-04-22,hotel-demo-1,Brasil,BR,25
2025-04-22,hotel-demo-1,Chile,CL,9
2025-04-22,hotel-demo-1,Uruguay,UY,7
2025-04-22,hotel-demo-1,Estados Unidos,US,9
2025-04-22,hotel-demo-1,España,ES,6
2025-04-22,hotel-demo-1,Alemania,DE,3
2025-04-22,hotel-demo-1,Francia,FR,2
2025-04-22,hotel-demo-1,México,MX,1
2025-04-22,hotel-demo-2,Argentina,AR,36
2025-04-22,hotel-demo-2,Brasil,BR,10
2025-04-22,hotel-demo-2,Chile,CL,5
2025-04-22,hotel-demo-2,Uruguay,UY,3
2025-04-22,hotel-demo-2,Estados Unidos,US,5
2025-04-22,hotel-demo-2,España,ES,2
2025-04-22,hotel-demo-2,Alemania,DE,2
2025-04-22,hotel-demo-2,Francia,FR,1
2025-04-22,hotel-demo-2,México,MX,15
2025-04-23,hotel-demo-1,Argentina,AR,121
2025-04-23,hotel-demo-1,Brasil,BR,27
2025-04-23,hotel-demo-1,Chile,CL,10
2025-04-23,hotel-demo-1,Uruguay,UY,8
2025-04-23,hotel-demo-2,Argentina,AR,63
2025-04-23,hotel-demo-2,Brasil,BR,9
2025-04-23,hotel-demo-2,Chile,CL,5
2025-04-23,hotel-demo-2,Uruguay,UY,2
2025-04-24,hotel-demo-1,Argentina,AR,72
2025-04-24,hotel-demo-1,Brasil,BR,15
2025-04-24,hotel-demo-1,Chile,CL,9
2025-04-24,hotel-demo-1,Uruguay,UY,5
2025-04-24,hotel-demo-1,Estados Unidos,US,6
2025-04-24,hotel-demo-1,España,ES,5
2025-04-24,hotel-demo-1,Alemania,DE,2
2025-04-24,hotel-demo-1,Francia,FR,2
2025-04-24,hotel-demo-1,México,MX,29
2025-04-24,hotel-demo-2,Argentina,AR,37
2025-04-24,hotel-demo-2,Brasil,BR,12
2025-04-24,hotel-demo-2,Chile,CL,4
2025-04-24,hotel-demo-2,Uruguay,UY,3
2025-04-24,hotel-demo-2,Estados Unidos,US,3
2025-04-24,hotel-demo-2,España,ES,3
2025-04-24,hotel-demo-2,Alemania,DE,2
2025-04-24,hotel-demo-2,Francia,FR,1
2025-04-24,hotel-demo-2,México,MX,16
2025-04-25,hotel-demo-1,Argentina,AR,118
2025-04-25,hotel-demo-1,Brasil,BR,29
2025-04-25,hotel-demo-1,Chile,CL,10
2025-04-25,hotel-demo-1,Uruguay,UY,9
2025-04-25,hotel-demo-1,Estados Unidos,US,5
2025-04-25,hotel-demo-2,Argentina,AR,56
2025-04-25,hotel-demo-2,Brasil,BR,11
2025-04-25,hotel-demo-2,Chile,CL,4
2025-04-25,hotel-demo-2,Uruguay,UY,4
2025-04-25,hotel-demo-2,Estados Unidos,US,1
2025-04-26,hotel-demo-1,Argentina,AR,72
2025-04-26,hotel-demo-1,Brasil,BR,21
2025-04-26,hotel-demo-1,Chile,CL,9
2025-04-26,hotel-demo-1,Uruguay,UY,10
2025-04-26,hotel-demo-1,Estados Unidos,US,7
2025-04-26,hotel-demo-1,España,ES,4
2025-04-26,hotel-demo-1,Alemania,DE,3
2025-04-26,hotel-demo-1,Francia,FR,2
2025-04-26,hotel-demo-1,México,MX,23
2025-04-26,hotel-demo-2,Argentina,AR,44
2025-04-26,hotel-demo-2,Brasil,BR,13
2025-04-26,hotel-demo-2,Chile,CL,4
2025-04-26,hotel-demo-2,Uruguay,UY,6
2025-04-26,hotel-demo-2,Estados Unidos,US,5
2025-04-26,hotel-demo-2,España,ES,3
2025-04-26,hotel-demo-2,Alemania,DE,2
2025-04-26,hotel-demo-2,Francia,FR,2
2025-04-26,hotel-demo-2,México,MX,13
2025-04-27,hotel-demo-1,Argentina,AR,93
2025-04-27,hotel-demo-1,Brasil,BR,14
2025-04-27,hotel-demo-1,Chile,CL,8
2025-04-27,hotel-demo-1,Uruguay,UY,8
2025-04-27,hotel-demo-1,Estados Unidos,US,6
2025-04-27,hotel-demo-1,España,ES,5
2025-04-27,hotel-demo-1,Alemania,DE,2
2025-04-27,hotel-demo-2,Argentina,AR,27
2025-04-27,hotel-demo-2,Brasil,BR,9
2025-04-27,hotel-demo-2,Chile,CL,3
2025-04-27,hotel-demo-2,Uruguay,UY,3
2025-04-27,hotel-demo-2,Estados Unidos,US,3
2025-04-27,hotel-demo-2,España,ES,2
2025-04-27,hotel-demo-2,Alemania,DE,1
2025-04-27,hotel-demo-2,Francia,FR,1
2025-04-27,hotel-demo-2,México,MX,10
2025-04-28,hotel-demo-1,Argentina,AR,130
2025-04-28,hotel-demo-1,Brasil,BR,28
2025-04-28,hotel-demo-1,Chile,CL,10
2025-04-28,hotel-demo-2,Argentina,AR,49
2025-04-28,hotel-demo-2,Brasil,BR,10
2025-04-28,hotel-demo-2,Chile,CL,4
2025-04-28,hotel-demo-2,Uruguay,UY,2
2025-04-29,hotel-demo-1,Argentina,AR,93
2025-04-29,hotel-demo-1,Brasil,BR,18
2025-04-29,hotel-demo-1,Chile,CL,11
2025-04-29,hotel-demo-1,Uruguay,UY,9
2025-04-29,hotel-demo-1,Estados Unidos,US,6
2025-04-29,hotel-demo-1,España,ES,5
2025-04-29,hotel-demo-1,Alemania,DE,3
2025-04-29,hotel-demo-1,Francia,FR,3
2025-04-29,hotel-demo-1,México,MX,13
2025-04-29,hotel-demo-2,Argentina,AR,32
2025-04-29,hotel-demo-2,Brasil,BR,10
2025-04-29,hotel-demo-2,Chile,CL,5
2025-04-29,hotel-demo-2,Uruguay,UY,3
2025-04-29,hotel-demo-2,Estados Unidos,US,4
2025-04-29,hotel-demo-2,España,ES,2
2025-04-29,hotel-demo-2,Alemania,DE,2
2025-04-29,hotel-demo-2,Francia,FR,1
2025-04-29,hotel-demo-2,México,MX,7
2025-04-30,hotel-demo-1,Argentina,AR,93
2025-04-30,hotel-demo-1,Brasil,BR,17
2025-04-30,hotel-demo-1,Chile,CL,9
2025-04-30,hotel-demo-1,Uruguay,UY,8
2025-04-30,hotel-demo-1,Estados Unidos,US,1
2025-04-30,hotel-demo-2,Argentina,AR,33
2025-04-30,hotel-demo-2,Brasil,BR,11
2025-04-30,hotel-demo-2,Chile,CL,5
2025-04-30,hotel-demo-2,Uruguay,UY,3
2025-04-30,hotel-demo-2,Estados Unidos,US,3
2025-04-30,hotel-demo-2,España,ES,2
2025-04-30,hotel-demo-2,Alemania,DE,1
2025-04-30,hotel-demo-2,Francia,FR,1
2025-04-30,hotel-demo-2,México,MX,8
2025-05-01,hotel-demo-1,Argentina,AR,83
2025-05-01,hotel-demo-1,Brasil,BR,20
2025-05-01,hotel-demo-1,Chile,CL,11
2025-05-01,hotel-demo-1,Uruguay,UY,10
2025-05-01,hotel-demo-1,Estados Unidos,US,6
2025-05-01,hotel-demo-1,España,ES,6
2025-05-01,hotel-demo-1,Alemania,DE,4
2025-05-01,hotel-demo-1,Francia,FR,3
2025-05-01,hotel-demo-1,México,MX,13
2025-05-01,hotel-demo-2,Argentina,AR,48
2025-05-01,hotel-demo-2,Brasil,BR,12
2025-05-01,hotel-demo-2,Chile,CL,3
2025-05-01,hotel-demo-2,Uruguay,UY,4
2025-05-01,hotel-demo-2,Estados Unidos,US,1
2025-05-02,hotel-demo-1,Argentina,AR,109
2025-05-02,hotel-demo-1,Brasil,BR,22
2025-05-02,hotel-demo-1,Chile,CL,9
2025-05-02,hotel-demo-1,Uruguay,UY,11
2025-05-02,hotel-demo-1,Estados Unidos,US,8
2025-05-02,hotel-demo-1,España,ES,4
2025-05-02,hotel-demo-1,Alemania,DE,3
2025-05-02,hotel-demo-1,Francia,FR,3
2025-05-02,hotel-demo-1,México,MX,1
2025-05-02,hotel-demo-2,Argentina,AR,37
2025-05-02,hotel-demo-2,Brasil,BR,11
2025-05-02,hotel-demo-2,Chile,CL,3
2025-05-02,hotel-demo-2,Uruguay,UY,4
2025-05-02,hotel-demo-2,Estados Unidos,US,4
2025-05-02,hotel-demo-2,España,ES,2
2025-05-02,hotel-demo-2,Alemania,DE,2
2025-05-02,hotel-demo-2,Francia,FR,1
2025-05-02,hotel-demo-2,México,MX,9
2025-05-03,hotel-demo-1,Argentina,AR,88
2025-05-03,hotel-demo-1,Brasil,BR,20
2025-05-03,hotel-demo-1,Chile,CL,7
2025-05-03,hotel-demo-1,Uruguay,UY,7
2025-05-03,hotel-demo-1,Estados Unidos,US,6
2025-05-03,hotel-demo-1,España,ES,6
2025-05-03,hotel-demo-1,Alemania,DE,3
2025-05-03,hotel-demo-1,Francia,FR,2
2025-05-03,hotel-demo-1,México,MX,15
2025-05-03,hotel-demo-2,Argentina,AR,31
2025-05-03,hotel-demo-2,Brasil,BR,8
2025-05-03,hotel-demo-2,Chile,CL,4
2025-05-03,hotel-demo-2,Uruguay,UY,2
2025-05-03,hotel-demo-2,Estados Unidos,US,4
2025-05-03,hotel-demo-2,España,ES,2
2025-05-03,hotel-demo-2,Alemania,DE,1
2025-05-03,hotel-demo-2,Francia,FR,1
2025-05-03,hotel-demo-2,México,MX,7
2025-05-04,hotel-demo-1,Argentina,AR,97
2025-05-04,hotel-demo-1,Brasil,BR,20
2025-05-04,hotel-demo-1,Chile,CL,7
2025-05-04,hotel-demo-1,Uruguay,UY,8
2025-05-04,hotel-demo-1,Estados Unidos,US,6
2025-05-04,hotel-demo-1,España,ES,4
2025-05-04,hotel-demo-1,Alemania,DE,3
2025-05-04,hotel-demo-1,Francia,FR,2
2025-05-04,hotel-demo-1,México,MX,1
2025-05-04,hotel-demo-2,Argentina,AR,31
2025-05-04,hotel-demo-2,Brasil,BR,7
2025-05-04,hotel-demo-2,Chile,CL,2
2025-05-04,hotel-demo-2,Uruguay,UY,2
2025-05-05,hotel-demo-1,Argentina,AR,79
2025-05-05,hotel-demo-1,Brasil,BR,22
2025-05-05,hotel-demo-1,Chile,CL,10
2025-05-05,hotel-demo-1,Uruguay,UY,7
2025-05-05,hotel-demo-1,Estados Unidos,US,7
2025-05-05,hotel-demo-1,España,ES,5
2025-05-05,hotel-demo-1,Alemania,DE,3
2025-05-05,hotel-demo-1,Francia,FR,3
2025-05-05,hotel-demo-1,México,MX,11
2025-05-05,hotel-demo-2,Argentina,AR,36
2025-05-05,hotel-demo-2,Brasil,BR,8
2025-05-05,hotel-demo-2,Chile,CL,3
2025-05-05,hotel-demo-2,Uruguay,UY,4
2025-05-05,hotel-demo-2,Estados Unidos,US,4
2025-05-05,hotel-demo-2,España,ES,1
2025-05-05,hotel-demo-2,Alemania,DE,1
2025-05-05,hotel-demo-2,Francia,FR,1
2025-05-05,hotel-demo-2,México,MX,2
2025-05-06,hotel-demo-1,Argentina,AR,95
2025-05-06,hotel-demo-1,Brasil,BR,21
2025-05-06,hotel-demo-1,Chile,CL,8
2025-05-06,hotel-demo-1,Uruguay,UY,8
2025-05-06,hotel-demo-1,Estados Unidos,US,8
2025-05-06,hotel-demo-1,España,ES,5
2025-05-06,hotel-demo-1,Alemania,DE,4
2025-05-06,hotel-demo-1,Francia,FR,2
2025-05-06,hotel-demo-1,México,MX,20
2025-05-06,hotel-demo-2,Argentina,AR,42
2025-05-06,hotel-demo-2,Brasil,BR,10
2025-05-06,hotel-demo-2,Chile,CL,3
2025-05-06,hotel-demo-2,Uruguay,UY,4
2025-05-06,hotel-demo-2,Estados Unidos,US,4
2025-05-07,hotel-demo-1,Argentina,AR,79
2025-05-07,hotel-demo-1,Brasil,BR,21
2025-05-07,hotel-demo-1,Chile,CL,8
2025-05-07,hotel-demo-1,Uruguay,UY,10
2025-05-07,hotel-demo-1,Estados Unidos,US,8
2025-05-07,hotel-demo-1,España,ES,6
2025-05-07,hotel-demo-1,Alemania,DE,3
2025-05-07,hotel-demo-1,Francia,FR,2
2025-05-07,hotel-demo-1,México,MX,22
2025-05-07,hotel-demo-2,Argentina,AR,18
2025-05-07,hotel-demo-2,Brasil,BR,5
2025-05-07,hotel-demo-2,Chile,CL,2
2025-05-07,hotel-demo-2,Uruguay,UY,2
2025-05-07,hotel-demo-2,Estados Unidos,US,1
2025-05-07,hotel-demo-2,España,ES,1
2025-05-07,hotel-demo-2,Alemania,DE,1
2025-05-07,hotel-demo-2,Francia,FR,1
2025-05-07,hotel-demo-2,México,MX,10
2025-05-08,hotel-demo-1,Argentina,AR,82
2025-05-08,hotel-demo-1,Brasil,BR,19
2025-05-08,hotel-demo-1,Chile,CL,9
2025-05-08,hotel-demo-1,Uruguay,UY,8
2025-05-08,hotel-demo-1,Estados Unidos,US,7
2025-05-08,hotel-demo-1,España,ES,6
2025-05-08,hotel-demo-1,Alemania,DE,3
2025-05-08,hotel-demo-1,Francia,FR,2
2025-05-08,hotel-demo-1,México,MX,28
2025-05-08,hotel-demo-2,Argentina,AR,43
2025-05-08,hotel-demo-2,Brasil,BR,9
2025-05-08,hotel-demo-2,Chile,CL,3
2025-05-08,hotel-demo-2,Uruguay,UY,4
2025-05-08,hotel-demo-2,Estados Unidos,US,1
2025-05-09,hotel-demo-1,Argentina,AR,88
2025-05-09,hotel-demo-1,Brasil,BR,25
2025-05-09,hotel-demo-1,Chile,CL,11
2025-05-09,hotel-demo-1,Uruguay,UY,7
2025-05-09,hotel-demo-1,Estados Unidos,US,10
2025-05-09,hotel-demo-1,España,ES,4
2025-05-09,hotel-demo-1,Alemania,DE,3
2025-05-09,hotel-demo-1,Francia,FR,2
2025-05-09,hotel-demo-1,México,MX,21
2025-05-09,hotel-demo-2,Argentina,AR,33
2025-05-09,hotel-demo-2,Brasil,BR,10
2025-05-09,hotel-demo-2,Chile,CL,3
2025-05-09,hotel-demo-2,Uruguay,UY,3
2025-05-09,hotel-demo-2,Estados Unidos,US,3
2025-05-09,hotel-demo-2,España,ES,1
2025-05-09,hotel-demo-2,Alemania,DE,1
2025-05-09,hotel-demo-2,Francia,FR,1
2025-05-09,hotel-demo-2,México,MX,5
2025-05-10,hotel-demo-1,Argentina,AR,120
2025-05-10,hotel-demo-1,Brasil,BR,23
2025-05-10,hotel-demo-1,Chile,CL,12
2025-05-10,hotel-demo-1,Uruguay,UY,8
2025-05-10,hotel-demo-1,Estados Unidos,US,7
2025-05-10,hotel-demo-2,Argentina,AR,38
2025-05-10,hotel-demo-2,Brasil,BR,10
2025-05-10,hotel-demo-2,Chile,CL,5
2025-05-10,hotel-demo-2,Uruguay,UY,5
2025-05-10,hotel-demo-2,Estados Unidos,US,4
2025-05-10,hotel-demo-2,España,ES,2
2025-05-10,hotel-demo-2,Alemania,DE,1
2025-05-10,hotel-demo-2,Francia,FR,1
2025-05-10,hotel-demo-2,México,MX,10
2025-05-11,hotel-demo-1,Argentina,AR,78
2025-05-11,hotel-demo-1,Brasil,BR,21
2025-05-11,hotel-demo-1,Chile,CL,9
2025-05-11,hotel-demo-1,Uruguay,UY,9
2025-05-11,hotel-demo-1,Estados Unidos,US,6
2025-05-11,hotel-demo-1,España,ES,3
2025-05-11,hotel-demo-1,Alemania,DE,3
2025-05-11,hotel-demo-1,Francia,FR,2
2025-05-11,hotel-demo-1,México,MX,9
2025-05-11,hotel-demo-2,Argentina,AR,24
2025-05-11,hotel-demo-2,Brasil,BR,5
2025-05-11,hotel-demo-2,Chile,CL,4
2025-05-11,hotel-demo-2,Uruguay,UY,3
2025-05-11,hotel-demo-2,Estados Unidos,US,3
2025-05-11,hotel-demo-2,España,ES,2
2025-05-11,hotel-demo-2,Alemania,DE,1
2025-05-11,hotel-demo-2,Francia,FR,1
2025-05-11,hotel-demo-2,México,MX,11
2025-05-12,hotel-demo-1,Argentina,AR,108
2025-05-12,hotel-demo-1,Brasil,BR,30
2025-05-12,hotel-demo-1,Chile,CL,12
2025-05-12,hotel-demo-1,Uruguay,UY,11
2025-05-12,hotel-demo-1,Estados Unidos,US,10
2025-05-12,hotel-demo-2,Argentina,AR,30
2025-05-12,hotel-demo-2,Brasil,BR,6
2025-05-12,hotel-demo-2,Chile,CL,4
2025-05-12,hotel-demo-2,Uruguay,UY,3
2025-05-12,hotel-demo-2,Estados Unidos,US,3
2025-05-12,hotel-demo-2,España,ES,2
2025-05-12,hotel-demo-2,Alemania,DE,1
2025-05-12,hotel-demo-2,Francia,FR,1
2025-05-13,hotel-demo-1,Argentina,AR,95
2025-05-13,hotel-demo-1,Brasil,BR,24
2025-05-13,hotel-demo-1,Chile,CL,11
2025-05-13,hotel-demo-1,Uruguay,UY,6
2025-05-13,hotel-demo-1,Estados Unidos,US,8
2025-05-13,hotel-demo-1,España,ES,4
2025-05-13,hotel-demo-1,Alemania,DE,2
2025-05-13,hotel-demo-1,Francia,FR,2
2025-05-13,hotel-demo-1,México,MX,4
2025-05-13,hotel-demo-2,Argentina,AR,30
2025-05-13,hotel-demo-2,Brasil,BR,7
2025-05-13,hotel-demo-2,Chile,CL,2
2025-05-13,hotel-demo-2,Uruguay,UY,2
2025-05-13,hotel-demo-2,Estados Unidos,US,3
2025-05-13,hotel-demo-2,España,ES,1
2025-05-14,hotel-demo-1,Argentina,AR,73
2025-05-14,hotel-demo-1,Brasil,BR,16
2025-05-14,hotel-demo-1,Chile,CL,10
2025-05-14,hotel-demo-1,Uruguay,UY,7
2025-05-14,hotel-demo-1,Estados Unidos,US,8
2025-05-14,hotel-demo-1,España,ES,5
2025-05-14,hotel-demo-1,Alemania,DE,4
2025-05-14,hotel-demo-1,Francia,FR,3
2025-05-14,hotel-demo-1,México,MX,19
2025-05-14,hotel-demo-2,Argentina,AR,26
2025-05-14,hotel-demo-2,Brasil,BR,7
2025-05-14,hotel-demo-2,Chile,CL,3
2025-05-14,hotel-demo-2,Uruguay,UY,2
2025-05-14,hotel-demo-2,Estados Unidos,US,3
2025-05-14,hotel-demo-2,España,ES,2
2025-05-14,hotel-demo-2,Alemania,DE,1
2025-05-14,hotel-demo-2,Francia,FR,1
2025-05-14,hotel-demo-2,México,MX,1
2025-05-15,hotel-demo-1,Argentina,AR,118
2025-05-15,hotel-demo-1,Brasil,BR,23
2025-05-15,hotel-demo-1,Chile,CL,8
2025-05-15,hotel-demo-1,Uruguay,UY,6
2025-05-15,hotel-demo-1,Estados Unidos,US,1
2025-05-15,hotel-demo-2,Argentina,AR,37
2025-05-15,hotel-demo-2,Brasil,BR,8
2025-05-15,hotel-demo-2,Chile,CL,4
2025-05-15,hotel-demo-2,Uruguay,UY,2
2025-05-15,hotel-demo-2,Estados Unidos,US,1
2025-05-16,hotel-demo-1,Argentina,AR,103
2025-05-16,hotel-demo-1,Brasil,BR,21
2025-05-16,hotel-demo-1,Chile,CL,11
2025-05-16,hotel-demo-1,Uruguay,UY,6
2025-05-16,hotel-demo-1,Estados Unidos,US,10
2025-05-16,hotel-demo-1,España,ES,4
2025-05-16,hotel-demo-1,Alemania,DE,2
2025-05-16,hotel-demo-1,Francia,FR,3
2025-05-16,hotel-demo-1,México,MX,3
2025-05-16,hotel-demo-2,Argentina,AR,31
2025-05-16,hotel-demo-2,Brasil,BR,8
2025-05-16,hotel-demo-2,Chile,CL,3
2025-05-16,hotel-demo-2,Uruguay,UY,3
2025-05-16,hotel-demo-2,Estados Unidos,US,2
2025-05-16,hotel-demo-2,España,ES,2
2025-05-16,hotel-demo-2,Alemania,DE,2
2025-05-16,hotel-demo-2,Francia,FR,1
2025-05-16,hotel-demo-2,México,MX,8
2025-05-17,hotel-demo-1,Argentina,AR,154
2025-05-17,hotel-demo-1,Brasil,BR,22
2025-05-17,hotel-demo-1,Chile,CL,14
2025-05-17,hotel-demo-1,Uruguay,UY,5
2025-05-17,hotel-demo-2,Argentina,AR,39
2025-05-17,hotel-demo-2,Brasil,BR,7
2025-05-17,hotel-demo-2,Chile,CL,4
2025-05-17,hotel-demo-2,Uruguay,UY,3
2025-05-17,hotel-demo-2,Estados Unidos,US,2
2025-05-17,hotel-demo-2,España,ES,2
2025-05-17,hotel-demo-2,Alemania,DE,1
2025-05-18,hotel-demo-1,Argentina,AR,56
2025-05-18,hotel-demo-1,Brasil,BR,13
2025-05-18,hotel-demo-1,Chile,CL,6
2025-05-18,hotel-demo-1,Uruguay,UY,5
2025-05-18,hotel-demo-1,Estados Unidos,US,7
2025-05-18,hotel-demo-1,España,ES,3
2025-05-18,hotel-demo-1,Alemania,DE,2
2025-05-18,hotel-demo-1,Francia,FR,2
2025-05-18,hotel-demo-1,México,MX,34
2025-05-18,hotel-demo-2,Argentina,AR,35
2025-05-18,hotel-demo-2,Brasil,BR,8
2025-05-18,hotel-demo-2,Chile,CL,3
2025-05-18,hotel-demo-2,Uruguay,UY,3
2025-05-18,hotel-demo-2,Estados Unidos,US,3
2025-05-18,hotel-demo-2,España,ES,2
2025-05-18,hotel-demo-2,Alemania,DE,1
2025-05-18,hotel-demo-2,Francia,FR,1
2025-05-19,hotel-demo-1,Argentina,AR,78
2025-05-19,hotel-demo-1,Brasil,BR,16
2025-05-19,hotel-demo-1,Chile,CL,7
2025-05-19,hotel-demo-1,Uruguay,UY,9
2025-05-19,hotel-demo-1,Estados Unidos,US,7
2025-05-19,hotel-demo-1,España,ES,5
2025-05-19,hotel-demo-1,Alemania,DE,3
2025-05-19,hotel-demo-1,Francia,FR,2
2025-05-19,hotel-demo-1,México,MX,23
2025-05-19,hotel-demo-2,Argentina,AR,23
2025-05-19,hotel-demo-2,Brasil,BR,5
2025-05-19,hotel-demo-2,Chile,CL,2
2025-05-19,hotel-demo-2,Uruguay,UY,2
2025-05-19,hotel-demo-2,Estados Unidos,US,2
2025-05-19,hotel-demo-2,España,ES,1
2025-05-19,hotel-demo-2,Alemania,DE,1
2025-05-19,hotel-demo-2,México,MX,1
2025-05-20,hotel-demo-1,Argentina,AR,136
2025-05-20,hotel-demo-1,Brasil,BR,24
2025-05-20,hotel-demo-1,Chile,CL,8
2025-05-20,hotel-demo-1,Uruguay,UY,8
2025-05-20,hotel-demo-1,Estados Unidos,US,2
2025-05-20,hotel-demo-2,Argentina,AR,40
2025-05-20,hotel-demo-2,Brasil,BR,10
2025-05-20,hotel-demo-2,Chile,CL,4
2025-05-20,hotel-demo-2,Uruguay,UY,2
2025-05-20,hotel-demo-2,Estados Unidos,US,3
2025-05-20,hotel-demo-2,España,ES,2
2025-05-20,hotel-demo-2,Alemania,DE,1
2025-05-21,hotel-demo-1,Argentina,AR,128
2025-05-21,hotel-demo-1,Brasil,BR,29
2025-05-21,hotel-demo-1,Chile,CL,11
2025-05-21,hotel-demo-1,Uruguay,UY,8
2025-05-21,hotel-demo-1,Estados Unidos,US,7
2025-05-21,hotel-demo-2,Argentina,AR,41
2025-05-21,hotel-demo-2,Brasil,BR,7
2025-05-21,hotel-demo-2,Chile,CL,3
2025-05-21,hotel-demo-2,Uruguay,UY,2
2025-05-22,hotel-demo-1,Argentina,AR,99
2025-05-22,hotel-demo-1,Brasil,BR,29
2025-05-22,hotel-demo-1,Chile,CL,10
2025-05-22,hotel-demo-1,Uruguay,UY,8
2025-05-22,hotel-demo-1,Estados Unidos,US,7
2025-05-22,hotel-demo-1,España,ES,6
2025-05-22,hotel-demo-1,Alemania,DE,2
2025-05-22,hotel-demo-2,Argentina,AR,36
2025-05-22,hotel-demo-2,Brasil,BR,6
2025-05-22,hotel-demo-2,Chile,CL,2
2025-05-22,hotel-demo-2,Uruguay,UY,1
2025-05-23,hotel-demo-1,Argentina,AR,140
2025-05-23,hotel-demo-1,Brasil,BR,29
2025-05-23,hotel-demo-1,Chile,CL,12
2025-05-23,hotel-demo-1,Uruguay,UY,6
2025-05-23,hotel-demo-2,Argentina,AR,39
2025-05-23,hotel-demo-2,Brasil,BR,10
2025-05-23,hotel-demo-2,Chile,CL,4
2025-05-23,hotel-demo-2,Uruguay,UY,3
2025-05-23,hotel-demo-2,Estados Unidos,US,2
2025-05-23,hotel-demo-2,España,ES,1
2025-05-24,hotel-demo-1,Argentina,AR,143
2025-05-24,hotel-demo-1,Brasil,BR,32
2025-05-24,hotel-demo-1,Chile,CL,9
2025-05-24,hotel-demo-2,Argentina,AR,36
2025-05-24,hotel-demo-2,Brasil,BR,6
2025-05-24,hotel-demo-2,Chile,CL,2
2025-05-24,hotel-demo-2,Uruguay,UY,3
2025-05-24,hotel-demo-2,Estados Unidos,US,3
2025-05-24,hotel-demo-2,España,ES,1
2025-05-24,hotel-demo-2,Alemania,DE,1
2025-05-24,hotel-demo-2,Francia,FR,1
2025-05-24,hotel-demo-2,México,MX,3
2025-05-25,hotel-demo-1,Argentina,AR,117
2025-05-25,hotel-demo-1,Brasil,BR,24
2025-05-25,hotel-demo-1,Chile,CL,10
2025-05-25,hotel-demo-1,Uruguay,UY,2
2025-05-25,hotel-demo-2,Argentina,AR,35
2025-05-25,hotel-demo-2,Brasil,BR,6
2025-05-25,hotel-demo-2,Chile,CL,2
2025-05-25,hotel-demo-2,Uruguay,UY,3
2025-05-25,hotel-demo-2,Estados Unidos,US,2
2025-05-25,hotel-demo-2,España,ES,2
2025-05-25,hotel-demo-2,Alemania,DE,1
2025-05-25,hotel-demo-2,Francia,FR,1
2025-05-25,hotel-demo-2,México,MX,1
2025-05-26,hotel-demo-1,Argentina,AR,86
2025-05-26,hotel-demo-1,Brasil,BR,16
2025-05-26,hotel-demo-1,Chile,CL,11
2025-05-26,hotel-demo-1,Uruguay,UY,8
2025-05-26,hotel-demo-1,Estados Unidos,US,9
2025-05-26,hotel-demo-1,España,ES,5
2025-05-26,hotel-demo-1,Alemania,DE,3
2025-05-26,hotel-demo-1,Francia,FR,2
2025-05-26,hotel-demo-1,México,MX,10
2025-05-26,hotel-demo-2,Argentina,AR,27
2025-05-26,hotel-demo-2,Brasil,BR,6
2025-05-26,hotel-demo-2,Chile,CL,3
2025-05-26,hotel-demo-2,Uruguay,UY,2
2025-05-26,hotel-demo-2,Estados Unidos,US,2
2025-05-26,hotel-demo-2,España,ES,1
2025-05-26,hotel-demo-2,Alemania,DE,1
2025-05-26,hotel-demo-2,Francia,FR,1
2025-05-26,hotel-demo-2,México,MX,8
2025-05-27,hotel-demo-1,Argentina,AR,93
2025-05-27,hotel-demo-1,Brasil,BR,14
2025-05-27,hotel-demo-1,Chile,CL,11
2025-05-27,hotel-demo-1,Uruguay,UY,9
2025-05-27,hotel-demo-1,Estados Unidos,US,9
2025-05-27,hotel-demo-1,España,ES,4
2025-05-27,hotel-demo-1,Alemania,DE,3
2025-05-27,hotel-demo-1,Francia,FR,2
2025-05-27,hotel-demo-1,México,MX,1
2025-05-27,hotel-demo-2,Argentina,AR,36
2025-05-27,hotel-demo-2,Brasil,BR,7
2025-05-27,hotel-demo-2,Chile,CL,3
2025-05-27,hotel-demo-2,Uruguay,UY,2
2025-05-27,hotel-demo-2,Estados Unidos,US,2
2025-05-28,hotel-demo-1,Argentina,AR,123
2025-05-28,hotel-demo-1,Brasil,BR,19
2025-05-28,hotel-demo-1,Chile,CL,9
2025-05-28,hotel-demo-1,Uruguay,UY,10
2025-05-28,hotel-demo-1,Estados Unidos,US,11
2025-05-28,hotel-demo-1,España,ES,4
2025-05-28,hotel-demo-2,Argentina,AR,28
2025-05-28,hotel-demo-2,Brasil,BR,9
2025-05-28,hotel-demo-2,Chile,CL,3
2025-05-28,hotel-demo-2,Uruguay,UY,2
2025-05-28,hotel-demo-2,Estados Unidos,US,2
2025-05-28,hotel-demo-2,España,ES,2
2025-05-28,hotel-demo-2,Alemania,DE,1
2025-05-28,hotel-demo-2,Francia,FR,1
2025-05-28,hotel-demo-2,México,MX,2
2025-05-29,hotel-demo-1,Argentina,AR,120
2025-05-29,hotel-demo-1,Brasil,BR,25
2025-05-29,hotel-demo-1,Chile,CL,10
2025-05-29,hotel-demo-2,Argentina,AR,24
2025-05-29,hotel-demo-2,Brasil,BR,6
2025-05-29,hotel-demo-2,Chile,CL,3
2025-05-29,hotel-demo-2,Uruguay,UY,3
2025-05-29,hotel-demo-2,Estados Unidos,US,2
2025-05-29,hotel-demo-2,España,ES,1
2025-05-29,hotel-demo-2,Alemania,DE,1
2025-05-29,hotel-demo-2,Francia,FR,1
2025-05-29,hotel-demo-2,México,MX,4
2025-05-30,hotel-demo-1,Argentina,AR,105
2025-05-30,hotel-demo-1,Brasil,BR,27
2025-05-30,hotel-demo-1,Chile,CL,10
2025-05-30,hotel-demo-1,Uruguay,UY,11
2025-05-30,hotel-demo-1,Estados Unidos,US,8
2025-05-30,hotel-demo-1,España,ES,5
2025-05-30,hotel-demo-1,Alemania,DE,4
2025-05-30,hotel-demo-1,Francia,FR,2
2025-05-30,hotel-demo-1,México,MX,8
2025-05-30,hotel-demo-2,Argentina,AR,38
2025-05-30,hotel-demo-2,Brasil,BR,7
2025-05-30,hotel-demo-2,Chile,CL,4
2025-05-30,hotel-demo-2,Uruguay,UY,3
2025-05-30,hotel-demo-2,Estados Unidos,US,4
2025-05-30,hotel-demo-2,España,ES,1
2025-05-30,hotel-demo-2,Alemania,DE,1
2025-05-31,hotel-demo-1,Argentina,AR,142
2025-05-31,hotel-demo-1,Brasil,BR,22
2025-05-31,hotel-demo-1,Chile,CL,10
2025-05-31,hotel-demo-1,Uruguay,UY,9
2025-05-31,hotel-demo-1,Estados Unidos,US,10
2025-05-31,hotel-demo-2,Argentina,AR,40
2025-05-31,hotel-demo-2,Brasil,BR,7
2025-05-31,hotel-demo-2,Chile,CL,4
2025-05-31,hotel-demo-2,Uruguay,UY,2
2025-05-31,hotel-demo-2,Estados Unidos,US,2
2025-06-01,hotel-demo-1,Argentina,AR,96
2025-06-01,hotel-demo-1,Brasil,BR,23
2025-06-01,hotel-demo-1,Chile,CL,7
2025-06-01,hotel-demo-1,Uruguay,UY,4
2025-06-01,hotel-demo-2,Argentina,AR,24
2025-06-01,hotel-demo-2,Brasil,BR,6
2025-06-01,hotel-demo-2,Chile,CL,4
2025-06-01,hotel-demo-2,Uruguay,UY,3
2025-06-01,hotel-demo-2,Estados Unidos,US,3
2025-06-01,hotel-demo-2,España,ES,2
2025-06-01,hotel-demo-2,Alemania,DE,1
2025-06-01,hotel-demo-2,Francia,FR,1
2025-06-01,hotel-demo-2,México,MX,11
2025-06-02,hotel-demo-1,Argentina,AR,110
2025-06-02,hotel-demo-1,Brasil,BR,25
2025-06-02,hotel-demo-1,Chile,CL,8
2025-06-02,hotel-demo-1,Uruguay,UY,6
2025-06-02,hotel-demo-1,Estados Unidos,US,6
2025-06-02,hotel-demo-1,España,ES,4
2025-06-02,hotel-demo-2,Argentina,AR,24
2025-06-02,hotel-demo-2,Brasil,BR,5
2025-06-02,hotel-demo-2,Chile,CL,2
2025-06-02,hotel-demo-2,Uruguay,UY,2
2025-06-02,hotel-demo-2,Estados Unidos,US,3
2025-06-02,hotel-demo-2,España,ES,1
2025-06-02,hotel-demo-2,Alemania,DE,1
2025-06-02,hotel-demo-2,Francia,FR,1
2025-06-02,hotel-demo-2,México,MX,14
2025-06-03,hotel-demo-1,Argentina,AR,108
2025-06-03,hotel-demo-1,Brasil,BR,30
2025-06-03,hotel-demo-1,Chile,CL,10
2025-06-03,hotel-demo-1,Uruguay,UY,8
2025-06-03,hotel-demo-1,Estados Unidos,US,9
2025-06-03,hotel-demo-2,Argentina,AR,28
2025-06-03,hotel-demo-2,Brasil,BR,6
2025-06-03,hotel-demo-2,Chile,CL,2
2025-06-03,hotel-demo-2,Uruguay,UY,3
2025-06-03,hotel-demo-2,Estados Unidos,US,2
2025-06-03,hotel-demo-2,España,ES,2
2025-06-03,hotel-demo-2,Alemania,DE,1
2025-06-03,hotel-demo-2,Francia,FR,1
2025-06-03,hotel-demo-2,México,MX,3
2025-06-04,hotel-demo-1,Argentina,AR,90
2025-06-04,hotel-demo-1,Brasil,BR,19
2025-06-04,hotel-demo-1,Chile,CL,11
2025-06-04,hotel-demo-1,Uruguay,UY,6
2025-06-04,hotel-demo-1,Estados Unidos,US,10
2025-06-04,hotel-demo-1,España,ES,6
2025-06-04,hotel-demo-1,Alemania,DE,2
2025-06-04,hotel-demo-1,Francia,FR,2
2025-06-04,hotel-demo-1,México,MX,3
2025-06-04,hotel-demo-2,Argentina,AR,24
2025-06-04,hotel-demo-2,Brasil,BR,5
2025-06-04,hotel-demo-2,Chile,CL,3
2025-06-04,hotel-demo-2,Uruguay,UY,2
2025-06-04,hotel-demo-2,Estados Unidos,US,2
2025-06-04,hotel-demo-2,España,ES,1
2025-06-04,hotel-demo-2,Alemania,DE,1
2025-06-04,hotel-demo-2,Francia,FR,1
2025-06-04,hotel-demo-2,México,MX,6
2025-06-05,hotel-demo-1,Argentina,AR,116
2025-06-05,hotel-demo-1,Brasil,BR,28
2025-06-05,hotel-demo-1,Chile,CL,14
2025-06-05,hotel-demo-1,Uruguay,UY,10
2025-06-05,hotel-demo-1,Estados Unidos,US,7
2025-06-05,hotel-demo-2,Argentina,AR,18
2025-06-05,hotel-demo-2,Brasil,BR,7
2025-06-05,hotel-demo-2,Chile,CL,3
2025-06-05,hotel-demo-2,Uruguay,UY,2
2025-06-05,hotel-demo-2,Estados Unidos,US,2
2025-06-05,hotel-demo-2,España,ES,1
2025-06-05,hotel-demo-2,Alemania,DE,1
2025-06-05,hotel-demo-2,Francia,FR,1
2025-06-05,hotel-demo-2,México,MX,6
2025-06-06,hotel-demo-1,Argentina,AR,67
2025-06-06,hotel-demo-1,Brasil,BR,23
2025-06-06,hotel-demo-1,Chile,CL,11
2025-06-06,hotel-demo-1,Uruguay,UY,6
2025-06-06,hotel-demo-1,Estados Unidos,US,9
2025-06-06,hotel-demo-1,España,ES,5
2025-06-06,hotel-demo-1,Alemania,DE,2
2025-06-06,hotel-demo-1,Francia,FR,2
2025-06-06,hotel-demo-1,México,MX,26
2025-06-06,hotel-demo-2,Argentina,AR,32
2025-06-06,hotel-demo-2,Brasil,BR,5
2025-06-06,hotel-demo-2,Chile,CL,2
2025-06-06,hotel-demo-2,Uruguay,UY,3
2025-06-06,hotel-demo-2,Estados Unidos,US,2
2025-06-06,hotel-demo-2,España,ES,1
2025-06-06,hotel-demo-2,Alemania,DE,1
2025-06-06,hotel-demo-2,Francia,FR,1
2025-06-06,hotel-demo-2,México,MX,1
2025-06-07,hotel-demo-1,Argentina,AR,68
2025-06-07,hotel-demo-1,Brasil,BR,19
2025-06-07,hotel-demo-1,Chile,CL,7
2025-06-07,hotel-demo-1,Uruguay,UY,5
2025-06-07,hotel-demo-1,Estados Unidos,US,7
2025-06-07,hotel-demo-1,España,ES,3
2025-06-07,hotel-demo-1,Alemania,DE,3
2025-06-07,hotel-demo-1,Francia,FR,2
2025-06-07,hotel-demo-1,México,MX,18
2025-06-07,hotel-demo-2,Argentina,AR,33
2025-06-07,hotel-demo-2,Brasil,BR,10
2025-06-07,hotel-demo-2,Chile,CL,5
2025-06-07,hotel-demo-2,Uruguay,UY,3
2025-06-07,hotel-demo-2,Estados Unidos,US,3
2025-06-07,hotel-demo-2,España,ES,2
2025-06-07,hotel-demo-2,Alemania,DE,1
2025-06-07,hotel-demo-2,Francia,FR,1
2025-06-07,hotel-demo-2,México,MX,10
2025-06-08,hotel-demo-1,Argentina,AR,63
2025-06-08,hotel-demo-1,Brasil,BR,17
2025-06-08,hotel-demo-1,Chile,CL,5
2025-06-08,hotel-demo-1,Uruguay,UY,6
2025-06-08,hotel-demo-1,Estados Unidos,US,5
2025-06-08,hotel-demo-1,España,ES,3
2025-06-08,hotel-demo-1,Alemania,DE,2
2025-06-08,hotel-demo-1,Francia,FR,2
2025-06-08,hotel-demo-1,México,MX,12
2025-06-08,hotel-demo-2,Argentina,AR,19
2025-06-08,hotel-demo-2,Brasil,BR,4
2025-06-08,hotel-demo-2,Chile,CL,2
2025-06-08,hotel-demo-2,Uruguay,UY,2
2025-06-08,hotel-demo-2,Estados Unidos,US,2
2025-06-08,hotel-demo-2,España,ES,1
2025-06-08,hotel-demo-2,Alemania,DE,1
2025-06-08,hotel-demo-2,México,MX,7
2025-06-09,hotel-demo-1,Argentina,AR,97
2025-06-09,hotel-demo-1,Brasil,BR,27
2025-06-09,hotel-demo-1,Chile,CL,9
2025-06-09,hotel-demo-1,Uruguay,UY,8
2025-06-09,hotel-demo-1,Estados Unidos,US,5
2025-06-09,hotel-demo-1,España,ES,4
2025-06-09,hotel-demo-2,Argentina,AR,26
2025-06-09,hotel-demo-2,Brasil,BR,6
2025-06-09,hotel-demo-2,Chile,CL,2
2025-06-09,hotel-demo-2,Uruguay,UY,2
2025-06-09,hotel-demo-2,Estados Unidos,US,2
2025-06-09,hotel-demo-2,España,ES,2
2025-06-09,hotel-demo-2,Alemania,DE,1
2025-06-09,hotel-demo-2,Francia,FR,1
2025-06-10,hotel-demo-1,Argentina,AR,70
2025-06-10,hotel-demo-1,Brasil,BR,24
2025-06-10,hotel-demo-1,Chile,CL,11
2025-06-10,hotel-demo-1,Uruguay,UY,7
2025-06-10,hotel-demo-1,Estados Unidos,US,7
2025-06-10,hotel-demo-1,España,ES,4
2025-06-10,hotel-demo-1,Alemania,DE,4
2025-06-10,hotel-demo-1,Francia,FR,2
2025-06-10,hotel-demo-1,México,MX,25
2025-06-10,hotel-demo-2,Argentina,AR,26
2025-06-10,hotel-demo-2,Brasil,BR,6
2025-06-10,hotel-demo-2,Chile,CL,4
2025-06-10,hotel-demo-2,Uruguay,UY,2
2025-06-10,hotel-demo-2,Estados Unidos,US,3
2025-06-10,hotel-demo-2,España,ES,1
2025-06-10,hotel-demo-2,Alemania,DE,1
2025-06-10,hotel-demo-2,Francia,FR,1
2025-06-10,hotel-demo-2,México,MX,4
2025-06-11,hotel-demo-1,Argentina,AR,90
2025-06-11,hotel-demo-1,Brasil,BR,26
2025-06-11,hotel-demo-1,Chile,CL,8
2025-06-11,hotel-demo-1,Uruguay,UY,10
2025-06-11,hotel-demo-1,Estados Unidos,US,6
2025-06-11,hotel-demo-1,España,ES,4
2025-06-11,hotel-demo-1,Alemania,DE,4
2025-06-11,hotel-demo-1,Francia,FR,2
2025-06-11,hotel-demo-1,México,MX,6
2025-06-11,hotel-demo-2,Argentina,AR,25
2025-06-11,hotel-demo-2,Brasil,BR,9
2025-06-11,hotel-demo-2,Chile,CL,4
2025-06-11,hotel-demo-2,Uruguay,UY,2
2025-06-11,hotel-demo-2,Estados Unidos,US,2
2025-06-11,hotel-demo-2,España,ES,2
2025-06-11,hotel-demo-2,Alemania,DE,1
2025-06-11,hotel-demo-2,Francia,FR,1
2025-06-11,hotel-demo-2,México,MX,8
2025-06-12,hotel-demo-1,Argentina,AR,68
2025-06-12,hotel-demo-1,Brasil,BR,18
2025-06-12,hotel-demo-1,Chile,CL,7
2025-06-12,hotel-demo-1,Uruguay,UY,7
2025-06-12,hotel-demo-1,Estados Unidos,US,6
2025-06-12,hotel-demo-1,España,ES,5
2025-06-12,hotel-demo-1,Alemania,DE,3
2025-06-12,hotel-demo-1,Francia,FR,2
2025-06-12,hotel-demo-1,México,MX,18
2025-06-12,hotel-demo-2,Argentina,AR,27
2025-06-12,hotel-demo-2,Brasil,BR,4
2025-06-12,hotel-demo-2,Chile,CL,2
2025-06-12,hotel-demo-2,Uruguay,UY,2
2025-06-12,hotel-demo-2,Estados Unidos,US,2
2025-06-12,hotel-demo-2,España,ES,1
2025-06-12,hotel-demo-2,Alemania,DE,1
2025-06-12,hotel-demo-2,México,MX,1
2025-06-13,hotel-demo-1,Argentina,AR,75
2025-06-13,hotel-demo-1,Brasil,BR,18
2025-06-13,hotel-demo-1,Chile,CL,10
2025-06-13,hotel-demo-1,Uruguay,UY,10
2025-06-13,hotel-demo-1,Estados Unidos,US,11
2025-06-13,hotel-demo-1,España,ES,5
2025-06-13,hotel-demo-1,Alemania,DE,4
2025-06-13,hotel-demo-1,Francia,FR,3
2025-06-13,hotel-demo-1,México,MX,34
2025-06-13,hotel-demo-2,Argentina,AR,41
2025-06-13,hotel-demo-2,Brasil,BR,9
2025-06-13,hotel-demo-2,Chile,CL,2
2025-06-14,hotel-demo-1,Argentina,AR,83
2025-06-14,hotel-demo-1,Brasil,BR,26
2025-06-14,hotel-demo-1,Chile,CL,13
2025-06-14,hotel-demo-1,Uruguay,UY,10
2025-06-14,hotel-demo-1,Estados Unidos,US,7
2025-06-14,hotel-demo-1,España,ES,4
2025-06-14,hotel-demo-1,Alemania,DE,4
2025-06-14,hotel-demo-1,Francia,FR,3
2025-06-14,hotel-demo-1,México,MX,30
2025-06-14,hotel-demo-2,Argentina,AR,35
2025-06-14,hotel-demo-2,Brasil,BR,10
2025-06-14,hotel-demo-2,Chile,CL,4
2025-06-14,hotel-demo-2,Uruguay,UY,4
2025-06-14,hotel-demo-2,Estados Unidos,US,2
2025-06-14,hotel-demo-2,España,ES,2
2025-06-14,hotel-demo-2,Alemania,DE,1
2025-06-15,hotel-demo-1,Argentina,AR,93
2025-06-15,hotel-demo-1,Brasil,BR,16
2025-06-15,hotel-demo-1,Chile,CL,11
2025-06-15,hotel-demo-1,Uruguay,UY,7
2025-06-15,hotel-demo-1,Estados Unidos,US,5
2025-06-15,hotel-demo-1,España,ES,5
2025-06-15,hotel-demo-1,Alemania,DE,4
2025-06-15,hotel-demo-1,Francia,FR,2
2025-06-15,hotel-demo-1,México,MX,1
2025-06-15,hotel-demo-2,Argentina,AR,28
2025-06-15,hotel-demo-2,Brasil,BR,5
2025-06-15,hotel-demo-2,Chile,CL,3
2025-06-15,hotel-demo-2,Uruguay,UY,2
2025-06-16,hotel-demo-1,Argentina,AR,119
2025-06-16,hotel-demo-1,Brasil,BR,20
2025-06-16,hotel-demo-1,Chile,CL,8
2025-06-16,hotel-demo-1,Uruguay,UY,8
2025-06-16,hotel-demo-1,Estados Unidos,US,8
2025-06-16,hotel-demo-1,España,ES,6
2025-06-16,hotel-demo-1,Alemania,DE,1
2025-06-16,hotel-demo-2,Argentina,AR,23
2025-06-16,hotel-demo-2,Brasil,BR,5
2025-06-16,hotel-demo-2,Chile,CL,3
2025-06-16,hotel-demo-2,Uruguay,UY,2
2025-06-16,hotel-demo-2,Estados Unidos,US,2
2025-06-16,hotel-demo-2,España,ES,1
2025-06-16,hotel-demo-2,Alemania,DE,1
2025-06-16,hotel-demo-2,Francia,FR,1
2025-06-16,hotel-demo-2,México,MX,12
2025-06-17,hotel-demo-1,Argentina,AR,62
2025-06-17,hotel-demo-1,Brasil,BR,20
2025-06-17,hotel-demo-1,Chile,CL,7
2025-06-17,hotel-demo-1,Uruguay,UY,5
2025-06-17,hotel-demo-1,Estados Unidos,US,5
2025-06-17,hotel-demo-1,España,ES,4
2025-06-17,hotel-demo-1,Alemania,DE,2
2025-06-17,hotel-demo-1,Francia,FR,1
2025-06-17,hotel-demo-1,México,MX,30
2025-06-17,hotel-demo-2,Argentina,AR,26
2025-06-17,hotel-demo-2,Brasil,BR,5
2025-06-17,hotel-demo-2,Chile,CL,2
2025-06-17,hotel-demo-2,Uruguay,UY,2
2025-06-17,hotel-demo-2,Estados Unidos,US,2
2025-06-17,hotel-demo-2,España,ES,1
2025-06-17,hotel-demo-2,Alemania,DE,1
2025-06-17,hotel-demo-2,Francia,FR,1
2025-06-18,hotel-demo-1,Argentina,AR,61
2025-06-18,hotel-demo-1,Brasil,BR,20
2025-06-18,hotel-demo-1,Chile,CL,9
2025-06-18,hotel-demo-1,Uruguay,UY,8
2025-06-18,hotel-demo-1,Estados Unidos,US,8
2025-06-18,hotel-demo-1,España,ES,3
2025-06-18,hotel-demo-1,Alemania,DE,2
2025-06-18,hotel-demo-1,Francia,FR,2
2025-06-18,hotel-demo-1,México,MX,17
2025-06-18,hotel-demo-2,Argentina,AR,26
2025-06-18,hotel-demo-2,Brasil,BR,6
2025-06-18,hotel-demo-2,Chile,CL,2
2025-06-18,hotel-demo-2,Uruguay,UY,2
2025-06-18,hotel-demo-2,Estados Unidos,US,2
2025-06-18,hotel-demo-2,España,ES,1
2025-06-18,hotel-demo-2,Alemania,DE,1
2025-06-18,hotel-demo-2,Francia,FR,1
2025-06-19,hotel-demo-1,Argentina,AR,122
2025-06-19,hotel-demo-1,Brasil,BR,29
2025-06-19,hotel-demo-1,Chile,CL,9
2025-06-19,hotel-demo-1,Uruguay,UY,1
2025-06-19,hotel-demo-2,Argentina,AR,23
2025-06-19,hotel-demo-2,Brasil,BR,8
2025-06-19,hotel-demo-2,Chile,CL,3
2025-06-19,hotel-demo-2,Uruguay,UY,2
2025-06-19,hotel-demo-2,Estados Unidos,US,3
2025-06-19,hotel-demo-2,España,ES,1
2025-06-19,hotel-demo-2,Alemania,DE,1
2025-06-19,hotel-demo-2,México,MX,3
2025-06-20,hotel-demo-1,Argentina,AR,128
2025-06-20,hotel-demo-1,Brasil,BR,18
2025-06-20,hotel-demo-1,Chile,CL,10
2025-06-20,hotel-demo-1,Uruguay,UY,6
2025-06-20,hotel-demo-2,Argentina,AR,49
2025-06-20,hotel-demo-2,Brasil,BR,7
2025-06-20,hotel-demo-2,Chile,CL,3
2025-06-20,hotel-demo-2,Uruguay,UY,2
2025-06-20,hotel-demo-2,Estados Unidos,US,3
2025-06-21,hotel-demo-1,Argentina,AR,110
2025-06-21,hotel-demo-1,Brasil,BR,28
2025-06-21,hotel-demo-1,Chile,CL,14
2025-06-21,hotel-demo-1,Uruguay,UY,8
2025-06-21,hotel-demo-1,Estados Unidos,US,12
2025-06-21,hotel-demo-1,España,ES,5
2025-06-21,hotel-demo-1,Alemania,DE,5
2025-06-21,hotel-demo-1,Francia,FR,3
2025-06-21,hotel-demo-1,México,MX,3
2025-06-21,hotel-demo-2,Argentina,AR,35
2025-06-21,hotel-demo-2,Brasil,BR,11
2025-06-21,hotel-demo-2,Chile,CL,3
2025-06-21,hotel-demo-2,Uruguay,UY,4
2025-06-21,hotel-demo-2,Estados Unidos,US,4
2025-06-21,hotel-demo-2,España,ES,2
2025-06-21,hotel-demo-2,Alemania,DE,1
2025-06-21,hotel-demo-2,Francia,FR,1
2025-06-21,hotel-demo-2,México,MX,1
2025-06-22,hotel-demo-1,Argentina,AR,103
2025-06-22,hotel-demo-1,Brasil,BR,17
2025-06-22,hotel-demo-1,Chile,CL,8
2025-06-22,hotel-demo-1,Uruguay,UY,5
2025-06-22,hotel-demo-1,Estados Unidos,US,1
2025-06-22,hotel-demo-2,Argentina,AR,26
2025-06-22,hotel-demo-2,Brasil,BR,7
2025-06-22,hotel-demo-2,Chile,CL,4
2025-06-22,hotel-demo-2,Uruguay,UY,2
2025-06-22,hotel-demo-2,Estados Unidos,US,2
2025-06-22,hotel-demo-2,España,ES,2
2025-06-22,hotel-demo-2,Alemania,DE,2
2025-06-22,hotel-demo-2,Francia,FR,1
2025-06-22,hotel-demo-2,México,MX,13
2025-06-23,hotel-demo-1,Argentina,AR,84
2025-06-23,hotel-demo-1,Brasil,BR,17
2025-06-23,hotel-demo-1,Chile,CL,10
2025-06-23,hotel-demo-1,Uruguay,UY,10
2025-06-23,hotel-demo-1,Estados Unidos,US,7
2025-06-23,hotel-demo-1,España,ES,4
2025-06-23,hotel-demo-1,Alemania,DE,3
2025-06-23,hotel-demo-1,Francia,FR,3
2025-06-23,hotel-demo-1,México,MX,25
2025-06-23,hotel-demo-2,Argentina,AR,28
2025-06-23,hotel-demo-2,Brasil,BR,8
2025-06-23,hotel-demo-2,Chile,CL,2
2025-06-23,hotel-demo-2,Uruguay,UY,2
2025-06-23,hotel-demo-2,Estados Unidos,US,3
2025-06-23,hotel-demo-2,España,ES,1
2025-06-23,hotel-demo-2,Alemania,DE,1
2025-06-23,hotel-demo-2,Francia,FR,1
2025-06-23,hotel-demo-2,México,MX,3
2025-06-24,hotel-demo-1,Argentina,AR,114
2025-06-24,hotel-demo-1,Brasil,BR,19
2025-06-24,hotel-demo-1,Chile,CL,10
2025-06-24,hotel-demo-1,Uruguay,UY,9
2025-06-24,hotel-demo-1,Estados Unidos,US,8
2025-06-24,hotel-demo-1,España,ES,6
2025-06-24,hotel-demo-1,Alemania,DE,4
2025-06-24,hotel-demo-1,Francia,FR,3
2025-06-24,hotel-demo-1,México,MX,6
2025-06-24,hotel-demo-2,Argentina,AR,31
2025-06-24,hotel-demo-2,Brasil,BR,9
2025-06-24,hotel-demo-2,Chile,CL,4
2025-06-24,hotel-demo-2,Uruguay,UY,3
2025-06-24,hotel-demo-2,Estados Unidos,US,2
2025-06-24,hotel-demo-2,España,ES,1
2025-06-24,hotel-demo-2,Alemania,DE,1
2025-06-24,hotel-demo-2,Francia,FR,1
2025-06-24,hotel-demo-2,México,MX,6
2025-06-25,hotel-demo-1,Argentina,AR,77
2025-06-25,hotel-demo-1,Brasil,BR,15
2025-06-25,hotel-demo-1,Chile,CL,8
2025-06-25,hotel-demo-1,Uruguay,UY,6
2025-06-25,hotel-demo-1,Estados Unidos,US,7
2025-06-25,hotel-demo-1,España,ES,4
2025-06-25,hotel-demo-1,Alemania,DE,3
2025-06-25,hotel-demo-1,Francia,FR,2
2025-06-25,hotel-demo-1,México,MX,18
2025-06-25,hotel-demo-2,Argentina,AR,31
2025-06-25,hotel-demo-2,Brasil,BR,4
2025-06-25,hotel-demo-2,Chile,CL,2
2025-06-25,hotel-demo-2,Uruguay,UY,3
2025-06-25,hotel-demo-2,Estados Unidos,US,2
2025-06-25,hotel-demo-2,España,ES,1
2025-06-25,hotel-demo-2,Alemania,DE,1
2025-06-26,hotel-demo-1,Argentina,AR,85
2025-06-26,hotel-demo-1,Brasil,BR,18
2025-06-26,hotel-demo-1,Chile,CL,12
2025-06-26,hotel-demo-1,Uruguay,UY,7
2025-06-26,hotel-demo-1,Estados Unidos,US,9
2025-06-26,hotel-demo-1,España,ES,6
2025-06-26,hotel-demo-1,Alemania,DE,4
2025-06-26,hotel-demo-1,Francia,FR,2
2025-06-26,hotel-demo-1,México,MX,22
2025-06-26,hotel-demo-2,Argentina,AR,28
2025-06-26,hotel-demo-2,Brasil,BR,6
2025-06-26,hotel-demo-2,Chile,CL,2
2025-06-26,hotel-demo-2,Uruguay,UY,2
2025-06-26,hotel-demo-2,Estados Unidos,US,2
2025-06-26,hotel-demo-2,España,ES,2
2025-06-26,hotel-demo-2,Alemania,DE,1
2025-06-27,hotel-demo-1,Argentina,AR,121
2025-06-27,hotel-demo-1,Brasil,BR,19
2025-06-27,hotel-demo-1,Chile,CL,13
2025-06-27,hotel-demo-1,Uruguay,UY,7
2025-06-27,hotel-demo-1,Estados Unidos,US,10
2025-06-27,hotel-demo-1,España,ES,5
2025-06-27,hotel-demo-2,Argentina,AR,21
2025-06-27,hotel-demo-2,Brasil,BR,5
2025-06-27,hotel-demo-2,Chile,CL,3
2025-06-27,hotel-demo-2,Uruguay,UY,3
2025-06-27,hotel-demo-2,Estados Unidos,US,2
2025-06-27,hotel-demo-2,España,ES,2
2025-06-27,hotel-demo-2,Alemania,DE,1
2025-06-27,hotel-demo-2,Francia,FR,1
2025-06-27,hotel-demo-2,México,MX,5
2025-06-28,hotel-demo-1,Argentina,AR,89
2025-06-28,hotel-demo-1,Brasil,BR,26
2025-06-28,hotel-demo-1,Chile,CL,11
2025-06-28,hotel-demo-1,Uruguay,UY,8
2025-06-28,hotel-demo-1,Estados Unidos,US,9
2025-06-28,hotel-demo-1,España,ES,4
2025-06-28,hotel-demo-1,Alemania,DE,3
2025-06-28,hotel-demo-1,Francia,FR,2
2025-06-28,hotel-demo-1,México,MX,9
2025-06-28,hotel-demo-2,Argentina,AR,40
2025-06-28,hotel-demo-2,Brasil,BR,5
2025-06-28,hotel-demo-2,Chile,CL,4
2025-06-28,hotel-demo-2,Uruguay,UY,3
2025-06-28,hotel-demo-2,Estados Unidos,US,1
2025-06-29,hotel-demo-1,Argentina,AR,53
2025-06-29,hotel-demo-1,Brasil,BR,14
2025-06-29,hotel-demo-1,Chile,CL,6
2025-06-29,hotel-demo-1,Uruguay,UY,5
2025-06-29,hotel-demo-1,Estados Unidos,US,5
2025-06-29,hotel-demo-1,España,ES,5
2025-06-29,hotel-demo-1,Alemania,DE,3
2025-06-29,hotel-demo-1,Francia,FR,1
2025-06-29,hotel-demo-1,México,MX,29
2025-06-29,hotel-demo-2,Argentina,AR,39
2025-06-29,hotel-demo-2,Brasil,BR,9
2025-06-29,hotel-demo-2,Chile,CL,2
2025-06-30,hotel-demo-1,Argentina,AR,104
2025-06-30,hotel-demo-1,Brasil,BR,15
2025-06-30,hotel-demo-1,Chile,CL,8
2025-06-30,hotel-demo-1,Uruguay,UY,6
2025-06-30,hotel-demo-1,Estados Unidos,US,6
2025-06-30,hotel-demo-2,Argentina,AR,20
2025-06-30,hotel-demo-2,Brasil,BR,4
2025-06-30,hotel-demo-2,Chile,CL,3
2025-06-30,hotel-demo-2,Uruguay,UY,2
2025-06-30,hotel-demo-2,Estados Unidos,US,2
2025-06-30,hotel-demo-2,España,ES,1
2025-06-30,hotel-demo-2,Alemania,DE,1
2025-06-30,hotel-demo-2,Francia,FR,1
2025-06-30,hotel-demo-2,México,MX,4
2025-07-01,hotel-demo-1,Argentina,AR,97
2025-07-01,hotel-demo-1,Brasil,BR,20
2025-07-01,hotel-demo-1,Chile,CL,11
2025-07-01,hotel-demo-1,Uruguay,UY,8
2025-07-01,hotel-demo-1,Estados Unidos,US,8
2025-07-01,hotel-demo-1,España,ES,3
2025-07-01,hotel-demo-2,Argentina,AR,59
2025-07-01,hotel-demo-2,Brasil,BR,11
2025-07-01,hotel-demo-2,Chile,CL,4
2025-07-01,hotel-demo-2,Uruguay,UY,1
2025-07-02,hotel-demo-1,Argentina,AR,138
2025-07-02,hotel-demo-1,Brasil,BR,24
2025-07-02,hotel-demo-1,Chile,CL,12
2025-07-02,hotel-demo-1,Uruguay,UY,5
2025-07-02,hotel-demo-2,Argentina,AR,35
2025-07-02,hotel-demo-2,Brasil,BR,6
2025-07-02,hotel-demo-2,Chile,CL,5
2025-07-02,hotel-demo-2,Uruguay,UY,3
2025-07-02,hotel-demo-2,Estados Unidos,US,3
2025-07-02,hotel-demo-2,España,ES,2
2025-07-02,hotel-demo-2,Alemania,DE,1
2025-07-02,hotel-demo-2,Francia,FR,1
2025-07-02,hotel-demo-2,México,MX,8
2025-07-03,hotel-demo-1,Argentina,AR,115
2025-07-03,hotel-demo-1,Brasil,BR,16
2025-07-03,hotel-demo-1,Chile,CL,8
2025-07-03,hotel-demo-1,Uruguay,UY,6
2025-07-03,hotel-demo-1,Estados Unidos,US,6
2025-07-03,hotel-demo-2,Argentina,AR,42
2025-07-03,hotel-demo-2,Brasil,BR,12
2025-07-03,hotel-demo-2,Chile,CL,3
2025-07-03,hotel-demo-2,Uruguay,UY,4
2025-07-03,hotel-demo-2,Estados Unidos,US,4
2025-07-03,hotel-demo-2,España,ES,2
2025-07-04,hotel-demo-1,Argentina,AR,99
2025-07-04,hotel-demo-1,Brasil,BR,28
2025-07-04,hotel-demo-1,Chile,CL,14
2025-07-04,hotel-demo-1,Uruguay,UY,12
2025-07-04,hotel-demo-1,Estados Unidos,US,11
2025-07-04,hotel-demo-1,España,ES,7
2025-07-04,hotel-demo-1,Alemania,DE,3
2025-07-04,hotel-demo-1,Francia,FR,3
2025-07-04,hotel-demo-1,México,MX,15
2025-07-04,hotel-demo-2,Argentina,AR,52
2025-07-04,hotel-demo-2,Brasil,BR,7
2025-07-04,hotel-demo-2,Chile,CL,4
2025-07-04,hotel-demo-2,Uruguay,UY,2
2025-07-04,hotel-demo-2,Estados Unidos,US,1
2025-07-05,hotel-demo-1,Argentina,AR,137
2025-07-05,hotel-demo-1,Brasil,BR,33
2025-07-05,hotel-demo-1,Chile,CL,16
2025-07-05,hotel-demo-1,Uruguay,UY,15
2025-07-05,hotel-demo-1,Estados Unidos,US,14
2025-07-05,hotel-demo-1,España,ES,6
2025-07-05,hotel-demo-1,Alemania,DE,6
2025-07-05,hotel-demo-1,Francia,FR,5
2025-07-05,hotel-demo-1,México,MX,14
2025-07-05,hotel-demo-2,Argentina,AR,44
2025-07-05,hotel-demo-2,Brasil,BR,13
2025-07-05,hotel-demo-2,Chile,CL,5
2025-07-05,hotel-demo-2,Uruguay,UY,4
2025-07-05,hotel-demo-2,Estados Unidos,US,5
2025-07-05,hotel-demo-2,España,ES,2
2025-07-05,hotel-demo-2,Alemania,DE,1
2025-07-05,hotel-demo-2,Francia,FR,1
2025-07-05,hotel-demo-2,México,MX,1
2025-07-06,hotel-demo-1,Argentina,AR,129
2025-07-06,hotel-demo-1,Brasil,BR,23
2025-07-06,hotel-demo-1,Chile,CL,12
2025-07-06,hotel-demo-1,Uruguay,UY,1
2025-07-06,hotel-demo-2,Argentina,AR,54
2025-07-06,hotel-demo-2,Brasil,BR,7
2025-07-06,hotel-demo-2,Chile,CL,4
2025-07-06,hotel-demo-2,Uruguay,UY,2
2025-07-07,hotel-demo-1,Argentina,AR,98
2025-07-07,hotel-demo-1,Brasil,BR,22
2025-07-07,hotel-demo-1,Chile,CL,10
2025-07-07,hotel-demo-1,Uruguay,UY,10
2025-07-07,hotel-demo-1,Estados Unidos,US,7
2025-07-07,hotel-demo-1,España,ES,6
2025-07-07,hotel-demo-1,Alemania,DE,3
2025-07-07,hotel-demo-1,Francia,FR,3
2025-07-07,hotel-demo-1,México,MX,20
2025-07-07,hotel-demo-2,Argentina,AR,49
2025-07-07,hotel-demo-2,Brasil,BR,11
2025-07-07,hotel-demo-2,Chile,CL,4
2025-07-07,hotel-demo-2,Uruguay,UY,3
2025-07-07,hotel-demo-2,Estados Unidos,US,5
2025-07-07,hotel-demo-2,España,ES,2
2025-07-07,hotel-demo-2,Alemania,DE,2
2025-07-07,hotel-demo-2,Francia,FR,1
2025-07-07,hotel-demo-2,México,MX,2
2025-07-08,hotel-demo-1,Argentina,AR,137
2025-07-08,hotel-demo-1,Brasil,BR,29
2025-07-08,hotel-demo-1,Chile,CL,9
2025-07-08,hotel-demo-1,Uruguay,UY,3
2025-07-08,hotel-demo-2,Argentina,AR,46
2025-07-08,hotel-demo-2,Brasil,BR,7
2025-07-08,hotel-demo-2,Chile,CL,5
2025-07-08,hotel-demo-2,Uruguay,UY,3
2025-07-08,hotel-demo-2,Estados Unidos,US,3
2025-07-08,hotel-demo-2,España,ES,1
2025-07-09,hotel-demo-1,Argentina,AR,136
2025-07-09,hotel-demo-1,Brasil,BR,32
2025-07-09,hotel-demo-1,Chile,CL,8
2025-07-09,hotel-demo-1,Uruguay,UY,8
2025-07-09,hotel-demo-2,Argentina,AR,42
2025-07-09,hotel-demo-2,Brasil,BR,12
2025-07-09,hotel-demo-2,Chile,CL,3
2025-07-09,hotel-demo-2,Uruguay,UY,3
2025-07-09,hotel-demo-2,Estados Unidos,US,4
2025-07-09,hotel-demo-2,España,ES,2
2025-07-09,hotel-demo-2,Alemania,DE,1
2025-07-09,hotel-demo-2,Francia,FR,1
2025-07-09,hotel-demo-2,México,MX,2
2025-07-10,hotel-demo-1,Argentina,AR,97
2025-07-10,hotel-demo-1,Brasil,BR,29
2025-07-10,hotel-demo-1,Chile,CL,10
2025-07-10,hotel-demo-1,Uruguay,UY,8
2025-07-10,hotel-demo-1,Estados Unidos,US,11
2025-07-10,hotel-demo-1,España,ES,5
2025-07-10,hotel-demo-1,Alemania,DE,4
2025-07-10,hotel-demo-1,Francia,FR,3
2025-07-10,hotel-demo-1,México,MX,24
2025-07-10,hotel-demo-2,Argentina,AR,39
2025-07-10,hotel-demo-2,Brasil,BR,10
2025-07-10,hotel-demo-2,Chile,CL,4
2025-07-10,hotel-demo-2,Uruguay,UY,3
2025-07-10,hotel-demo-2,Estados Unidos,US,3
2025-07-11,hotel-demo-1,Argentina,AR,120
2025-07-11,hotel-demo-1,Brasil,BR,30
2025-07-11,hotel-demo-1,Chile,CL,12
2025-07-11,hotel-demo-1,Uruguay,UY,10
2025-07-11,hotel-demo-1,Estados Unidos,US,1
2025-07-11,hotel-demo-2,Argentina,AR,51
2025-07-11,hotel-demo-2,Brasil,BR,13
2025-07-11,hotel-demo-2,Chile,CL,4
2025-07-11,hotel-demo-2,Uruguay,UY,4
2025-07-11,hotel-demo-2,Estados Unidos,US,3
2025-07-11,hotel-demo-2,España,ES,2
2025-07-12,hotel-demo-1,Argentina,AR,122
2025-07-12,hotel-demo-1,Brasil,BR,34
2025-07-12,hotel-demo-1,Chile,CL,13
2025-07-12,hotel-demo-1,Uruguay,UY,12
2025-07-12,hotel-demo-1,Estados Unidos,US,9
2025-07-12,hotel-demo-2,Argentina,AR,34
2025-07-12,hotel-demo-2,Brasil,BR,12
2025-07-12,hotel-demo-2,Chile,CL,5
2025-07-12,hotel-demo-2,Uruguay,UY,4
2025-07-12,hotel-demo-2,Estados Unidos,US,4
2025-07-12,hotel-demo-2,España,ES,2
2025-07-12,hotel-demo-2,Alemania,DE,1
2025-07-12,hotel-demo-2,Francia,FR,1
2025-07-12,hotel-demo-2,México,MX,6
2025-07-13,hotel-demo-1,Argentina,AR,126
2025-07-13,hotel-demo-1,Brasil,BR,28
2025-07-13,hotel-demo-1,Chile,CL,12
2025-07-13,hotel-demo-1,Uruguay,UY,11
2025-07-13,hotel-demo-1,Estados Unidos,US,3
2025-07-13,hotel-demo-2,Argentina,AR,37
2025-07-13,hotel-demo-2,Brasil,BR,9
2025-07-13,hotel-demo-2,Chile,CL,4
2025-07-13,hotel-demo-2,Uruguay,UY,2
2025-07-13,hotel-demo-2,Estados Unidos,US,3
2025-07-14,hotel-demo-1,Argentina,AR,115
2025-07-14,hotel-demo-1,Brasil,BR,20
2025-07-14,hotel-demo-1,Chile,CL,13
2025-07-14,hotel-demo-1,Uruguay,UY,7
2025-07-14,hotel-demo-1,Estados Unidos,US,10
2025-07-14,hotel-demo-1,España,ES,4
2025-07-14,hotel-demo-1,Alemania,DE,4
2025-07-14,hotel-demo-1,Francia,FR,3
2025-07-14,hotel-demo-1,México,MX,3
2025-07-14,hotel-demo-2,Argentina,AR,42
2025-07-14,hotel-demo-2,Brasil,BR,10
2025-07-14,hotel-demo-2,Chile,CL,3
2025-07-14,hotel-demo-2,Uruguay,UY,3
2025-07-14,hotel-demo-2,Estados Unidos,US,2
2025-07-15,hotel-demo-1,Argentina,AR,125
2025-07-15,hotel-demo-1,Brasil,BR,17
2025-07-15,hotel-demo-1,Chile,CL,11
2025-07-15,hotel-demo-1,Uruguay,UY,7
2025-07-15,hotel-demo-2,Argentina,AR,43
2025-07-15,hotel-demo-2,Brasil,BR,7
2025-07-15,hotel-demo-2,Chile,CL,5
2025-07-15,hotel-demo-2,Uruguay,UY,3
2025-07-15,hotel-demo-2,Estados Unidos,US,2
2025-07-15,hotel-demo-2,España,ES,2
2025-07-15,hotel-demo-2,Alemania,DE,1
2025-07-16,hotel-demo-1,Argentina,AR,140
2025-07-16,hotel-demo-1,Brasil,BR,24
2025-07-16,hotel-demo-1,Chile,CL,8
2025-07-16,hotel-demo-1,Uruguay,UY,5
2025-07-16,hotel-demo-2,Argentina,AR,50
2025-07-16,hotel-demo-2,Brasil,BR,9
2025-07-16,hotel-demo-2,Chile,CL,4
2025-07-17,hotel-demo-1,Argentina,AR,99
2025-07-17,hotel-demo-1,Brasil,BR,25
2025-07-17,hotel-demo-1,Chile,CL,10
2025-07-17,hotel-demo-1,Uruguay,UY,7
2025-07-17,hotel-demo-1,Estados Unidos,US,7
2025-07-17,hotel-demo-1,España,ES,4
2025-07-17,hotel-demo-1,Alemania,DE,3
2025-07-17,hotel-demo-1,Francia,FR,3
2025-07-17,hotel-demo-1,México,MX,1
2025-07-17,hotel-demo-2,Argentina,AR,33
2025-07-17,hotel-demo-2,Brasil,BR,9
2025-07-17,hotel-demo-2,Chile,CL,3
2025-07-17,hotel-demo-2,Uruguay,UY,3
2025-07-17,hotel-demo-2,Estados Unidos,US,2
2025-07-17,hotel-demo-2,España,ES,2
2025-07-17,hotel-demo-2,Alemania,DE,1
2025-07-17,hotel-demo-2,Francia,FR,1
2025-07-18,hotel-demo-1,Argentina,AR,109
2025-07-18,hotel-demo-1,Brasil,BR,21
2025-07-18,hotel-demo-1,Chile,CL,14
2025-07-18,hotel-demo-1,Uruguay,UY,9
2025-07-18,hotel-demo-1,Estados Unidos,US,12
2025-07-18,hotel-demo-1,España,ES,5
2025-07-18,hotel-demo-1,Alemania,DE,3
2025-07-18,hotel-demo-1,Francia,FR,2
2025-07-18,hotel-demo-1,México,MX,9
2025-07-18,hotel-demo-2,Argentina,AR,48
2025-07-18,hotel-demo-2,Brasil,BR,11
2025-07-18,hotel-demo-2,Chile,CL,6
2025-07-18,hotel-demo-2,Uruguay,UY,4
2025-07-18,hotel-demo-2,Estados Unidos,US,3
2025-07-18,hotel-demo-2,España,ES,2
2025-07-19,hotel-demo-1,Argentina,AR,108
2025-07-19,hotel-demo-1,Brasil,BR,24
2025-07-19,hotel-demo-1,Chile,CL,11
2025-07-19,hotel-demo-1,Uruguay,UY,8
2025-07-19,hotel-demo-1,Estados Unidos,US,7
2025-07-19,hotel-demo-1,España,ES,4
2025-07-19,hotel-demo-1,Alemania,DE,3
2025-07-19,hotel-demo-1,Francia,FR,2
2025-07-19,hotel-demo-1,México,MX,5
2025-07-19,hotel-demo-2,Argentina,AR,39
2025-07-19,hotel-demo-2,Brasil,BR,9
2025-07-19,hotel-demo-2,Chile,CL,3
2025-07-19,hotel-demo-2,Uruguay,UY,3
2025-07-19,hotel-demo-2,Estados Unidos,US,3
2025-07-19,hotel-demo-2,España,ES,2
2025-07-19,hotel-demo-2,Alemania,DE,2
2025-07-19,hotel-demo-2,Francia,FR,1
2025-07-19,hotel-demo-2,México,MX,4
2025-07-20,hotel-demo-1,Argentina,AR,106
2025-07-20,hotel-demo-1,Brasil,BR,27
2025-07-20,hotel-demo-1,Chile,CL,12
2025-07-20,hotel-demo-1,Uruguay,UY,7
2025-07-20,hotel-demo-1,Estados Unidos,US,8
2025-07-20,hotel-demo-2,Argentina,AR,30
2025-07-20,hotel-demo-2,Brasil,BR,8
2025-07-20,hotel-demo-2,Chile,CL,4
2025-07-20,hotel-demo-2,Uruguay,UY,4
2025-07-20,hotel-demo-2,Estados Unidos,US,3
2025-07-20,hotel-demo-2,España,ES,3
2025-07-20,hotel-demo-2,Alemania,DE,2
2025-07-20,hotel-demo-2,Francia,FR,1
2025-07-20,hotel-demo-2,México,MX,12
2025-07-21,hotel-demo-1,Argentina,AR,101
2025-07-21,hotel-demo-1,Brasil,BR,19
2025-07-21,hotel-demo-1,Chile,CL,6
2025-07-21,hotel-demo-1,Uruguay,UY,6
2025-07-21,hotel-demo-1,Estados Unidos,US,9
2025-07-21,hotel-demo-2,Argentina,AR,30
2025-07-21,hotel-demo-2,Brasil,BR,10
2025-07-21,hotel-demo-2,Chile,CL,3
2025-07-21,hotel-demo-2,Uruguay,UY,2
2025-07-21,hotel-demo-2,Estados Unidos,US,3
2025-07-21,hotel-demo-2,España,ES,2
2025-07-21,hotel-demo-2,Alemania,DE,1
2025-07-21,hotel-demo-2,Francia,FR,1
2025-07-21,hotel-demo-2,México,MX,10
2025-07-22,hotel-demo-1,Argentina,AR,95
2025-07-22,hotel-demo-1,Brasil,BR,32
2025-07-22,hotel-demo-1,Chile,CL,12
2025-07-22,hotel-demo-1,Uruguay,UY,12
2025-07-22,hotel-demo-1,Estados Unidos,US,12
2025-07-22,hotel-demo-1,España,ES,6
2025-07-22,hotel-demo-1,Alemania,DE,4
2025-07-22,hotel-demo-1,Francia,FR,2
2025-07-22,hotel-demo-1,México,MX,24
2025-07-22,hotel-demo-2,Argentina,AR,28
2025-07-22,hotel-demo-2,Brasil,BR,9
2025-07-22,hotel-demo-2,Chile,CL,3
2025-07-22,hotel-demo-2,Uruguay,UY,2
2025-07-22,hotel-demo-2,Estados Unidos,US,3
2025-07-22,hotel-demo-2,España,ES,2
2025-07-22,hotel-demo-2,Alemania,DE,1
2025-07-22,hotel-demo-2,Francia,FR,1
2025-07-22,hotel-demo-2,México,MX,12
2025-07-23,hotel-demo-1,Argentina,AR,134
2025-07-23,hotel-demo-1,Brasil,BR,20
2025-07-23,hotel-demo-1,Chile,CL,12
2025-07-23,hotel-demo-1,Uruguay,UY,7
2025-07-23,hotel-demo-1,Estados Unidos,US,8
2025-07-23,hotel-demo-2,Argentina,AR,50
2025-07-23,hotel-demo-2,Brasil,BR,11
2025-07-23,hotel-demo-2,Chile,CL,5
2025-07-23,hotel-demo-2,Uruguay,UY,4
2025-07-23,hotel-demo-2,Estados Unidos,US,1
2025-07-24,hotel-demo-1,Argentina,AR,93
2025-07-24,hotel-demo-1,Brasil,BR,31
2025-07-24,hotel-demo-1,Chile,CL,12
2025-07-24,hotel-demo-1,Uruguay,UY,12
2025-07-24,hotel-demo-1,Estados Unidos,US,7
2025-07-24,hotel-demo-1,España,ES,5
2025-07-24,hotel-demo-1,Alemania,DE,5
2025-07-24,hotel-demo-1,Francia,FR,3
2025-07-24,hotel-demo-1,México,MX,32
2025-07-24,hotel-demo-2,Argentina,AR,51
2025-07-24,hotel-demo-2,Brasil,BR,10
2025-07-24,hotel-demo-2,Chile,CL,4
2025-07-24,hotel-demo-2,Uruguay,UY,3
2025-07-24,hotel-demo-2,Estados Unidos,US,1
2025-07-25,hotel-demo-1,Argentina,AR,113
2025-07-25,hotel-demo-1,Brasil,BR,19
2025-07-25,hotel-demo-1,Chile,CL,9
2025-07-25,hotel-demo-1,Uruguay,UY,6
2025-07-25,hotel-demo-1,Estados Unidos,US,6
2025-07-25,hotel-demo-1,España,ES,4
2025-07-25,hotel-demo-1,Alemania,DE,3
2025-07-25,hotel-demo-1,Francia,FR,3
2025-07-25,hotel-demo-1,México,MX,12
2025-07-25,hotel-demo-2,Argentina,AR,37
2025-07-25,hotel-demo-2,Brasil,BR,11
2025-07-25,hotel-demo-2,Chile,CL,5
2025-07-25,hotel-demo-2,Uruguay,UY,4
2025-07-25,hotel-demo-2,Estados Unidos,US,3
2025-07-25,hotel-demo-2,España,ES,3
2025-07-25,hotel-demo-2,Alemania,DE,1
2025-07-25,hotel-demo-2,Francia,FR,1
2025-07-25,hotel-demo-2,México,MX,12
2025-07-26,hotel-demo-1,Argentina,AR,94
2025-07-26,hotel-demo-1,Brasil,BR,29
2025-07-26,hotel-demo-1,Chile,CL,14
2025-07-26,hotel-demo-1,Uruguay,UY,7
2025-07-26,hotel-demo-1,Estados Unidos,US,7
2025-07-26,hotel-demo-1,España,ES,5
2025-07-26,hotel-demo-1,Alemania,DE,3
2025-07-26,hotel-demo-1,Francia,FR,4
2025-07-26,hotel-demo-1,México,MX,19
2025-07-26,hotel-demo-2,Argentina,AR,33
2025-07-26,hotel-demo-2,Brasil,BR,11
2025-07-26,hotel-demo-2,Chile,CL,4
2025-07-26,hotel-demo-2,Uruguay,UY,4
2025-07-26,hotel-demo-2,Estados Unidos,US,2
2025-07-26,hotel-demo-2,España,ES,2
2025-07-26,hotel-demo-2,Alemania,DE,2
2025-07-26,hotel-demo-2,Francia,FR,1
2025-07-26,hotel-demo-2,México,MX,8
2025-07-27,hotel-demo-1,Argentina,AR,118
2025-07-27,hotel-demo-1,Brasil,BR,21
2025-07-27,hotel-demo-1,Chile,CL,10
2025-07-27,hotel-demo-1,Uruguay,UY,10
2025-07-27,hotel-demo-2,Argentina,AR,48
2025-07-27,hotel-demo-2,Brasil,BR,14
2025-07-27,hotel-demo-2,Chile,CL,4
2025-07-27,hotel-demo-2,Uruguay,UY,3
2025-07-27,hotel-demo-2,Estados Unidos,US,3
2025-07-27,hotel-demo-2,España,ES,3
2025-07-27,hotel-demo-2,Alemania,DE,2
2025-07-28,hotel-demo-1,Argentina,AR,100
2025-07-28,hotel-demo-1,Brasil,BR,27
2025-07-28,hotel-demo-1,Chile,CL,11
2025-07-28,hotel-demo-1,Uruguay,UY,6
2025-07-28,hotel-demo-1,Estados Unidos,US,6
2025-07-28,hotel-demo-1,España,ES,5
2025-07-28,hotel-demo-2,Argentina,AR,31
2025-07-28,hotel-demo-2,Brasil,BR,12
2025-07-28,hotel-demo-2,Chile,CL,5
2025-07-28,hotel-demo-2,Uruguay,UY,3
2025-07-28,hotel-demo-2,Estados Unidos,US,4
2025-07-28,hotel-demo-2,España,ES,3
2025-07-28,hotel-demo-2,Alemania,DE,1
2025-07-28,hotel-demo-2,Francia,FR,1
2025-07-28,hotel-demo-2,México,MX,9
2025-07-29,hotel-demo-1,Argentina,AR,101
2025-07-29,hotel-demo-1,Brasil,BR,32
2025-07-29,hotel-demo-1,Chile,CL,13
2025-07-29,hotel-demo-1,Uruguay,UY,9
2025-07-29,hotel-demo-1,Estados Unidos,US,7
2025-07-29,hotel-demo-1,España,ES,4
2025-07-29,hotel-demo-1,Alemania,DE,4
2025-07-29,hotel-demo-1,Francia,FR,3
2025-07-29,hotel-demo-1,México,MX,10
2025-07-29,hotel-demo-2,Argentina,AR,23
2025-07-29,hotel-demo-2,Brasil,BR,5
2025-07-29,hotel-demo-2,Chile,CL,3
2025-07-29,hotel-demo-2,Uruguay,UY,3
2025-07-29,hotel-demo-2,Estados Unidos,US,2
2025-07-29,hotel-demo-2,España,ES,2
2025-07-29,hotel-demo-2,Alemania,DE,1
2025-07-29,hotel-demo-2,Francia,FR,1
2025-07-29,hotel-demo-2,México,MX,8
2025-07-30,hotel-demo-1,Argentina,AR,135
2025-07-30,hotel-demo-1,Brasil,BR,22
2025-07-30,hotel-demo-1,Chile,CL,13
2025-07-30,hotel-demo-1,Uruguay,UY,9
2025-07-30,hotel-demo-1,Estados Unidos,US,3
2025-07-30,hotel-demo-2,Argentina,AR,46
2025-07-30,hotel-demo-2,Brasil,BR,8
2025-07-30,hotel-demo-2,Chile,CL,5
2025-07-30,hotel-demo-2,Uruguay,UY,3
2025-07-30,hotel-demo-2,Estados Unidos,US,2
2025-07-31,hotel-demo-1,Argentina,AR,83
2025-07-31,hotel-demo-1,Brasil,BR,29
2025-07-31,hotel-demo-1,Chile,CL,10
2025-07-31,hotel-demo-1,Uruguay,UY,6
2025-07-31,hotel-demo-1,Estados Unidos,US,6
2025-07-31,hotel-demo-1,España,ES,5
2025-07-31,hotel-demo-1,Alemania,DE,3
2025-07-31,hotel-demo-1,Francia,FR,2
2025-07-31,hotel-demo-1,México,MX,22
2025-07-31,hotel-demo-2,Argentina,AR,30
2025-07-31,hotel-demo-2,Brasil,BR,12
2025-07-31,hotel-demo-2,Chile,CL,5
2025-07-31,hotel-demo-2,Uruguay,UY,4
2025-07-31,hotel-demo-2,Estados Unidos,US,3
2025-07-31,hotel-demo-2,España,ES,2
2025-07-31,hotel-demo-2,Alemania,DE,1
2025-07-31,hotel-demo-2,Francia,FR,1
2025-07-31,hotel-demo-2,México,MX,8
2025-08-01,hotel-demo-1,Argentina,AR,95
2025-08-01,hotel-demo-1,Brasil,BR,28
2025-08-01,hotel-demo-1,Chile,CL,8
2025-08-01,hotel-demo-1,Uruguay,UY,8
2025-08-01,hotel-demo-1,Estados Unidos,US,6
2025-08-01,hotel-demo-1,España,ES,6
2025-08-01,hotel-demo-1,Alemania,DE,4
2025-08-01,hotel-demo-1,Francia,FR,2
2025-08-01,hotel-demo-1,México,MX,17
2025-08-01,hotel-demo-2,Argentina,AR,23
2025-08-01,hotel-demo-2,Brasil,BR,7
2025-08-01,hotel-demo-2,Chile,CL,4
2025-08-01,hotel-demo-2,Uruguay,UY,2
2025-08-01,hotel-demo-2,Estados Unidos,US,3
2025-08-01,hotel-demo-2,España,ES,1
2025-08-01,hotel-demo-2,Alemania,DE,1
2025-08-01,hotel-demo-2,Francia,FR,1
2025-08-01,hotel-demo-2,México,MX,8
2025-08-02,hotel-demo-1,Argentina,AR,125
2025-08-02,hotel-demo-1,Brasil,BR,34
2025-08-02,hotel-demo-1,Chile,CL,12
2025-08-02,hotel-demo-1,Uruguay,UY,10
2025-08-02,hotel-demo-1,Estados Unidos,US,13
2025-08-02,hotel-demo-1,España,ES,3
2025-08-02,hotel-demo-2,Argentina,AR,53
2025-08-02,hotel-demo-2,Brasil,BR,11
2025-08-02,hotel-demo-2,Chile,CL,3
2025-08-02,hotel-demo-2,Uruguay,UY,3
2025-08-02,hotel-demo-2,Estados Unidos,US,1
2025-08-03,hotel-demo-1,Argentina,AR,99
2025-08-03,hotel-demo-1,Brasil,BR,23
2025-08-03,hotel-demo-1,Chile,CL,6
2025-08-03,hotel-demo-1,Uruguay,UY,7
2025-08-03,hotel-demo-1,Estados Unidos,US,4
2025-08-03,hotel-demo-2,Argentina,AR,22
2025-08-03,hotel-demo-2,Brasil,BR,5
2025-08-03,hotel-demo-2,Chile,CL,2
2025-08-03,hotel-demo-2,Uruguay,UY,3
2025-08-03,hotel-demo-2,Estados Unidos,US,2
2025-08-03,hotel-demo-2,España,ES,1
2025-08-03,hotel-demo-2,Alemania,DE,1
2025-08-03,hotel-demo-2,Francia,FR,1
2025-08-03,hotel-demo-2,México,MX,7
2025-08-04,hotel-demo-1,Argentina,AR,135
2025-08-04,hotel-demo-1,Brasil,BR,21
2025-08-04,hotel-demo-1,Chile,CL,11
2025-08-04,hotel-demo-1,Uruguay,UY,2
2025-08-04,hotel-demo-2,Argentina,AR,21
2025-08-04,hotel-demo-2,Brasil,BR,6
2025-08-04,hotel-demo-2,Chile,CL,2
2025-08-04,hotel-demo-2,Uruguay,UY,2
2025-08-04,hotel-demo-2,Estados Unidos,US,2
2025-08-04,hotel-demo-2,España,ES,1
2025-08-04,hotel-demo-2,Alemania,DE,1
2025-08-04,hotel-demo-2,Francia,FR,1
2025-08-04,hotel-demo-2,México,MX,10
2025-08-05,hotel-demo-1,Argentina,AR,108
2025-08-05,hotel-demo-1,Brasil,BR,27
2025-08-05,hotel-demo-1,Chile,CL,11
2025-08-05,hotel-demo-1,Uruguay,UY,8
2025-08-05,hotel-demo-1,Estados Unidos,US,2
2025-08-05,hotel-demo-2,Argentina,AR,29
2025-08-05,hotel-demo-2,Brasil,BR,8
2025-08-05,hotel-demo-2,Chile,CL,4
2025-08-05,hotel-demo-2,Uruguay,UY,4
2025-08-05,hotel-demo-2,Estados Unidos,US,3
2025-08-05,hotel-demo-2,España,ES,2
2025-08-05,hotel-demo-2,Alemania,DE,1
2025-08-05,hotel-demo-2,Francia,FR,1
2025-08-05,hotel-demo-2,México,MX,6
2025-08-06,hotel-demo-1,Argentina,AR,108
2025-08-06,hotel-demo-1,Brasil,BR,25
2025-08-06,hotel-demo-1,Chile,CL,8
2025-08-06,hotel-demo-1,Uruguay,UY,6
2025-08-06,hotel-demo-2,Argentina,AR,46
2025-08-06,hotel-demo-2,Brasil,BR,7
2025-08-06,hotel-demo-2,Chile,CL,4
2025-08-06,hotel-demo-2,Uruguay,UY,3
2025-08-06,hotel-demo-2,Estados Unidos,US,4
2025-08-06,hotel-demo-2,España,ES,2
2025-08-06,hotel-demo-2,Alemania,DE,1
2025-08-06,hotel-demo-2,Francia,FR,1
2025-08-06,hotel-demo-2,México,MX,1
2025-08-07,hotel-demo-1,Argentina,AR,99
2025-08-07,hotel-demo-1,Brasil,BR,17
2025-08-07,hotel-demo-1,Chile,CL,7
2025-08-07,hotel-demo-1,Uruguay,UY,9
2025-08-07,hotel-demo-1,Estados Unidos,US,9
2025-08-07,hotel-demo-1,España,ES,6
2025-08-07,hotel-demo-1,Alemania,DE,3
2025-08-07,hotel-demo-1,Francia,FR,3
2025-08-07,hotel-demo-1,México,MX,7
2025-08-07,hotel-demo-2,Argentina,AR,31
2025-08-07,hotel-demo-2,Brasil,BR,8
2025-08-07,hotel-demo-2,Chile,CL,2
2025-08-07,hotel-demo-2,Uruguay,UY,3
2025-08-07,hotel-demo-2,Estados Unidos,US,3
2025-08-08,hotel-demo-1,Argentina,AR,103
2025-08-08,hotel-demo-1,Brasil,BR,19
2025-08-08,hotel-demo-1,Chile,CL,10
2025-08-08,hotel-demo-1,Uruguay,UY,9
2025-08-08,hotel-demo-1,Estados Unidos,US,7
2025-08-08,hotel-demo-2,Argentina,AR,33
2025-08-08,hotel-demo-2,Brasil,BR,7
2025-08-08,hotel-demo-2,Chile,CL,3
2025-08-08,hotel-demo-2,Uruguay,UY,3
2025-08-08,hotel-demo-2,Estados Unidos,US,3
2025-08-08,hotel-demo-2,España,ES,2
2025-08-08,hotel-demo-2,Alemania,DE,1
2025-08-08,hotel-demo-2,Francia,FR,1
2025-08-08,hotel-demo-2,México,MX,6
2025-08-09,hotel-demo-1,Argentina,AR,71
2025-08-09,hotel-demo-1,Brasil,BR,21
2025-08-09,hotel-demo-1,Chile,CL,10
2025-08-09,hotel-demo-1,Uruguay,UY,8
2025-08-09,hotel-demo-1,Estados Unidos,US,8
2025-08-09,hotel-demo-1,España,ES,5
2025-08-09,hotel-demo-1,Alemania,DE,3
2025-08-09,hotel-demo-1,Francia,FR,2
2025-08-09,hotel-demo-1,México,MX,27
2025-08-09,hotel-demo-2,Argentina,AR,35
2025-08-09,hotel-demo-2,Brasil,BR,9
2025-08-09,hotel-demo-2,Chile,CL,4
2025-08-09,hotel-demo-2,Uruguay,UY,3
2025-08-09,hotel-demo-2,Estados Unidos,US,2
2025-08-09,hotel-demo-2,España,ES,2
2025-08-09,hotel-demo-2,Alemania,DE,1
2025-08-10,hotel-demo-1,Argentina,AR,75
2025-08-10,hotel-demo-1,Brasil,BR,21
2025-08-10,hotel-demo-1,Chile,CL,7
2025-08-10,hotel-demo-1,Uruguay,UY,9
2025-08-10,hotel-demo-1,Estados Unidos,US,9
2025-08-10,hotel-demo-1,España,ES,5
2025-08-10,hotel-demo-1,Alemania,DE,3
2025-08-10,hotel-demo-1,Francia,FR,2
2025-08-10,hotel-demo-1,México,MX,37
2025-08-10,hotel-demo-2,Argentina,AR,27
2025-08-10,hotel-demo-2,Brasil,BR,7
2025-08-10,hotel-demo-2,Chile,CL,3
2025-08-10,hotel-demo-2,Uruguay,UY,2
2025-08-10,hotel-demo-2,Estados Unidos,US,2
2025-08-10,hotel-demo-2,España,ES,1
2025-08-10,hotel-demo-2,Alemania,DE,1
2025-08-10,hotel-demo-2,Francia,FR,1
2025-08-10,hotel-demo-2,México,MX,2
2025-08-11,hotel-demo-1,Argentina,AR,113
2025-08-11,hotel-demo-1,Brasil,BR,24
2025-08-11,hotel-demo-1,Chile,CL,8
2025-08-11,hotel-demo-1,Uruguay,UY,9
2025-08-11,hotel-demo-1,Estados Unidos,US,8
2025-08-11,hotel-demo-1,España,ES,3
2025-08-11,hotel-demo-2,Argentina,AR,27
2025-08-11,hotel-demo-2,Brasil,BR,6
2025-08-11,hotel-demo-2,Chile,CL,3
2025-08-11,hotel-demo-2,Uruguay,UY,3
2025-08-11,hotel-demo-2,Estados Unidos,US,3
2025-08-11,hotel-demo-2,España,ES,2
2025-08-11,hotel-demo-2,Alemania,DE,1
2025-08-11,hotel-demo-2,Francia,FR,1
2025-08-11,hotel-demo-2,México,MX,16
2025-08-12,hotel-demo-1,Argentina,AR,76
2025-08-12,hotel-demo-1,Brasil,BR,20
2025-08-12,hotel-demo-1,Chile,CL,9
2025-08-12,hotel-demo-1,Uruguay,UY,9
2025-08-12,hotel-demo-1,Estados Unidos,US,10
2025-08-12,hotel-demo-1,España,ES,4
2025-08-12,hotel-demo-1,Alemania,DE,3
2025-08-12,hotel-demo-1,Francia,FR,2
2025-08-12,hotel-demo-1,México,MX,18
2025-08-12,hotel-demo-2,Argentina,AR,35
2025-08-12,hotel-demo-2,Brasil,BR,5
2025-08-12,hotel-demo-2,Chile,CL,3
2025-08-12,hotel-demo-2,Uruguay,UY,2
2025-08-12,hotel-demo-2,Estados Unidos,US,2
2025-08-12,hotel-demo-2,España,ES,1
2025-08-13,hotel-demo-1,Argentina,AR,94
2025-08-13,hotel-demo-1,Brasil,BR,26
2025-08-13,hotel-demo-1,Chile,CL,10
2025-08-13,hotel-demo-1,Uruguay,UY,7
2025-08-13,hotel-demo-1,Estados Unidos,US,6
2025-08-13,hotel-demo-1,España,ES,3
2025-08-13,hotel-demo-2,Argentina,AR,53
2025-08-13,hotel-demo-2,Brasil,BR,8
2025-08-13,hotel-demo-2,Chile,CL,5
2025-08-13,hotel-demo-2,Uruguay,UY,3
2025-08-13,hotel-demo-2,Estados Unidos,US,3
2025-08-13,hotel-demo-2,España,ES,2
2025-08-14,hotel-demo-1,Argentina,AR,99
2025-08-14,hotel-demo-1,Brasil,BR,22
2025-08-14,hotel-demo-1,Chile,CL,8
2025-08-14,hotel-demo-1,Uruguay,UY,6
2025-08-14,hotel-demo-1,Estados Unidos,US,9
2025-08-14,hotel-demo-1,España,ES,4
2025-08-14,hotel-demo-1,Alemania,DE,3
2025-08-14,hotel-demo-2,Argentina,AR,47
2025-08-14,hotel-demo-2,Brasil,BR,6
2025-08-14,hotel-demo-2,Chile,CL,4
2025-08-14,hotel-demo-2,Uruguay,UY,3
2025-08-14,hotel-demo-2,Estados Unidos,US,1
2025-08-15,hotel-demo-1,Argentina,AR,95
2025-08-15,hotel-demo-1,Brasil,BR,23
2025-08-15,hotel-demo-1,Chile,CL,10
2025-08-15,hotel-demo-1,Uruguay,UY,10
2025-08-15,hotel-demo-1,Estados Unidos,US,9
2025-08-15,hotel-demo-1,España,ES,4
2025-08-15,hotel-demo-1,Alemania,DE,4
2025-08-15,hotel-demo-1,Francia,FR,2
2025-08-15,hotel-demo-1,México,MX,24
2025-08-15,hotel-demo-2,Argentina,AR,32
2025-08-15,hotel-demo-2,Brasil,BR,7
2025-08-15,hotel-demo-2,Chile,CL,2
2025-08-15,hotel-demo-2,Uruguay,UY,3
2025-08-15,hotel-demo-2,Estados Unidos,US,2
2025-08-15,hotel-demo-2,España,ES,2
2025-08-15,hotel-demo-2,Alemania,DE,1
2025-08-16,hotel-demo-1,Argentina,AR,106
2025-08-16,hotel-demo-1,Brasil,BR,27
2025-08-16,hotel-demo-1,Chile,CL,11
2025-08-16,hotel-demo-1,Uruguay,UY,6
2025-08-16,hotel-demo-1,Estados Unidos,US,10
2025-08-16,hotel-demo-1,España,ES,5
2025-08-16,hotel-demo-1,Alemania,DE,3
2025-08-16,hotel-demo-2,Argentina,AR,41
2025-08-16,hotel-demo-2,Brasil,BR,7
2025-08-16,hotel-demo-2,Chile,CL,3
2025-08-16,hotel-demo-2,Uruguay,UY,3
2025-08-16,hotel-demo-2,Estados Unidos,US,3
2025-08-16,hotel-demo-2,España,ES,2
2025-08-16,hotel-demo-2,Alemania,DE,1
2025-08-16,hotel-demo-2,Francia,FR,1
2025-08-16,hotel-demo-2,México,MX,5
2025-08-17,hotel-demo-1,Argentina,AR,114
2025-08-17,hotel-demo-1,Brasil,BR,15
2025-08-17,hotel-demo-1,Chile,CL,10
2025-08-17,hotel-demo-1,Uruguay,UY,7
2025-08-17,hotel-demo-1,Estados Unidos,US,1
2025-08-17,hotel-demo-2,Argentina,AR,23
2025-08-17,hotel-demo-2,Brasil,BR,6
2025-08-17,hotel-demo-2,Chile,CL,2
2025-08-17,hotel-demo-2,Uruguay,UY,3
2025-08-17,hotel-demo-2,Estados Unidos,US,3
2025-08-17,hotel-demo-2,España,ES,1
2025-08-17,hotel-demo-2,Alemania,DE,1
2025-08-17,hotel-demo-2,Francia,FR,1
2025-08-17,hotel-demo-2,México,MX,5
2025-08-18,hotel-demo-1,Argentina,AR,75
2025-08-18,hotel-demo-1,Brasil,BR,25
2025-08-18,hotel-demo-1,Chile,CL,10
2025-08-18,hotel-demo-1,Uruguay,UY,6
2025-08-18,hotel-demo-1,Estados Unidos,US,7
2025-08-18,hotel-demo-1,España,ES,4
2025-08-18,hotel-demo-1,Alemania,DE,3
2025-08-18,hotel-demo-1,Francia,FR,2
2025-08-18,hotel-demo-1,México,MX,20
2025-08-18,hotel-demo-2,Argentina,AR,37
2025-08-18,hotel-demo-2,Brasil,BR,8
2025-08-18,hotel-demo-2,Chile,CL,2
2025-08-18,hotel-demo-2,Uruguay,UY,2
2025-08-18,hotel-demo-2,Estados Unidos,US,2
2025-08-18,hotel-demo-2,España,ES,2
2025-08-18,hotel-demo-2,Alemania,DE,1
2025-08-18,hotel-demo-2,Francia,FR,1
2025-08-18,hotel-demo-2,México,MX,1
2025-08-19,hotel-demo-1,Argentina,AR,88
2025-08-19,hotel-demo-1,Brasil,BR,22
2025-08-19,hotel-demo-1,Chile,CL,9
2025-08-19,hotel-demo-1,Uruguay,UY,11
2025-08-19,hotel-demo-1,Estados Unidos,US,10
2025-08-19,hotel-demo-1,España,ES,5
2025-08-19,hotel-demo-1,Alemania,DE,4
2025-08-19,hotel-demo-1,Francia,FR,3
2025-08-19,hotel-demo-1,México,MX,25
2025-08-19,hotel-demo-2,Argentina,AR,41
2025-08-19,hotel-demo-2,Brasil,BR,7
2025-08-19,hotel-demo-2,Chile,CL,4
2025-08-19,hotel-demo-2,Uruguay,UY,2
2025-08-20,hotel-demo-1,Argentina,AR,76
2025-08-20,hotel-demo-1,Brasil,BR,18
2025-08-20,hotel-demo-1,Chile,CL,10
2025-08-20,hotel-demo-1,Uruguay,UY,7
2025-08-20,hotel-demo-1,Estados Unidos,US,9
2025-08-20,hotel-demo-1,España,ES,6
2025-08-20,hotel-demo-1,Alemania,DE,4
2025-08-20,hotel-demo-1,Francia,FR,2
2025-08-20,hotel-demo-1,México,MX,33
2025-08-20,hotel-demo-2,Argentina,AR,28
2025-08-20,hotel-demo-2,Brasil,BR,9
2025-08-20,hotel-demo-2,Chile,CL,3
2025-08-20,hotel-demo-2,Uruguay,UY,3
2025-08-20,hotel-demo-2,Estados Unidos,US,2
2025-08-20,hotel-demo-2,España,ES,2
2025-08-20,hotel-demo-2,Alemania,DE,1
2025-08-20,hotel-demo-2,Francia,FR,1
2025-08-20,hotel-demo-2,México,MX,3
2025-08-21,hotel-demo-1,Argentina,AR,89
2025-08-21,hotel-demo-1,Brasil,BR,31
2025-08-21,hotel-demo-1,Chile,CL,10
2025-08-21,hotel-demo-1,Uruguay,UY,9
2025-08-21,hotel-demo-1,Estados Unidos,US,7
2025-08-21,hotel-demo-1,España,ES,6
2025-08-21,hotel-demo-1,Alemania,DE,4
2025-08-21,hotel-demo-1,Francia,FR,3
2025-08-21,hotel-demo-1,México,MX,10
2025-08-21,hotel-demo-2,Argentina,AR,31
2025-08-21,hotel-demo-2,Brasil,BR,7
2025-08-21,hotel-demo-2,Chile,CL,4
2025-08-21,hotel-demo-2,Uruguay,UY,2
2025-08-21,hotel-demo-2,Estados Unidos,US,3
2025-08-21,hotel-demo-2,España,ES,2
2025-08-21,hotel-demo-2,Alemania,DE,1
2025-08-21,hotel-demo-2,Francia,FR,1
2025-08-21,hotel-demo-2,México,MX,12
2025-08-22,hotel-demo-1,Argentina,AR,109
2025-08-22,hotel-demo-1,Brasil,BR,29
2025-08-22,hotel-demo-1,Chile,CL,12
2025-08-22,hotel-demo-1,Uruguay,UY,10
2025-08-22,hotel-demo-1,Estados Unidos,US,7
2025-08-22,hotel-demo-1,España,ES,6
2025-08-22,hotel-demo-1,Alemania,DE,3
2025-08-22,hotel-demo-1,Francia,FR,3
2025-08-22,hotel-demo-2,Argentina,AR,43
2025-08-22,hotel-demo-2,Brasil,BR,9
2025-08-22,hotel-demo-2,Chile,CL,3
2025-08-22,hotel-demo-2,Uruguay,UY,4
2025-08-22,hotel-demo-2,Estados Unidos,US,3
2025-08-22,hotel-demo-2,España,ES,2
2025-08-22,hotel-demo-2,Alemania,DE,1
2025-08-22,hotel-demo-2,Francia,FR,1
2025-08-22,hotel-demo-2,México,MX,1
2025-08-23,hotel-demo-1,Argentina,AR,82
2025-08-23,hotel-demo-1,Brasil,BR,24
2025-08-23,hotel-demo-1,Chile,CL,7
2025-08-23,hotel-demo-1,Uruguay,UY,6
2025-08-23,hotel-demo-1,Estados Unidos,US,7
2025-08-23,hotel-demo-1,España,ES,5
2025-08-23,hotel-demo-1,Alemania,DE,4
2025-08-23,hotel-demo-1,Francia,FR,2
2025-08-23,hotel-demo-1,México,MX,14
2025-08-23,hotel-demo-2,Argentina,AR,30
2025-08-23,hotel-demo-2,Brasil,BR,6
2025-08-23,hotel-demo-2,Chile,CL,3
2025-08-23,hotel-demo-2,Uruguay,UY,3
2025-08-23,hotel-demo-2,Estados Unidos,US,2
2025-08-23,hotel-demo-2,España,ES,1
2025-08-23,hotel-demo-2,Alemania,DE,1
2025-08-23,hotel-demo-2,Francia,FR,1
2025-08-23,hotel-demo-2,México,MX,5
2025-08-24,hotel-demo-1,Argentina,AR,93
2025-08-24,hotel-demo-1,Brasil,BR,21
2025-08-24,hotel-demo-1,Chile,CL,10
2025-08-24,hotel-demo-1,Uruguay,UY,8
2025-08-24,hotel-demo-1,Estados Unidos,US,7
2025-08-24,hotel-demo-1,España,ES,6
2025-08-24,hotel-demo-1,Alemania,DE,2
2025-08-24,hotel-demo-1,Francia,FR,2
2025-08-24,hotel-demo-1,México,MX,12
2025-08-24,hotel-demo-2,Argentina,AR,24
2025-08-24,hotel-demo-2,Brasil,BR,5
2025-08-24,hotel-demo-2,Chile,CL,3
2025-08-24,hotel-demo-2,Uruguay,UY,2
2025-08-24,hotel-demo-2,Estados Unidos,US,2
2025-08-24,hotel-demo-2,España,ES,1
2025-08-24,hotel-demo-2,Alemania,DE,1
2025-08-24,hotel-demo-2,México,MX,1
2025-08-25,hotel-demo-1,Argentina,AR,130
2025-08-25,hotel-demo-1,Brasil,BR,26
2025-08-25,hotel-demo-1,Chile,CL,11
2025-08-25,hotel-demo-1,Uruguay,UY,3
2025-08-25,hotel-demo-2,Argentina,AR,36
2025-08-25,hotel-demo-2,Brasil,BR,6
2025-08-25,hotel-demo-2,Chile,CL,4
2025-08-25,hotel-demo-2,Uruguay,UY,2
2025-08-25,hotel-demo-2,Estados Unidos,US,2
2025-08-25,hotel-demo-2,España,ES,2
2025-08-25,hotel-demo-2,Alemania,DE,1
2025-08-25,hotel-demo-2,Francia,FR,1
2025-08-25,hotel-demo-2,México,MX,2
2025-08-26,hotel-demo-1,Argentina,AR,119
2025-08-26,hotel-demo-1,Brasil,BR,22
2025-08-26,hotel-demo-1,Chile,CL,10
2025-08-26,hotel-demo-1,Uruguay,UY,2
2025-08-26,hotel-demo-2,Argentina,AR,26
2025-08-26,hotel-demo-2,Brasil,BR,7
2025-08-26,hotel-demo-2,Chile,CL,3
2025-08-26,hotel-demo-2,Uruguay,UY,2
2025-08-26,hotel-demo-2,Estados Unidos,US,2
2025-08-26,hotel-demo-2,España,ES,2
2025-08-26,hotel-demo-2,Alemania,DE,1
2025-08-26,hotel-demo-2,Francia,FR,1
2025-08-26,hotel-demo-2,México,MX,4
2025-08-27,hotel-demo-1,Argentina,AR,100
2025-08-27,hotel-demo-1,Brasil,BR,20
2025-08-27,hotel-demo-1,Chile,CL,9
2025-08-27,hotel-demo-1,Uruguay,UY,8
2025-08-27,hotel-demo-1,Estados Unidos,US,6
2025-08-27,hotel-demo-1,España,ES,3
2025-08-27,hotel-demo-1,Alemania,DE,3
2025-08-27,hotel-demo-2,Argentina,AR,28
2025-08-27,hotel-demo-2,Brasil,BR,5
2025-08-27,hotel-demo-2,Chile,CL,3
2025-08-27,hotel-demo-2,Uruguay,UY,2
2025-08-27,hotel-demo-2,Estados Unidos,US,2
2025-08-27,hotel-demo-2,España,ES,2
2025-08-27,hotel-demo-2,Alemania,DE,1
2025-08-27,hotel-demo-2,Francia,FR,1
2025-08-28,hotel-demo-1,Argentina,AR,78
2025-08-28,hotel-demo-1,Brasil,BR,29
2025-08-28,hotel-demo-1,Chile,CL,8
2025-08-28,hotel-demo-1,Uruguay,UY,10
2025-08-28,hotel-demo-1,Estados Unidos,US,10
2025-08-28,hotel-demo-1,España,ES,6
2025-08-28,hotel-demo-1,Alemania,DE,3
2025-08-28,hotel-demo-1,Francia,FR,2
2025-08-28,hotel-demo-1,México,MX,17
2025-08-28,hotel-demo-2,Argentina,AR,50
2025-08-28,hotel-demo-2,Brasil,BR,8
2025-08-28,hotel-demo-2,Chile,CL,3
2025-08-28,hotel-demo-2,Uruguay,UY,2
2025-08-28,hotel-demo-2,Estados Unidos,US,3
2025-08-29,hotel-demo-1,Argentina,AR,125
2025-08-29,hotel-demo-1,Brasil,BR,29
2025-08-29,hotel-demo-1,Chile,CL,11
2025-08-29,hotel-demo-1,Uruguay,UY,6
2025-08-29,hotel-demo-1,Estados Unidos,US,2
2025-08-29,hotel-demo-2,Argentina,AR,27
2025-08-29,hotel-demo-2,Brasil,BR,7
2025-08-29,hotel-demo-2,Chile,CL,3
2025-08-29,hotel-demo-2,Uruguay,UY,3
2025-08-29,hotel-demo-2,Estados Unidos,US,3
2025-08-29,hotel-demo-2,España,ES,1
2025-08-29,hotel-demo-2,Alemania,DE,1
2025-08-29,hotel-demo-2,Francia,FR,1
2025-08-29,hotel-demo-2,México,MX,9
2025-08-30,hotel-demo-1,Argentina,AR,90
2025-08-30,hotel-demo-1,Brasil,BR,32
2025-08-30,hotel-demo-1,Chile,CL,8
2025-08-30,hotel-demo-1,Uruguay,UY,8
2025-08-30,hotel-demo-1,Estados Unidos,US,9
2025-08-30,hotel-demo-1,España,ES,5
2025-08-30,hotel-demo-1,Alemania,DE,4
2025-08-30,hotel-demo-1,Francia,FR,2
2025-08-30,hotel-demo-1,México,MX,32
2025-08-30,hotel-demo-2,Argentina,AR,37
2025-08-30,hotel-demo-2,Brasil,BR,5
2025-08-30,hotel-demo-2,Chile,CL,3
2025-08-30,hotel-demo-2,Uruguay,UY,3
2025-08-30,hotel-demo-2,Estados Unidos,US,2
2025-08-30,hotel-demo-2,España,ES,1
2025-08-31,hotel-demo-1,Argentina,AR,72
2025-08-31,hotel-demo-1,Brasil,BR,17
2025-08-31,hotel-demo-1,Chile,CL,10
2025-08-31,hotel-demo-1,Uruguay,UY,9
2025-08-31,hotel-demo-1,Estados Unidos,US,5
2025-08-31,hotel-demo-1,España,ES,4
2025-08-31,hotel-demo-1,Alemania,DE,3
2025-08-31,hotel-demo-1,Francia,FR,2
2025-08-31,hotel-demo-1,México,MX,16
2025-08-31,hotel-demo-2,Argentina,AR,37
2025-08-31,hotel-demo-2,Brasil,BR,7
2025-08-31,hotel-demo-2,Chile,CL,2
2025-08-31,hotel-demo-2,Uruguay,UY,2
2025-08-31,hotel-demo-2,Estados Unidos,US,2
2025-08-31,hotel-demo-2,España,ES,1
2025-08-31,hotel-demo-2,Alemania,DE,1
2025-09-01,hotel-demo-1,Argentina,AR,132
2025-09-01,hotel-demo-1,Brasil,BR,23
2025-09-01,hotel-demo-1,Chile,CL,7
2025-09-01,hotel-demo-1,Uruguay,UY,4
2025-09-01,hotel-demo-2,Argentina,AR,24
2025-09-01,hotel-demo-2,Brasil,BR,7
2025-09-01,hotel-demo-2,Chile,CL,3
2025-09-01,hotel-demo-2,Uruguay,UY,3
2025-09-01,hotel-demo-2,Estados Unidos,US,3
2025-09-01,hotel-demo-2,España,ES,1
2025-09-01,hotel-demo-2,Alemania,DE,1
2025-09-01,hotel-demo-2,Francia,FR,1
2025-09-01,hotel-demo-2,México,MX,12
2025-09-02,hotel-demo-1,Argentina,AR,123
2025-09-02,hotel-demo-1,Brasil,BR,24
2025-09-02,hotel-demo-1,Chile,CL,12
2025-09-02,hotel-demo-1,Uruguay,UY,8
2025-09-02,hotel-demo-1,Estados Unidos,US,7
2025-09-02,hotel-demo-1,España,ES,4
2025-09-02,hotel-demo-1,Alemania,DE,1
2025-09-02,hotel-demo-2,Argentina,AR,47
2025-09-02,hotel-demo-2,Brasil,BR,8
2025-09-02,hotel-demo-2,Chile,CL,4
2025-09-02,hotel-demo-2,Uruguay,UY,2
2025-09-02,hotel-demo-2,Estados Unidos,US,2
2025-09-03,hotel-demo-1,Argentina,AR,146
2025-09-03,hotel-demo-1,Brasil,BR,34
2025-09-03,hotel-demo-1,Chile,CL,10
2025-09-03,hotel-demo-1,Uruguay,UY,9
2025-09-03,hotel-demo-2,Argentina,AR,29
2025-09-03,hotel-demo-2,Brasil,BR,10
2025-09-03,hotel-demo-2,Chile,CL,4
2025-09-03,hotel-demo-2,Uruguay,UY,4
2025-09-03,hotel-demo-2,Estados Unidos,US,4
2025-09-03,hotel-demo-2,España,ES,3
2025-09-03,hotel-demo-2,Alemania,DE,1
2025-09-03,hotel-demo-2,Francia,FR,1
2025-09-03,hotel-demo-2,México,MX,9
2025-09-04,hotel-demo-1,Argentina,AR,121
2025-09-04,hotel-demo-1,Brasil,BR,28
2025-09-04,hotel-demo-1,Chile,CL,13
2025-09-04,hotel-demo-1,Uruguay,UY,2
2025-09-04,hotel-demo-2,Argentina,AR,37
2025-09-04,hotel-demo-2,Brasil,BR,11
2025-09-04,hotel-demo-2,Chile,CL,5
2025-09-04,hotel-demo-2,Uruguay,UY,3
2025-09-04,hotel-demo-2,Estados Unidos,US,4
2025-09-04,hotel-demo-2,España,ES,2
2025-09-04,hotel-demo-2,Alemania,DE,2
2025-09-04,hotel-demo-2,Francia,FR,1
2025-09-04,hotel-demo-2,México,MX,12
2025-09-05,hotel-demo-1,Argentina,AR,135
2025-09-05,hotel-demo-1,Brasil,BR,18
2025-09-05,hotel-demo-1,Chile,CL,8
2025-09-05,hotel-demo-1,Uruguay,UY,10
2025-09-05,hotel-demo-1,Estados Unidos,US,9
2025-09-05,hotel-demo-1,España,ES,7
2025-09-05,hotel-demo-1,Alemania,DE,1
2025-09-05,hotel-demo-2,Argentina,AR,58
2025-09-05,hotel-demo-2,Brasil,BR,8
2025-09-05,hotel-demo-2,Chile,CL,3
2025-09-05,hotel-demo-2,Uruguay,UY,3
2025-09-06,hotel-demo-1,Argentina,AR,143
2025-09-06,hotel-demo-1,Brasil,BR,31
2025-09-06,hotel-demo-1,Chile,CL,14
2025-09-06,hotel-demo-1,Uruguay,UY,10
2025-09-06,hotel-demo-2,Argentina,AR,29
2025-09-06,hotel-demo-2,Brasil,BR,11
2025-09-06,hotel-demo-2,Chile,CL,5
2025-09-06,hotel-demo-2,Uruguay,UY,4
2025-09-06,hotel-demo-2,Estados Unidos,US,3
2025-09-06,hotel-demo-2,España,ES,2
2025-09-06,hotel-demo-2,Alemania,DE,1
2025-09-06,hotel-demo-2,Francia,FR,1
2025-09-06,hotel-demo-2,México,MX,8
2025-09-07,hotel-demo-1,Argentina,AR,95
2025-09-07,hotel-demo-1,Brasil,BR,20
2025-09-07,hotel-demo-1,Chile,CL,10
2025-09-07,hotel-demo-1,Uruguay,UY,10
2025-09-07,hotel-demo-1,Estados Unidos,US,11
2025-09-07,hotel-demo-1,España,ES,4
2025-09-07,hotel-demo-1,Alemania,DE,4
2025-09-07,hotel-demo-1,Francia,FR,2
2025-09-07,hotel-demo-1,México,MX,10
2025-09-07,hotel-demo-2,Argentina,AR,38
2025-09-07,hotel-demo-2,Brasil,BR,9
2025-09-07,hotel-demo-2,Chile,CL,4
2025-09-07,hotel-demo-2,Uruguay,UY,3
2025-09-07,hotel-demo-2,Estados Unidos,US,3
2025-09-07,hotel-demo-2,España,ES,2
2025-09-07,hotel-demo-2,Alemania,DE,2
2025-09-07,hotel-demo-2,Francia,FR,1
2025-09-07,hotel-demo-2,México,MX,2
2025-09-08,hotel-demo-1,Argentina,AR,117
2025-09-08,hotel-demo-1,Brasil,BR,28
2025-09-08,hotel-demo-1,Chile,CL,11
2025-09-08,hotel-demo-1,Uruguay,UY,6
2025-09-08,hotel-demo-2,Argentina,AR,30
2025-09-08,hotel-demo-2,Brasil,BR,8
2025-09-08,hotel-demo-2,Chile,CL,3
2025-09-08,hotel-demo-2,Uruguay,UY,3
2025-09-08,hotel-demo-2,Estados Unidos,US,3
2025-09-08,hotel-demo-2,España,ES,2
2025-09-08,hotel-demo-2,Alemania,DE,1
2025-09-08,hotel-demo-2,Francia,FR,1
2025-09-08,hotel-demo-2,México,MX,14
2025-09-09,hotel-demo-1,Argentina,AR,92
2025-09-09,hotel-demo-1,Brasil,BR,16
2025-09-09,hotel-demo-1,Chile,CL,10
2025-09-09,hotel-demo-1,Uruguay,UY,6
2025-09-09,hotel-demo-1,Estados Unidos,US,6
2025-09-09,hotel-demo-1,España,ES,4
2025-09-09,hotel-demo-1,Alemania,DE,2
2025-09-09,hotel-demo-1,Francia,FR,2
2025-09-09,hotel-demo-1,México,MX,6
2025-09-09,hotel-demo-2,Argentina,AR,52
2025-09-09,hotel-demo-2,Brasil,BR,10
2025-09-09,hotel-demo-2,Chile,CL,4
2025-09-09,hotel-demo-2,Uruguay,UY,4
2025-09-09,hotel-demo-2,Estados Unidos,US,3
2025-09-09,hotel-demo-2,España,ES,2
2025-09-09,hotel-demo-2,Alemania,DE,2
2025-09-09,hotel-demo-2,Francia,FR,1
2025-09-09,hotel-demo-2,México,MX,8
2025-09-10,hotel-demo-1,Argentina,AR,85
2025-09-10,hotel-demo-1,Brasil,BR,18
2025-09-10,hotel-demo-1,Chile,CL,14
2025-09-10,hotel-demo-1,Uruguay,UY,12
2025-09-10,hotel-demo-1,Estados Unidos,US,10
2025-09-10,hotel-demo-1,España,ES,4
2025-09-10,hotel-demo-1,Alemania,DE,4
2025-09-10,hotel-demo-1,Francia,FR,3
2025-09-10,hotel-demo-1,México,MX,32
2025-09-10,hotel-demo-2,Argentina,AR,51
2025-09-10,hotel-demo-2,Brasil,BR,13
2025-09-10,hotel-demo-2,Chile,CL,4
2025-09-10,hotel-demo-2,Uruguay,UY,3
2025-09-10,hotel-demo-2,Estados Unidos,US,1
2025-09-11,hotel-demo-1,Argentina,AR,126
2025-09-11,hotel-demo-1,Brasil,BR,28
2025-09-11,hotel-demo-1,Chile,CL,3
2025-09-11,hotel-demo-2,Argentina,AR,48
2025-09-11,hotel-demo-2,Brasil,BR,8
2025-09-11,hotel-demo-2,Chile,CL,4
2025-09-11,hotel-demo-2,Uruguay,UY,2
2025-09-11,hotel-demo-2,Estados Unidos,US,3
2025-09-11,hotel-demo-2,España,ES,2
2025-09-11,hotel-demo-2,Alemania,DE,2
2025-09-11,hotel-demo-2,Francia,FR,1
2025-09-12,hotel-demo-1,Argentina,AR,131
2025-09-12,hotel-demo-1,Brasil,BR,32
2025-09-12,hotel-demo-1,Chile,CL,14
2025-09-12,hotel-demo-1,Uruguay,UY,14
2025-09-12,hotel-demo-1,Estados Unidos,US,13
2025-09-12,hotel-demo-1,España,ES,6
2025-09-12,hotel-demo-1,Alemania,DE,4
2025-09-12,hotel-demo-1,Francia,FR,3
2025-09-12,hotel-demo-1,México,MX,7
2025-09-12,hotel-demo-2,Argentina,AR,39
2025-09-12,hotel-demo-2,Brasil,BR,9
2025-09-12,hotel-demo-2,Chile,CL,4
2025-09-12,hotel-demo-2,Uruguay,UY,3
2025-09-12,hotel-demo-2,Estados Unidos,US,2
2025-09-12,hotel-demo-2,España,ES,2
2025-09-12,hotel-demo-2,Alemania,DE,2
2025-09-12,hotel-demo-2,Francia,FR,1
2025-09-12,hotel-demo-2,México,MX,1
2025-09-13,hotel-demo-1,Argentina,AR,134
2025-09-13,hotel-demo-1,Brasil,BR,34
2025-09-13,hotel-demo-1,Chile,CL,13
2025-09-13,hotel-demo-1,Uruguay,UY,12
2025-09-13,hotel-demo-1,Estados Unidos,US,7
2025-09-13,hotel-demo-2,Argentina,AR,58
2025-09-13,hotel-demo-2,Brasil,BR,12
2025-09-13,hotel-demo-2,Chile,CL,4
2025-09-13,hotel-demo-2,Uruguay,UY,4
2025-09-13,hotel-demo-2,Estados Unidos,US,4
2025-09-13,hotel-demo-2,España,ES,1
2025-09-14,hotel-demo-1,Argentina,AR,88
2025-09-14,hotel-demo-1,Brasil,BR,27
2025-09-14,hotel-demo-1,Chile,CL,10
2025-09-14,hotel-demo-1,Uruguay,UY,11
2025-09-14,hotel-demo-1,Estados Unidos,US,8
2025-09-14,hotel-demo-1,España,ES,6
2025-09-14,hotel-demo-1,Alemania,DE,2
2025-09-14,hotel-demo-1,Francia,FR,3
2025-09-14,hotel-demo-1,México,MX,9
2025-09-14,hotel-demo-2,Argentina,AR,39
2025-09-14,hotel-demo-2,Brasil,BR,12
2025-09-14,hotel-demo-2,Chile,CL,4
2025-09-14,hotel-demo-2,Uruguay,UY,4
2025-09-14,hotel-demo-2,Estados Unidos,US,3
2025-09-14,hotel-demo-2,España,ES,2
2025-09-14,hotel-demo-2,Alemania,DE,1
2025-09-14,hotel-demo-2,Francia,FR,1
2025-09-14,hotel-demo-2,México,MX,6
2025-09-15,hotel-demo-1,Argentina,AR,92
2025-09-15,hotel-demo-1,Brasil,BR,19
2025-09-15,hotel-demo-1,Chile,CL,12
2025-09-15,hotel-demo-1,Uruguay,UY,7
2025-09-15,hotel-demo-1,Estados Unidos,US,9
2025-09-15,hotel-demo-1,España,ES,6
2025-09-15,hotel-demo-1,Alemania,DE,4
2025-09-15,hotel-demo-1,Francia,FR,3
2025-09-15,hotel-demo-1,México,MX,28
2025-09-15,hotel-demo-2,Argentina,AR,44
2025-09-15,hotel-demo-2,Brasil,BR,7
2025-09-15,hotel-demo-2,Chile,CL,4
2025-09-15,hotel-demo-2,Uruguay,UY,3
2025-09-15,hotel-demo-2,Estados Unidos,US,2
2025-09-16,hotel-demo-1,Argentina,AR,144
2025-09-16,hotel-demo-1,Brasil,BR,28
2025-09-16,hotel-demo-1,Chile,CL,7
2025-09-16,hotel-demo-2,Argentina,AR,37
2025-09-16,hotel-demo-2,Brasil,BR,8
2025-09-16,hotel-demo-2,Chile,CL,4
2025-09-16,hotel-demo-2,Uruguay,UY,3
2025-09-16,hotel-demo-2,Estados Unidos,US,4
2025-09-16,hotel-demo-2,España,ES,3
2025-09-16,hotel-demo-2,Alemania,DE,1
2025-09-16,hotel-demo-2,Francia,FR,1
2025-09-16,hotel-demo-2,México,MX,14
2025-09-17,hotel-demo-1,Argentina,AR,111
2025-09-17,hotel-demo-1,Brasil,BR,17
2025-09-17,hotel-demo-1,Chile,CL,10
2025-09-17,hotel-demo-1,Uruguay,UY,10
2025-09-17,hotel-demo-1,Estados Unidos,US,6
2025-09-17,hotel-demo-1,España,ES,6
2025-09-17,hotel-demo-2,Argentina,AR,52
2025-09-17,hotel-demo-2,Brasil,BR,7
2025-09-17,hotel-demo-2,Chile,CL,5
2025-09-17,hotel-demo-2,Uruguay,UY,4
2025-09-17,hotel-demo-2,Estados Unidos,US,2
2025-09-18,hotel-demo-1,Argentina,AR,124
2025-09-18,hotel-demo-1,Brasil,BR,22
2025-09-18,hotel-demo-1,Chile,CL,13
2025-09-18,hotel-demo-1,Uruguay,UY,7
2025-09-18,hotel-demo-1,Estados Unidos,US,11
2025-09-18,hotel-demo-1,España,ES,5
2025-09-18,hotel-demo-2,Argentina,AR,42
2025-09-18,hotel-demo-2,Brasil,BR,9
2025-09-18,hotel-demo-2,Chile,CL,4
2025-09-18,hotel-demo-2,Uruguay,UY,3
2025-09-18,hotel-demo-2,Estados Unidos,US,3
2025-09-18,hotel-demo-2,España,ES,2
2025-09-18,hotel-demo-2,Alemania,DE,1
2025-09-18,hotel-demo-2,Francia,FR,1
2025-09-18,hotel-demo-2,México,MX,4
2025-09-19,hotel-demo-1,Argentina,AR,106
2025-09-19,hotel-demo-1,Brasil,BR,22
2025-09-19,hotel-demo-1,Chile,CL,9
2025-09-19,hotel-demo-1,Uruguay,UY,7
2025-09-19,hotel-demo-1,Estados Unidos,US,9
2025-09-19,hotel-demo-1,España,ES,4
2025-09-19,hotel-demo-1,Alemania,DE,3
2025-09-19,hotel-demo-1,Francia,FR,2
2025-09-19,hotel-demo-1,México,MX,19
2025-09-19,hotel-demo-2,Argentina,AR,56
2025-09-19,hotel-demo-2,Brasil,BR,14
2025-09-19,hotel-demo-2,Chile,CL,5
2025-09-19,hotel-demo-2,Uruguay,UY,4
2025-09-19,hotel-demo-2,Estados Unidos,US,5
2025-09-20,hotel-demo-1,Argentina,AR,166
2025-09-20,hotel-demo-1,Brasil,BR,28
2025-09-20,hotel-demo-1,Chile,CL,15
2025-09-20,hotel-demo-1,Uruguay,UY,6
2025-09-20,hotel-demo-2,Argentina,AR,29
2025-09-20,hotel-demo-2,Brasil,BR,7
2025-09-20,hotel-demo-2,Chile,CL,3
2025-09-20,hotel-demo-2,Uruguay,UY,4
2025-09-20,hotel-demo-2,Estados Unidos,US,4
2025-09-20,hotel-demo-2,España,ES,2
2025-09-20,hotel-demo-2,Alemania,DE,2
2025-09-20,hotel-demo-2,Francia,FR,1
2025-09-20,hotel-demo-2,México,MX,14
2025-09-21,hotel-demo-1,Argentina,AR,101
2025-09-21,hotel-demo-1,Brasil,BR,15
2025-09-21,hotel-demo-1,Chile,CL,9
2025-09-21,hotel-demo-1,Uruguay,UY,8
2025-09-21,hotel-demo-1,Estados Unidos,US,1
2025-09-21,hotel-demo-2,Argentina,AR,40
2025-09-21,hotel-demo-2,Brasil,BR,10
2025-09-21,hotel-demo-2,Chile,CL,4
2025-09-21,hotel-demo-2,Uruguay,UY,3
2025-09-21,hotel-demo-2,Estados Unidos,US,2
2025-09-22,hotel-demo-1,Argentina,AR,62
2025-09-22,hotel-demo-1,Brasil,BR,16
2025-09-22,hotel-demo-1,Chile,CL,10
2025-09-22,hotel-demo-1,Uruguay,UY,7
2025-09-22,hotel-demo-1,Estados Unidos,US,6
2025-09-22,hotel-demo-1,España,ES,5
2025-09-22,hotel-demo-1,Alemania,DE,3
2025-09-22,hotel-demo-1,Francia,FR,2
2025-09-22,hotel-demo-1,México,MX,28
2025-09-22,hotel-demo-2,Argentina,AR,31
2025-09-22,hotel-demo-2,Brasil,BR,8
2025-09-22,hotel-demo-2,Chile,CL,4
2025-09-22,hotel-demo-2,Uruguay,UY,4
2025-09-22,hotel-demo-2,Estados Unidos,US,4
2025-09-22,hotel-demo-2,España,ES,2
2025-09-22,hotel-demo-2,Alemania,DE,1
2025-09-22,hotel-demo-2,Francia,FR,1
2025-09-22,hotel-demo-2,México,MX,15
2025-09-23,hotel-demo-1,Argentina,AR,103
2025-09-23,hotel-demo-1,Brasil,BR,25
2025-09-23,hotel-demo-1,Chile,CL,12
2025-09-23,hotel-demo-1,Uruguay,UY,11
2025-09-23,hotel-demo-1,Estados Unidos,US,8
2025-09-23,hotel-demo-1,España,ES,5
2025-09-23,hotel-demo-1,Alemania,DE,3
2025-09-23,hotel-demo-1,Francia,FR,2
2025-09-23,hotel-demo-1,México,MX,3
2025-09-23,hotel-demo-2,Argentina,AR,37
2025-09-23,hotel-demo-2,Brasil,BR,10
2025-09-23,hotel-demo-2,Chile,CL,5
2025-09-23,hotel-demo-2,Uruguay,UY,4
2025-09-23,hotel-demo-2,Estados Unidos,US,4
2025-09-23,hotel-demo-2,España,ES,2
2025-09-23,hotel-demo-2,Alemania,DE,1
2025-09-23,hotel-demo-2,Francia,FR,1
2025-09-23,hotel-demo-2,México,MX,8
2025-09-24,hotel-demo-1,Argentina,AR,87
2025-09-24,hotel-demo-1,Brasil,BR,18
2025-09-24,hotel-demo-1,Chile,CL,9
2025-09-24,hotel-demo-1,Uruguay,UY,6
2025-09-24,hotel-demo-1,Estados Unidos,US,8
2025-09-24,hotel-demo-1,España,ES,5
2025-09-24,hotel-demo-1,Alemania,DE,3
2025-09-24,hotel-demo-1,Francia,FR,2
2025-09-24,hotel-demo-1,México,MX,1
2025-09-24,hotel-demo-2,Argentina,AR,41
2025-09-24,hotel-demo-2,Brasil,BR,7
2025-09-24,hotel-demo-2,Chile,CL,5
2025-09-24,hotel-demo-2,Uruguay,UY,4
2025-09-24,hotel-demo-2,Estados Unidos,US,3
2025-09-24,hotel-demo-2,España,ES,3
2025-09-24,hotel-demo-2,Alemania,DE,2
2025-09-24,hotel-demo-2,Francia,FR,1
2025-09-24,hotel-demo-2,México,MX,4
2025-09-25,hotel-demo-1,Argentina,AR,90
2025-09-25,hotel-demo-1,Brasil,BR,23
2025-09-25,hotel-demo-1,Chile,CL,8
2025-09-25,hotel-demo-1,Uruguay,UY,10
2025-09-25,hotel-demo-1,Estados Unidos,US,6
2025-09-25,hotel-demo-1,España,ES,6
2025-09-25,hotel-demo-1,Alemania,DE,3
2025-09-25,hotel-demo-1,Francia,FR,2
2025-09-25,hotel-demo-1,México,MX,22
2025-09-25,hotel-demo-2,Argentina,AR,37
2025-09-25,hotel-demo-2,Brasil,BR,6
2025-09-25,hotel-demo-2,Chile,CL,3
2025-09-25,hotel-demo-2,Uruguay,UY,3
2025-09-25,hotel-demo-2,Estados Unidos,US,2
2025-09-25,hotel-demo-2,España,ES,1
2025-09-25,hotel-demo-2,Alemania,DE,1
2025-09-26,hotel-demo-1,Argentina,AR,118
2025-09-26,hotel-demo-1,Brasil,BR,25
2025-09-26,hotel-demo-1,Chile,CL,15
2025-09-26,hotel-demo-1,Uruguay,UY,10
2025-09-26,hotel-demo-1,Estados Unidos,US,11
2025-09-26,hotel-demo-1,España,ES,4
2025-09-26,hotel-demo-1,Alemania,DE,3
2025-09-26,hotel-demo-1,Francia,FR,2
2025-09-26,hotel-demo-1,México,MX,19
2025-09-26,hotel-demo-2,Argentina,AR,52
2025-09-26,hotel-demo-2,Brasil,BR,13
2025-09-26,hotel-demo-2,Chile,CL,6
2025-09-26,hotel-demo-2,Uruguay,UY,2
2025-09-27,hotel-demo-1,Argentina,AR,136
2025-09-27,hotel-demo-1,Brasil,BR,29
2025-09-27,hotel-demo-1,Chile,CL,8
2025-09-27,hotel-demo-1,Uruguay,UY,2
2025-09-27,hotel-demo-2,Argentina,AR,48
2025-09-27,hotel-demo-2,Brasil,BR,10
2025-09-27,hotel-demo-2,Chile,CL,4
2025-09-27,hotel-demo-2,Uruguay,UY,5
2025-09-27,hotel-demo-2,Estados Unidos,US,3
2025-09-27,hotel-demo-2,España,ES,2
2025-09-27,hotel-demo-2,Alemania,DE,2
2025-09-27,hotel-demo-2,Francia,FR,2
2025-09-27,hotel-demo-2,México,MX,7
2025-09-28,hotel-demo-1,Argentina,AR,96
2025-09-28,hotel-demo-1,Brasil,BR,27
2025-09-28,hotel-demo-1,Chile,CL,12
2025-09-28,hotel-demo-1,Uruguay,UY,9
2025-09-28,hotel-demo-1,Estados Unidos,US,7
2025-09-28,hotel-demo-1,España,ES,5
2025-09-28,hotel-demo-1,Alemania,DE,4
2025-09-28,hotel-demo-1,Francia,FR,2
2025-09-28,hotel-demo-1,México,MX,8
2025-09-28,hotel-demo-2,Argentina,AR,29
2025-09-28,hotel-demo-2,Brasil,BR,8
2025-09-28,hotel-demo-2,Chile,CL,3
2025-09-28,hotel-demo-2,Uruguay,UY,2
2025-09-28,hotel-demo-2,Estados Unidos,US,4
2025-09-28,hotel-demo-2,España,ES,2
2025-09-28,hotel-demo-2,Alemania,DE,1
2025-09-28,hotel-demo-2,Francia,FR,1
2025-09-28,hotel-demo-2,México,MX,11
2025-09-29,hotel-demo-1,Argentina,AR,74
2025-09-29,hotel-demo-1,Brasil,BR,20
2025-09-29,hotel-demo-1,Chile,CL,9
2025-09-29,hotel-demo-1,Uruguay,UY,8
2025-09-29,hotel-demo-1,Estados Unidos,US,7
2025-09-29,hotel-demo-1,España,ES,4
2025-09-29,hotel-demo-1,Alemania,DE,2
2025-09-29,hotel-demo-1,Francia,FR,3
2025-09-29,hotel-demo-1,México,MX,18
2025-09-29,hotel-demo-2,Argentina,AR,34
2025-09-29,hotel-demo-2,Brasil,BR,8
2025-09-29,hotel-demo-2,Chile,CL,3
2025-09-29,hotel-demo-2,Uruguay,UY,4
2025-09-29,hotel-demo-2,Estados Unidos,US,3
2025-09-29,hotel-demo-2,España,ES,3
2025-09-29,hotel-demo-2,Alemania,DE,2
2025-09-29,hotel-demo-2,Francia,FR,1
2025-09-29,hotel-demo-2,México,MX,18
2025-09-30,hotel-demo-1,Argentina,AR,108
2025-09-30,hotel-demo-1,Brasil,BR,17
2025-09-30,hotel-demo-1,Chile,CL,8
2025-09-30,hotel-demo-1,Uruguay,UY,10
2025-09-30,hotel-demo-1,Estados Unidos,US,8
2025-09-30,hotel-demo-1,España,ES,4
2025-09-30,hotel-demo-1,Alemania,DE,3
2025-09-30,hotel-demo-1,Francia,FR,2
2025-09-30,hotel-demo-1,México,MX,7
2025-09-30,hotel-demo-2,Argentina,AR,56
2025-09-30,hotel-demo-2,Brasil,BR,8
2025-09-30,hotel-demo-2,Chile,CL,5
2025-09-30,hotel-demo-2,Uruguay,UY,4
2025-09-30,hotel-demo-2,Estados Unidos,US,1
2025-10-01,hotel-demo-1,Argentina,AR,143
2025-10-01,hotel-demo-1,Brasil,BR,23
2025-10-01,hotel-demo-1,Chile,CL,9
2025-10-01,hotel-demo-1,Uruguay,UY,12
2025-10-01,hotel-demo-1,Estados Unidos,US,9
2025-10-01,hotel-demo-1,España,ES,2
2025-10-01,hotel-demo-2,Argentina,AR,67
2025-10-01,hotel-demo-2,Brasil,BR,10
2025-10-01,hotel-demo-2,Chile,CL,4
2025-10-01,hotel-demo-2,Uruguay,UY,3
2025-10-02,hotel-demo-1,Argentina,AR,93
2025-10-02,hotel-demo-1,Brasil,BR,19
2025-10-02,hotel-demo-1,Chile,CL,8
2025-10-02,hotel-demo-1,Uruguay,UY,6
2025-10-02,hotel-demo-1,Estados Unidos,US,9
2025-10-02,hotel-demo-1,España,ES,4
2025-10-02,hotel-demo-1,Alemania,DE,3
2025-10-02,hotel-demo-1,Francia,FR,3
2025-10-02,hotel-demo-1,México,MX,6
2025-10-02,hotel-demo-2,Argentina,AR,56
2025-10-02,hotel-demo-2,Brasil,BR,10
2025-10-02,hotel-demo-2,Chile,CL,5
2025-10-02,hotel-demo-2,Uruguay,UY,5
2025-10-02,hotel-demo-2,Estados Unidos,US,4
2025-10-02,hotel-demo-2,España,ES,3
2025-10-02,hotel-demo-2,Alemania,DE,2
2025-10-02,hotel-demo-2,Francia,FR,2
2025-10-02,hotel-demo-2,México,MX,9
2025-10-03,hotel-demo-1,Argentina,AR,134
2025-10-03,hotel-demo-1,Brasil,BR,22
2025-10-03,hotel-demo-1,Chile,CL,14
2025-10-03,hotel-demo-1,Uruguay,UY,8
2025-10-03,hotel-demo-1,Estados Unidos,US,7
2025-10-03,hotel-demo-1,España,ES,6
2025-10-03,hotel-demo-1,Alemania,DE,4
2025-10-03,hotel-demo-1,Francia,FR,4
2025-10-03,hotel-demo-1,México,MX,3
2025-10-03,hotel-demo-2,Argentina,AR,44
2025-10-03,hotel-demo-2,Brasil,BR,11
2025-10-03,hotel-demo-2,Chile,CL,4
2025-10-03,hotel-demo-2,Uruguay,UY,3
2025-10-03,hotel-demo-2,Estados Unidos,US,4
2025-10-03,hotel-demo-2,España,ES,3
2025-10-03,hotel-demo-2,Alemania,DE,1
2025-10-03,hotel-demo-2,Francia,FR,1
2025-10-03,hotel-demo-2,México,MX,14
2025-10-04,hotel-demo-1,Argentina,AR,147
2025-10-04,hotel-demo-1,Brasil,BR,24
2025-10-04,hotel-demo-1,Chile,CL,13
2025-10-04,hotel-demo-1,Uruguay,UY,1
2025-10-04,hotel-demo-2,Argentina,AR,73
2025-10-04,hotel-demo-2,Brasil,BR,9
2025-10-04,hotel-demo-2,Chile,CL,7
2025-10-04,hotel-demo-2,Uruguay,UY,5
2025-10-05,hotel-demo-1,Argentina,AR,82
2025-10-05,hotel-demo-1,Brasil,BR,23
2025-10-05,hotel-demo-1,Chile,CL,10
2025-10-05,hotel-demo-1,Uruguay,UY,7
2025-10-05,hotel-demo-1,Estados Unidos,US,8
2025-10-05,hotel-demo-1,España,ES,4
2025-10-05,hotel-demo-1,Alemania,DE,3
2025-10-05,hotel-demo-1,Francia,FR,3
2025-10-05,hotel-demo-1,México,MX,25
2025-10-05,hotel-demo-2,Argentina,AR,41
2025-10-05,hotel-demo-2,Brasil,BR,11
2025-10-05,hotel-demo-2,Chile,CL,3
2025-10-05,hotel-demo-2,Uruguay,UY,4
2025-10-05,hotel-demo-2,Estados Unidos,US,2
2025-10-05,hotel-demo-2,España,ES,2
2025-10-05,hotel-demo-2,Alemania,DE,1
2025-10-05,hotel-demo-2,Francia,FR,1
2025-10-05,hotel-demo-2,México,MX,4
2025-10-06,hotel-demo-1,Argentina,AR,92
2025-10-06,hotel-demo-1,Brasil,BR,23
2025-10-06,hotel-demo-1,Chile,CL,8
2025-10-06,hotel-demo-1,Uruguay,UY,10
2025-10-06,hotel-demo-1,Estados Unidos,US,6
2025-10-06,hotel-demo-1,España,ES,4
2025-10-06,hotel-demo-1,Alemania,DE,3
2025-10-06,hotel-demo-1,Francia,FR,3
2025-10-06,hotel-demo-1,México,MX,10
2025-10-06,hotel-demo-2,Argentina,AR,35
2025-10-06,hotel-demo-2,Brasil,BR,8
2025-10-06,hotel-demo-2,Chile,CL,3
2025-10-06,hotel-demo-2,Uruguay,UY,4
2025-10-06,hotel-demo-2,Estados Unidos,US,3
2025-10-06,hotel-demo-2,España,ES,2
2025-10-06,hotel-demo-2,Alemania,DE,2
2025-10-06,hotel-demo-2,Francia,FR,1
2025-10-06,hotel-demo-2,México,MX,9
2025-10-07,hotel-demo-1,Argentina,AR,77
2025-10-07,hotel-demo-1,Brasil,BR,21
2025-10-07,hotel-demo-1,Chile,CL,8
2025-10-07,hotel-demo-1,Uruguay,UY,10
2025-10-07,hotel-demo-1,Estados Unidos,US,7
2025-10-07,hotel-demo-1,España,ES,6
2025-10-07,hotel-demo-1,Alemania,DE,4
2025-10-07,hotel-demo-1,Francia,FR,2
2025-10-07,hotel-demo-1,México,MX,25
2025-10-07,hotel-demo-2,Argentina,AR,30
2025-10-07,hotel-demo-2,Brasil,BR,11
2025-10-07,hotel-demo-2,Chile,CL,4
2025-10-07,hotel-demo-2,Uruguay,UY,3
2025-10-07,hotel-demo-2,Estados Unidos,US,4
2025-10-07,hotel-demo-2,España,ES,2
2025-10-07,hotel-demo-2,Alemania,DE,1
2025-10-07,hotel-demo-2,Francia,FR,1
2025-10-07,hotel-demo-2,México,MX,11
2025-10-08,hotel-demo-1,Argentina,AR,102
2025-10-08,hotel-demo-1,Brasil,BR,26
2025-10-08,hotel-demo-1,Chile,CL,9
2025-10-08,hotel-demo-1,Uruguay,UY,7
2025-10-08,hotel-demo-1,Estados Unidos,US,6
2025-10-08,hotel-demo-1,España,ES,6
2025-10-08,hotel-demo-1,Alemania,DE,3
2025-10-08,hotel-demo-1,Francia,FR,3
2025-10-08,hotel-demo-1,México,MX,6
2025-10-08,hotel-demo-2,Argentina,AR,30
2025-10-08,hotel-demo-2,Brasil,BR,10
2025-10-08,hotel-demo-2,Chile,CL,3
2025-10-08,hotel-demo-2,Uruguay,UY,3
2025-10-08,hotel-demo-2,Estados Unidos,US,3
2025-10-08,hotel-demo-2,España,ES,2
2025-10-08,hotel-demo-2,Alemania,DE,2
2025-10-08,hotel-demo-2,Francia,FR,1
2025-10-08,hotel-demo-2,México,MX,14
2025-10-09,hotel-demo-1,Argentina,AR,88
2025-10-09,hotel-demo-1,Brasil,BR,26
2025-10-09,hotel-demo-1,Chile,CL,13
2025-10-09,hotel-demo-1,Uruguay,UY,7
2025-10-09,hotel-demo-1,Estados Unidos,US,10
2025-10-09,hotel-demo-1,España,ES,6
2025-10-09,hotel-demo-1,Alemania,DE,3
2025-10-09,hotel-demo-1,Francia,FR,2
2025-10-09,hotel-demo-1,México,MX,11
2025-10-09,hotel-demo-2,Argentina,AR,39
2025-10-09,hotel-demo-2,Brasil,BR,12
2025-10-09,hotel-demo-2,Chile,CL,5
2025-10-09,hotel-demo-2,Uruguay,UY,4
2025-10-09,hotel-demo-2,Estados Unidos,US,3
2025-10-09,hotel-demo-2,España,ES,2
2025-10-09,hotel-demo-2,Alemania,DE,2
2025-10-09,hotel-demo-2,Francia,FR,1
2025-10-10,hotel-demo-1,Argentina,AR,97
2025-10-10,hotel-demo-1,Brasil,BR,23
2025-10-10,hotel-demo-1,Chile,CL,16
2025-10-10,hotel-demo-1,Uruguay,UY,12
2025-10-10,hotel-demo-1,Estados Unidos,US,11
2025-10-10,hotel-demo-1,España,ES,5
2025-10-10,hotel-demo-1,Alemania,DE,5
2025-10-10,hotel-demo-1,Francia,FR,2
2025-10-10,hotel-demo-1,México,MX,48
2025-10-10,hotel-demo-2,Argentina,AR,55
2025-10-10,hotel-demo-2,Brasil,BR,13
2025-10-10,hotel-demo-2,Chile,CL,7
2025-10-10,hotel-demo-2,Uruguay,UY,6
2025-10-10,hotel-demo-2,Estados Unidos,US,5
2025-10-10,hotel-demo-2,España,ES,3
2025-10-10,hotel-demo-2,Alemania,DE,2
2025-10-10,hotel-demo-2,Francia,FR,2
2025-10-10,hotel-demo-2,México,MX,13
2025-10-11,hotel-demo-1,Argentina,AR,95
2025-10-11,hotel-demo-1,Brasil,BR,33
2025-10-11,hotel-demo-1,Chile,CL,10
2025-10-11,hotel-demo-1,Uruguay,UY,11
2025-10-11,hotel-demo-1,Estados Unidos,US,12
2025-10-11,hotel-demo-1,España,ES,5
2025-10-11,hotel-demo-1,Alemania,DE,5
2025-10-11,hotel-demo-1,Francia,FR,4
2025-10-11,hotel-demo-1,México,MX,37
2025-10-11,hotel-demo-2,Argentina,AR,47
2025-10-11,hotel-demo-2,Brasil,BR,9
2025-10-11,hotel-demo-2,Chile,CL,6
2025-10-11,hotel-demo-2,Uruguay,UY,4
2025-10-11,hotel-demo-2,Estados Unidos,US,5
2025-10-11,hotel-demo-2,España,ES,3
2025-10-11,hotel-demo-2,Alemania,DE,2
2025-10-11,hotel-demo-2,Francia,FR,1
2025-10-11,hotel-demo-2,México,MX,11
2025-10-12,hotel-demo-1,Argentina,AR,94
2025-10-12,hotel-demo-1,Brasil,BR,24
2025-10-12,hotel-demo-1,Chile,CL,13
2025-10-12,hotel-demo-1,Uruguay,UY,9
2025-10-12,hotel-demo-1,Estados Unidos,US,7
2025-10-12,hotel-demo-1,España,ES,5
2025-10-12,hotel-demo-1,Alemania,DE,3
2025-10-12,hotel-demo-1,Francia,FR,2
2025-10-12,hotel-demo-1,México,MX,16
2025-10-12,hotel-demo-2,Argentina,AR,46
2025-10-12,hotel-demo-2,Brasil,BR,7
2025-10-12,hotel-demo-2,Chile,CL,4
2025-10-12,hotel-demo-2,Uruguay,UY,4
2025-10-13,hotel-demo-1,Argentina,AR,101
2025-10-13,hotel-demo-1,Brasil,BR,26
2025-10-13,hotel-demo-1,Chile,CL,10
2025-10-13,hotel-demo-1,Uruguay,UY,6
2025-10-13,hotel-demo-1,Estados Unidos,US,10
2025-10-13,hotel-demo-1,España,ES,4
2025-10-13,hotel-demo-1,Alemania,DE,2
2025-10-13,hotel-demo-1,Francia,FR,2
2025-10-13,hotel-demo-1,México,MX,5
2025-10-13,hotel-demo-2,Argentina,AR,58
2025-10-13,hotel-demo-2,Brasil,BR,9
2025-10-13,hotel-demo-2,Chile,CL,4
2025-10-13,hotel-demo-2,Uruguay,UY,3
2025-10-13,hotel-demo-2,Estados Unidos,US,2
2025-10-14,hotel-demo-1,Argentina,AR,122
2025-10-14,hotel-demo-1,Brasil,BR,23
2025-10-14,hotel-demo-1,Chile,CL,13
2025-10-14,hotel-demo-1,Uruguay,UY,9
2025-10-14,hotel-demo-1,Estados Unidos,US,6
2025-10-14,hotel-demo-2,Argentina,AR,46
2025-10-14,hotel-demo-2,Brasil,BR,6
2025-10-14,hotel-demo-2,Chile,CL,4
2025-10-14,hotel-demo-2,Uruguay,UY,3
2025-10-14,hotel-demo-2,Estados Unidos,US,3
2025-10-14,hotel-demo-2,España,ES,1
2025-10-15,hotel-demo-1,Argentina,AR,128
2025-10-15,hotel-demo-1,Brasil,BR,29
2025-10-15,hotel-demo-1,Chile,CL,11
2025-10-15,hotel-demo-1,Uruguay,UY,3
2025-10-15,hotel-demo-2,Argentina,AR,40
2025-10-15,hotel-demo-2,Brasil,BR,8
2025-10-15,hotel-demo-2,Chile,CL,5
2025-10-15,hotel-demo-2,Uruguay,UY,4
2025-10-15,hotel-demo-2,Estados Unidos,US,3
2025-10-15,hotel-demo-2,España,ES,2
2025-10-15,hotel-demo-2,Alemania,DE,2
2025-10-15,hotel-demo-2,Francia,FR,1
2025-10-15,hotel-demo-2,México,MX,3
2025-10-16,hotel-demo-1,Argentina,AR,115
2025-10-16,hotel-demo-1,Brasil,BR,20
2025-10-16,hotel-demo-1,Chile,CL,8
2025-10-16,hotel-demo-1,Uruguay,UY,7
2025-10-16,hotel-demo-1,Estados Unidos,US,10
2025-10-16,hotel-demo-1,España,ES,7
2025-10-16,hotel-demo-1,Alemania,DE,4
2025-10-16,hotel-demo-1,Francia,FR,3
2025-10-16,hotel-demo-1,México,MX,7
2025-10-16,hotel-demo-2,Argentina,AR,43
2025-10-16,hotel-demo-2,Brasil,BR,7
2025-10-16,hotel-demo-2,Chile,CL,4
2025-10-16,hotel-demo-2,Uruguay,UY,3
2025-10-16,hotel-demo-2,Estados Unidos,US,3
2025-10-16,hotel-demo-2,España,ES,2
2025-10-16,hotel-demo-2,Alemania,DE,1
2025-10-16,hotel-demo-2,Francia,FR,1
2025-10-16,hotel-demo-2,México,MX,1
2025-10-17,hotel-demo-1,Argentina,AR,143
2025-10-17,hotel-demo-1,Brasil,BR,30
2025-10-17,hotel-demo-1,Chile,CL,11
2025-10-17,hotel-demo-1,Uruguay,UY,7
2025-10-17,hotel-demo-1,Estados Unidos,US,7
2025-10-17,hotel-demo-2,Argentina,AR,63
2025-10-17,hotel-demo-2,Brasil,BR,14
2025-10-17,hotel-demo-2,Chile,CL,7
2025-10-17,hotel-demo-2,Uruguay,UY,5
2025-10-17,hotel-demo-2,Estados Unidos,US,4
2025-10-17,hotel-demo-2,España,ES,2
2025-10-17,hotel-demo-2,Alemania,DE,2
2025-10-17,hotel-demo-2,Francia,FR,1
2025-10-18,hotel-demo-1,Argentina,AR,153
2025-10-18,hotel-demo-1,Brasil,BR,23
2025-10-18,hotel-demo-1,Chile,CL,10
2025-10-18,hotel-demo-1,Uruguay,UY,7
2025-10-18,hotel-demo-1,Estados Unidos,US,1
2025-10-18,hotel-demo-2,Argentina,AR,62
2025-10-18,hotel-demo-2,Brasil,BR,12
2025-10-18,hotel-demo-2,Chile,CL,4
2025-10-18,hotel-demo-2,Uruguay,UY,2
2025-10-19,hotel-demo-1,Argentina,AR,118
2025-10-19,hotel-demo-1,Brasil,BR,28
2025-10-19,hotel-demo-1,Chile,CL,7
2025-10-19,hotel-demo-1,Uruguay,UY,1
2025-10-19,hotel-demo-2,Argentina,AR,37
2025-10-19,hotel-demo-2,Brasil,BR,11
2025-10-19,hotel-demo-2,Chile,CL,5
2025-10-19,hotel-demo-2,Uruguay,UY,3
2025-10-19,hotel-demo-2,Estados Unidos,US,4
2025-10-19,hotel-demo-2,España,ES,2
2025-10-19,hotel-demo-2,Alemania,DE,1
2025-10-19,hotel-demo-2,Francia,FR,1
2025-10-19,hotel-demo-2,México,MX,11
2025-10-20,hotel-demo-1,Argentina,AR,144
2025-10-20,hotel-demo-1,Brasil,BR,26
2025-10-20,hotel-demo-1,Chile,CL,9
2025-10-20,hotel-demo-1,Uruguay,UY,10
2025-10-20,hotel-demo-1,Estados Unidos,US,8
2025-10-20,hotel-demo-2,Argentina,AR,42
2025-10-20,hotel-demo-2,Brasil,BR,9
2025-10-20,hotel-demo-2,Chile,CL,6
2025-10-20,hotel-demo-2,Uruguay,UY,4
2025-10-20,hotel-demo-2,Estados Unidos,US,4
2025-10-20,hotel-demo-2,España,ES,3
2025-10-20,hotel-demo-2,Alemania,DE,1
2025-10-20,hotel-demo-2,Francia,FR,1
2025-10-20,hotel-demo-2,México,MX,8
2025-10-21,hotel-demo-1,Argentina,AR,93
2025-10-21,hotel-demo-1,Brasil,BR,32
2025-10-21,hotel-demo-1,Chile,CL,9
2025-10-21,hotel-demo-1,Uruguay,UY,10
2025-10-21,hotel-demo-1,Estados Unidos,US,10
2025-10-21,hotel-demo-1,España,ES,7
2025-10-21,hotel-demo-1,Alemania,DE,3
2025-10-21,hotel-demo-1,Francia,FR,2
2025-10-21,hotel-demo-1,México,MX,22
2025-10-21,hotel-demo-2,Argentina,AR,49
2025-10-21,hotel-demo-2,Brasil,BR,8
2025-10-21,hotel-demo-2,Chile,CL,4
2025-10-21,hotel-demo-2,Uruguay,UY,4
2025-10-21,hotel-demo-2,Estados Unidos,US,2
2025-10-21,hotel-demo-2,España,ES,3
2025-10-21,hotel-demo-2,Alemania,DE,1
2025-10-22,hotel-demo-1,Argentina,AR,114
2025-10-22,hotel-demo-1,Brasil,BR,24
2025-10-22,hotel-demo-1,Chile,CL,10
2025-10-22,hotel-demo-1,Uruguay,UY,11
2025-10-22,hotel-demo-1,Estados Unidos,US,10
2025-10-22,hotel-demo-1,España,ES,7
2025-10-22,hotel-demo-1,Alemania,DE,4
2025-10-22,hotel-demo-1,Francia,FR,1
2025-10-22,hotel-demo-2,Argentina,AR,62
2025-10-22,hotel-demo-2,Brasil,BR,9
2025-10-22,hotel-demo-2,Chile,CL,4
2025-10-22,hotel-demo-2,Uruguay,UY,2
2025-10-23,hotel-demo-1,Argentina,AR,84
2025-10-23,hotel-demo-1,Brasil,BR,25
2025-10-23,hotel-demo-1,Chile,CL,12
2025-10-23,hotel-demo-1,Uruguay,UY,9
2025-10-23,hotel-demo-1,Estados Unidos,US,8
2025-10-23,hotel-demo-1,España,ES,4
2025-10-23,hotel-demo-1,Alemania,DE,3
2025-10-23,hotel-demo-1,Francia,FR,3
2025-10-23,hotel-demo-1,México,MX,4
2025-10-23,hotel-demo-2,Argentina,AR,45
2025-10-23,hotel-demo-2,Brasil,BR,8
2025-10-23,hotel-demo-2,Chile,CL,4
2025-10-23,hotel-demo-2,Uruguay,UY,5
2025-10-23,hotel-demo-2,Estados Unidos,US,4
2025-10-23,hotel-demo-2,España,ES,2
2025-10-23,hotel-demo-2,Alemania,DE,2
2025-10-23,hotel-demo-2,Francia,FR,1
2025-10-23,hotel-demo-2,México,MX,5
2025-10-24,hotel-demo-1,Argentina,AR,112
2025-10-24,hotel-demo-1,Brasil,BR,35
2025-10-24,hotel-demo-1,Chile,CL,15
2025-10-24,hotel-demo-1,Uruguay,UY,13
2025-10-24,hotel-demo-1,Estados Unidos,US,10
2025-10-24,hotel-demo-1,España,ES,7
2025-10-24,hotel-demo-1,Alemania,DE,5
2025-10-24,hotel-demo-1,Francia,FR,3
2025-10-24,hotel-demo-1,México,MX,17
2025-10-24,hotel-demo-2,Argentina,AR,48
2025-10-24,hotel-demo-2,Brasil,BR,13
2025-10-24,hotel-demo-2,Chile,CL,4
2025-10-24,hotel-demo-2,Uruguay,UY,4
2025-10-24,hotel-demo-2,Estados Unidos,US,3
2025-10-24,hotel-demo-2,España,ES,2
2025-10-24,hotel-demo-2,Alemania,DE,2
2025-10-24,hotel-demo-2,Francia,FR,1
2025-10-25,hotel-demo-1,Argentina,AR,179
2025-10-25,hotel-demo-1,Brasil,BR,35
2025-10-25,hotel-demo-1,Chile,CL,10
2025-10-25,hotel-demo-2,Argentina,AR,43
2025-10-25,hotel-demo-2,Brasil,BR,14
2025-10-25,hotel-demo-2,Chile,CL,5
2025-10-25,hotel-demo-2,Uruguay,UY,3
2025-10-25,hotel-demo-2,Estados Unidos,US,5
2025-10-25,hotel-demo-2,España,ES,3
2025-10-25,hotel-demo-2,Alemania,DE,1
2025-10-25,hotel-demo-2,Francia,FR,1
2025-10-25,hotel-demo-2,México,MX,10
2025-10-26,hotel-demo-1,Argentina,AR,97
2025-10-26,hotel-demo-1,Brasil,BR,23
2025-10-26,hotel-demo-1,Chile,CL,7
2025-10-26,hotel-demo-1,Uruguay,UY,7
2025-10-26,hotel-demo-1,Estados Unidos,US,6
2025-10-26,hotel-demo-1,España,ES,5
2025-10-26,hotel-demo-1,Alemania,DE,1
2025-10-26,hotel-demo-2,Argentina,AR,36
2025-10-26,hotel-demo-2,Brasil,BR,13
2025-10-26,hotel-demo-2,Chile,CL,6
2025-10-26,hotel-demo-2,Uruguay,UY,4
2025-10-26,hotel-demo-2,Estados Unidos,US,4
2025-10-26,hotel-demo-2,España,ES,3
2025-10-26,hotel-demo-2,Alemania,DE,2
2025-10-26,hotel-demo-2,Francia,FR,1
2025-10-26,hotel-demo-2,México,MX,6
2025-10-27,hotel-demo-1,Argentina,AR,99
2025-10-27,hotel-demo-1,Brasil,BR,18
2025-10-27,hotel-demo-1,Chile,CL,10
2025-10-27,hotel-demo-1,Uruguay,UY,9
2025-10-27,hotel-demo-1,Estados Unidos,US,11
2025-10-27,hotel-demo-1,España,ES,4
2025-10-27,hotel-demo-1,Alemania,DE,4
2025-10-27,hotel-demo-1,Francia,FR,3
2025-10-27,hotel-demo-1,México,MX,11
2025-10-27,hotel-demo-2,Argentina,AR,38
2025-10-27,hotel-demo-2,Brasil,BR,9
2025-10-27,hotel-demo-2,Chile,CL,3
2025-10-27,hotel-demo-2,Uruguay,UY,3
2025-10-27,hotel-demo-2,Estados Unidos,US,4
2025-10-27,hotel-demo-2,España,ES,2
2025-10-27,hotel-demo-2,Alemania,DE,1
2025-10-27,hotel-demo-2,Francia,FR,1
2025-10-27,hotel-demo-2,México,MX,16
2025-10-28,hotel-demo-1,Argentina,AR,101
2025-10-28,hotel-demo-1,Brasil,BR,27
2025-10-28,hotel-demo-1,Chile,CL,7
2025-10-28,hotel-demo-1,Uruguay,UY,7
2025-10-28,hotel-demo-1,Estados Unidos,US,7
2025-10-28,hotel-demo-2,Argentina,AR,53
2025-10-28,hotel-demo-2,Brasil,BR,9
2025-10-28,hotel-demo-2,Chile,CL,5
2025-10-28,hotel-demo-2,Uruguay,UY,3
2025-10-28,hotel-demo-2,Estados Unidos,US,1
2025-10-29,hotel-demo-1,Argentina,AR,111
2025-10-29,hotel-demo-1,Brasil,BR,20
2025-10-29,hotel-demo-1,Chile,CL,13
2025-10-29,hotel-demo-1,Uruguay,UY,7
2025-10-29,hotel-demo-1,Estados Unidos,US,9
2025-10-29,hotel-demo-1,España,ES,4
2025-10-29,hotel-demo-1,Alemania,DE,5
2025-10-29,hotel-demo-1,Francia,FR,3
2025-10-29,hotel-demo-1,México,MX,16
2025-10-29,hotel-demo-2,Argentina,AR,34
2025-10-29,hotel-demo-2,Brasil,BR,8
2025-10-29,hotel-demo-2,Chile,CL,5
2025-10-29,hotel-demo-2,Uruguay,UY,2
2025-10-29,hotel-demo-2,Estados Unidos,US,4
2025-10-29,hotel-demo-2,España,ES,2
2025-10-29,hotel-demo-2,Alemania,DE,1
2025-10-29,hotel-demo-2,Francia,FR,1
2025-10-29,hotel-demo-2,México,MX,7
2025-10-30,hotel-demo-1,Argentina,AR,88
2025-10-30,hotel-demo-1,Brasil,BR,26
2025-10-30,hotel-demo-1,Chile,CL,13
2025-10-30,hotel-demo-1,Uruguay,UY,6
2025-10-30,hotel-demo-1,Estados Unidos,US,8
2025-10-30,hotel-demo-1,España,ES,5
2025-10-30,hotel-demo-1,Alemania,DE,2
2025-10-30,hotel-demo-1,Francia,FR,2
2025-10-30,hotel-demo-1,México,MX,17
2025-10-30,hotel-demo-2,Argentina,AR,64
2025-10-30,hotel-demo-2,Brasil,BR,15
2025-10-30,hotel-demo-2,Chile,CL,1
2025-10-31,hotel-demo-1,Argentina,AR,105
2025-10-31,hotel-demo-1,Brasil,BR,22
2025-10-31,hotel-demo-1,Chile,CL,13
2025-10-31,hotel-demo-1,Uruguay,UY,9
2025-10-31,hotel-demo-1,Estados Unidos,US,9
2025-10-31,hotel-demo-1,España,ES,4
2025-10-31,hotel-demo-1,Alemania,DE,3
2025-10-31,hotel-demo-2,Argentina,AR,42
2025-10-31,hotel-demo-2,Brasil,BR,11
2025-10-31,hotel-demo-2,Chile,CL,5
2025-10-31,hotel-demo-2,Uruguay,UY,4
2025-10-31,hotel-demo-2,Estados Unidos,US,3
2025-10-31,hotel-demo-2,España,ES,2
2025-10-31,hotel-demo-2,Alemania,DE,1
2025-10-31,hotel-demo-2,Francia,FR,1
2025-10-31,hotel-demo-2,México,MX,2
2025-11-01,hotel-demo-1,Argentina,AR,72
2025-11-01,hotel-demo-1,Brasil,BR,25
2025-11-01,hotel-demo-1,Chile,CL,10
2025-11-01,hotel-demo-1,Uruguay,UY,8
2025-11-01,hotel-demo-1,Estados Unidos,US,10
2025-11-01,hotel-demo-1,España,ES,5
2025-11-01,hotel-demo-1,Alemania,DE,2
2025-11-01,hotel-demo-1,Francia,FR,3
2025-11-01,hotel-demo-1,México,MX,25
2025-11-01,hotel-demo-2,Argentina,AR,52
2025-11-01,hotel-demo-2,Brasil,BR,11
2025-11-01,hotel-demo-2,Chile,CL,4
2025-11-01,hotel-demo-2,Uruguay,UY,5
2025-11-01,hotel-demo-2,Estados Unidos,US,6
2025-11-01,hotel-demo-2,España,ES,3
2025-11-01,hotel-demo-2,Alemania,DE,2
2025-11-01,hotel-demo-2,Francia,FR,1
2025-11-01,hotel-demo-2,México,MX,13
2025-11-02,hotel-demo-1,Argentina,AR,76
2025-11-02,hotel-demo-1,Brasil,BR,16
2025-11-02,hotel-demo-1,Chile,CL,8
2025-11-02,hotel-demo-1,Uruguay,UY,7
2025-11-02,hotel-demo-1,Estados Unidos,US,8
2025-11-02,hotel-demo-1,España,ES,3
2025-11-02,hotel-demo-1,Alemania,DE,2
2025-11-02,hotel-demo-1,Francia,FR,2
2025-11-02,hotel-demo-1,México,MX,8
2025-11-02,hotel-demo-2,Argentina,AR,53
2025-11-02,hotel-demo-2,Brasil,BR,12
2025-11-02,hotel-demo-2,Chile,CL,6
2025-11-02,hotel-demo-2,Uruguay,UY,4
2025-11-02,hotel-demo-2,Estados Unidos,US,1
2025-11-03,hotel-demo-1,Argentina,AR,123
2025-11-03,hotel-demo-1,Brasil,BR,28
2025-11-03,hotel-demo-1,Chile,CL,13
2025-11-03,hotel-demo-1,Uruguay,UY,5
2025-11-03,hotel-demo-2,Argentina,AR,41
2025-11-03,hotel-demo-2,Brasil,BR,12
2025-11-03,hotel-demo-2,Chile,CL,5
2025-11-03,hotel-demo-2,Uruguay,UY,4
2025-11-03,hotel-demo-2,Estados Unidos,US,4
2025-11-03,hotel-demo-2,España,ES,2
2025-11-03,hotel-demo-2,Alemania,DE,2
2025-11-03,hotel-demo-2,Francia,FR,1
2025-11-03,hotel-demo-2,México,MX,14
2025-11-04,hotel-demo-1,Argentina,AR,112
2025-11-04,hotel-demo-1,Brasil,BR,25
2025-11-04,hotel-demo-1,Chile,CL,10
2025-11-04,hotel-demo-1,Uruguay,UY,10
2025-11-04,hotel-demo-1,Estados Unidos,US,9
2025-11-04,hotel-demo-2,Argentina,AR,42
2025-11-04,hotel-demo-2,Brasil,BR,13
2025-11-04,hotel-demo-2,Chile,CL,5
2025-11-04,hotel-demo-2,Uruguay,UY,5
2025-11-04,hotel-demo-2,Estados Unidos,US,5
2025-11-04,hotel-demo-2,España,ES,3
2025-11-04,hotel-demo-2,Alemania,DE,2
2025-11-04,hotel-demo-2,Francia,FR,1
2025-11-04,hotel-demo-2,México,MX,10
2025-11-05,hotel-demo-1,Argentina,AR,66
2025-11-05,hotel-demo-1,Brasil,BR,25
2025-11-05,hotel-demo-1,Chile,CL,9
2025-11-05,hotel-demo-1,Uruguay,UY,9
2025-11-05,hotel-demo-1,Estados Unidos,US,9
2025-11-05,hotel-demo-1,España,ES,6
2025-11-05,hotel-demo-1,Alemania,DE,3
2025-11-05,hotel-demo-1,Francia,FR,2
2025-11-05,hotel-demo-1,México,MX,17
2025-11-05,hotel-demo-2,Argentina,AR,43
2025-11-05,hotel-demo-2,Brasil,BR,10
2025-11-05,hotel-demo-2,Chile,CL,4
2025-11-05,hotel-demo-2,Uruguay,UY,4
2025-11-05,hotel-demo-2,Estados Unidos,US,3
2025-11-05,hotel-demo-2,España,ES,2
2025-11-05,hotel-demo-2,Alemania,DE,2
2025-11-05,hotel-demo-2,Francia,FR,1
2025-11-05,hotel-demo-2,México,MX,11
2025-11-06,hotel-demo-1,Argentina,AR,75
2025-11-06,hotel-demo-1,Brasil,BR,17
2025-11-06,hotel-demo-1,Chile,CL,11
2025-11-06,hotel-demo-1,Uruguay,UY,7
2025-11-06,hotel-demo-1,Estados Unidos,US,6
2025-11-06,hotel-demo-1,España,ES,5
2025-11-06,hotel-demo-1,Alemania,DE,2
2025-11-06,hotel-demo-1,Francia,FR,3
2025-11-06,hotel-demo-1,México,MX,26
2025-11-06,hotel-demo-2,Argentina,AR,51
2025-11-06,hotel-demo-2,Brasil,BR,12
2025-11-06,hotel-demo-2,Chile,CL,5
2025-11-06,hotel-demo-2,Uruguay,UY,5
2025-11-06,hotel-demo-2,Estados Unidos,US,3
2025-11-06,hotel-demo-2,España,ES,2
2025-11-06,hotel-demo-2,Alemania,DE,2
2025-11-06,hotel-demo-2,Francia,FR,1
2025-11-06,hotel-demo-2,México,MX,6
2025-11-07,hotel-demo-1,Argentina,AR,110
2025-11-07,hotel-demo-1,Brasil,BR,34
2025-11-07,hotel-demo-1,Chile,CL,16
2025-11-07,hotel-demo-1,Uruguay,UY,10
2025-11-07,hotel-demo-1,Estados Unidos,US,13
2025-11-07,hotel-demo-1,España,ES,6
2025-11-07,hotel-demo-1,Alemania,DE,3
2025-11-07,hotel-demo-1,Francia,FR,3
2025-11-07,hotel-demo-1,México,MX,17
2025-11-07,hotel-demo-2,Argentina,AR,57
2025-11-07,hotel-demo-2,Brasil,BR,11
2025-11-07,hotel-demo-2,Chile,CL,6
2025-11-07,hotel-demo-2,Uruguay,UY,6
2025-11-07,hotel-demo-2,Estados Unidos,US,5
2025-11-07,hotel-demo-2,España,ES,3
2025-11-07,hotel-demo-2,Alemania,DE,1
2025-11-07,hotel-demo-2,Francia,FR,2
2025-11-07,hotel-demo-2,México,MX,4
2025-11-08,hotel-demo-1,Argentina,AR,138
2025-11-08,hotel-demo-1,Brasil,BR,27
2025-11-08,hotel-demo-1,Chile,CL,11
2025-11-08,hotel-demo-1,Uruguay,UY,1
2025-11-08,hotel-demo-2,Argentina,AR,40
2025-11-08,hotel-demo-2,Brasil,BR,12
2025-11-08,hotel-demo-2,Chile,CL,4
2025-11-08,hotel-demo-2,Uruguay,UY,4
2025-11-08,hotel-demo-2,Estados Unidos,US,3
2025-11-08,hotel-demo-2,España,ES,3
2025-11-08,hotel-demo-2,Alemania,DE,1
2025-11-08,hotel-demo-2,Francia,FR,1
2025-11-08,hotel-demo-2,México,MX,7
2025-11-09,hotel-demo-1,Argentina,AR,70
2025-11-09,hotel-demo-1,Brasil,BR,17
2025-11-09,hotel-demo-1,Chile,CL,6
2025-11-09,hotel-demo-1,Uruguay,UY,7
2025-11-09,hotel-demo-1,Estados Unidos,US,7
2025-11-09,hotel-demo-1,España,ES,4
2025-11-09,hotel-demo-1,Alemania,DE,4
2025-11-09,hotel-demo-1,Francia,FR,2
2025-11-09,hotel-demo-1,México,MX,31
2025-11-09,hotel-demo-2,Argentina,AR,43
2025-11-09,hotel-demo-2,Brasil,BR,9
2025-11-09,hotel-demo-2,Chile,CL,5
2025-11-09,hotel-demo-2,Uruguay,UY,3
2025-11-09,hotel-demo-2,Estados Unidos,US,3
2025-11-09,hotel-demo-2,España,ES,2
2025-11-09,hotel-demo-2,Alemania,DE,2
2025-11-09,hotel-demo-2,Francia,FR,1
2025-11-09,hotel-demo-2,México,MX,14
2025-11-10,hotel-demo-1,Argentina,AR,98
2025-11-10,hotel-demo-1,Brasil,BR,27
2025-11-10,hotel-demo-1,Chile,CL,10
2025-11-10,hotel-demo-1,Uruguay,UY,7
2025-11-10,hotel-demo-1,Estados Unidos,US,7
2025-11-10,hotel-demo-1,España,ES,6
2025-11-10,hotel-demo-1,Alemania,DE,3
2025-11-10,hotel-demo-1,Francia,FR,2
2025-11-10,hotel-demo-1,México,MX,30
2025-11-10,hotel-demo-2,Argentina,AR,47
2025-11-10,hotel-demo-2,Brasil,BR,11
2025-11-10,hotel-demo-2,Chile,CL,6
2025-11-10,hotel-demo-2,Uruguay,UY,5
2025-11-10,hotel-demo-2,Estados Unidos,US,5
2025-11-10,hotel-demo-2,España,ES,3
2025-11-10,hotel-demo-2,Alemania,DE,1
2025-11-10,hotel-demo-2,Francia,FR,2
2025-11-10,hotel-demo-2,México,MX,11
2025-11-11,hotel-demo-1,Argentina,AR,98
2025-11-11,hotel-demo-1,Brasil,BR,26
2025-11-11,hotel-demo-1,Chile,CL,11
2025-11-11,hotel-demo-1,Uruguay,UY,7
2025-11-11,hotel-demo-1,Estados Unidos,US,9
2025-11-11,hotel-demo-1,España,ES,4
2025-11-11,hotel-demo-1,Alemania,DE,3
2025-11-11,hotel-demo-1,Francia,FR,3
2025-11-11,hotel-demo-1,México,MX,16
2025-11-11,hotel-demo-2,Argentina,AR,55
2025-11-11,hotel-demo-2,Brasil,BR,14
2025-11-11,hotel-demo-2,Chile,CL,6
2025-11-11,hotel-demo-2,Uruguay,UY,4
2025-11-11,hotel-demo-2,Estados Unidos,US,4
2025-11-12,hotel-demo-1,Argentina,AR,84
2025-11-12,hotel-demo-1,Brasil,BR,21
2025-11-12,hotel-demo-1,Chile,CL,8
2025-11-12,hotel-demo-1,Uruguay,UY,10
2025-11-12,hotel-demo-1,Estados Unidos,US,7
2025-11-12,hotel-demo-1,España,ES,4
2025-11-12,hotel-demo-1,Alemania,DE,4
2025-11-12,hotel-demo-1,Francia,FR,3
2025-11-12,hotel-demo-1,México,MX,24
2025-11-12,hotel-demo-2,Argentina,AR,36
2025-11-12,hotel-demo-2,Brasil,BR,14
2025-11-12,hotel-demo-2,Chile,CL,4
2025-11-12,hotel-demo-2,Uruguay,UY,4
2025-11-12,hotel-demo-2,Estados Unidos,US,5
2025-11-12,hotel-demo-2,España,ES,2
2025-11-12,hotel-demo-2,Alemania,DE,2
2025-11-12,hotel-demo-2,Francia,FR,1
2025-11-12,hotel-demo-2,México,MX,12
2025-11-13,hotel-demo-1,Argentina,AR,116
2025-11-13,hotel-demo-1,Brasil,BR,19
2025-11-13,hotel-demo-1,Chile,CL,10
2025-11-13,hotel-demo-1,Uruguay,UY,11
2025-11-13,hotel-demo-1,Estados Unidos,US,9
2025-11-13,hotel-demo-1,España,ES,2
2025-11-13,hotel-demo-2,Argentina,AR,57
2025-11-13,hotel-demo-2,Brasil,BR,9
2025-11-13,hotel-demo-2,Chile,CL,7
2025-11-13,hotel-demo-2,Uruguay,UY,6
2025-11-13,hotel-demo-2,Estados Unidos,US,5
2025-11-13,hotel-demo-2,España,ES,3
2025-11-13,hotel-demo-2,Alemania,DE,1
2025-11-14,hotel-demo-1,Argentina,AR,134
2025-11-14,hotel-demo-1,Brasil,BR,29
2025-11-14,hotel-demo-1,Chile,CL,7
2025-11-14,hotel-demo-1,Uruguay,UY,5
2025-11-14,hotel-demo-2,Argentina,AR,51
2025-11-14,hotel-demo-2,Brasil,BR,12
2025-11-14,hotel-demo-2,Chile,CL,6
2025-11-14,hotel-demo-2,Uruguay,UY,6
2025-11-14,hotel-demo-2,Estados Unidos,US,6
2025-11-14,hotel-demo-2,España,ES,4
2025-11-14,hotel-demo-2,Alemania,DE,2
2025-11-14,hotel-demo-2,Francia,FR,2
2025-11-14,hotel-demo-2,México,MX,16
2025-11-15,hotel-demo-1,Argentina,AR,146
2025-11-15,hotel-demo-1,Brasil,BR,37
2025-11-15,hotel-demo-1,Chile,CL,15
2025-11-15,hotel-demo-1,Uruguay,UY,8
2025-11-15,hotel-demo-2,Argentina,AR,58
2025-11-15,hotel-demo-2,Brasil,BR,13
2025-11-15,hotel-demo-2,Chile,CL,7
2025-11-15,hotel-demo-2,Uruguay,UY,5
2025-11-15,hotel-demo-2,Estados Unidos,US,5
2025-11-15,hotel-demo-2,España,ES,4
2025-11-15,hotel-demo-2,Alemania,DE,1
2025-11-15,hotel-demo-2,Francia,FR,1
2025-11-16,hotel-demo-1,Argentina,AR,62
2025-11-16,hotel-demo-1,Brasil,BR,21
2025-11-16,hotel-demo-1,Chile,CL,9
2025-11-16,hotel-demo-1,Uruguay,UY,6
2025-11-16,hotel-demo-1,Estados Unidos,US,7
2025-11-16,hotel-demo-1,España,ES,4
2025-11-16,hotel-demo-1,Alemania,DE,3
2025-11-16,hotel-demo-1,Francia,FR,3
2025-11-16,hotel-demo-1,México,MX,18
2025-11-16,hotel-demo-2,Argentina,AR,45
2025-11-16,hotel-demo-2,Brasil,BR,10
2025-11-16,hotel-demo-2,Chile,CL,4
2025-11-16,hotel-demo-2,Uruguay,UY,4
2025-11-16,hotel-demo-2,Estados Unidos,US,2
2025-11-17,hotel-demo-1,Argentina,AR,70
2025-11-17,hotel-demo-1,Brasil,BR,20
2025-11-17,hotel-demo-1,Chile,CL,6
2025-11-17,hotel-demo-1,Uruguay,UY,7
2025-11-17,hotel-demo-1,Estados Unidos,US,7
2025-11-17,hotel-demo-1,España,ES,4
2025-11-17,hotel-demo-1,Alemania,DE,3
2025-11-17,hotel-demo-1,Francia,FR,2
2025-11-17,hotel-demo-1,México,MX,31
2025-11-17,hotel-demo-2,Argentina,AR,58
2025-11-17,hotel-demo-2,Brasil,BR,10
2025-11-17,hotel-demo-2,Chile,CL,6
2025-11-17,hotel-demo-2,Uruguay,UY,2
2025-11-18,hotel-demo-1,Argentina,AR,74
2025-11-18,hotel-demo-1,Brasil,BR,15
2025-11-18,hotel-demo-1,Chile,CL,7
2025-11-18,hotel-demo-1,Uruguay,UY,6
2025-11-18,hotel-demo-1,Estados Unidos,US,6
2025-11-18,hotel-demo-1,España,ES,3
2025-11-18,hotel-demo-1,Alemania,DE,3
2025-11-18,hotel-demo-1,Francia,FR,2
2025-11-18,hotel-demo-1,México,MX,24
2025-11-18,hotel-demo-2,Argentina,AR,50
2025-11-18,hotel-demo-2,Brasil,BR,12
2025-11-18,hotel-demo-2,Chile,CL,4
2025-11-18,hotel-demo-2,Uruguay,UY,4
2025-11-18,hotel-demo-2,Estados Unidos,US,4
2025-11-18,hotel-demo-2,España,ES,2
2025-11-18,hotel-demo-2,Alemania,DE,1
2025-11-18,hotel-demo-2,Francia,FR,1
2025-11-18,hotel-demo-2,México,MX,6
2025-11-19,hotel-demo-1,Argentina,AR,70
2025-11-19,hotel-demo-1,Brasil,BR,24
2025-11-19,hotel-demo-1,Chile,CL,11
2025-11-19,hotel-demo-1,Uruguay,UY,8
2025-11-19,hotel-demo-1,Estados Unidos,US,9
2025-11-19,hotel-demo-1,España,ES,4
2025-11-19,hotel-demo-1,Alemania,DE,4
2025-11-19,hotel-demo-1,Francia,FR,3
2025-11-19,hotel-demo-1,México,MX,22
2025-11-19,hotel-demo-2,Argentina,AR,61
2025-11-19,hotel-demo-2,Brasil,BR,11
2025-11-19,hotel-demo-2,Chile,CL,5
2025-11-19,hotel-demo-2,Uruguay,UY,5
2025-11-20,hotel-demo-1,Argentina,AR,99
2025-11-20,hotel-demo-1,Brasil,BR,21
2025-11-20,hotel-demo-1,Chile,CL,11
2025-11-20,hotel-demo-1,Uruguay,UY,9
2025-11-20,hotel-demo-1,Estados Unidos,US,8
2025-11-20,hotel-demo-1,España,ES,6
2025-11-20,hotel-demo-1,Alemania,DE,4
2025-11-20,hotel-demo-1,Francia,FR,2
2025-11-20,hotel-demo-1,México,MX,4
2025-11-20,hotel-demo-2,Argentina,AR,63
2025-11-20,hotel-demo-2,Brasil,BR,14
2025-11-20,hotel-demo-2,Chile,CL,4
2025-11-20,hotel-demo-2,Uruguay,UY,4
2025-11-21,hotel-demo-1,Argentina,AR,110
2025-11-21,hotel-demo-1,Brasil,BR,26
2025-11-21,hotel-demo-1,Chile,CL,13
2025-11-21,hotel-demo-1,Uruguay,UY,9
2025-11-21,hotel-demo-1,Estados Unidos,US,11
2025-11-21,hotel-demo-1,España,ES,4
2025-11-21,hotel-demo-1,Alemania,DE,3
2025-11-21,hotel-demo-2,Argentina,AR,41
2025-11-21,hotel-demo-2,Brasil,BR,11
2025-11-21,hotel-demo-2,Chile,CL,5
2025-11-21,hotel-demo-2,Uruguay,UY,4
2025-11-21,hotel-demo-2,Estados Unidos,US,4
2025-11-21,hotel-demo-2,España,ES,3
2025-11-21,hotel-demo-2,Alemania,DE,2
2025-11-21,hotel-demo-2,Francia,FR,1
2025-11-21,hotel-demo-2,México,MX,16
2025-11-22,hotel-demo-1,Argentina,AR,116
2025-11-22,hotel-demo-1,Brasil,BR,32
2025-11-22,hotel-demo-1,Chile,CL,10
2025-11-22,hotel-demo-1,Uruguay,UY,12
2025-11-22,hotel-demo-1,Estados Unidos,US,9
2025-11-22,hotel-demo-1,España,ES,8
2025-11-22,hotel-demo-1,Alemania,DE,4
2025-11-22,hotel-demo-1,Francia,FR,4
2025-11-22,hotel-demo-1,México,MX,22
2025-11-22,hotel-demo-2,Argentina,AR,50
2025-11-22,hotel-demo-2,Brasil,BR,13
2025-11-22,hotel-demo-2,Chile,CL,4
2025-11-22,hotel-demo-2,Uruguay,UY,6
2025-11-22,hotel-demo-2,Estados Unidos,US,4
2025-11-22,hotel-demo-2,España,ES,2
2025-11-22,hotel-demo-2,Alemania,DE,2
2025-11-22,hotel-demo-2,Francia,FR,2
2025-11-22,hotel-demo-2,México,MX,9
2025-11-23,hotel-demo-1,Argentina,AR,109
2025-11-23,hotel-demo-1,Brasil,BR,21
2025-11-23,hotel-demo-1,Chile,CL,8
2025-11-23,hotel-demo-1,Uruguay,UY,8
2025-11-23,hotel-demo-1,Estados Unidos,US,8
2025-11-23,hotel-demo-1,España,ES,5
2025-11-23,hotel-demo-1,Alemania,DE,3
2025-11-23,hotel-demo-1,Francia,FR,3
2025-11-23,hotel-demo-1,México,MX,10
2025-11-23,hotel-demo-2,Argentina,AR,60
2025-11-23,hotel-demo-2,Brasil,BR,10
2025-11-23,hotel-demo-2,Chile,CL,6
2025-11-23,hotel-demo-2,Uruguay,UY,6
2025-11-23,hotel-demo-2,Estados Unidos,US,3
2025-11-23,hotel-demo-2,España,ES,2
2025-11-23,hotel-demo-2,Alemania,DE,1
2025-11-24,hotel-demo-1,Argentina,AR,129
2025-11-24,hotel-demo-1,Brasil,BR,21
2025-11-24,hotel-demo-1,Chile,CL,10
2025-11-24,hotel-demo-1,Uruguay,UY,8
2025-11-24,hotel-demo-1,Estados Unidos,US,1
2025-11-24,hotel-demo-2,Argentina,AR,61
2025-11-24,hotel-demo-2,Brasil,BR,9
2025-11-24,hotel-demo-2,Chile,CL,5
2025-11-24,hotel-demo-2,Uruguay,UY,4
2025-11-24,hotel-demo-2,Estados Unidos,US,5
2025-11-24,hotel-demo-2,España,ES,3
2025-11-24,hotel-demo-2,Alemania,DE,1
2025-11-24,hotel-demo-2,Francia,FR,1
2025-11-24,hotel-demo-2,México,MX,3
2025-11-25,hotel-demo-1,Argentina,AR,109
2025-11-25,hotel-demo-1,Brasil,BR,25
2025-11-25,hotel-demo-1,Chile,CL,10
2025-11-25,hotel-demo-1,Uruguay,UY,7
2025-11-25,hotel-demo-1,Estados Unidos,US,6
2025-11-25,hotel-demo-1,España,ES,4
2025-11-25,hotel-demo-1,Alemania,DE,2
2025-11-25,hotel-demo-1,Francia,FR,3
2025-11-25,hotel-demo-1,México,MX,10
2025-11-25,hotel-demo-2,Argentina,AR,55
2025-11-25,hotel-demo-2,Brasil,BR,13
2025-11-25,hotel-demo-2,Chile,CL,4
2025-11-25,hotel-demo-2,Uruguay,UY,3
2025-11-25,hotel-demo-2,Estados Unidos,US,5
2025-11-25,hotel-demo-2,España,ES,3
2025-11-26,hotel-demo-1,Argentina,AR,133
2025-11-26,hotel-demo-1,Brasil,BR,18
2025-11-26,hotel-demo-1,Chile,CL,10
2025-11-26,hotel-demo-1,Uruguay,UY,10
2025-11-26,hotel-demo-1,Estados Unidos,US,8
2025-11-26,hotel-demo-2,Argentina,AR,41
2025-11-26,hotel-demo-2,Brasil,BR,10
2025-11-26,hotel-demo-2,Chile,CL,5
2025-11-26,hotel-demo-2,Uruguay,UY,4
2025-11-26,hotel-demo-2,Estados Unidos,US,5
2025-11-26,hotel-demo-2,España,ES,3
2025-11-26,hotel-demo-2,Alemania,DE,2
2025-11-26,hotel-demo-2,Francia,FR,1
2025-11-26,hotel-demo-2,México,MX,8
2025-11-27,hotel-demo-1,Argentina,AR,94
2025-11-27,hotel-demo-1,Brasil,BR,33
2025-11-27,hotel-demo-1,Chile,CL,10
2025-11-27,hotel-demo-1,Uruguay,UY,10
2025-11-27,hotel-demo-1,Estados Unidos,US,6
2025-11-27,hotel-demo-1,España,ES,5
2025-11-27,hotel-demo-1,Alemania,DE,3
2025-11-27,hotel-demo-1,Francia,FR,2
2025-11-27,hotel-demo-1,México,MX,18
2025-11-27,hotel-demo-2,Argentina,AR,56
2025-11-27,hotel-demo-2,Brasil,BR,13
2025-11-27,hotel-demo-2,Chile,CL,5
2025-11-27,hotel-demo-2,Uruguay,UY,5
2025-11-27,hotel-demo-2,Estados Unidos,US,3
2025-11-28,hotel-demo-1,Argentina,AR,80
2025-11-28,hotel-demo-1,Brasil,BR,18
2025-11-28,hotel-demo-1,Chile,CL,8
2025-11-28,hotel-demo-1,Uruguay,UY,10
2025-11-28,hotel-demo-1,Estados Unidos,US,11
2025-11-28,hotel-demo-1,España,ES,6
2025-11-28,hotel-demo-1,Alemania,DE,4
2025-11-28,hotel-demo-1,Francia,FR,3
2025-11-28,hotel-demo-1,México,MX,30
2025-11-28,hotel-demo-2,Argentina,AR,45
2025-11-28,hotel-demo-2,Brasil,BR,13
2025-11-28,hotel-demo-2,Chile,CL,6
2025-11-28,hotel-demo-2,Uruguay,UY,5
2025-11-28,hotel-demo-2,Estados Unidos,US,4
2025-11-28,hotel-demo-2,España,ES,3
2025-11-28,hotel-demo-2,Alemania,DE,2
2025-11-28,hotel-demo-2,Francia,FR,1
2025-11-28,hotel-demo-2,México,MX,3
2025-11-29,hotel-demo-1,Argentina,AR,122
2025-11-29,hotel-demo-1,Brasil,BR,30
2025-11-29,hotel-demo-1,Chile,CL,11
2025-11-29,hotel-demo-1,Uruguay,UY,14
2025-11-29,hotel-demo-1,Estados Unidos,US,11
2025-11-29,hotel-demo-1,España,ES,6
2025-11-29,hotel-demo-1,Alemania,DE,5
2025-11-29,hotel-demo-1,Francia,FR,4
2025-11-29,hotel-demo-1,México,MX,12
2025-11-29,hotel-demo-2,Argentina,AR,53
2025-11-29,hotel-demo-2,Brasil,BR,11
2025-11-29,hotel-demo-2,Chile,CL,6
2025-11-29,hotel-demo-2,Uruguay,UY,4
2025-11-29,hotel-demo-2,Estados Unidos,US,3
2025-11-29,hotel-demo-2,España,ES,2
2025-11-29,hotel-demo-2,Alemania,DE,1
2025-11-30,hotel-demo-1,Argentina,AR,88
2025-11-30,hotel-demo-1,Brasil,BR,14
2025-11-30,hotel-demo-1,Chile,CL,5
2025-11-30,hotel-demo-1,Uruguay,UY,6
2025-11-30,hotel-demo-1,Estados Unidos,US,5
2025-11-30,hotel-demo-1,España,ES,4
2025-11-30,hotel-demo-2,Argentina,AR,36
2025-11-30,hotel-demo-2,Brasil,BR,10
2025-11-30,hotel-demo-2,Chile,CL,5
2025-11-30,hotel-demo-2,Uruguay,UY,4
2025-11-30,hotel-demo-2,Estados Unidos,US,4
2025-11-30,hotel-demo-2,España,ES,3
2025-11-30,hotel-demo-2,Alemania,DE,1
2025-11-30,hotel-demo-2,Francia,FR,1
2025-11-30,hotel-demo-2,México,MX,14
2025-12-01,hotel-demo-1,Argentina,AR,86
2025-12-01,hotel-demo-1,Brasil,BR,18
2025-12-01,hotel-demo-1,Chile,CL,7
2025-12-01,hotel-demo-1,Uruguay,UY,8
2025-12-01,hotel-demo-1,Estados Unidos,US,6
2025-12-01,hotel-demo-1,España,ES,6
2025-12-01,hotel-demo-1,Alemania,DE,4
2025-12-01,hotel-demo-1,Francia,FR,2
2025-12-01,hotel-demo-1,México,MX,14
2025-12-01,hotel-demo-2,Argentina,AR,71
2025-12-01,hotel-demo-2,Brasil,BR,17
2025-12-01,hotel-demo-2,Chile,CL,8
2025-12-01,hotel-demo-2,Uruguay,UY,8
2025-12-01,hotel-demo-2,Estados Unidos,US,7
2025-12-01,hotel-demo-2,España,ES,3
2025-12-01,hotel-demo-2,Alemania,DE,3
2025-12-01,hotel-demo-2,Francia,FR,2
2025-12-01,hotel-demo-2,México,MX,2
2025-12-02,hotel-demo-1,Argentina,AR,103
2025-12-02,hotel-demo-1,Brasil,BR,16
2025-12-02,hotel-demo-1,Chile,CL,10
2025-12-02,hotel-demo-1,Uruguay,UY,9
2025-12-02,hotel-demo-1,Estados Unidos,US,7
2025-12-02,hotel-demo-1,España,ES,1
2025-12-02,hotel-demo-2,Argentina,AR,89
2025-12-02,hotel-demo-2,Brasil,BR,18
2025-12-02,hotel-demo-2,Chile,CL,8
2025-12-02,hotel-demo-2,Uruguay,UY,6
2025-12-02,hotel-demo-2,Estados Unidos,US,4
2025-12-03,hotel-demo-1,Argentina,AR,94
2025-12-03,hotel-demo-1,Brasil,BR,15
2025-12-03,hotel-demo-1,Chile,CL,9
2025-12-03,hotel-demo-1,Uruguay,UY,4
2025-12-03,hotel-demo-2,Argentina,AR,69
2025-12-03,hotel-demo-2,Brasil,BR,14
2025-12-03,hotel-demo-2,Chile,CL,7
2025-12-03,hotel-demo-2,Uruguay,UY,5
2025-12-03,hotel-demo-2,Estados Unidos,US,7
2025-12-03,hotel-demo-2,España,ES,3
2025-12-03,hotel-demo-2,Alemania,DE,3
2025-12-03,hotel-demo-2,Francia,FR,2
2025-12-03,hotel-demo-2,México,MX,7
2025-12-04,hotel-demo-1,Argentina,AR,78
2025-12-04,hotel-demo-1,Brasil,BR,19
2025-12-04,hotel-demo-1,Chile,CL,10
2025-12-04,hotel-demo-1,Uruguay,UY,9
2025-12-04,hotel-demo-1,Estados Unidos,US,7
2025-12-04,hotel-demo-1,España,ES,4
2025-12-04,hotel-demo-1,Alemania,DE,3
2025-12-04,hotel-demo-1,Francia,FR,2
2025-12-04,hotel-demo-1,México,MX,6
2025-12-04,hotel-demo-2,Argentina,AR,78
2025-12-04,hotel-demo-2,Brasil,BR,14
2025-12-04,hotel-demo-2,Chile,CL,8
2025-12-04,hotel-demo-2,Uruguay,UY,5
2025-12-04,hotel-demo-2,Estados Unidos,US,2
2025-12-05,hotel-demo-1,Argentina,AR,134
2025-12-05,hotel-demo-1,Brasil,BR,30
2025-12-05,hotel-demo-1,Chile,CL,5
2025-12-05,hotel-demo-2,Argentina,AR,66
2025-12-05,hotel-demo-2,Brasil,BR,13
2025-12-05,hotel-demo-2,Chile,CL,7
2025-12-05,hotel-demo-2,Uruguay,UY,6
2025-12-05,hotel-demo-2,Estados Unidos,US,6
2025-12-05,hotel-demo-2,España,ES,3
2025-12-05,hotel-demo-2,Alemania,DE,3
2025-12-05,hotel-demo-2,Francia,FR,2
2025-12-05,hotel-demo-2,México,MX,8
2025-12-06,hotel-demo-1,Argentina,AR,94
2025-12-06,hotel-demo-1,Brasil,BR,20
2025-12-06,hotel-demo-1,Chile,CL,10
2025-12-06,hotel-demo-1,Uruguay,UY,11
2025-12-06,hotel-demo-1,Estados Unidos,US,9
2025-12-06,hotel-demo-1,España,ES,6
2025-12-06,hotel-demo-1,Alemania,DE,4
2025-12-06,hotel-demo-1,Francia,FR,3
2025-12-06,hotel-demo-1,México,MX,35
2025-12-06,hotel-demo-2,Argentina,AR,82
2025-12-06,hotel-demo-2,Brasil,BR,16
2025-12-06,hotel-demo-2,Chile,CL,7
2025-12-06,hotel-demo-2,Uruguay,UY,4
2025-12-06,hotel-demo-2,Estados Unidos,US,6
2025-12-06,hotel-demo-2,España,ES,3
2025-12-06,hotel-demo-2,Alemania,DE,2
2025-12-06,hotel-demo-2,Francia,FR,1
2025-12-06,hotel-demo-2,México,MX,1
2025-12-07,hotel-demo-1,Argentina,AR,72
2025-12-07,hotel-demo-1,Brasil,BR,16
2025-12-07,hotel-demo-1,Chile,CL,8
2025-12-07,hotel-demo-1,Uruguay,UY,7
2025-12-07,hotel-demo-1,Estados Unidos,US,4
2025-12-07,hotel-demo-1,España,ES,4
2025-12-07,hotel-demo-1,Alemania,DE,2
2025-12-07,hotel-demo-1,Francia,FR,2
2025-12-07,hotel-demo-1,México,MX,3
2025-12-07,hotel-demo-2,Argentina,AR,69
2025-12-07,hotel-demo-2,Brasil,BR,12
2025-12-07,hotel-demo-2,Chile,CL,6
2025-12-07,hotel-demo-2,Uruguay,UY,5
2025-12-08,hotel-demo-1,Argentina,AR,65
2025-12-08,hotel-demo-1,Brasil,BR,26
2025-12-08,hotel-demo-1,Chile,CL,8
2025-12-08,hotel-demo-1,Uruguay,UY,6
2025-12-08,hotel-demo-1,Estados Unidos,US,8
2025-12-08,hotel-demo-1,España,ES,5
2025-12-08,hotel-demo-1,Alemania,DE,4
2025-12-08,hotel-demo-1,Francia,FR,2
2025-12-08,hotel-demo-1,México,MX,19
2025-12-08,hotel-demo-2,Argentina,AR,55
2025-12-08,hotel-demo-2,Brasil,BR,13
2025-12-08,hotel-demo-2,Chile,CL,4
2025-12-08,hotel-demo-2,Uruguay,UY,4
2025-12-08,hotel-demo-2,Estados Unidos,US,4
2025-12-08,hotel-demo-2,España,ES,3
2025-12-08,hotel-demo-2,Alemania,DE,1
2025-12-08,hotel-demo-2,Francia,FR,1
2025-12-08,hotel-demo-2,México,MX,9
2025-12-09,hotel-demo-1,Argentina,AR,112
2025-12-09,hotel-demo-1,Brasil,BR,16
2025-12-09,hotel-demo-1,Chile,CL,11
2025-12-09,hotel-demo-2,Argentina,AR,70
2025-12-09,hotel-demo-2,Brasil,BR,13
2025-12-09,hotel-demo-2,Chile,CL,7
2025-12-09,hotel-demo-2,Uruguay,UY,4
2025-12-09,hotel-demo-2,Estados Unidos,US,6
2025-12-09,hotel-demo-2,España,ES,3
2025-12-09,hotel-demo-2,Alemania,DE,2
2025-12-09,hotel-demo-2,Francia,FR,2
2025-12-09,hotel-demo-2,México,MX,3
2025-12-10,hotel-demo-1,Argentina,AR,79
2025-12-10,hotel-demo-1,Brasil,BR,20
2025-12-10,hotel-demo-1,Chile,CL,8
2025-12-10,hotel-demo-1,Uruguay,UY,9
2025-12-10,hotel-demo-1,Estados Unidos,US,8
2025-12-10,hotel-demo-1,España,ES,4
2025-12-10,hotel-demo-1,Alemania,DE,2
2025-12-10,hotel-demo-1,Francia,FR,2
2025-12-10,hotel-demo-1,México,MX,13
2025-12-10,hotel-demo-2,Argentina,AR,51
2025-12-10,hotel-demo-2,Brasil,BR,15
2025-12-10,hotel-demo-2,Chile,CL,6
2025-12-10,hotel-demo-2,Uruguay,UY,5
2025-12-10,hotel-demo-2,Estados Unidos,US,6
2025-12-10,hotel-demo-2,España,ES,3
2025-12-10,hotel-demo-2,Alemania,DE,2
2025-12-10,hotel-demo-2,Francia,FR,2
2025-12-10,hotel-demo-2,México,MX,6
2025-12-11,hotel-demo-1,Argentina,AR,81
2025-12-11,hotel-demo-1,Brasil,BR,25
2025-12-11,hotel-demo-1,Chile,CL,8
2025-12-11,hotel-demo-1,Uruguay,UY,6
2025-12-11,hotel-demo-1,Estados Unidos,US,9
2025-12-11,hotel-demo-1,España,ES,4
2025-12-11,hotel-demo-1,Alemania,DE,3
2025-12-11,hotel-demo-1,Francia,FR,2
2025-12-11,hotel-demo-1,México,MX,3
2025-12-11,hotel-demo-2,Argentina,AR,44
2025-12-11,hotel-demo-2,Brasil,BR,13
2025-12-11,hotel-demo-2,Chile,CL,7
2025-12-11,hotel-demo-2,Uruguay,UY,4
2025-12-11,hotel-demo-2,Estados Unidos,US,4
2025-12-11,hotel-demo-2,España,ES,3
2025-12-11,hotel-demo-2,Alemania,DE,2
2025-12-11,hotel-demo-2,Francia,FR,1
2025-12-11,hotel-demo-2,México,MX,15
2025-12-12,hotel-demo-1,Argentina,AR,92
2025-12-12,hotel-demo-1,Brasil,BR,21
2025-12-12,hotel-demo-1,Chile,CL,7
2025-12-12,hotel-demo-1,Uruguay,UY,8
2025-12-12,hotel-demo-1,Estados Unidos,US,4
2025-12-12,hotel-demo-2,Argentina,AR,72
2025-12-12,hotel-demo-2,Brasil,BR,17
2025-12-12,hotel-demo-2,Chile,CL,6
2025-12-12,hotel-demo-2,Uruguay,UY,7
2025-12-12,hotel-demo-2,Estados Unidos,US,8
2025-12-12,hotel-demo-2,España,ES,4
2025-12-12,hotel-demo-2,Alemania,DE,3
2025-12-12,hotel-demo-2,Francia,FR,2
2025-12-12,hotel-demo-2,México,MX,13
2025-12-13,hotel-demo-1,Argentina,AR,97
2025-12-13,hotel-demo-1,Brasil,BR,14
2025-12-13,hotel-demo-1,Chile,CL,10
2025-12-13,hotel-demo-1,Uruguay,UY,7
2025-12-13,hotel-demo-1,Estados Unidos,US,7
2025-12-13,hotel-demo-1,España,ES,4
2025-12-13,hotel-demo-1,Alemania,DE,3
2025-12-13,hotel-demo-2,Argentina,AR,57
2025-12-13,hotel-demo-2,Brasil,BR,20
2025-12-13,hotel-demo-2,Chile,CL,5
2025-12-13,hotel-demo-2,Uruguay,UY,5
2025-12-13,hotel-demo-2,Estados Unidos,US,6
2025-12-13,hotel-demo-2,España,ES,4
2025-12-13,hotel-demo-2,Alemania,DE,2
2025-12-13,hotel-demo-2,Francia,FR,1
2025-12-13,hotel-demo-2,México,MX,10
2025-12-14,hotel-demo-1,Argentina,AR,58
2025-12-14,hotel-demo-1,Brasil,BR,18
2025-12-14,hotel-demo-1,Chile,CL,7
2025-12-14,hotel-demo-1,Uruguay,UY,6
2025-12-14,hotel-demo-1,Estados Unidos,US,6
2025-12-14,hotel-demo-1,España,ES,4
2025-12-14,hotel-demo-1,Alemania,DE,3
2025-12-14,hotel-demo-1,Francia,FR,1
2025-12-14,hotel-demo-1,México,MX,21
2025-12-14,hotel-demo-2,Argentina,AR,84
2025-12-14,hotel-demo-2,Brasil,BR,19
2025-12-14,hotel-demo-2,Chile,CL,7
2025-12-14,hotel-demo-2,Uruguay,UY,5
2025-12-14,hotel-demo-2,Estados Unidos,US,2
2025-12-15,hotel-demo-1,Argentina,AR,98
2025-12-15,hotel-demo-1,Brasil,BR,21
2025-12-15,hotel-demo-1,Chile,CL,7
2025-12-15,hotel-demo-2,Argentina,AR,65
2025-12-15,hotel-demo-2,Brasil,BR,16
2025-12-15,hotel-demo-2,Chile,CL,6
2025-12-15,hotel-demo-2,Uruguay,UY,6
2025-12-15,hotel-demo-2,Estados Unidos,US,5
2025-12-15,hotel-demo-2,España,ES,4
2025-12-15,hotel-demo-2,Alemania,DE,2
2025-12-15,hotel-demo-2,Francia,FR,1
2025-12-15,hotel-demo-2,México,MX,2
2025-12-16,hotel-demo-1,Argentina,AR,81
2025-12-16,hotel-demo-1,Brasil,BR,15
2025-12-16,hotel-demo-1,Chile,CL,8
2025-12-16,hotel-demo-1,Uruguay,UY,7
2025-12-16,hotel-demo-1,Estados Unidos,US,5
2025-12-16,hotel-demo-1,España,ES,3
2025-12-16,hotel-demo-1,Alemania,DE,2
2025-12-16,hotel-demo-1,Francia,FR,2
2025-12-16,hotel-demo-1,México,MX,2
2025-12-16,hotel-demo-2,Argentina,AR,81
2025-12-16,hotel-demo-2,Brasil,BR,14
2025-12-16,hotel-demo-2,Chile,CL,8
2025-12-16,hotel-demo-2,Uruguay,UY,6
2025-12-16,hotel-demo-2,Estados Unidos,US,2
2025-12-17,hotel-demo-1,Argentina,AR,80
2025-12-17,hotel-demo-1,Brasil,BR,17
2025-12-17,hotel-demo-1,Chile,CL,8
2025-12-17,hotel-demo-1,Uruguay,UY,7
2025-12-17,hotel-demo-1,Estados Unidos,US,4
2025-12-17,hotel-demo-1,España,ES,2
2025-12-17,hotel-demo-2,Argentina,AR,75
2025-12-17,hotel-demo-2,Brasil,BR,12
2025-12-17,hotel-demo-2,Chile,CL,9
2025-12-17,hotel-demo-2,Uruguay,UY,7
2025-12-17,hotel-demo-2,Estados Unidos,US,6
2025-12-17,hotel-demo-2,España,ES,3
2025-12-17,hotel-demo-2,Alemania,DE,2
2025-12-17,hotel-demo-2,Francia,FR,2
2025-12-17,hotel-demo-2,México,MX,2
2025-12-18,hotel-demo-1,Argentina,AR,60
2025-12-18,hotel-demo-1,Brasil,BR,18
2025-12-18,hotel-demo-1,Chile,CL,10
2025-12-18,hotel-demo-1,Uruguay,UY,5
2025-12-18,hotel-demo-1,Estados Unidos,US,8
2025-12-18,hotel-demo-1,España,ES,5
2025-12-18,hotel-demo-1,Alemania,DE,2
2025-12-18,hotel-demo-1,Francia,FR,2
2025-12-18,hotel-demo-1,México,MX,21
2025-12-18,hotel-demo-2,Argentina,AR,52
2025-12-18,hotel-demo-2,Brasil,BR,19
2025-12-18,hotel-demo-2,Chile,CL,8
2025-12-18,hotel-demo-2,Uruguay,UY,4
2025-12-18,hotel-demo-2,Estados Unidos,US,6
2025-12-18,hotel-demo-2,España,ES,4
2025-12-18,hotel-demo-2,Alemania,DE,3
2025-12-18,hotel-demo-2,Francia,FR,2
2025-12-18,hotel-demo-2,México,MX,10
2025-12-19,hotel-demo-1,Argentina,AR,120
2025-12-19,hotel-demo-1,Brasil,BR,22
2025-12-19,hotel-demo-1,Chile,CL,10
2025-12-19,hotel-demo-1,Uruguay,UY,7
2025-12-19,hotel-demo-1,Estados Unidos,US,2
2025-12-19,hotel-demo-2,Argentina,AR,78
2025-12-19,hotel-demo-2,Brasil,BR,14
2025-12-19,hotel-demo-2,Chile,CL,8
2025-12-19,hotel-demo-2,Uruguay,UY,4
2025-12-19,hotel-demo-2,Estados Unidos,US,7
2025-12-19,hotel-demo-2,España,ES,4
2025-12-19,hotel-demo-2,Alemania,DE,3
2025-12-19,hotel-demo-2,Francia,FR,1
2025-12-20,hotel-demo-1,Argentina,AR,105
2025-12-20,hotel-demo-1,Brasil,BR,16
2025-12-20,hotel-demo-1,Chile,CL,8
2025-12-20,hotel-demo-1,Uruguay,UY,7
2025-12-20,hotel-demo-1,Estados Unidos,US,7
2025-12-20,hotel-demo-1,España,ES,5
2025-12-20,hotel-demo-1,Alemania,DE,2
2025-12-20,hotel-demo-2,Argentina,AR,69
2025-12-20,hotel-demo-2,Brasil,BR,14
2025-12-20,hotel-demo-2,Chile,CL,5
2025-12-20,hotel-demo-2,Uruguay,UY,4
2025-12-20,hotel-demo-2,Estados Unidos,US,5
2025-12-20,hotel-demo-2,España,ES,3
2025-12-20,hotel-demo-2,Alemania,DE,3
2025-12-20,hotel-demo-2,Francia,FR,2
2025-12-20,hotel-demo-2,México,MX,6
2025-12-21,hotel-demo-1,Argentina,AR,91
2025-12-21,hotel-demo-1,Brasil,BR,17
2025-12-21,hotel-demo-1,Chile,CL,6
2025-12-21,hotel-demo-2,Argentina,AR,48
2025-12-21,hotel-demo-2,Brasil,BR,18
2025-12-21,hotel-demo-2,Chile,CL,6
2025-12-21,hotel-demo-2,Uruguay,UY,6
2025-12-21,hotel-demo-2,Estados Unidos,US,5
2025-12-21,hotel-demo-2,España,ES,3
2025-12-21,hotel-demo-2,Alemania,DE,2
2025-12-21,hotel-demo-2,Francia,FR,2
2025-12-21,hotel-demo-2,México,MX,8
2025-12-22,hotel-demo-1,Argentina,AR,68
2025-12-22,hotel-demo-1,Brasil,BR,21
2025-12-22,hotel-demo-1,Chile,CL,5
2025-12-22,hotel-demo-1,Uruguay,UY,8
2025-12-22,hotel-demo-1,Estados Unidos,US,6
2025-12-22,hotel-demo-1,España,ES,5
2025-12-22,hotel-demo-1,Alemania,DE,2
2025-12-22,hotel-demo-1,Francia,FR,2
2025-12-22,hotel-demo-1,México,MX,10
2025-12-22,hotel-demo-2,Argentina,AR,79
2025-12-22,hotel-demo-2,Brasil,BR,13
2025-12-22,hotel-demo-2,Chile,CL,6
2025-12-22,hotel-demo-2,Uruguay,UY,1
2025-12-23,hotel-demo-1,Argentina,AR,71
2025-12-23,hotel-demo-1,Brasil,BR,20
2025-12-23,hotel-demo-1,Chile,CL,7
2025-12-23,hotel-demo-1,Uruguay,UY,7
2025-12-23,hotel-demo-1,Estados Unidos,US,6
2025-12-23,hotel-demo-1,España,ES,4
2025-12-23,hotel-demo-1,Alemania,DE,3
2025-12-23,hotel-demo-1,Francia,FR,2
2025-12-23,hotel-demo-1,México,MX,16
2025-12-23,hotel-demo-2,Argentina,AR,70
2025-12-23,hotel-demo-2,Brasil,BR,14
2025-12-23,hotel-demo-2,Chile,CL,6
2025-12-23,hotel-demo-2,Uruguay,UY,6
2025-12-23,hotel-demo-2,Estados Unidos,US,4
2025-12-24,hotel-demo-1,Argentina,AR,101
2025-12-24,hotel-demo-1,Brasil,BR,27
2025-12-24,hotel-demo-1,Chile,CL,7
2025-12-24,hotel-demo-1,Uruguay,UY,10
2025-12-24,hotel-demo-1,Estados Unidos,US,7
2025-12-24,hotel-demo-1,España,ES,3
2025-12-24,hotel-demo-2,Argentina,AR,51
2025-12-24,hotel-demo-2,Brasil,BR,12
2025-12-24,hotel-demo-2,Chile,CL,9
2025-12-24,hotel-demo-2,Uruguay,UY,4
2025-12-24,hotel-demo-2,Estados Unidos,US,5
2025-12-24,hotel-demo-2,España,ES,4
2025-12-24,hotel-demo-2,Alemania,DE,3
2025-12-24,hotel-demo-2,Francia,FR,1
2025-12-24,hotel-demo-2,México,MX,26
2025-12-25,hotel-demo-1,Argentina,AR,97
2025-12-25,hotel-demo-1,Brasil,BR,23
2025-12-25,hotel-demo-1,Chile,CL,11
2025-12-25,hotel-demo-1,Uruguay,UY,9
2025-12-25,hotel-demo-1,Estados Unidos,US,9
2025-12-25,hotel-demo-1,España,ES,4
2025-12-25,hotel-demo-1,Alemania,DE,4
2025-12-25,hotel-demo-1,Francia,FR,3
2025-12-25,hotel-demo-1,México,MX,6
2025-12-25,hotel-demo-2,Argentina,AR,84
2025-12-25,hotel-demo-2,Brasil,BR,16
2025-12-25,hotel-demo-2,Chile,CL,5
2025-12-25,hotel-demo-2,Uruguay,UY,1
2025-12-26,hotel-demo-1,Argentina,AR,108
2025-12-26,hotel-demo-1,Brasil,BR,21
2025-12-26,hotel-demo-1,Chile,CL,11
2025-12-26,hotel-demo-1,Uruguay,UY,7
2025-12-26,hotel-demo-2,Argentina,AR,63
2025-12-26,hotel-demo-2,Brasil,BR,10
2025-12-26,hotel-demo-2,Chile,CL,5
2025-12-26,hotel-demo-2,Uruguay,UY,6
2025-12-26,hotel-demo-2,Estados Unidos,US,5
2025-12-26,hotel-demo-2,España,ES,3
2025-12-26,hotel-demo-2,Alemania,DE,2
2025-12-26,hotel-demo-2,Francia,FR,1
2025-12-26,hotel-demo-2,México,MX,2
2025-12-27,hotel-demo-1,Argentina,AR,85
2025-12-27,hotel-demo-1,Brasil,BR,21
2025-12-27,hotel-demo-1,Chile,CL,7
2025-12-27,hotel-demo-1,Uruguay,UY,6
2025-12-27,hotel-demo-1,Estados Unidos,US,8
2025-12-27,hotel-demo-1,España,ES,3
2025-12-27,hotel-demo-1,Alemania,DE,3
2025-12-27,hotel-demo-1,Francia,FR,2
2025-12-27,hotel-demo-1,México,MX,18
2025-12-27,hotel-demo-2,Argentina,AR,53
2025-12-27,hotel-demo-2,Brasil,BR,16
2025-12-27,hotel-demo-2,Chile,CL,6
2025-12-27,hotel-demo-2,Uruguay,UY,5
2025-12-27,hotel-demo-2,Estados Unidos,US,5
2025-12-27,hotel-demo-2,España,ES,4
2025-12-27,hotel-demo-2,Alemania,DE,3
2025-12-27,hotel-demo-2,Francia,FR,1
2025-12-27,hotel-demo-2,México,MX,14
2025-12-28,hotel-demo-1,Argentina,AR,64
2025-12-28,hotel-demo-1,Brasil,BR,15
2025-12-28,hotel-demo-1,Chile,CL,7
2025-12-28,hotel-demo-1,Uruguay,UY,8
2025-12-28,hotel-demo-1,Estados Unidos,US,7
2025-12-28,hotel-demo-1,España,ES,5
2025-12-28,hotel-demo-1,Alemania,DE,3
2025-12-28,hotel-demo-1,Francia,FR,3
2025-12-28,hotel-demo-1,México,MX,36
2025-12-28,hotel-demo-2,Argentina,AR,39
2025-12-28,hotel-demo-2,Brasil,BR,10
2025-12-28,hotel-demo-2,Chile,CL,5
2025-12-28,hotel-demo-2,Uruguay,UY,5
2025-12-28,hotel-demo-2,Estados Unidos,US,3
2025-12-28,hotel-demo-2,España,ES,2
2025-12-28,hotel-demo-2,Alemania,DE,2
2025-12-28,hotel-demo-2,Francia,FR,1
2025-12-28,hotel-demo-2,México,MX,20
2025-12-29,hotel-demo-1,Argentina,AR,81
2025-12-29,hotel-demo-1,Brasil,BR,21
2025-12-29,hotel-demo-1,Chile,CL,10
2025-12-29,hotel-demo-1,Uruguay,UY,7
2025-12-29,hotel-demo-1,Estados Unidos,US,6
2025-12-29,hotel-demo-1,España,ES,4
2025-12-29,hotel-demo-1,Alemania,DE,4
2025-12-29,hotel-demo-1,Francia,FR,2
2025-12-29,hotel-demo-1,México,MX,11
2025-12-29,hotel-demo-2,Argentina,AR,59
2025-12-29,hotel-demo-2,Brasil,BR,12
2025-12-29,hotel-demo-2,Chile,CL,5
2025-12-29,hotel-demo-2,Uruguay,UY,4
2025-12-29,hotel-demo-2,Estados Unidos,US,5
2025-12-29,hotel-demo-2,España,ES,3
2025-12-29,hotel-demo-2,Alemania,DE,2
2025-12-29,hotel-demo-2,Francia,FR,2
2025-12-29,hotel-demo-2,México,MX,17
2025-12-30,hotel-demo-1,Argentina,AR,83
2025-12-30,hotel-demo-1,Brasil,BR,26
2025-12-30,hotel-demo-1,Chile,CL,10
2025-12-30,hotel-demo-1,Uruguay,UY,8
2025-12-30,hotel-demo-1,Estados Unidos,US,9
2025-12-30,hotel-demo-1,España,ES,3
2025-12-30,hotel-demo-1,Alemania,DE,2
2025-12-30,hotel-demo-1,Francia,FR,2
2025-12-30,hotel-demo-2,Argentina,AR,64
2025-12-30,hotel-demo-2,Brasil,BR,10
2025-12-30,hotel-demo-2,Chile,CL,6
2025-12-30,hotel-demo-2,Uruguay,UY,5
2025-12-30,hotel-demo-2,Estados Unidos,US,4
2025-12-30,hotel-demo-2,España,ES,3
2025-12-30,hotel-demo-2,Alemania,DE,2
2025-12-31,hotel-demo-1,Argentina,AR,75
2025-12-31,hotel-demo-1,Brasil,BR,21
2025-12-31,hotel-demo-1,Chile,CL,7
2025-12-31,hotel-demo-1,Uruguay,UY,6
2025-12-31,hotel-demo-1,Estados Unidos,US,7
2025-12-31,hotel-demo-1,España,ES,4
2025-12-31,hotel-demo-1,Alemania,DE,3
2025-12-31,hotel-demo-1,Francia,FR,2
2025-12-31,hotel-demo-1,México,MX,5
2025-12-31,hotel-demo-2,Argentina,AR,70
2025-12-31,hotel-demo-2,Brasil,BR,18
2025-12-31,hotel-demo-2,Chile,CL,5
2025-12-31,hotel-demo-2,Uruguay,UY,4
2025-12-31,hotel-demo-2,Estados Unidos,US,3
2026-01-01,hotel-demo-1,Argentina,AR,78
2026-01-01,hotel-demo-1,Brasil,BR,21
2026-01-01,hotel-demo-1,Chile,CL,6
2026-01-01,hotel-demo-1,Uruguay,UY,6
2026-01-01,hotel-demo-1,Estados Unidos,US,6
2026-01-01,hotel-demo-2,Argentina,AR,82
2026-01-01,hotel-demo-2,Brasil,BR,14
2026-01-01,hotel-demo-2,Chile,CL,5
2026-01-01,hotel-demo-2,Uruguay,UY,6
2026-01-02,hotel-demo-1,Argentina,AR,83
2026-01-02,hotel-demo-1,Brasil,BR,19
2026-01-02,hotel-demo-1,Chile,CL,7
2026-01-02,hotel-demo-1,Uruguay,UY,6
2026-01-02,hotel-demo-1,Estados Unidos,US,7
2026-01-02,hotel-demo-1,España,ES,2
2026-01-02,hotel-demo-2,Argentina,AR,90
2026-01-02,hotel-demo-2,Brasil,BR,17
2026-01-02,hotel-demo-2,Chile,CL,6
2026-01-02,hotel-demo-2,Uruguay,UY,6
2026-01-02,hotel-demo-2,Estados Unidos,US,3
2026-01-03,hotel-demo-1,Argentina,AR,114
2026-01-03,hotel-demo-1,Brasil,BR,23
2026-01-03,hotel-demo-1,Chile,CL,11
2026-01-03,hotel-demo-1,Uruguay,UY,10
2026-01-03,hotel-demo-1,Estados Unidos,US,1
2026-01-03,hotel-demo-2,Argentina,AR,94
2026-01-03,hotel-demo-2,Brasil,BR,19
2026-01-03,hotel-demo-2,Chile,CL,5
2026-01-03,hotel-demo-2,Uruguay,UY,1
2026-01-04,hotel-demo-1,Argentina,AR,78
2026-01-04,hotel-demo-1,Brasil,BR,17
2026-01-04,hotel-demo-1,Chile,CL,9
2026-01-04,hotel-demo-1,Uruguay,UY,6
2026-01-04,hotel-demo-1,Estados Unidos,US,5
2026-01-04,hotel-demo-1,España,ES,4
2026-01-04,hotel-demo-1,Alemania,DE,3
2026-01-04,hotel-demo-1,Francia,FR,2
2026-01-04,hotel-demo-1,México,MX,11
2026-01-04,hotel-demo-2,Argentina,AR,77
2026-01-04,hotel-demo-2,Brasil,BR,12
2026-01-04,hotel-demo-2,Chile,CL,8
2026-01-04,hotel-demo-2,Uruguay,UY,5
2026-01-04,hotel-demo-2,Estados Unidos,US,3
2026-01-05,hotel-demo-1,Argentina,AR,91
2026-01-05,hotel-demo-1,Brasil,BR,12
2026-01-05,hotel-demo-1,Chile,CL,7
2026-01-05,hotel-demo-1,Uruguay,UY,5
2026-01-05,hotel-demo-1,Estados Unidos,US,4
2026-01-05,hotel-demo-1,España,ES,3
2026-01-05,hotel-demo-2,Argentina,AR,80
2026-01-05,hotel-demo-2,Brasil,BR,18
2026-01-05,hotel-demo-2,Chile,CL,8
2026-01-05,hotel-demo-2,Uruguay,UY,5
2026-01-06,hotel-demo-1,Argentina,AR,80
2026-01-06,hotel-demo-1,Brasil,BR,16
2026-01-06,hotel-demo-1,Chile,CL,8
2026-01-06,hotel-demo-1,Uruguay,UY,1
2026-01-06,hotel-demo-2,Argentina,AR,57
2026-01-06,hotel-demo-2,Brasil,BR,17
2026-01-06,hotel-demo-2,Chile,CL,8
2026-01-06,hotel-demo-2,Uruguay,UY,4
2026-01-06,hotel-demo-2,Estados Unidos,US,4
2026-01-06,hotel-demo-2,España,ES,3
2026-01-06,hotel-demo-2,Alemania,DE,3
2026-01-06,hotel-demo-2,Francia,FR,1
2026-01-06,hotel-demo-2,México,MX,22
2026-01-07,hotel-demo-1,Argentina,AR,92
2026-01-07,hotel-demo-1,Brasil,BR,16
2026-01-07,hotel-demo-1,Chile,CL,6
2026-01-07,hotel-demo-1,Uruguay,UY,8
2026-01-07,hotel-demo-1,Estados Unidos,US,7
2026-01-07,hotel-demo-1,España,ES,4
2026-01-07,hotel-demo-2,Argentina,AR,54
2026-01-07,hotel-demo-2,Brasil,BR,13
2026-01-07,hotel-demo-2,Chile,CL,6
2026-01-07,hotel-demo-2,Uruguay,UY,7
2026-01-07,hotel-demo-2,Estados Unidos,US,5
2026-01-07,hotel-demo-2,España,ES,4
2026-01-07,hotel-demo-2,Alemania,DE,3
2026-01-07,hotel-demo-2,Francia,FR,2
2026-01-07,hotel-demo-2,México,MX,31
2026-01-08,hotel-demo-1,Argentina,AR,105
2026-01-08,hotel-demo-1,Brasil,BR,15
2026-01-08,hotel-demo-1,Chile,CL,10
2026-01-08,hotel-demo-1,Uruguay,UY,1
2026-01-08,hotel-demo-2,Argentina,AR,57
2026-01-08,hotel-demo-2,Brasil,BR,16
2026-01-08,hotel-demo-2,Chile,CL,7
2026-01-08,hotel-demo-2,Uruguay,UY,4
2026-01-08,hotel-demo-2,Estados Unidos,US,5
2026-01-08,hotel-demo-2,España,ES,4
2026-01-08,hotel-demo-2,Alemania,DE,2
2026-01-08,hotel-demo-2,Francia,FR,2
2026-01-08,hotel-demo-2,México,MX,5
2026-01-09,hotel-demo-1,Argentina,AR,58
2026-01-09,hotel-demo-1,Brasil,BR,18
2026-01-09,hotel-demo-1,Chile,CL,6
2026-01-09,hotel-demo-1,Uruguay,UY,4
2026-01-09,hotel-demo-1,Estados Unidos,US,7
2026-01-09,hotel-demo-1,España,ES,5
2026-01-09,hotel-demo-1,Alemania,DE,2
2026-01-09,hotel-demo-1,Francia,FR,1
2026-01-09,hotel-demo-1,México,MX,22
2026-01-09,hotel-demo-2,Argentina,AR,87
2026-01-09,hotel-demo-2,Brasil,BR,19
2026-01-09,hotel-demo-2,Chile,CL,6
2026-01-09,hotel-demo-2,Uruguay,UY,8
2026-01-09,hotel-demo-2,Estados Unidos,US,7
2026-01-09,hotel-demo-2,España,ES,3
2026-01-10,hotel-demo-1,Argentina,AR,94
2026-01-10,hotel-demo-1,Brasil,BR,23
2026-01-10,hotel-demo-1,Chile,CL,7
2026-01-10,hotel-demo-1,Uruguay,UY,7
2026-01-10,hotel-demo-1,Estados Unidos,US,5
2026-01-10,hotel-demo-2,Argentina,AR,96
2026-01-10,hotel-demo-2,Brasil,BR,16
2026-01-10,hotel-demo-2,Chile,CL,7
2026-01-10,hotel-demo-2,Uruguay,UY,4
2026-01-11,hotel-demo-1,Argentina,AR,59
2026-01-11,hotel-demo-1,Brasil,BR,18
2026-01-11,hotel-demo-1,Chile,CL,7
2026-01-11,hotel-demo-1,Uruguay,UY,4
2026-01-11,hotel-demo-1,Estados Unidos,US,6
2026-01-11,hotel-demo-1,España,ES,3
2026-01-11,hotel-demo-1,Alemania,DE,3
2026-01-11,hotel-demo-1,Francia,FR,2
2026-01-11,hotel-demo-1,México,MX,13
2026-01-11,hotel-demo-2,Argentina,AR,83
2026-01-11,hotel-demo-2,Brasil,BR,14
2026-01-11,hotel-demo-2,Chile,CL,6
2026-01-11,hotel-demo-2,Uruguay,UY,6
2026-01-11,hotel-demo-2,Estados Unidos,US,6
2026-01-11,hotel-demo-2,España,ES,3
2026-01-12,hotel-demo-1,Argentina,AR,70
2026-01-12,hotel-demo-1,Brasil,BR,18
2026-01-12,hotel-demo-1,Chile,CL,8
2026-01-12,hotel-demo-1,Uruguay,UY,6
2026-01-12,hotel-demo-1,Estados Unidos,US,6
2026-01-12,hotel-demo-1,España,ES,5
2026-01-12,hotel-demo-1,Alemania,DE,3
2026-01-12,hotel-demo-1,Francia,FR,2
2026-01-12,hotel-demo-1,México,MX,25
2026-01-12,hotel-demo-2,Argentina,AR,76
2026-01-12,hotel-demo-2,Brasil,BR,12
2026-01-12,hotel-demo-2,Chile,CL,6
2026-01-12,hotel-demo-2,Uruguay,UY,7
2026-01-12,hotel-demo-2,Estados Unidos,US,7
2026-01-12,hotel-demo-2,España,ES,3
2026-01-12,hotel-demo-2,Alemania,DE,2
2026-01-12,hotel-demo-2,Francia,FR,2
2026-01-12,hotel-demo-2,México,MX,4
2026-01-13,hotel-demo-1,Argentina,AR,99
2026-01-13,hotel-demo-1,Brasil,BR,19
2026-01-13,hotel-demo-1,Chile,CL,9
2026-01-13,hotel-demo-1,Uruguay,UY,8
2026-01-13,hotel-demo-1,Estados Unidos,US,4
2026-01-13,hotel-demo-2,Argentina,AR,57
2026-01-13,hotel-demo-2,Brasil,BR,19
2026-01-13,hotel-demo-2,Chile,CL,9
2026-01-13,hotel-demo-2,Uruguay,UY,8
2026-01-13,hotel-demo-2,Estados Unidos,US,5
2026-01-13,hotel-demo-2,España,ES,5
2026-01-13,hotel-demo-2,Alemania,DE,3
2026-01-13,hotel-demo-2,Francia,FR,2
2026-01-13,hotel-demo-2,México,MX,23
2026-01-14,hotel-demo-1,Argentina,AR,82
2026-01-14,hotel-demo-1,Brasil,BR,23
2026-01-14,hotel-demo-1,Chile,CL,10
2026-01-14,hotel-demo-1,Uruguay,UY,5
2026-01-14,hotel-demo-1,Estados Unidos,US,8
2026-01-14,hotel-demo-1,España,ES,4
2026-01-14,hotel-demo-1,Alemania,DE,2
2026-01-14,hotel-demo-2,Argentina,AR,58
2026-01-14,hotel-demo-2,Brasil,BR,13
2026-01-14,hotel-demo-2,Chile,CL,9
2026-01-14,hotel-demo-2,Uruguay,UY,7
2026-01-14,hotel-demo-2,Estados Unidos,US,5
2026-01-14,hotel-demo-2,España,ES,3
2026-01-14,hotel-demo-2,Alemania,DE,3
2026-01-14,hotel-demo-2,Francia,FR,2
2026-01-14,hotel-demo-2,México,MX,25
2026-01-15,hotel-demo-1,Argentina,AR,103
2026-01-15,hotel-demo-1,Brasil,BR,27
2026-01-15,hotel-demo-1,Chile,CL,10
2026-01-15,hotel-demo-1,Uruguay,UY,7
2026-01-15,hotel-demo-1,Estados Unidos,US,6
2026-01-15,hotel-demo-1,España,ES,2
2026-01-15,hotel-demo-2,Argentina,AR,74
2026-01-15,hotel-demo-2,Brasil,BR,18
2026-01-15,hotel-demo-2,Chile,CL,6
2026-01-15,hotel-demo-2,Uruguay,UY,7
2026-01-15,hotel-demo-2,Estados Unidos,US,5
2026-01-15,hotel-demo-2,España,ES,2
2026-01-16,hotel-demo-1,Argentina,AR,74
2026-01-16,hotel-demo-1,Brasil,BR,23
2026-01-16,hotel-demo-1,Chile,CL,7
2026-01-16,hotel-demo-1,Uruguay,UY,5
2026-01-16,hotel-demo-1,Estados Unidos,US,5
2026-01-16,hotel-demo-1,España,ES,4
2026-01-16,hotel-demo-1,Alemania,DE,4
2026-01-16,hotel-demo-1,Francia,FR,2
2026-01-16,hotel-demo-1,México,MX,21
2026-01-16,hotel-demo-2,Argentina,AR,69
2026-01-16,hotel-demo-2,Brasil,BR,17
2026-01-16,hotel-demo-2,Chile,CL,5
2026-01-16,hotel-demo-2,Uruguay,UY,7
2026-01-16,hotel-demo-2,Estados Unidos,US,5
2026-01-16,hotel-demo-2,España,ES,4
2026-01-16,hotel-demo-2,Alemania,DE,2
2026-01-16,hotel-demo-2,Francia,FR,1
2026-01-16,hotel-demo-2,México,MX,1
2026-01-17,hotel-demo-1,Argentina,AR,70
2026-01-17,hotel-demo-1,Brasil,BR,18
2026-01-17,hotel-demo-1,Chile,CL,7
2026-01-17,hotel-demo-1,Uruguay,UY,6
2026-01-17,hotel-demo-1,Estados Unidos,US,7
2026-01-17,hotel-demo-1,España,ES,5
2026-01-17,hotel-demo-1,Alemania,DE,2
2026-01-17,hotel-demo-1,Francia,FR,2
2026-01-17,hotel-demo-1,México,MX,14
2026-01-17,hotel-demo-2,Argentina,AR,72
2026-01-17,hotel-demo-2,Brasil,BR,12
2026-01-17,hotel-demo-2,Chile,CL,6
2026-01-17,hotel-demo-2,Uruguay,UY,5
2026-01-17,hotel-demo-2,Estados Unidos,US,7
2026-01-17,hotel-demo-2,España,ES,4
2026-01-17,hotel-demo-2,Alemania,DE,2
2026-01-17,hotel-demo-2,Francia,FR,2
2026-01-17,hotel-demo-2,México,MX,8
2026-01-18,hotel-demo-1,Argentina,AR,104
2026-01-18,hotel-demo-1,Brasil,BR,19
2026-01-18,hotel-demo-1,Chile,CL,8
2026-01-18,hotel-demo-1,Uruguay,UY,8
2026-01-18,hotel-demo-1,Estados Unidos,US,2
2026-01-18,hotel-demo-2,Argentina,AR,66
2026-01-18,hotel-demo-2,Brasil,BR,15
2026-01-18,hotel-demo-2,Chile,CL,6
2026-01-18,hotel-demo-2,Uruguay,UY,3
2026-01-18,hotel-demo-2,Estados Unidos,US,4
2026-01-18,hotel-demo-2,España,ES,2
2026-01-19,hotel-demo-1,Argentina,AR,107
2026-01-19,hotel-demo-1,Brasil,BR,16
2026-01-19,hotel-demo-1,Chile,CL,6
2026-01-19,hotel-demo-1,Uruguay,UY,7
2026-01-19,hotel-demo-2,Argentina,AR,50
2026-01-19,hotel-demo-2,Brasil,BR,11
2026-01-19,hotel-demo-2,Chile,CL,5
2026-01-19,hotel-demo-2,Uruguay,UY,7
2026-01-19,hotel-demo-2,Estados Unidos,US,6
2026-01-19,hotel-demo-2,España,ES,2
2026-01-19,hotel-demo-2,Alemania,DE,2
2026-01-19,hotel-demo-2,Francia,FR,1
2026-01-19,hotel-demo-2,México,MX,26
2026-01-20,hotel-demo-1,Argentina,AR,76
2026-01-20,hotel-demo-1,Brasil,BR,24
2026-01-20,hotel-demo-1,Chile,CL,13
2026-01-20,hotel-demo-1,Uruguay,UY,10
2026-01-20,hotel-demo-1,Estados Unidos,US,9
2026-01-20,hotel-demo-1,España,ES,4
2026-01-20,hotel-demo-1,Alemania,DE,4
2026-01-20,hotel-demo-1,Francia,FR,2
2026-01-20,hotel-demo-1,México,MX,24
2026-01-20,hotel-demo-2,Argentina,AR,69
2026-01-20,hotel-demo-2,Brasil,BR,17
2026-01-20,hotel-demo-2,Chile,CL,7
2026-01-20,hotel-demo-2,Uruguay,UY,6
2026-01-20,hotel-demo-2,Estados Unidos,US,4
2026-01-20,hotel-demo-2,España,ES,3
2026-01-20,hotel-demo-2,Alemania,DE,2
2026-01-20,hotel-demo-2,Francia,FR,1
2026-01-21,hotel-demo-1,Argentina,AR,57
2026-01-21,hotel-demo-1,Brasil,BR,16
2026-01-21,hotel-demo-1,Chile,CL,5
2026-01-21,hotel-demo-1,Uruguay,UY,6
2026-01-21,hotel-demo-1,Estados Unidos,US,7
2026-01-21,hotel-demo-1,España,ES,2
2026-01-21,hotel-demo-1,Alemania,DE,2
2026-01-21,hotel-demo-1,Francia,FR,2
2026-01-21,hotel-demo-1,México,MX,4
2026-01-21,hotel-demo-2,Argentina,AR,74
2026-01-21,hotel-demo-2,Brasil,BR,17
2026-01-21,hotel-demo-2,Chile,CL,9
2026-01-21,hotel-demo-2,Uruguay,UY,5
2026-01-21,hotel-demo-2,Estados Unidos,US,6
2026-01-21,hotel-demo-2,España,ES,3
2026-01-21,hotel-demo-2,Alemania,DE,2
2026-01-21,hotel-demo-2,Francia,FR,2
2026-01-21,hotel-demo-2,México,MX,5
2026-01-22,hotel-demo-1,Argentina,AR,74
2026-01-22,hotel-demo-1,Brasil,BR,21
2026-01-22,hotel-demo-1,Chile,CL,7
2026-01-22,hotel-demo-1,Uruguay,UY,6
2026-01-22,hotel-demo-1,Estados Unidos,US,7
2026-01-22,hotel-demo-1,España,ES,3
2026-01-22,hotel-demo-1,Alemania,DE,2
2026-01-22,hotel-demo-1,Francia,FR,1
2026-01-22,hotel-demo-2,Argentina,AR,92
2026-01-22,hotel-demo-2,Brasil,BR,17
2026-01-22,hotel-demo-2,Chile,CL,9
2026-01-22,hotel-demo-2,Uruguay,UY,7
2026-01-22,hotel-demo-2,Estados Unidos,US,5
2026-01-23,hotel-demo-1,Argentina,AR,98
2026-01-23,hotel-demo-1,Brasil,BR,15
2026-01-23,hotel-demo-1,Chile,CL,8
2026-01-23,hotel-demo-1,Uruguay,UY,7
2026-01-23,hotel-demo-1,Estados Unidos,US,5
2026-01-23,hotel-demo-2,Argentina,AR,74
2026-01-23,hotel-demo-2,Brasil,BR,17
2026-01-23,hotel-demo-2,Chile,CL,7
2026-01-23,hotel-demo-2,Uruguay,UY,8
2026-01-23,hotel-demo-2,Estados Unidos,US,7
2026-01-23,hotel-demo-2,España,ES,3
2026-01-23,hotel-demo-2,Alemania,DE,2
2026-01-23,hotel-demo-2,Francia,FR,2
2026-01-23,hotel-demo-2,México,MX,1
2026-01-24,hotel-demo-1,Argentina,AR,94
2026-01-24,hotel-demo-1,Brasil,BR,27
2026-01-24,hotel-demo-1,Chile,CL,11
2026-01-24,hotel-demo-1,Uruguay,UY,7
2026-01-24,hotel-demo-1,Estados Unidos,US,8
2026-01-24,hotel-demo-1,España,ES,4
2026-01-24,hotel-demo-1,Alemania,DE,2
2026-01-24,hotel-demo-1,Francia,FR,3
2026-01-24,hotel-demo-1,México,MX,1
2026-01-24,hotel-demo-2,Argentina,AR,52
2026-01-24,hotel-demo-2,Brasil,BR,12
2026-01-24,hotel-demo-2,Chile,CL,9
2026-01-24,hotel-demo-2,Uruguay,UY,6
2026-01-24,hotel-demo-2,Estados Unidos,US,4
2026-01-24,hotel-demo-2,España,ES,4
2026-01-24,hotel-demo-2,Alemania,DE,2
2026-01-24,hotel-demo-2,Francia,FR,1
2026-01-24,hotel-demo-2,México,MX,22
2026-01-25,hotel-demo-1,Argentina,AR,78
2026-01-25,hotel-demo-1,Brasil,BR,21
2026-01-25,hotel-demo-1,Chile,CL,7
2026-01-25,hotel-demo-1,Uruguay,UY,6
2026-01-25,hotel-demo-1,Estados Unidos,US,4
2026-01-25,hotel-demo-2,Argentina,AR,54
2026-01-25,hotel-demo-2,Brasil,BR,17
2026-01-25,hotel-demo-2,Chile,CL,5
2026-01-25,hotel-demo-2,Uruguay,UY,6
2026-01-25,hotel-demo-2,Estados Unidos,US,6
2026-01-25,hotel-demo-2,España,ES,3
2026-01-25,hotel-demo-2,Alemania,DE,2
2026-01-25,hotel-demo-2,Francia,FR,1
2026-01-25,hotel-demo-2,México,MX,14
2026-01-26,hotel-demo-1,Argentina,AR,61
2026-01-26,hotel-demo-1,Brasil,BR,21
2026-01-26,hotel-demo-1,Chile,CL,9
2026-01-26,hotel-demo-1,Uruguay,UY,7
2026-01-26,hotel-demo-1,Estados Unidos,US,7
2026-01-26,hotel-demo-1,España,ES,4
2026-01-26,hotel-demo-1,Alemania,DE,2
2026-01-26,hotel-demo-1,Francia,FR,2
2026-01-26,hotel-demo-1,México,MX,7
2026-01-26,hotel-demo-2,Argentina,AR,90
2026-01-26,hotel-demo-2,Brasil,BR,17
2026-01-26,hotel-demo-2,Chile,CL,9
2026-01-26,hotel-demo-2,Uruguay,UY,5
2026-01-26,hotel-demo-2,Estados Unidos,US,1
2026-01-27,hotel-demo-1,Argentina,AR,56
2026-01-27,hotel-demo-1,Brasil,BR,14
2026-01-27,hotel-demo-1,Chile,CL,5
2026-01-27,hotel-demo-1,Uruguay,UY,6
2026-01-27,hotel-demo-1,Estados Unidos,US,5
2026-01-27,hotel-demo-1,España,ES,3
2026-01-27,hotel-demo-1,Alemania,DE,3
2026-01-27,hotel-demo-1,Francia,FR,2
2026-01-27,hotel-demo-1,México,MX,12
2026-01-27,hotel-demo-2,Argentina,AR,65
2026-01-27,hotel-demo-2,Brasil,BR,19
2026-01-27,hotel-demo-2,Chile,CL,6
2026-01-27,hotel-demo-2,Uruguay,UY,8
2026-01-27,hotel-demo-2,Estados Unidos,US,5
2026-01-27,hotel-demo-2,España,ES,4
2026-01-27,hotel-demo-2,Alemania,DE,2
2026-01-27,hotel-demo-2,Francia,FR,1
2026-01-27,hotel-demo-2,México,MX,10
2026-01-28,hotel-demo-1,Argentina,AR,67
2026-01-28,hotel-demo-1,Brasil,BR,14
2026-01-28,hotel-demo-1,Chile,CL,6
2026-01-28,hotel-demo-1,Uruguay,UY,7
2026-01-28,hotel-demo-1,Estados Unidos,US,7
2026-01-28,hotel-demo-1,España,ES,3
2026-01-28,hotel-demo-1,Alemania,DE,2
2026-01-28,hotel-demo-1,Francia,FR,2
2026-01-28,hotel-demo-1,México,MX,2
2026-01-28,hotel-demo-2,Argentina,AR,100
2026-01-28,hotel-demo-2,Brasil,BR,17
2026-01-28,hotel-demo-2,Chile,CL,8
2026-01-28,hotel-demo-2,Uruguay,UY,1
2026-01-29,hotel-demo-1,Argentina,AR,59
2026-01-29,hotel-demo-1,Brasil,BR,13
2026-01-29,hotel-demo-1,Chile,CL,9
2026-01-29,hotel-demo-1,Uruguay,UY,6
2026-01-29,hotel-demo-1,Estados Unidos,US,5
2026-01-29,hotel-demo-1,España,ES,3
2026-01-29,hotel-demo-1,Alemania,DE,2
2026-01-29,hotel-demo-1,Francia,FR,1
2026-01-29,hotel-demo-1,México,MX,19
2026-01-29,hotel-demo-2,Argentina,AR,75
2026-01-29,hotel-demo-2,Brasil,BR,17
2026-01-29,hotel-demo-2,Chile,CL,6
2026-01-29,hotel-demo-2,Uruguay,UY,7
2026-01-29,hotel-demo-2,Estados Unidos,US,4
2026-01-29,hotel-demo-2,España,ES,3
2026-01-30,hotel-demo-1,Argentina,AR,76
2026-01-30,hotel-demo-1,Brasil,BR,15
2026-01-30,hotel-demo-1,Chile,CL,11
2026-01-30,hotel-demo-1,Uruguay,UY,8
2026-01-30,hotel-demo-1,Estados Unidos,US,8
2026-01-30,hotel-demo-1,España,ES,5
2026-01-30,hotel-demo-1,Alemania,DE,3
2026-01-30,hotel-demo-1,Francia,FR,3
2026-01-30,hotel-demo-1,México,MX,17
2026-01-30,hotel-demo-2,Argentina,AR,51
2026-01-30,hotel-demo-2,Brasil,BR,13
2026-01-30,hotel-demo-2,Chile,CL,6
2026-01-30,hotel-demo-2,Uruguay,UY,4
2026-01-30,hotel-demo-2,Estados Unidos,US,7
2026-01-30,hotel-demo-2,España,ES,3
2026-01-30,hotel-demo-2,Alemania,DE,2
2026-01-30,hotel-demo-2,Francia,FR,2
2026-01-30,hotel-demo-2,México,MX,19
2026-01-31,hotel-demo-1,Argentina,AR,85
2026-01-31,hotel-demo-1,Brasil,BR,18
2026-01-31,hotel-demo-1,Chile,CL,7
2026-01-31,hotel-demo-1,Uruguay,UY,8
2026-01-31,hotel-demo-1,Estados Unidos,US,7
2026-01-31,hotel-demo-1,España,ES,4
2026-01-31,hotel-demo-1,Alemania,DE,4
2026-01-31,hotel-demo-1,Francia,FR,2
2026-01-31,hotel-demo-1,México,MX,15
2026-01-31,hotel-demo-2,Argentina,AR,56
2026-01-31,hotel-demo-2,Brasil,BR,19
2026-01-31,hotel-demo-2,Chile,CL,9
2026-01-31,hotel-demo-2,Uruguay,UY,5
2026-01-31,hotel-demo-2,Estados Unidos,US,6
2026-01-31,hotel-demo-2,España,ES,4
2026-01-31,hotel-demo-2,Alemania,DE,2
2026-01-31,hotel-demo-2,Francia,FR,2
2026-01-31,hotel-demo-2,México,MX,18
2026-02-01,hotel-demo-1,Argentina,AR,63
2026-02-01,hotel-demo-1,Brasil,BR,23
2026-02-01,hotel-demo-1,Chile,CL,10
2026-02-01,hotel-demo-1,Uruguay,UY,7
2026-02-01,hotel-demo-1,Estados Unidos,US,8
2026-02-01,hotel-demo-1,España,ES,4
2026-02-01,hotel-demo-1,Alemania,DE,3
2026-02-01,hotel-demo-1,Francia,FR,2
2026-02-01,hotel-demo-1,México,MX,14
2026-02-01,hotel-demo-2,Argentina,AR,56
2026-02-01,hotel-demo-2,Brasil,BR,21
2026-02-01,hotel-demo-2,Chile,CL,8
2026-02-01,hotel-demo-2,Uruguay,UY,6
2026-02-01,hotel-demo-2,Estados Unidos,US,4
2026-02-01,hotel-demo-2,España,ES,4
2026-02-01,hotel-demo-2,Alemania,DE,2
2026-02-01,hotel-demo-2,Francia,FR,2
2026-02-01,hotel-demo-2,México,MX,15
2026-02-02,hotel-demo-1,Argentina,AR,90
2026-02-02,hotel-demo-1,Brasil,BR,15
2026-02-02,hotel-demo-1,Chile,CL,8
2026-02-02,hotel-demo-1,Uruguay,UY,8
2026-02-02,hotel-demo-1,Estados Unidos,US,8
2026-02-02,hotel-demo-1,España,ES,5
2026-02-02,hotel-demo-1,Alemania,DE,3
2026-02-02,hotel-demo-1,Francia,FR,3
2026-02-02,hotel-demo-1,México,MX,5
2026-02-02,hotel-demo-2,Argentina,AR,89
2026-02-02,hotel-demo-2,Brasil,BR,13
2026-02-02,hotel-demo-2,Chile,CL,8
2026-02-02,hotel-demo-2,Uruguay,UY,3
2026-02-03,hotel-demo-1,Argentina,AR,89
2026-02-03,hotel-demo-1,Brasil,BR,13
2026-02-03,hotel-demo-1,Chile,CL,6
2026-02-03,hotel-demo-1,Uruguay,UY,7
2026-02-03,hotel-demo-1,Estados Unidos,US,3
2026-02-03,hotel-demo-2,Argentina,AR,77
2026-02-03,hotel-demo-2,Brasil,BR,16
2026-02-03,hotel-demo-2,Chile,CL,5
2026-02-03,hotel-demo-2,Uruguay,UY,4
2026-02-03,hotel-demo-2,Estados Unidos,US,6
2026-02-04,hotel-demo-1,Argentina,AR,84
2026-02-04,hotel-demo-1,Brasil,BR,13
2026-02-04,hotel-demo-1,Chile,CL,5
2026-02-04,hotel-demo-1,Uruguay,UY,5
2026-02-04,hotel-demo-1,Estados Unidos,US,6
2026-02-04,hotel-demo-1,España,ES,5
2026-02-04,hotel-demo-1,Alemania,DE,3
2026-02-04,hotel-demo-1,Francia,FR,1
2026-02-04,hotel-demo-2,Argentina,AR,59
2026-02-04,hotel-demo-2,Brasil,BR,17
2026-02-04,hotel-demo-2,Chile,CL,8
2026-02-04,hotel-demo-2,Uruguay,UY,5
2026-02-04,hotel-demo-2,Estados Unidos,US,5
2026-02-04,hotel-demo-2,España,ES,4
2026-02-04,hotel-demo-2,Alemania,DE,2
2026-02-04,hotel-demo-2,Francia,FR,2
2026-02-04,hotel-demo-2,México,MX,22
2026-02-05,hotel-demo-1,Argentina,AR,80
2026-02-05,hotel-demo-1,Brasil,BR,21
2026-02-05,hotel-demo-1,Chile,CL,7
2026-02-05,hotel-demo-1,Uruguay,UY,7
2026-02-05,hotel-demo-1,Estados Unidos,US,7
2026-02-05,hotel-demo-1,España,ES,4
2026-02-05,hotel-demo-1,Alemania,DE,3
2026-02-05,hotel-demo-1,Francia,FR,2
2026-02-05,hotel-demo-2,Argentina,AR,57
2026-02-05,hotel-demo-2,Brasil,BR,21
2026-02-05,hotel-demo-2,Chile,CL,6
2026-02-05,hotel-demo-2,Uruguay,UY,5
2026-02-05,hotel-demo-2,Estados Unidos,US,7
2026-02-05,hotel-demo-2,España,ES,4
2026-02-05,hotel-demo-2,Alemania,DE,3
2026-02-05,hotel-demo-2,Francia,FR,2
2026-02-05,hotel-demo-2,México,MX,20
2026-02-06,hotel-demo-1,Argentina,AR,75
2026-02-06,hotel-demo-1,Brasil,BR,16
2026-02-06,hotel-demo-1,Chile,CL,6
2026-02-06,hotel-demo-1,Uruguay,UY,7
2026-02-06,hotel-demo-1,Estados Unidos,US,5
2026-02-06,hotel-demo-1,España,ES,4
2026-02-06,hotel-demo-1,Alemania,DE,3
2026-02-06,hotel-demo-1,Francia,FR,2
2026-02-06,hotel-demo-1,México,MX,6
2026-02-06,hotel-demo-2,Argentina,AR,63
2026-02-06,hotel-demo-2,Brasil,BR,16
2026-02-06,hotel-demo-2,Chile,CL,7
2026-02-06,hotel-demo-2,Uruguay,UY,4
2026-02-06,hotel-demo-2,Estados Unidos,US,7
2026-02-06,hotel-demo-2,España,ES,4
2026-02-06,hotel-demo-2,Alemania,DE,3
2026-02-06,hotel-demo-2,Francia,FR,2
2026-02-06,hotel-demo-2,México,MX,15
2026-02-07,hotel-demo-1,Argentina,AR,69
2026-02-07,hotel-demo-1,Brasil,BR,21
2026-02-07,hotel-demo-1,Chile,CL,9
2026-02-07,hotel-demo-1,Uruguay,UY,7
2026-02-07,hotel-demo-1,Estados Unidos,US,6
2026-02-07,hotel-demo-1,España,ES,3
2026-02-07,hotel-demo-1,Alemania,DE,3
2026-02-07,hotel-demo-1,Francia,FR,2
2026-02-07,hotel-demo-1,México,MX,26
2026-02-07,hotel-demo-2,Argentina,AR,93
2026-02-07,hotel-demo-2,Brasil,BR,15
2026-02-07,hotel-demo-2,Chile,CL,8
2026-02-07,hotel-demo-2,Uruguay,UY,7
2026-02-07,hotel-demo-2,Estados Unidos,US,2
2026-02-08,hotel-demo-1,Argentina,AR,54
2026-02-08,hotel-demo-1,Brasil,BR,13
2026-02-08,hotel-demo-1,Chile,CL,8
2026-02-08,hotel-demo-1,Uruguay,UY,7
2026-02-08,hotel-demo-1,Estados Unidos,US,7
2026-02-08,hotel-demo-1,España,ES,4
2026-02-08,hotel-demo-1,Alemania,DE,2
2026-02-08,hotel-demo-1,Francia,FR,2
2026-02-08,hotel-demo-1,México,MX,15
2026-02-08,hotel-demo-2,Argentina,AR,55
2026-02-08,hotel-demo-2,Brasil,BR,13
2026-02-08,hotel-demo-2,Chile,CL,5
2026-02-08,hotel-demo-2,Uruguay,UY,5
2026-02-08,hotel-demo-2,Estados Unidos,US,7
2026-02-08,hotel-demo-2,España,ES,4
2026-02-08,hotel-demo-2,Alemania,DE,2
2026-02-08,hotel-demo-2,Francia,FR,1
2026-02-08,hotel-demo-2,México,MX,24
2026-02-09,hotel-demo-1,Argentina,AR,84
2026-02-09,hotel-demo-1,Brasil,BR,17
2026-02-09,hotel-demo-1,Chile,CL,7
2026-02-09,hotel-demo-1,Uruguay,UY,6
2026-02-09,hotel-demo-2,Argentina,AR,78
2026-02-09,hotel-demo-2,Brasil,BR,18
2026-02-09,hotel-demo-2,Chile,CL,6
2026-02-09,hotel-demo-2,Uruguay,UY,6
2026-02-09,hotel-demo-2,Estados Unidos,US,2
2026-02-10,hotel-demo-1,Argentina,AR,84
2026-02-10,hotel-demo-1,Brasil,BR,17
2026-02-10,hotel-demo-1,Chile,CL,6
2026-02-10,hotel-demo-1,Uruguay,UY,1
2026-02-10,hotel-demo-2,Argentina,AR,76
2026-02-10,hotel-demo-2,Brasil,BR,14
2026-02-10,hotel-demo-2,Chile,CL,7
2026-02-10,hotel-demo-2,Uruguay,UY,7
2026-02-10,hotel-demo-2,Estados Unidos,US,5
2026-02-10,hotel-demo-2,España,ES,3
2026-02-10,hotel-demo-2,Alemania,DE,3
2026-02-10,hotel-demo-2,Francia,FR,1
2026-02-10,hotel-demo-2,México,MX,13
2026-02-11,hotel-demo-1,Argentina,AR,64
2026-02-11,hotel-demo-1,Brasil,BR,15
2026-02-11,hotel-demo-1,Chile,CL,6
2026-02-11,hotel-demo-1,Uruguay,UY,6
2026-02-11,hotel-demo-1,Estados Unidos,US,6
2026-02-11,hotel-demo-1,España,ES,3
2026-02-11,hotel-demo-1,Alemania,DE,1
2026-02-11,hotel-demo-2,Argentina,AR,87
2026-02-11,hotel-demo-2,Brasil,BR,19
2026-02-11,hotel-demo-2,Chile,CL,6
2026-02-11,hotel-demo-2,Uruguay,UY,6
2026-02-11,hotel-demo-2,Estados Unidos,US,6
2026-02-12,hotel-demo-1,Argentina,AR,60
2026-02-12,hotel-demo-1,Brasil,BR,21
2026-02-12,hotel-demo-1,Chile,CL,9
2026-02-12,hotel-demo-1,Uruguay,UY,7
2026-02-12,hotel-demo-1,Estados Unidos,US,5
2026-02-12,hotel-demo-1,España,ES,4
2026-02-12,hotel-demo-1,Alemania,DE,2
2026-02-12,hotel-demo-1,Francia,FR,2
2026-02-12,hotel-demo-1,México,MX,22
2026-02-12,hotel-demo-2,Argentina,AR,83
2026-02-12,hotel-demo-2,Brasil,BR,16
2026-02-12,hotel-demo-2,Chile,CL,7
2026-02-13,hotel-demo-1,Argentina,AR,101
2026-02-13,hotel-demo-1,Brasil,BR,14
2026-02-13,hotel-demo-1,Chile,CL,6
2026-02-13,hotel-demo-1,Uruguay,UY,6
2026-02-13,hotel-demo-1,Estados Unidos,US,6
2026-02-13,hotel-demo-2,Argentina,AR,81
2026-02-13,hotel-demo-2,Brasil,BR,20
2026-02-13,hotel-demo-2,Chile,CL,9
2026-02-13,hotel-demo-2,Uruguay,UY,8
2026-02-13,hotel-demo-2,Estados Unidos,US,7
2026-02-13,hotel-demo-2,España,ES,4
2026-02-13,hotel-demo-2,Alemania,DE,2
2026-02-14,hotel-demo-1,Argentina,AR,81
2026-02-14,hotel-demo-1,Brasil,BR,18
2026-02-14,hotel-demo-1,Chile,CL,7
2026-02-14,hotel-demo-1,Uruguay,UY,6
2026-02-14,hotel-demo-1,Estados Unidos,US,7
2026-02-14,hotel-demo-1,España,ES,4
2026-02-14,hotel-demo-1,Alemania,DE,2
2026-02-14,hotel-demo-1,Francia,FR,2
2026-02-14,hotel-demo-1,México,MX,10
2026-02-14,hotel-demo-2,Argentina,AR,97
2026-02-14,hotel-demo-2,Brasil,BR,14
2026-02-14,hotel-demo-2,Chile,CL,5
2026-02-14,hotel-demo-2,Uruguay,UY,6
2026-02-15,hotel-demo-1,Argentina,AR,51
2026-02-15,hotel-demo-1,Brasil,BR,13
2026-02-15,hotel-demo-1,Chile,CL,7
2026-02-15,hotel-demo-1,Uruguay,UY,4
2026-02-15,hotel-demo-1,Estados Unidos,US,5
2026-02-15,hotel-demo-1,España,ES,3
2026-02-15,hotel-demo-1,Alemania,DE,1
2026-02-15,hotel-demo-1,Francia,FR,2
2026-02-15,hotel-demo-1,México,MX,12
2026-02-15,hotel-demo-2,Argentina,AR,78
2026-02-15,hotel-demo-2,Brasil,BR,16
2026-02-15,hotel-demo-2,Chile,CL,7
2026-02-15,hotel-demo-2,Uruguay,UY,8
2026-02-15,hotel-demo-2,Estados Unidos,US,8
2026-02-15,hotel-demo-2,España,ES,4
2026-02-15,hotel-demo-2,Alemania,DE,3
2026-02-15,hotel-demo-2,Francia,FR,2
2026-02-16,hotel-demo-1,Argentina,AR,66
2026-02-16,hotel-demo-1,Brasil,BR,16
2026-02-16,hotel-demo-1,Chile,CL,6
2026-02-16,hotel-demo-1,Uruguay,UY,7
2026-02-16,hotel-demo-1,Estados Unidos,US,7
2026-02-16,hotel-demo-1,España,ES,3
2026-02-16,hotel-demo-1,Alemania,DE,2
2026-02-16,hotel-demo-1,Francia,FR,2
2026-02-16,hotel-demo-1,México,MX,9
2026-02-16,hotel-demo-2,Argentina,AR,63
2026-02-16,hotel-demo-2,Brasil,BR,14
2026-02-16,hotel-demo-2,Chile,CL,9
2026-02-16,hotel-demo-2,Uruguay,UY,5
2026-02-16,hotel-demo-2,Estados Unidos,US,6
2026-02-16,hotel-demo-2,España,ES,3
2026-02-16,hotel-demo-2,Alemania,DE,3
2026-02-16,hotel-demo-2,Francia,FR,2
2026-02-16,hotel-demo-2,México,MX,21
2026-02-17,hotel-demo-1,Argentina,AR,94
2026-02-17,hotel-demo-1,Brasil,BR,20
2026-02-17,hotel-demo-1,Chile,CL,8
2026-02-17,hotel-demo-2,Argentina,AR,93
2026-02-17,hotel-demo-2,Brasil,BR,12
2026-02-17,hotel-demo-2,Chile,CL,9
2026-02-17,hotel-demo-2,Uruguay,UY,6
2026-02-18,hotel-demo-1,Argentina,AR,98
2026-02-18,hotel-demo-1,Brasil,BR,17
2026-02-18,hotel-demo-1,Chile,CL,7
2026-02-18,hotel-demo-1,Uruguay,UY,3
2026-02-18,hotel-demo-2,Argentina,AR,81
2026-02-18,hotel-demo-2,Brasil,BR,21
2026-02-18,hotel-demo-2,Chile,CL,9
2026-02-18,hotel-demo-2,Uruguay,UY,5
2026-02-18,hotel-demo-2,Estados Unidos,US,6
2026-02-19,hotel-demo-1,Argentina,AR,95
2026-02-19,hotel-demo-1,Brasil,BR,21
2026-02-19,hotel-demo-1,Chile,CL,4
2026-02-19,hotel-demo-2,Argentina,AR,79
2026-02-19,hotel-demo-2,Brasil,BR,16
2026-02-19,hotel-demo-2,Chile,CL,8
2026-02-19,hotel-demo-2,Uruguay,UY,7
2026-02-19,hotel-demo-2,Estados Unidos,US,6
2026-02-20,hotel-demo-1,Argentina,AR,94
2026-02-20,hotel-demo-1,Brasil,BR,17
2026-02-20,hotel-demo-1,Chile,CL,8
2026-02-20,hotel-demo-1,Uruguay,UY,5
2026-02-20,hotel-demo-1,Estados Unidos,US,8
2026-02-20,hotel-demo-1,España,ES,3
2026-02-20,hotel-demo-1,Alemania,DE,3
2026-02-20,hotel-demo-1,Francia,FR,2
2026-02-20,hotel-demo-2,Argentina,AR,66
2026-02-20,hotel-demo-2,Brasil,BR,20
2026-02-20,hotel-demo-2,Chile,CL,8
2026-02-20,hotel-demo-2,Uruguay,UY,5
2026-02-20,hotel-demo-2,Estados Unidos,US,7
2026-02-20,hotel-demo-2,España,ES,3
2026-02-20,hotel-demo-2,Alemania,DE,2
2026-02-20,hotel-demo-2,Francia,FR,2
2026-02-20,hotel-demo-2,México,MX,10
2026-02-21,hotel-demo-1,Argentina,AR,62
2026-02-21,hotel-demo-1,Brasil,BR,20
2026-02-21,hotel-demo-1,Chile,CL,8
2026-02-21,hotel-demo-1,Uruguay,UY,6
2026-02-21,hotel-demo-1,Estados Unidos,US,7
2026-02-21,hotel-demo-1,España,ES,4
2026-02-21,hotel-demo-1,Alemania,DE,2
2026-02-21,hotel-demo-1,Francia,FR,2
2026-02-21,hotel-demo-1,México,MX,6
2026-02-21,hotel-demo-2,Argentina,AR,73
2026-02-21,hotel-demo-2,Brasil,BR,14
2026-02-21,hotel-demo-2,Chile,CL,8
2026-02-21,hotel-demo-2,Uruguay,UY,5
2026-02-21,hotel-demo-2,Estados Unidos,US,5
2026-02-21,hotel-demo-2,España,ES,4
2026-02-21,hotel-demo-2,Alemania,DE,3
2026-02-21,hotel-demo-2,Francia,FR,2
2026-02-21,hotel-demo-2,México,MX,9
2026-02-22,hotel-demo-1,Argentina,AR,83
2026-02-22,hotel-demo-1,Brasil,BR,16
2026-02-22,hotel-demo-1,Chile,CL,8
2026-02-22,hotel-demo-1,Uruguay,UY,5
2026-02-22,hotel-demo-1,Estados Unidos,US,5
2026-02-22,hotel-demo-2,Argentina,AR,49
2026-02-22,hotel-demo-2,Brasil,BR,19
2026-02-22,hotel-demo-2,Chile,CL,5
2026-02-22,hotel-demo-2,Uruguay,UY,6
2026-02-22,hotel-demo-2,Estados Unidos,US,6
2026-02-22,hotel-demo-2,España,ES,4
2026-02-22,hotel-demo-2,Alemania,DE,2
2026-02-22,hotel-demo-2,Francia,FR,2
2026-02-22,hotel-demo-2,México,MX,18
2026-02-23,hotel-demo-1,Argentina,AR,69
2026-02-23,hotel-demo-1,Brasil,BR,15
2026-02-23,hotel-demo-1,Chile,CL,6
2026-02-23,hotel-demo-1,Uruguay,UY,4
2026-02-23,hotel-demo-1,Estados Unidos,US,7
2026-02-23,hotel-demo-1,España,ES,3
2026-02-23,hotel-demo-1,Alemania,DE,2
2026-02-23,hotel-demo-1,Francia,FR,2
2026-02-23,hotel-demo-1,México,MX,8
2026-02-23,hotel-demo-2,Argentina,AR,77
2026-02-23,hotel-demo-2,Brasil,BR,17
2026-02-23,hotel-demo-2,Chile,CL,9
2026-02-23,hotel-demo-2,Uruguay,UY,8
2026-02-23,hotel-demo-2,Estados Unidos,US,7
2026-02-23,hotel-demo-2,España,ES,4
2026-02-23,hotel-demo-2,Alemania,DE,1
2026-02-24,hotel-demo-1,Argentina,AR,98
2026-02-24,hotel-demo-1,Brasil,BR,13
2026-02-24,hotel-demo-1,Chile,CL,10
2026-02-24,hotel-demo-1,Uruguay,UY,8
2026-02-24,hotel-demo-1,Estados Unidos,US,1
2026-02-24,hotel-demo-2,Argentina,AR,92
2026-02-24,hotel-demo-2,Brasil,BR,16
2026-02-24,hotel-demo-2,Chile,CL,6
2026-02-24,hotel-demo-2,Uruguay,UY,4
2026-02-25,hotel-demo-1,Argentina,AR,98
2026-02-25,hotel-demo-1,Brasil,BR,16
2026-02-25,hotel-demo-1,Chile,CL,10
2026-02-25,hotel-demo-1,Uruguay,UY,9
2026-02-25,hotel-demo-1,Estados Unidos,US,7
2026-02-25,hotel-demo-1,España,ES,3
2026-02-25,hotel-demo-2,Argentina,AR,83
2026-02-25,hotel-demo-2,Brasil,BR,15
2026-02-25,hotel-demo-2,Chile,CL,8
2026-02-25,hotel-demo-2,Uruguay,UY,7
2026-02-25,hotel-demo-2,Estados Unidos,US,2
2026-02-26,hotel-demo-1,Argentina,AR,94
2026-02-26,hotel-demo-1,Brasil,BR,14
2026-02-26,hotel-demo-1,Chile,CL,10
2026-02-26,hotel-demo-1,Uruguay,UY,8
2026-02-26,hotel-demo-1,Estados Unidos,US,3
2026-02-26,hotel-demo-2,Argentina,AR,66
2026-02-26,hotel-demo-2,Brasil,BR,17
2026-02-26,hotel-demo-2,Chile,CL,7
2026-02-26,hotel-demo-2,Uruguay,UY,6
2026-02-26,hotel-demo-2,Estados Unidos,US,5
2026-02-26,hotel-demo-2,España,ES,3
2026-02-26,hotel-demo-2,Alemania,DE,2
2026-02-27,hotel-demo-1,Argentina,AR,86
2026-02-27,hotel-demo-1,Brasil,BR,20
2026-02-27,hotel-demo-1,Chile,CL,6
2026-02-27,hotel-demo-1,Uruguay,UY,6
2026-02-27,hotel-demo-1,Estados Unidos,US,2
2026-02-27,hotel-demo-2,Argentina,AR,90
2026-02-27,hotel-demo-2,Brasil,BR,18
2026-02-27,hotel-demo-2,Chile,CL,8
2026-02-27,hotel-demo-2,Uruguay,UY,7
2026-02-27,hotel-demo-2,Estados Unidos,US,5
2026-02-27,hotel-demo-2,España,ES,1
2026-02-28,hotel-demo-1,Argentina,AR,92
2026-02-28,hotel-demo-1,Brasil,BR,26
2026-02-28,hotel-demo-1,Chile,CL,8
2026-02-28,hotel-demo-1,Uruguay,UY,6
2026-02-28,hotel-demo-1,Estados Unidos,US,6
2026-02-28,hotel-demo-1,España,ES,6
2026-02-28,hotel-demo-1,Alemania,DE,3
2026-02-28,hotel-demo-1,Francia,FR,2
2026-02-28,hotel-demo-1,México,MX,12
2026-02-28,hotel-demo-2,Argentina,AR,82
2026-02-28,hotel-demo-2,Brasil,BR,13
2026-02-28,hotel-demo-2,Chile,CL,8
2026-02-28,hotel-demo-2,Uruguay,UY,4
2026-03-01,hotel-demo-1,Argentina,AR,111
2026-03-01,hotel-demo-1,Brasil,BR,18
2026-03-01,hotel-demo-1,Chile,CL,9
2026-03-01,hotel-demo-1,Uruguay,UY,9
2026-03-01,hotel-demo-1,Estados Unidos,US,4
2026-03-01,hotel-demo-2,Argentina,AR,63
2026-03-01,hotel-demo-2,Brasil,BR,15
2026-03-01,hotel-demo-2,Chile,CL,6
2026-03-01,hotel-demo-2,Uruguay,UY,3
2026-03-02,hotel-demo-1,Argentina,AR,74
2026-03-02,hotel-demo-1,Brasil,BR,15
2026-03-02,hotel-demo-1,Chile,CL,8
2026-03-02,hotel-demo-1,Uruguay,UY,7
2026-03-02,hotel-demo-1,Estados Unidos,US,6
2026-03-02,hotel-demo-1,España,ES,5
2026-03-02,hotel-demo-1,Alemania,DE,2
2026-03-02,hotel-demo-1,Francia,FR,2
2026-03-02,hotel-demo-1,México,MX,27
2026-03-02,hotel-demo-2,Argentina,AR,56
2026-03-02,hotel-demo-2,Brasil,BR,14
2026-03-02,hotel-demo-2,Chile,CL,5
2026-03-02,hotel-demo-2,Uruguay,UY,4
2026-03-02,hotel-demo-2,Estados Unidos,US,4
2026-03-02,hotel-demo-2,España,ES,2
2026-03-02,hotel-demo-2,Alemania,DE,3
2026-03-02,hotel-demo-2,Francia,FR,2
2026-03-02,hotel-demo-2,México,MX,8
2026-03-03,hotel-demo-1,Argentina,AR,67
2026-03-03,hotel-demo-1,Brasil,BR,23
2026-03-03,hotel-demo-1,Chile,CL,11
2026-03-03,hotel-demo-1,Uruguay,UY,9
2026-03-03,hotel-demo-1,Estados Unidos,US,9
2026-03-03,hotel-demo-1,España,ES,3
2026-03-03,hotel-demo-1,Alemania,DE,3
2026-03-03,hotel-demo-1,Francia,FR,3
2026-03-03,hotel-demo-1,México,MX,22
2026-03-03,hotel-demo-2,Argentina,AR,49
2026-03-03,hotel-demo-2,Brasil,BR,12
2026-03-03,hotel-demo-2,Chile,CL,4
2026-03-03,hotel-demo-2,Uruguay,UY,5
2026-03-03,hotel-demo-2,Estados Unidos,US,5
2026-03-03,hotel-demo-2,España,ES,3
2026-03-03,hotel-demo-2,Alemania,DE,2
2026-03-03,hotel-demo-2,Francia,FR,2
2026-03-03,hotel-demo-2,México,MX,5
2026-03-04,hotel-demo-1,Argentina,AR,101
2026-03-04,hotel-demo-1,Brasil,BR,21
2026-03-04,hotel-demo-1,Chile,CL,9
2026-03-04,hotel-demo-1,Uruguay,UY,8
2026-03-04,hotel-demo-1,Estados Unidos,US,11
2026-03-04,hotel-demo-1,España,ES,5
2026-03-04,hotel-demo-1,Alemania,DE,4
2026-03-04,hotel-demo-1,Francia,FR,2
2026-03-04,hotel-demo-1,México,MX,10
2026-03-04,hotel-demo-2,Argentina,AR,65
2026-03-04,hotel-demo-2,Brasil,BR,12
2026-03-04,hotel-demo-2,Chile,CL,7
2026-03-04,hotel-demo-2,Uruguay,UY,5
2026-03-05,hotel-demo-1,Argentina,AR,109
2026-03-05,hotel-demo-1,Brasil,BR,23
2026-03-05,hotel-demo-1,Chile,CL,8
2026-03-05,hotel-demo-1,Uruguay,UY,7
2026-03-05,hotel-demo-1,Estados Unidos,US,7
2026-03-05,hotel-demo-1,España,ES,1
2026-03-05,hotel-demo-2,Argentina,AR,60
2026-03-05,hotel-demo-2,Brasil,BR,11
2026-03-05,hotel-demo-2,Chile,CL,4
2026-03-05,hotel-demo-2,Uruguay,UY,3
2026-03-05,hotel-demo-2,Estados Unidos,US,1
2026-03-06,hotel-demo-1,Argentina,AR,111
2026-03-06,hotel-demo-1,Brasil,BR,21
2026-03-06,hotel-demo-1,Chile,CL,7
2026-03-06,hotel-demo-1,Uruguay,UY,10
2026-03-06,hotel-demo-1,Estados Unidos,US,10
2026-03-06,hotel-demo-1,España,ES,4
2026-03-06,hotel-demo-1,Alemania,DE,4
2026-03-06,hotel-demo-1,Francia,FR,2
2026-03-06,hotel-demo-2,Argentina,AR,78
2026-03-06,hotel-demo-2,Brasil,BR,14
2026-03-06,hotel-demo-2,Chile,CL,8
2026-03-06,hotel-demo-2,Uruguay,UY,3
2026-03-07,hotel-demo-1,Argentina,AR,85
2026-03-07,hotel-demo-1,Brasil,BR,26
2026-03-07,hotel-demo-1,Chile,CL,8
2026-03-07,hotel-demo-1,Uruguay,UY,10
2026-03-07,hotel-demo-1,Estados Unidos,US,10
2026-03-07,hotel-demo-1,España,ES,5
2026-03-07,hotel-demo-1,Alemania,DE,3
2026-03-07,hotel-demo-1,Francia,FR,2
2026-03-07,hotel-demo-1,México,MX,5
2026-03-07,hotel-demo-2,Argentina,AR,67
2026-03-07,hotel-demo-2,Brasil,BR,17
2026-03-07,hotel-demo-2,Chile,CL,7
2026-03-07,hotel-demo-2,Uruguay,UY,7
2026-03-07,hotel-demo-2,Estados Unidos,US,7
2026-03-07,hotel-demo-2,España,ES,2
2026-03-08,hotel-demo-1,Argentina,AR,82
2026-03-08,hotel-demo-1,Brasil,BR,16
2026-03-08,hotel-demo-1,Chile,CL,9
2026-03-08,hotel-demo-1,Uruguay,UY,7
2026-03-08,hotel-demo-1,Estados Unidos,US,6
2026-03-08,hotel-demo-1,España,ES,4
2026-03-08,hotel-demo-1,Alemania,DE,1
2026-03-08,hotel-demo-2,Argentina,AR,70
2026-03-08,hotel-demo-2,Brasil,BR,10
2026-03-08,hotel-demo-2,Chile,CL,7
2026-03-09,hotel-demo-1,Argentina,AR,77
2026-03-09,hotel-demo-1,Brasil,BR,17
2026-03-09,hotel-demo-1,Chile,CL,11
2026-03-09,hotel-demo-1,Uruguay,UY,6
2026-03-09,hotel-demo-1,Estados Unidos,US,7
2026-03-09,hotel-demo-1,España,ES,4
2026-03-09,hotel-demo-1,Alemania,DE,4
2026-03-09,hotel-demo-1,Francia,FR,2
2026-03-09,hotel-demo-1,México,MX,36
2026-03-09,hotel-demo-2,Argentina,AR,47
2026-03-09,hotel-demo-2,Brasil,BR,8
2026-03-09,hotel-demo-2,Chile,CL,5
2026-03-09,hotel-demo-2,Uruguay,UY,5
2026-03-09,hotel-demo-2,Estados Unidos,US,4
2026-03-09,hotel-demo-2,España,ES,3
2026-03-09,hotel-demo-2,Alemania,DE,1
2026-03-09,hotel-demo-2,Francia,FR,1
2026-03-09,hotel-demo-2,México,MX,5
2026-03-10,hotel-demo-1,Argentina,AR,104
2026-03-10,hotel-demo-1,Brasil,BR,15
2026-03-10,hotel-demo-1,Chile,CL,8
2026-03-10,hotel-demo-1,Uruguay,UY,9
2026-03-10,hotel-demo-2,Argentina,AR,74
2026-03-10,hotel-demo-2,Brasil,BR,10
2026-03-10,hotel-demo-2,Chile,CL,8
2026-03-10,hotel-demo-2,Uruguay,UY,6
2026-03-10,hotel-demo-2,Estados Unidos,US,3
2026-03-11,hotel-demo-1,Argentina,AR,108
2026-03-11,hotel-demo-1,Brasil,BR,26
2026-03-11,hotel-demo-1,Chile,CL,9
2026-03-11,hotel-demo-1,Uruguay,UY,10
2026-03-11,hotel-demo-1,Estados Unidos,US,10
2026-03-11,hotel-demo-1,España,ES,6
2026-03-11,hotel-demo-1,Alemania,DE,5
2026-03-11,hotel-demo-1,Francia,FR,3
2026-03-11,hotel-demo-1,México,MX,7
2026-03-11,hotel-demo-2,Argentina,AR,51
2026-03-11,hotel-demo-2,Brasil,BR,14
2026-03-11,hotel-demo-2,Chile,CL,6
2026-03-11,hotel-demo-2,Uruguay,UY,5
2026-03-11,hotel-demo-2,Estados Unidos,US,3
2026-03-11,hotel-demo-2,España,ES,3
2026-03-11,hotel-demo-2,Alemania,DE,1
2026-03-12,hotel-demo-1,Argentina,AR,59
2026-03-12,hotel-demo-1,Brasil,BR,24
2026-03-12,hotel-demo-1,Chile,CL,9
2026-03-12,hotel-demo-1,Uruguay,UY,8
2026-03-12,hotel-demo-1,Estados Unidos,US,6
2026-03-12,hotel-demo-1,España,ES,4
2026-03-12,hotel-demo-1,Alemania,DE,3
2026-03-12,hotel-demo-1,Francia,FR,2
2026-03-12,hotel-demo-1,México,MX,17
2026-03-12,hotel-demo-2,Argentina,AR,53
2026-03-12,hotel-demo-2,Brasil,BR,8
2026-03-12,hotel-demo-2,Chile,CL,5
2026-03-12,hotel-demo-2,Uruguay,UY,4
2026-03-12,hotel-demo-2,Estados Unidos,US,5
2026-03-13,hotel-demo-1,Argentina,AR,65
2026-03-13,hotel-demo-1,Brasil,BR,24
2026-03-13,hotel-demo-1,Chile,CL,11
2026-03-13,hotel-demo-1,Uruguay,UY,9
2026-03-13,hotel-demo-1,Estados Unidos,US,6
2026-03-13,hotel-demo-1,España,ES,6
2026-03-13,hotel-demo-1,Alemania,DE,3
2026-03-13,hotel-demo-1,Francia,FR,3
2026-03-13,hotel-demo-1,México,MX,22
2026-03-13,hotel-demo-2,Argentina,AR,54
2026-03-13,hotel-demo-2,Brasil,BR,12
2026-03-13,hotel-demo-2,Chile,CL,7
2026-03-13,hotel-demo-2,Uruguay,UY,4
2026-03-13,hotel-demo-2,Estados Unidos,US,3
2026-03-13,hotel-demo-2,España,ES,3
2026-03-13,hotel-demo-2,Alemania,DE,2
2026-03-13,hotel-demo-2,Francia,FR,2
2026-03-14,hotel-demo-1,Argentina,AR,111
2026-03-14,hotel-demo-1,Brasil,BR,28
2026-03-14,hotel-demo-1,Chile,CL,10
2026-03-14,hotel-demo-1,Uruguay,UY,10
2026-03-14,hotel-demo-1,Estados Unidos,US,1
2026-03-14,hotel-demo-2,Argentina,AR,83
2026-03-14,hotel-demo-2,Brasil,BR,16
2026-03-14,hotel-demo-2,Chile,CL,5
2026-03-14,hotel-demo-2,Uruguay,UY,5
2026-03-15,hotel-demo-1,Argentina,AR,102
2026-03-15,hotel-demo-1,Brasil,BR,27
2026-03-15,hotel-demo-1,Chile,CL,11
2026-03-15,hotel-demo-1,Uruguay,UY,9
2026-03-15,hotel-demo-1,Estados Unidos,US,8
2026-03-15,hotel-demo-1,España,ES,5
2026-03-15,hotel-demo-2,Argentina,AR,47
2026-03-15,hotel-demo-2,Brasil,BR,9
2026-03-15,hotel-demo-2,Chile,CL,4
2026-03-15,hotel-demo-2,Uruguay,UY,4
2026-03-15,hotel-demo-2,Estados Unidos,US,3
2026-03-15,hotel-demo-2,España,ES,3
2026-03-15,hotel-demo-2,Alemania,DE,2
2026-03-15,hotel-demo-2,Francia,FR,1
2026-03-15,hotel-demo-2,México,MX,12
2026-03-16,hotel-demo-1,Argentina,AR,104
2026-03-16,hotel-demo-1,Brasil,BR,28
2026-03-16,hotel-demo-1,Chile,CL,10
2026-03-16,hotel-demo-1,Uruguay,UY,10
2026-03-16,hotel-demo-1,Estados Unidos,US,10
2026-03-16,hotel-demo-1,España,ES,4
2026-03-16,hotel-demo-2,Argentina,AR,66
2026-03-16,hotel-demo-2,Brasil,BR,14
2026-03-16,hotel-demo-2,Chile,CL,6
2026-03-17,hotel-demo-1,Argentina,AR,91
2026-03-17,hotel-demo-1,Brasil,BR,15
2026-03-17,hotel-demo-1,Chile,CL,11
2026-03-17,hotel-demo-1,Uruguay,UY,6
2026-03-17,hotel-demo-1,Estados Unidos,US,9
2026-03-17,hotel-demo-1,España,ES,4
2026-03-17,hotel-demo-1,Alemania,DE,4
2026-03-17,hotel-demo-1,Francia,FR,3
2026-03-17,hotel-demo-1,México,MX,5
2026-03-17,hotel-demo-2,Argentina,AR,63
2026-03-17,hotel-demo-2,Brasil,BR,10
2026-03-17,hotel-demo-2,Chile,CL,4
2026-03-17,hotel-demo-2,Uruguay,UY,4
2026-03-18,hotel-demo-1,Argentina,AR,98
2026-03-18,hotel-demo-1,Brasil,BR,26
2026-03-18,hotel-demo-1,Chile,CL,7
2026-03-18,hotel-demo-1,Uruguay,UY,7
2026-03-18,hotel-demo-1,Estados Unidos,US,5
2026-03-18,hotel-demo-2,Argentina,AR,64
2026-03-18,hotel-demo-2,Brasil,BR,15
2026-03-18,hotel-demo-2,Chile,CL,5
2026-03-18,hotel-demo-2,Uruguay,UY,5
2026-03-19,hotel-demo-1,Argentina,AR,113
2026-03-19,hotel-demo-1,Brasil,BR,26
2026-03-19,hotel-demo-1,Chile,CL,7
2026-03-19,hotel-demo-1,Uruguay,UY,9
2026-03-19,hotel-demo-1,Estados Unidos,US,1
2026-03-19,hotel-demo-2,Argentina,AR,40
2026-03-19,hotel-demo-2,Brasil,BR,10
2026-03-19,hotel-demo-2,Chile,CL,5
2026-03-19,hotel-demo-2,Uruguay,UY,4
2026-03-19,hotel-demo-2,Estados Unidos,US,4
2026-03-19,hotel-demo-2,España,ES,2
2026-03-19,hotel-demo-2,Alemania,DE,2
2026-03-19,hotel-demo-2,Francia,FR,1
2026-03-19,hotel-demo-2,México,MX,12
2026-03-20,hotel-demo-1,Argentina,AR,126
2026-03-20,hotel-demo-1,Brasil,BR,21
2026-03-20,hotel-demo-1,Chile,CL,8
2026-03-20,hotel-demo-1,Uruguay,UY,10
2026-03-20,hotel-demo-1,Estados Unidos,US,4
2026-03-20,hotel-demo-2,Argentina,AR,50
2026-03-20,hotel-demo-2,Brasil,BR,13
2026-03-20,hotel-demo-2,Chile,CL,6
2026-03-20,hotel-demo-2,Uruguay,UY,5
2026-03-20,hotel-demo-2,Estados Unidos,US,6
2026-03-20,hotel-demo-2,España,ES,4
2026-03-20,hotel-demo-2,Alemania,DE,2
2026-03-20,hotel-demo-2,Francia,FR,1
2026-03-20,hotel-demo-2,México,MX,14
2026-03-21,hotel-demo-1,Argentina,AR,79
2026-03-21,hotel-demo-1,Brasil,BR,26
2026-03-21,hotel-demo-1,Chile,CL,8
2026-03-21,hotel-demo-1,Uruguay,UY,9
2026-03-21,hotel-demo-1,Estados Unidos,US,11
2026-03-21,hotel-demo-1,España,ES,5
2026-03-21,hotel-demo-1,Alemania,DE,4
2026-03-21,hotel-demo-1,Francia,FR,3
2026-03-21,hotel-demo-1,México,MX,27
2026-03-21,hotel-demo-2,Argentina,AR,82
2026-03-21,hotel-demo-2,Brasil,BR,16
2026-03-21,hotel-demo-2,Chile,CL,5
2026-03-22,hotel-demo-1,Argentina,AR,66
2026-03-22,hotel-demo-1,Brasil,BR,17
2026-03-22,hotel-demo-1,Chile,CL,6
2026-03-22,hotel-demo-1,Uruguay,UY,7
2026-03-22,hotel-demo-1,Estados Unidos,US,4
2026-03-22,hotel-demo-1,España,ES,4
2026-03-22,hotel-demo-1,Alemania,DE,3
2026-03-22,hotel-demo-1,Francia,FR,1
2026-03-22,hotel-demo-1,México,MX,6
2026-03-22,hotel-demo-2,Argentina,AR,54
2026-03-22,hotel-demo-2,Brasil,BR,12
2026-03-22,hotel-demo-2,Chile,CL,5
2026-03-22,hotel-demo-2,Uruguay,UY,3
2026-03-22,hotel-demo-2,Estados Unidos,US,5
2026-03-22,hotel-demo-2,España,ES,3
2026-03-22,hotel-demo-2,Alemania,DE,2
2026-03-22,hotel-demo-2,Francia,FR,2
2026-03-22,hotel-demo-2,México,MX,1
2026-03-23,hotel-demo-1,Argentina,AR,78
2026-03-23,hotel-demo-1,Brasil,BR,24
2026-03-23,hotel-demo-1,Chile,CL,8
2026-03-23,hotel-demo-1,Uruguay,UY,8
2026-03-23,hotel-demo-1,Estados Unidos,US,6
2026-03-23,hotel-demo-1,España,ES,4
2026-03-23,hotel-demo-1,Alemania,DE,3
2026-03-23,hotel-demo-1,Francia,FR,3
2026-03-23,hotel-demo-1,México,MX,14
2026-03-23,hotel-demo-2,Argentina,AR,56
2026-03-23,hotel-demo-2,Brasil,BR,12
2026-03-23,hotel-demo-2,Chile,CL,4
2026-03-23,hotel-demo-2,Uruguay,UY,5
2026-03-23,hotel-demo-2,Estados Unidos,US,3
2026-03-24,hotel-demo-1,Argentina,AR,112
2026-03-24,hotel-demo-1,Brasil,BR,22
2026-03-24,hotel-demo-1,Chile,CL,7
2026-03-24,hotel-demo-1,Uruguay,UY,1
2026-03-24,hotel-demo-2,Argentina,AR,61
2026-03-24,hotel-demo-2,Brasil,BR,11
2026-03-24,hotel-demo-2,Chile,CL,6
2026-03-24,hotel-demo-2,Uruguay,UY,5
2026-03-24,hotel-demo-2,Estados Unidos,US,5
2026-03-24,hotel-demo-2,España,ES,3
2026-03-24,hotel-demo-2,Alemania,DE,1
2026-03-25,hotel-demo-1,Argentina,AR,85
2026-03-25,hotel-demo-1,Brasil,BR,20
2026-03-25,hotel-demo-1,Chile,CL,8
2026-03-25,hotel-demo-1,Uruguay,UY,8
2026-03-25,hotel-demo-1,Estados Unidos,US,8
2026-03-25,hotel-demo-1,España,ES,5
2026-03-25,hotel-demo-1,Alemania,DE,3
2026-03-25,hotel-demo-1,Francia,FR,2
2026-03-25,hotel-demo-1,México,MX,15
2026-03-25,hotel-demo-2,Argentina,AR,57
2026-03-25,hotel-demo-2,Brasil,BR,13
2026-03-25,hotel-demo-2,Chile,CL,5
2026-03-25,hotel-demo-2,Uruguay,UY,4
2026-03-26,hotel-demo-1,Argentina,AR,109
2026-03-26,hotel-demo-1,Brasil,BR,23
2026-03-26,hotel-demo-1,Chile,CL,12
2026-03-26,hotel-demo-1,Uruguay,UY,7
2026-03-26,hotel-demo-1,Estados Unidos,US,2
2026-03-26,hotel-demo-2,Argentina,AR,52
2026-03-26,hotel-demo-2,Brasil,BR,14
2026-03-26,hotel-demo-2,Chile,CL,6
2026-03-26,hotel-demo-2,Uruguay,UY,4
2026-03-26,hotel-demo-2,Estados Unidos,US,4
2026-03-26,hotel-demo-2,España,ES,3
2026-03-26,hotel-demo-2,Alemania,DE,2
2026-03-27,hotel-demo-1,Argentina,AR,120
2026-03-27,hotel-demo-1,Brasil,BR,24
2026-03-27,hotel-demo-1,Chile,CL,8
2026-03-27,hotel-demo-1,Uruguay,UY,9
2026-03-27,hotel-demo-1,Estados Unidos,US,10
2026-03-27,hotel-demo-1,España,ES,4
2026-03-27,hotel-demo-1,Alemania,DE,4
2026-03-27,hotel-demo-1,Francia,FR,2
2026-03-27,hotel-demo-2,Argentina,AR,67
2026-03-27,hotel-demo-2,Brasil,BR,16
2026-03-27,hotel-demo-2,Chile,CL,5
2026-03-27,hotel-demo-2,Uruguay,UY,5
2026-03-27,hotel-demo-2,Estados Unidos,US,5
2026-03-27,hotel-demo-2,España,ES,2
2026-03-27,hotel-demo-2,Alemania,DE,3
2026-03-27,hotel-demo-2,Francia,FR,1
2026-03-27,hotel-demo-2,México,MX,1
2026-03-28,hotel-demo-1,Argentina,AR,134
2026-03-28,hotel-demo-1,Brasil,BR,27
2026-03-28,hotel-demo-1,Chile,CL,5
2026-03-28,hotel-demo-2,Argentina,AR,49
2026-03-28,hotel-demo-2,Brasil,BR,16
2026-03-28,hotel-demo-2,Chile,CL,7
2026-03-28,hotel-demo-2,Uruguay,UY,6
2026-03-28,hotel-demo-2,Estados Unidos,US,5
2026-03-28,hotel-demo-2,España,ES,2
2026-03-28,hotel-demo-2,Alemania,DE,2
2026-03-28,hotel-demo-2,Francia,FR,2
2026-03-28,hotel-demo-2,México,MX,7
2026-03-29,hotel-demo-1,Argentina,AR,89
2026-03-29,hotel-demo-1,Brasil,BR,24
2026-03-29,hotel-demo-1,Chile,CL,9
2026-03-29,hotel-demo-1,Uruguay,UY,7
2026-03-29,hotel-demo-1,Estados Unidos,US,9
2026-03-29,hotel-demo-1,España,ES,3
2026-03-29,hotel-demo-1,Alemania,DE,3
2026-03-29,hotel-demo-1,Francia,FR,1
2026-03-29,hotel-demo-2,Argentina,AR,57
2026-03-29,hotel-demo-2,Brasil,BR,10
2026-03-29,hotel-demo-2,Chile,CL,5
2026-03-29,hotel-demo-2,Uruguay,UY,4
2026-03-29,hotel-demo-2,Estados Unidos,US,5
2026-03-29,hotel-demo-2,España,ES,2
2026-03-30,hotel-demo-1,Argentina,AR,70
2026-03-30,hotel-demo-1,Brasil,BR,22
2026-03-30,hotel-demo-1,Chile,CL,6
2026-03-30,hotel-demo-1,Uruguay,UY,8
2026-03-30,hotel-demo-1,Estados Unidos,US,8
2026-03-30,hotel-demo-1,España,ES,4
2026-03-30,hotel-demo-1,Alemania,DE,3
2026-03-30,hotel-demo-1,Francia,FR,2
2026-03-30,hotel-demo-1,México,MX,9
2026-03-30,hotel-demo-2,Argentina,AR,63
2026-03-30,hotel-demo-2,Brasil,BR,12
2026-03-30,hotel-demo-2,Chile,CL,4
2026-03-30,hotel-demo-2,Uruguay,UY,4
2026-03-30,hotel-demo-2,Estados Unidos,US,6
2026-03-30,hotel-demo-2,España,ES,3
2026-03-30,hotel-demo-2,Alemania,DE,1
2026-03-31,hotel-demo-1,Argentina,AR,108
2026-03-31,hotel-demo-1,Brasil,BR,20
2026-03-31,hotel-demo-1,Chile,CL,12
2026-03-31,hotel-demo-1,Uruguay,UY,9
2026-03-31,hotel-demo-1,Estados Unidos,US,7
2026-03-31,hotel-demo-1,España,ES,5
2026-03-31,hotel-demo-1,Alemania,DE,1
2026-03-31,hotel-demo-2,Argentina,AR,48
2026-03-31,hotel-demo-2,Brasil,BR,10
2026-03-31,hotel-demo-2,Chile,CL,6
2026-03-31,hotel-demo-2,Uruguay,UY,3
2026-03-31,hotel-demo-2,Estados Unidos,US,6
2026-03-31,hotel-demo-2,España,ES,3
2026-03-31,hotel-demo-2,Alemania,DE,1
2026-03-31,hotel-demo-2,Francia,FR,1
2026-03-31,hotel-demo-2,México,MX,8
2026-04-01,hotel-demo-1,Argentina,AR,111
2026-04-01,hotel-demo-1,Brasil,BR,30
2026-04-01,hotel-demo-1,Chile,CL,13
2026-04-01,hotel-demo-1,Uruguay,UY,11
2026-04-01,hotel-demo-1,Estados Unidos,US,7
2026-04-01,hotel-demo-1,España,ES,3
2026-04-01,hotel-demo-2,Argentina,AR,31
2026-04-01,hotel-demo-2,Brasil,BR,7
2026-04-01,hotel-demo-2,Chile,CL,3
2026-04-01,hotel-demo-2,Uruguay,UY,3
2026-04-01,hotel-demo-2,Estados Unidos,US,2
2026-04-01,hotel-demo-2,España,ES,2
2026-04-01,hotel-demo-2,Alemania,DE,1
2026-04-01,hotel-demo-2,Francia,FR,1
2026-04-01,hotel-demo-2,México,MX,11
2026-04-02,hotel-demo-1,Argentina,AR,83
2026-04-02,hotel-demo-1,Brasil,BR,22
2026-04-02,hotel-demo-1,Chile,CL,8
2026-04-02,hotel-demo-1,Uruguay,UY,8
2026-04-02,hotel-demo-1,Estados Unidos,US,6
2026-04-02,hotel-demo-1,España,ES,5
2026-04-02,hotel-demo-1,Alemania,DE,3
2026-04-02,hotel-demo-1,Francia,FR,3
2026-04-02,hotel-demo-1,México,MX,21
2026-04-02,hotel-demo-2,Argentina,AR,51
2026-04-02,hotel-demo-2,Brasil,BR,12
2026-04-02,hotel-demo-2,Chile,CL,4
2026-04-02,hotel-demo-2,Uruguay,UY,4
2026-04-02,hotel-demo-2,Estados Unidos,US,4
2026-04-02,hotel-demo-2,España,ES,2
2026-04-02,hotel-demo-2,Alemania,DE,2
2026-04-02,hotel-demo-2,Francia,FR,1
2026-04-03,hotel-demo-1,Argentina,AR,73
2026-04-03,hotel-demo-1,Brasil,BR,26
2026-04-03,hotel-demo-1,Chile,CL,11
2026-04-03,hotel-demo-1,Uruguay,UY,7
2026-04-03,hotel-demo-1,Estados Unidos,US,9
2026-04-03,hotel-demo-1,España,ES,5
2026-04-03,hotel-demo-1,Alemania,DE,4
2026-04-03,hotel-demo-1,Francia,FR,3
2026-04-03,hotel-demo-1,México,MX,26
2026-04-03,hotel-demo-2,Argentina,AR,45
2026-04-03,hotel-demo-2,Brasil,BR,12
2026-04-03,hotel-demo-2,Chile,CL,4
2026-04-03,hotel-demo-2,Uruguay,UY,5
2026-04-03,hotel-demo-2,Estados Unidos,US,4
2026-04-03,hotel-demo-2,España,ES,2
2026-04-03,hotel-demo-2,Alemania,DE,2
2026-04-03,hotel-demo-2,Francia,FR,1
2026-04-03,hotel-demo-2,México,MX,6
2026-04-04,hotel-demo-1,Argentina,AR,80
2026-04-04,hotel-demo-1,Brasil,BR,21
2026-04-04,hotel-demo-1,Chile,CL,9
2026-04-04,hotel-demo-1,Uruguay,UY,9
2026-04-04,hotel-demo-1,Estados Unidos,US,9
2026-04-04,hotel-demo-1,España,ES,5
2026-04-04,hotel-demo-1,Alemania,DE,3
2026-04-04,hotel-demo-1,Francia,FR,3
2026-04-04,hotel-demo-1,México,MX,29
2026-04-04,hotel-demo-2,Argentina,AR,55
2026-04-04,hotel-demo-2,Brasil,BR,12
2026-04-04,hotel-demo-2,Chile,CL,5
2026-04-04,hotel-demo-2,Uruguay,UY,4
2026-04-04,hotel-demo-2,Estados Unidos,US,3
2026-04-04,hotel-demo-2,España,ES,3
2026-04-04,hotel-demo-2,Alemania,DE,2
2026-04-04,hotel-demo-2,Francia,FR,1
2026-04-04,hotel-demo-2,México,MX,1
2026-04-05,hotel-demo-1,Argentina,AR,92
2026-04-05,hotel-demo-1,Brasil,BR,19
2026-04-05,hotel-demo-1,Chile,CL,11
2026-04-05,hotel-demo-1,Uruguay,UY,10
2026-04-05,hotel-demo-1,Estados Unidos,US,8
2026-04-05,hotel-demo-1,España,ES,4
2026-04-05,hotel-demo-1,Alemania,DE,3
2026-04-05,hotel-demo-1,Francia,FR,3
2026-04-05,hotel-demo-1,México,MX,11
2026-04-05,hotel-demo-2,Argentina,AR,28
2026-04-05,hotel-demo-2,Brasil,BR,8
2026-04-05,hotel-demo-2,Chile,CL,3
2026-04-05,hotel-demo-2,Uruguay,UY,3
2026-04-05,hotel-demo-2,Estados Unidos,US,3
2026-04-05,hotel-demo-2,España,ES,2
2026-04-05,hotel-demo-2,Alemania,DE,1
2026-04-05,hotel-demo-2,Francia,FR,1
2026-04-05,hotel-demo-2,México,MX,9
2026-04-06,hotel-demo-1,Argentina,AR,95
2026-04-06,hotel-demo-1,Brasil,BR,16
2026-04-06,hotel-demo-1,Chile,CL,7
2026-04-06,hotel-demo-1,Uruguay,UY,7
2026-04-06,hotel-demo-1,Estados Unidos,US,9
2026-04-06,hotel-demo-1,España,ES,3
2026-04-06,hotel-demo-2,Argentina,AR,42
2026-04-06,hotel-demo-2,Brasil,BR,8
2026-04-06,hotel-demo-2,Chile,CL,3
2026-04-06,hotel-demo-2,Uruguay,UY,3
2026-04-06,hotel-demo-2,Estados Unidos,US,3
2026-04-06,hotel-demo-2,España,ES,2
2026-04-06,hotel-demo-2,Alemania,DE,1
2026-04-06,hotel-demo-2,Francia,FR,1
2026-04-06,hotel-demo-2,México,MX,2
2026-04-07,hotel-demo-1,Argentina,AR,92
2026-04-07,hotel-demo-1,Brasil,BR,19
2026-04-07,hotel-demo-1,Chile,CL,9
2026-04-07,hotel-demo-1,Uruguay,UY,7
2026-04-07,hotel-demo-1,Estados Unidos,US,4
2026-04-07,hotel-demo-2,Argentina,AR,49
2026-04-07,hotel-demo-2,Brasil,BR,14
2026-04-07,hotel-demo-2,Chile,CL,6
2026-04-07,hotel-demo-2,Uruguay,UY,5
2026-04-07,hotel-demo-2,Estados Unidos,US,3
2026-04-07,hotel-demo-2,España,ES,3
2026-04-07,hotel-demo-2,Alemania,DE,1
2026-04-08,hotel-demo-1,Argentina,AR,67
2026-04-08,hotel-demo-1,Brasil,BR,18
2026-04-08,hotel-demo-1,Chile,CL,6
2026-04-08,hotel-demo-1,Uruguay,UY,6
2026-04-08,hotel-demo-1,Estados Unidos,US,6
2026-04-08,hotel-demo-1,España,ES,4
2026-04-08,hotel-demo-1,Alemania,DE,3
2026-04-08,hotel-demo-1,Francia,FR,3
2026-04-08,hotel-demo-1,México,MX,30
2026-04-08,hotel-demo-2,Argentina,AR,34
2026-04-08,hotel-demo-2,Brasil,BR,8
2026-04-08,hotel-demo-2,Chile,CL,4
2026-04-08,hotel-demo-2,Uruguay,UY,5
2026-04-08,hotel-demo-2,Estados Unidos,US,4
2026-04-08,hotel-demo-2,España,ES,2
2026-04-08,hotel-demo-2,Alemania,DE,1
2026-04-08,hotel-demo-2,Francia,FR,1
2026-04-08,hotel-demo-2,México,MX,13
2026-04-09,hotel-demo-1,Argentina,AR,92
2026-04-09,hotel-demo-1,Brasil,BR,18
2026-04-09,hotel-demo-1,Chile,CL,11
2026-04-09,hotel-demo-1,Uruguay,UY,5
2026-04-09,hotel-demo-1,Estados Unidos,US,6
2026-04-09,hotel-demo-1,España,ES,3
2026-04-09,hotel-demo-1,Alemania,DE,3
2026-04-09,hotel-demo-1,Francia,FR,3
2026-04-09,hotel-demo-1,México,MX,6
2026-04-09,hotel-demo-2,Argentina,AR,45
2026-04-09,hotel-demo-2,Brasil,BR,12
2026-04-09,hotel-demo-2,Chile,CL,5
2026-04-09,hotel-demo-2,Uruguay,UY,4
2026-04-09,hotel-demo-2,Estados Unidos,US,3
2026-04-10,hotel-demo-1,Argentina,AR,110
2026-04-10,hotel-demo-1,Brasil,BR,29
2026-04-10,hotel-demo-1,Chile,CL,10
2026-04-10,hotel-demo-1,Uruguay,UY,8
2026-04-10,hotel-demo-1,Estados Unidos,US,8
2026-04-10,hotel-demo-1,España,ES,5
2026-04-10,hotel-demo-2,Argentina,AR,38
2026-04-10,hotel-demo-2,Brasil,BR,12
2026-04-10,hotel-demo-2,Chile,CL,4
2026-04-10,hotel-demo-2,Uruguay,UY,4
2026-04-10,hotel-demo-2,Estados Unidos,US,3
2026-04-10,hotel-demo-2,España,ES,2
2026-04-10,hotel-demo-2,Alemania,DE,2
2026-04-10,hotel-demo-2,Francia,FR,1
2026-04-10,hotel-demo-2,México,MX,13
2026-04-11,hotel-demo-1,Argentina,AR,86
2026-04-11,hotel-demo-1,Brasil,BR,21
2026-04-11,hotel-demo-1,Chile,CL,11
2026-04-11,hotel-demo-1,Uruguay,UY,10
2026-04-11,hotel-demo-1,Estados Unidos,US,10
2026-04-11,hotel-demo-1,España,ES,6
2026-04-11,hotel-demo-1,Alemania,DE,4
2026-04-11,hotel-demo-1,Francia,FR,2
2026-04-11,hotel-demo-1,México,MX,13
2026-04-11,hotel-demo-2,Argentina,AR,51
2026-04-11,hotel-demo-2,Brasil,BR,15
2026-04-11,hotel-demo-2,Chile,CL,5
2026-04-11,hotel-demo-2,Uruguay,UY,3
2026-04-11,hotel-demo-2,Estados Unidos,US,4
2026-04-11,hotel-demo-2,España,ES,2
2026-04-11,hotel-demo-2,Alemania,DE,2
2026-04-11,hotel-demo-2,Francia,FR,1
2026-04-11,hotel-demo-2,México,MX,3
2026-04-12,hotel-demo-1,Argentina,AR,114
2026-04-12,hotel-demo-1,Brasil,BR,20
2026-04-12,hotel-demo-1,Chile,CL,7
2026-04-12,hotel-demo-1,Uruguay,UY,10
2026-04-12,hotel-demo-1,Estados Unidos,US,7
2026-04-12,hotel-demo-2,Argentina,AR,40
2026-04-12,hotel-demo-2,Brasil,BR,11
2026-04-12,hotel-demo-2,Chile,CL,4
2026-04-12,hotel-demo-2,Uruguay,UY,3
2026-04-12,hotel-demo-2,Estados Unidos,US,3
2026-04-12,hotel-demo-2,España,ES,1
2026-04-12,hotel-demo-2,Alemania,DE,1
2026-04-12,hotel-demo-2,Francia,FR,1
2026-04-12,hotel-demo-2,México,MX,3
2026-04-13,hotel-demo-1,Argentina,AR,66
2026-04-13,hotel-demo-1,Brasil,BR,24
2026-04-13,hotel-demo-1,Chile,CL,10
2026-04-13,hotel-demo-1,Uruguay,UY,5
2026-04-13,hotel-demo-1,Estados Unidos,US,9
2026-04-13,hotel-demo-1,España,ES,4
2026-04-13,hotel-demo-1,Alemania,DE,3
2026-04-13,hotel-demo-1,Francia,FR,2
2026-04-13,hotel-demo-1,México,MX,15
2026-04-13,hotel-demo-2,Argentina,AR,48
2026-04-13,hotel-demo-2,Brasil,BR,11
2026-04-13,hotel-demo-2,Chile,CL,5
2026-04-13,hotel-demo-2,Uruguay,UY,5
2026-04-13,hotel-demo-2,Estados Unidos,US,4
2026-04-13,hotel-demo-2,España,ES,2
2026-04-13,hotel-demo-2,Alemania,DE,2
2026-04-13,hotel-demo-2,Francia,FR,1
2026-04-14,hotel-demo-1,Argentina,AR,82
2026-04-14,hotel-demo-1,Brasil,BR,16
2026-04-14,hotel-demo-1,Chile,CL,6
2026-04-14,hotel-demo-1,Uruguay,UY,6
2026-04-14,hotel-demo-1,Estados Unidos,US,6
2026-04-14,hotel-demo-1,España,ES,5
2026-04-14,hotel-demo-1,Alemania,DE,2
2026-04-14,hotel-demo-1,Francia,FR,2
2026-04-14,hotel-demo-1,México,MX,25
2026-04-14,hotel-demo-2,Argentina,AR,27
2026-04-14,hotel-demo-2,Brasil,BR,9
2026-04-14,hotel-demo-2,Chile,CL,4
2026-04-14,hotel-demo-2,Uruguay,UY,3
2026-04-14,hotel-demo-2,Estados Unidos,US,2
2026-04-14,hotel-demo-2,España,ES,2
2026-04-14,hotel-demo-2,Alemania,DE,1
2026-04-14,hotel-demo-2,Francia,FR,1
2026-04-14,hotel-demo-2,México,MX,11
2026-04-15,hotel-demo-1,Argentina,AR,99
2026-04-15,hotel-demo-1,Brasil,BR,19
2026-04-15,hotel-demo-1,Chile,CL,10
2026-04-15,hotel-demo-1,Uruguay,UY,9
2026-04-15,hotel-demo-1,Estados Unidos,US,6
2026-04-15,hotel-demo-1,España,ES,4
2026-04-15,hotel-demo-1,Alemania,DE,3
2026-04-15,hotel-demo-1,Francia,FR,3
2026-04-15,hotel-demo-1,México,MX,17
2026-04-15,hotel-demo-2,Argentina,AR,41
2026-04-15,hotel-demo-2,Brasil,BR,11
2026-04-15,hotel-demo-2,Chile,CL,3
2026-04-15,hotel-demo-2,Uruguay,UY,3
2026-04-15,hotel-demo-2,Estados Unidos,US,4
2026-04-15,hotel-demo-2,España,ES,2
2026-04-15,hotel-demo-2,Alemania,DE,1
2026-04-16,hotel-demo-1,Argentina,AR,114
2026-04-16,hotel-demo-1,Brasil,BR,19
2026-04-16,hotel-demo-1,Chile,CL,12
2026-04-16,hotel-demo-1,Uruguay,UY,6
2026-04-16,hotel-demo-2,Argentina,AR,42
2026-04-16,hotel-demo-2,Brasil,BR,9
2026-04-16,hotel-demo-2,Chile,CL,5
2026-04-16,hotel-demo-2,Uruguay,UY,4
2026-04-16,hotel-demo-2,Estados Unidos,US,4
2026-04-16,hotel-demo-2,España,ES,1
2026-04-17,hotel-demo-1,Argentina,AR,102
2026-04-17,hotel-demo-1,Brasil,BR,17
2026-04-17,hotel-demo-1,Chile,CL,9
2026-04-17,hotel-demo-1,Uruguay,UY,9
2026-04-17,hotel-demo-1,Estados Unidos,US,7
2026-04-17,hotel-demo-1,España,ES,5
2026-04-17,hotel-demo-1,Alemania,DE,3
2026-04-17,hotel-demo-1,Francia,FR,2
2026-04-17,hotel-demo-1,México,MX,15
2026-04-17,hotel-demo-2,Argentina,AR,48
2026-04-17,hotel-demo-2,Brasil,BR,9
2026-04-17,hotel-demo-2,Chile,CL,5
2026-04-17,hotel-demo-2,Uruguay,UY,4
2026-04-17,hotel-demo-2,Estados Unidos,US,4
2026-04-17,hotel-demo-2,España,ES,2
2026-04-17,hotel-demo-2,Alemania,DE,1
2026-04-17,hotel-demo-2,Francia,FR,1
2026-04-17,hotel-demo-2,México,MX,7
2026-04-18,hotel-demo-1,Argentina,AR,97
2026-04-18,hotel-demo-1,Brasil,BR,19
2026-04-18,hotel-demo-1,Chile,CL,9
2026-04-18,hotel-demo-1,Uruguay,UY,7
2026-04-18,hotel-demo-1,Estados Unidos,US,7
2026-04-18,hotel-demo-1,España,ES,4
2026-04-18,hotel-demo-1,Alemania,DE,4
2026-04-18,hotel-demo-1,Francia,FR,2
2026-04-18,hotel-demo-1,México,MX,10
2026-04-18,hotel-demo-2,Argentina,AR,53
2026-04-18,hotel-demo-2,Brasil,BR,18
2026-04-18,hotel-demo-2,Chile,CL,6
2026-04-18,hotel-demo-2,Uruguay,UY,6
2026-04-18,hotel-demo-2,Estados Unidos,US,5
2026-04-18,hotel-demo-2,España,ES,4
2026-04-18,hotel-demo-2,Alemania,DE,2
2026-04-18,hotel-demo-2,Francia,FR,1
2026-04-18,hotel-demo-2,México,MX,7
2026-04-19,hotel-demo-1,Argentina,AR,81
2026-04-19,hotel-demo-1,Brasil,BR,15
2026-04-19,hotel-demo-1,Chile,CL,11
2026-04-19,hotel-demo-1,Uruguay,UY,8
2026-04-19,hotel-demo-1,Estados Unidos,US,9
2026-04-19,hotel-demo-1,España,ES,4
2026-04-19,hotel-demo-1,Alemania,DE,3
2026-04-19,hotel-demo-1,Francia,FR,2
2026-04-19,hotel-demo-1,México,MX,9
2026-04-19,hotel-demo-2,Argentina,AR,54
2026-04-19,hotel-demo-2,Brasil,BR,12
2026-04-19,hotel-demo-2,Chile,CL,4
2026-04-19,hotel-demo-2,Uruguay,UY,4
2026-04-19,hotel-demo-2,Estados Unidos,US,5
2026-04-19,hotel-demo-2,España,ES,1
2026-04-20,hotel-demo-1,Argentina,AR,89
2026-04-20,hotel-demo-1,Brasil,BR,25
2026-04-20,hotel-demo-1,Chile,CL,10
2026-04-20,hotel-demo-1,Uruguay,UY,6
2026-04-20,hotel-demo-1,Estados Unidos,US,7
2026-04-20,hotel-demo-1,España,ES,5
2026-04-20,hotel-demo-1,Alemania,DE,4
2026-04-20,hotel-demo-1,Francia,FR,2
2026-04-20,hotel-demo-1,México,MX,7
2026-04-20,hotel-demo-2,Argentina,AR,35
2026-04-20,hotel-demo-2,Brasil,BR,8
2026-04-20,hotel-demo-2,Chile,CL,4
2026-04-20,hotel-demo-2,Uruguay,UY,4
2026-04-20,hotel-demo-2,Estados Unidos,US,3
2026-04-20,hotel-demo-2,España,ES,3
2026-04-20,hotel-demo-2,Alemania,DE,2
2026-04-20,hotel-demo-2,Francia,FR,1
2026-04-20,hotel-demo-2,México,MX,17
2026-04-21,hotel-demo-1,Argentina,AR,111
2026-04-21,hotel-demo-1,Brasil,BR,24
2026-04-21,hotel-demo-1,Chile,CL,8
2026-04-21,hotel-demo-1,Uruguay,UY,9
2026-04-21,hotel-demo-1,Estados Unidos,US,7
2026-04-21,hotel-demo-1,España,ES,6
2026-04-21,hotel-demo-1,Alemania,DE,1
2026-04-21,hotel-demo-2,Argentina,AR,57
2026-04-21,hotel-demo-2,Brasil,BR,13
2026-04-21,hotel-demo-2,Chile,CL,5
2026-04-21,hotel-demo-2,Uruguay,UY,4
2026-04-22,hotel-demo-1,Argentina,AR,130
2026-04-22,hotel-demo-1,Brasil,BR,24
2026-04-22,hotel-demo-1,Chile,CL,8
2026-04-22,hotel-demo-1,Uruguay,UY,10
2026-04-22,hotel-demo-1,Estados Unidos,US,7
2026-04-22,hotel-demo-1,España,ES,1
2026-04-22,hotel-demo-2,Argentina,AR,47
2026-04-22,hotel-demo-2,Brasil,BR,11
2026-04-22,hotel-demo-2,Chile,CL,6
2026-04-22,hotel-demo-2,Uruguay,UY,4
2026-04-22,hotel-demo-2,Estados Unidos,US,3
2026-04-22,hotel-demo-2,España,ES,3
2026-04-22,hotel-demo-2,Alemania,DE,1
2026-04-22,hotel-demo-2,Francia,FR,1
2026-04-22,hotel-demo-2,México,MX,2
2026-04-23,hotel-demo-1,Argentina,AR,97
2026-04-23,hotel-demo-1,Brasil,BR,29
2026-04-23,hotel-demo-1,Chile,CL,13
2026-04-23,hotel-demo-1,Uruguay,UY,7
2026-04-23,hotel-demo-1,Estados Unidos,US,7
2026-04-23,hotel-demo-1,España,ES,6
2026-04-23,hotel-demo-1,Alemania,DE,4
2026-04-23,hotel-demo-1,Francia,FR,2
2026-04-23,hotel-demo-1,México,MX,5
2026-04-23,hotel-demo-2,Argentina,AR,55
2026-04-23,hotel-demo-2,Brasil,BR,9
2026-04-23,hotel-demo-2,Chile,CL,5
2026-04-23,hotel-demo-2,Uruguay,UY,4
2026-04-23,hotel-demo-2,Estados Unidos,US,4
2026-04-23,hotel-demo-2,España,ES,2
2026-04-24,hotel-demo-1,Argentina,AR,95
2026-04-24,hotel-demo-1,Brasil,BR,22
2026-04-24,hotel-demo-1,Chile,CL,10
2026-04-24,hotel-demo-1,Uruguay,UY,11
2026-04-24,hotel-demo-1,Estados Unidos,US,7
2026-04-24,hotel-demo-1,España,ES,7
2026-04-24,hotel-demo-1,Alemania,DE,5
2026-04-24,hotel-demo-1,Francia,FR,2
2026-04-24,hotel-demo-1,México,MX,30
2026-04-24,hotel-demo-2,Argentina,AR,42
2026-04-24,hotel-demo-2,Brasil,BR,8
2026-04-24,hotel-demo-2,Chile,CL,3
2026-04-24,hotel-demo-2,Uruguay,UY,3
2026-04-24,hotel-demo-2,Estados Unidos,US,3
2026-04-24,hotel-demo-2,España,ES,2
2026-04-24,hotel-demo-2,Alemania,DE,1
2026-04-24,hotel-demo-2,Francia,FR,1
2026-04-24,hotel-demo-2,México,MX,13
2026-04-25,hotel-demo-1,Argentina,AR,100
2026-04-25,hotel-demo-1,Brasil,BR,21
2026-04-25,hotel-demo-1,Chile,CL,12
2026-04-25,hotel-demo-1,Uruguay,UY,10
2026-04-25,hotel-demo-1,Estados Unidos,US,8
2026-04-25,hotel-demo-1,España,ES,5
2026-04-25,hotel-demo-1,Alemania,DE,3
2026-04-25,hotel-demo-1,Francia,FR,2
2026-04-25,hotel-demo-1,México,MX,25
2026-04-25,hotel-demo-2,Argentina,AR,34
2026-04-25,hotel-demo-2,Brasil,BR,10
2026-04-25,hotel-demo-2,Chile,CL,5
2026-04-25,hotel-demo-2,Uruguay,UY,4
2026-04-25,hotel-demo-2,Estados Unidos,US,5
2026-04-25,hotel-demo-2,España,ES,3
2026-04-25,hotel-demo-2,Alemania,DE,2
2026-04-25,hotel-demo-2,Francia,FR,1
2026-04-25,hotel-demo-2,México,MX,11
2026-04-26,hotel-demo-1,Argentina,AR,131
2026-04-26,hotel-demo-1,Brasil,BR,18
2026-04-26,hotel-demo-1,Chile,CL,12
2026-04-26,hotel-demo-1,Uruguay,UY,10
2026-04-26,hotel-demo-1,Estados Unidos,US,1
2026-04-26,hotel-demo-2,Argentina,AR,29
2026-04-26,hotel-demo-2,Brasil,BR,11
2026-04-26,hotel-demo-2,Chile,CL,3
2026-04-26,hotel-demo-2,Uruguay,UY,3
2026-04-26,hotel-demo-2,Estados Unidos,US,4
2026-04-26,hotel-demo-2,España,ES,1
2026-04-26,hotel-demo-2,Alemania,DE,1
2026-04-26,hotel-demo-2,Francia,FR,1
2026-04-26,hotel-demo-2,México,MX,12
2026-04-27,hotel-demo-1,Argentina,AR,57
2026-04-27,hotel-demo-1,Brasil,BR,14
2026-04-27,hotel-demo-1,Chile,CL,7
2026-04-27,hotel-demo-1,Uruguay,UY,7
2026-04-27,hotel-demo-1,Estados Unidos,US,6
2026-04-27,hotel-demo-1,España,ES,4
2026-04-27,hotel-demo-1,Alemania,DE,3
2026-04-27,hotel-demo-1,Francia,FR,2
2026-04-27,hotel-demo-1,México,MX,26
2026-04-27,hotel-demo-2,Argentina,AR,60
2026-04-27,hotel-demo-2,Brasil,BR,8
2026-04-27,hotel-demo-2,Chile,CL,5
2026-04-27,hotel-demo-2,Uruguay,UY,3
2026-04-27,hotel-demo-2,Estados Unidos,US,1
2026-04-28,hotel-demo-1,Argentina,AR,73
2026-04-28,hotel-demo-1,Brasil,BR,27
2026-04-28,hotel-demo-1,Chile,CL,12
2026-04-28,hotel-demo-1,Uruguay,UY,9
2026-04-28,hotel-demo-1,Estados Unidos,US,8
2026-04-28,hotel-demo-1,España,ES,4
2026-04-28,hotel-demo-1,Alemania,DE,3
2026-04-28,hotel-demo-1,Francia,FR,2
2026-04-28,hotel-demo-1,México,MX,25
2026-04-28,hotel-demo-2,Argentina,AR,55
2026-04-28,hotel-demo-2,Brasil,BR,7
2026-04-28,hotel-demo-2,Chile,CL,4
2026-04-28,hotel-demo-2,Uruguay,UY,3
2026-04-28,hotel-demo-2,Estados Unidos,US,2
2026-04-29,hotel-demo-1,Argentina,AR,112
2026-04-29,hotel-demo-1,Brasil,BR,24
2026-04-29,hotel-demo-1,Chile,CL,11
2026-04-29,hotel-demo-1,Uruguay,UY,11
2026-04-29,hotel-demo-1,Estados Unidos,US,7
2026-04-29,hotel-demo-1,España,ES,2
2026-04-29,hotel-demo-2,Argentina,AR,35
2026-04-29,hotel-demo-2,Brasil,BR,11
2026-04-29,hotel-demo-2,Chile,CL,4
2026-04-29,hotel-demo-2,Uruguay,UY,4
2026-04-29,hotel-demo-2,Estados Unidos,US,3
2026-04-29,hotel-demo-2,España,ES,2
2026-04-29,hotel-demo-2,Alemania,DE,1
2026-04-29,hotel-demo-2,Francia,FR,1
2026-04-29,hotel-demo-2,México,MX,7
2026-04-30,hotel-demo-1,Argentina,AR,68
2026-04-30,hotel-demo-1,Brasil,BR,20
2026-04-30,hotel-demo-1,Chile,CL,9
2026-04-30,hotel-demo-1,Uruguay,UY,9
2026-04-30,hotel-demo-1,Estados Unidos,US,7
2026-04-30,hotel-demo-1,España,ES,3
2026-04-30,hotel-demo-1,Alemania,DE,3
2026-04-30,hotel-demo-1,Francia,FR,3
2026-04-30,hotel-demo-1,México,MX,30
2026-04-30,hotel-demo-2,Argentina,AR,43
2026-04-30,hotel-demo-2,Brasil,BR,13
2026-04-30,hotel-demo-2,Chile,CL,4
2026-04-30,hotel-demo-2,Uruguay,UY,4
2026-04-30,hotel-demo-2,Estados Unidos,US,4
2026-04-30,hotel-demo-2,España,ES,3
2026-04-30,hotel-demo-2,Alemania,DE,2
2026-04-30,hotel-demo-2,Francia,FR,1
2026-05-01,hotel-demo-1,Argentina,AR,131
2026-05-01,hotel-demo-1,Brasil,BR,29
2026-05-01,hotel-demo-1,Chile,CL,11
2026-05-01,hotel-demo-1,Uruguay,UY,8
2026-05-01,hotel-demo-1,Estados Unidos,US,3
2026-05-01,hotel-demo-2,Argentina,AR,26
2026-05-01,hotel-demo-2,Brasil,BR,6
2026-05-01,hotel-demo-2,Chile,CL,3
2026-05-01,hotel-demo-2,Uruguay,UY,2
2026-05-01,hotel-demo-2,Estados Unidos,US,4
2026-05-01,hotel-demo-2,España,ES,2
2026-05-01,hotel-demo-2,Alemania,DE,1
2026-05-01,hotel-demo-2,Francia,FR,1
2026-05-01,hotel-demo-2,México,MX,14
2026-05-02,hotel-demo-1,Argentina,AR,108
2026-05-02,hotel-demo-1,Brasil,BR,20
2026-05-02,hotel-demo-1,Chile,CL,12
2026-05-02,hotel-demo-1,Uruguay,UY,8
2026-05-02,hotel-demo-1,Estados Unidos,US,8
2026-05-02,hotel-demo-1,España,ES,5
2026-05-02,hotel-demo-1,Alemania,DE,3
2026-05-02,hotel-demo-1,Francia,FR,2
2026-05-02,hotel-demo-1,México,MX,3
2026-05-02,hotel-demo-2,Argentina,AR,33
2026-05-02,hotel-demo-2,Brasil,BR,5
2026-05-02,hotel-demo-2,Chile,CL,3
2026-05-02,hotel-demo-2,Uruguay,UY,2
2026-05-02,hotel-demo-2,Estados Unidos,US,2
2026-05-02,hotel-demo-2,España,ES,2
2026-05-02,hotel-demo-2,Alemania,DE,1
2026-05-03,hotel-demo-1,Argentina,AR,124
2026-05-03,hotel-demo-1,Brasil,BR,19
2026-05-03,hotel-demo-1,Chile,CL,11
2026-05-03,hotel-demo-1,Uruguay,UY,10
2026-05-03,hotel-demo-1,Estados Unidos,US,8
2026-05-03,hotel-demo-1,España,ES,2
2026-05-03,hotel-demo-2,Argentina,AR,23
2026-05-03,hotel-demo-2,Brasil,BR,8
2026-05-03,hotel-demo-2,Chile,CL,3
2026-05-03,hotel-demo-2,Uruguay,UY,2
2026-05-03,hotel-demo-2,Estados Unidos,US,3
2026-05-03,hotel-demo-2,España,ES,1
2026-05-03,hotel-demo-2,Alemania,DE,1
2026-05-03,hotel-demo-2,Francia,FR,1
2026-05-03,hotel-demo-2,México,MX,6
2026-05-04,hotel-demo-1,Argentina,AR,109
2026-05-04,hotel-demo-1,Brasil,BR,21
2026-05-04,hotel-demo-1,Chile,CL,11
2026-05-04,hotel-demo-1,Uruguay,UY,7
2026-05-04,hotel-demo-1,Estados Unidos,US,3
2026-05-04,hotel-demo-2,Argentina,AR,25
2026-05-04,hotel-demo-2,Brasil,BR,8
2026-05-04,hotel-demo-2,Chile,CL,4
2026-05-04,hotel-demo-2,Uruguay,UY,3
2026-05-04,hotel-demo-2,Estados Unidos,US,2
2026-05-04,hotel-demo-2,España,ES,2
2026-05-04,hotel-demo-2,Alemania,DE,1
2026-05-04,hotel-demo-2,Francia,FR,1
2026-05-04,hotel-demo-2,México,MX,9
2026-05-05,hotel-demo-1,Argentina,AR,96
2026-05-05,hotel-demo-1,Brasil,BR,26
2026-05-05,hotel-demo-1,Chile,CL,10
2026-05-05,hotel-demo-1,Uruguay,UY,10
2026-05-05,hotel-demo-1,Estados Unidos,US,8
2026-05-05,hotel-demo-1,España,ES,5
2026-05-05,hotel-demo-1,Alemania,DE,4
2026-05-05,hotel-demo-1,Francia,FR,2
2026-05-05,hotel-demo-1,México,MX,21
2026-05-05,hotel-demo-2,Argentina,AR,23
2026-05-05,hotel-demo-2,Brasil,BR,5
2026-05-05,hotel-demo-2,Chile,CL,3
2026-05-05,hotel-demo-2,Uruguay,UY,2
2026-05-05,hotel-demo-2,Estados Unidos,US,2
2026-05-05,hotel-demo-2,España,ES,1
2026-05-05,hotel-demo-2,Alemania,DE,1
2026-05-05,hotel-demo-2,Francia,FR,1
2026-05-05,hotel-demo-2,México,MX,2
2026-05-06,hotel-demo-1,Argentina,AR,123
2026-05-06,hotel-demo-1,Brasil,BR,28
2026-05-06,hotel-demo-1,Chile,CL,12
2026-05-06,hotel-demo-1,Uruguay,UY,3
2026-05-06,hotel-demo-2,Argentina,AR,27
2026-05-06,hotel-demo-2,Brasil,BR,6
2026-05-06,hotel-demo-2,Chile,CL,3
2026-05-06,hotel-demo-2,Uruguay,UY,3
2026-05-06,hotel-demo-2,Estados Unidos,US,2
2026-05-06,hotel-demo-2,España,ES,1
2026-05-06,hotel-demo-2,Alemania,DE,1
2026-05-06,hotel-demo-2,Francia,FR,1
2026-05-06,hotel-demo-2,México,MX,14
2026-05-07,hotel-demo-1,Argentina,AR,108
2026-05-07,hotel-demo-1,Brasil,BR,22
2026-05-07,hotel-demo-1,Chile,CL,10
2026-05-07,hotel-demo-1,Uruguay,UY,6
2026-05-07,hotel-demo-1,Estados Unidos,US,7
2026-05-07,hotel-demo-1,España,ES,3
2026-05-07,hotel-demo-1,Alemania,DE,3
2026-05-07,hotel-demo-1,Francia,FR,2
2026-05-07,hotel-demo-2,Argentina,AR,33
2026-05-07,hotel-demo-2,Brasil,BR,6
2026-05-07,hotel-demo-2,Chile,CL,2
2026-05-07,hotel-demo-2,Uruguay,UY,2
2026-05-07,hotel-demo-2,Estados Unidos,US,3
2026-05-07,hotel-demo-2,España,ES,2
2026-05-07,hotel-demo-2,Alemania,DE,1
2026-05-07,hotel-demo-2,Francia,FR,1
2026-05-07,hotel-demo-2,México,MX,5
2026-05-08,hotel-demo-1,Argentina,AR,66
2026-05-08,hotel-demo-1,Brasil,BR,17
2026-05-08,hotel-demo-1,Chile,CL,12
2026-05-08,hotel-demo-1,Uruguay,UY,7
2026-05-08,hotel-demo-1,Estados Unidos,US,6
2026-05-08,hotel-demo-1,España,ES,5
2026-05-08,hotel-demo-1,Alemania,DE,3
2026-05-08,hotel-demo-1,Francia,FR,3
2026-05-08,hotel-demo-1,México,MX,29
2026-05-08,hotel-demo-2,Argentina,AR,47
2026-05-08,hotel-demo-2,Brasil,BR,7
2026-05-08,hotel-demo-2,Chile,CL,3
2026-05-08,hotel-demo-2,Uruguay,UY,1
2026-05-09,hotel-demo-1,Argentina,AR,112
2026-05-09,hotel-demo-1,Brasil,BR,20
2026-05-09,hotel-demo-1,Chile,CL,14
2026-05-09,hotel-demo-1,Uruguay,UY,7
2026-05-09,hotel-demo-1,Estados Unidos,US,12
2026-05-09,hotel-demo-1,España,ES,6
2026-05-09,hotel-demo-1,Alemania,DE,4
2026-05-09,hotel-demo-1,Francia,FR,3
2026-05-09,hotel-demo-1,México,MX,14
2026-05-09,hotel-demo-2,Argentina,AR,42
2026-05-09,hotel-demo-2,Brasil,BR,11
2026-05-09,hotel-demo-2,Chile,CL,5
2026-05-09,hotel-demo-2,Uruguay,UY,3
2026-05-09,hotel-demo-2,Estados Unidos,US,4
2026-05-09,hotel-demo-2,España,ES,3
2026-05-09,hotel-demo-2,Alemania,DE,2
2026-05-09,hotel-demo-2,Francia,FR,1
2026-05-09,hotel-demo-2,México,MX,6
2026-05-10,hotel-demo-1,Argentina,AR,104
2026-05-10,hotel-demo-1,Brasil,BR,18
2026-05-10,hotel-demo-1,Chile,CL,8
2026-05-10,hotel-demo-1,Uruguay,UY,4
2026-05-10,hotel-demo-2,Argentina,AR,31
2026-05-10,hotel-demo-2,Brasil,BR,5
2026-05-10,hotel-demo-2,Chile,CL,4
2026-05-10,hotel-demo-2,Uruguay,UY,2
2026-05-10,hotel-demo-2,Estados Unidos,US,2
2026-05-10,hotel-demo-2,España,ES,2
2026-05-10,hotel-demo-2,Alemania,DE,1
2026-05-10,hotel-demo-2,Francia,FR,1
2026-05-10,hotel-demo-2,México,MX,3
2026-05-11,hotel-demo-1,Argentina,AR,128
2026-05-11,hotel-demo-1,Brasil,BR,26
2026-05-11,hotel-demo-1,Chile,CL,10
2026-05-11,hotel-demo-1,Uruguay,UY,8
2026-05-11,hotel-demo-1,Estados Unidos,US,11
2026-05-11,hotel-demo-1,España,ES,5
2026-05-11,hotel-demo-1,Alemania,DE,4
2026-05-11,hotel-demo-1,Francia,FR,3
2026-05-11,hotel-demo-2,Argentina,AR,27
2026-05-11,hotel-demo-2,Brasil,BR,6
2026-05-11,hotel-demo-2,Chile,CL,3
2026-05-11,hotel-demo-2,Uruguay,UY,2
2026-05-11,hotel-demo-2,Estados Unidos,US,3
2026-05-11,hotel-demo-2,España,ES,1
2026-05-11,hotel-demo-2,Alemania,DE,1
2026-05-11,hotel-demo-2,Francia,FR,1
2026-05-11,hotel-demo-2,México,MX,8
2026-05-12,hotel-demo-1,Argentina,AR,104
2026-05-12,hotel-demo-1,Brasil,BR,16
2026-05-12,hotel-demo-1,Chile,CL,11
2026-05-12,hotel-demo-1,Uruguay,UY,6
2026-05-12,hotel-demo-1,Estados Unidos,US,3
2026-05-12,hotel-demo-2,Argentina,AR,43
2026-05-12,hotel-demo-2,Brasil,BR,10
2026-05-12,hotel-demo-2,Chile,CL,3
2026-05-12,hotel-demo-2,Uruguay,UY,2
2026-05-13,hotel-demo-1,Argentina,AR,123
2026-05-13,hotel-demo-1,Brasil,BR,22
2026-05-13,hotel-demo-1,Chile,CL,10
2026-05-13,hotel-demo-1,Uruguay,UY,5
2026-05-13,hotel-demo-2,Argentina,AR,21
2026-05-13,hotel-demo-2,Brasil,BR,4
2026-05-13,hotel-demo-2,Chile,CL,3
2026-05-13,hotel-demo-2,Uruguay,UY,2
2026-05-13,hotel-demo-2,Estados Unidos,US,2
2026-05-13,hotel-demo-2,España,ES,2
2026-05-13,hotel-demo-2,Alemania,DE,1
2026-05-13,hotel-demo-2,Francia,FR,1
2026-05-13,hotel-demo-2,México,MX,8
2026-05-14,hotel-demo-1,Argentina,AR,96
2026-05-14,hotel-demo-1,Brasil,BR,24
2026-05-14,hotel-demo-1,Chile,CL,12
2026-05-14,hotel-demo-1,Uruguay,UY,7
2026-05-14,hotel-demo-1,Estados Unidos,US,10
2026-05-14,hotel-demo-1,España,ES,4
2026-05-14,hotel-demo-1,Alemania,DE,3
2026-05-14,hotel-demo-1,Francia,FR,3
2026-05-14,hotel-demo-1,México,MX,13
2026-05-14,hotel-demo-2,Argentina,AR,30
2026-05-14,hotel-demo-2,Brasil,BR,10
2026-05-14,hotel-demo-2,Chile,CL,4
2026-05-14,hotel-demo-2,Uruguay,UY,3
2026-05-14,hotel-demo-2,Estados Unidos,US,3
2026-05-14,hotel-demo-2,España,ES,1
2026-05-14,hotel-demo-2,Alemania,DE,2
2026-05-14,hotel-demo-2,Francia,FR,1
2026-05-14,hotel-demo-2,México,MX,8
2026-05-15,hotel-demo-1,Argentina,AR,109
2026-05-15,hotel-demo-1,Brasil,BR,19
2026-05-15,hotel-demo-1,Chile,CL,9
2026-05-15,hotel-demo-1,Uruguay,UY,7
2026-05-15,hotel-demo-1,Estados Unidos,US,10
2026-05-15,hotel-demo-1,España,ES,5
2026-05-15,hotel-demo-1,Alemania,DE,3
2026-05-15,hotel-demo-1,Francia,FR,2
2026-05-15,hotel-demo-1,México,MX,3
2026-05-15,hotel-demo-2,Argentina,AR,34
2026-05-15,hotel-demo-2,Brasil,BR,7
2026-05-15,hotel-demo-2,Chile,CL,4
2026-05-15,hotel-demo-2,Uruguay,UY,3
2026-05-15,hotel-demo-2,Estados Unidos,US,3
2026-05-15,hotel-demo-2,España,ES,2
2026-05-15,hotel-demo-2,Alemania,DE,1
2026-05-16,hotel-demo-1,Argentina,AR,77
2026-05-16,hotel-demo-1,Brasil,BR,25
2026-05-16,hotel-demo-1,Chile,CL,12
2026-05-16,hotel-demo-1,Uruguay,UY,8
2026-05-16,hotel-demo-1,Estados Unidos,US,9
2026-05-16,hotel-demo-1,España,ES,5
2026-05-16,hotel-demo-1,Alemania,DE,3
2026-05-16,hotel-demo-1,Francia,FR,3
2026-05-16,hotel-demo-1,México,MX,19
2026-05-16,hotel-demo-2,Argentina,AR,32
2026-05-16,hotel-demo-2,Brasil,BR,6
2026-05-16,hotel-demo-2,Chile,CL,2
2026-05-16,hotel-demo-2,Uruguay,UY,2
2026-05-16,hotel-demo-2,Estados Unidos,US,3
2026-05-16,hotel-demo-2,España,ES,2
2026-05-16,hotel-demo-2,Alemania,DE,1
2026-05-16,hotel-demo-2,Francia,FR,1
2026-05-16,hotel-demo-2,México,MX,2
2026-05-17,hotel-demo-1,Argentina,AR,88
2026-05-17,hotel-demo-1,Brasil,BR,24
2026-05-17,hotel-demo-1,Chile,CL,9
2026-05-17,hotel-demo-1,Uruguay,UY,9
2026-05-17,hotel-demo-1,Estados Unidos,US,9
2026-05-17,hotel-demo-1,España,ES,5
2026-05-17,hotel-demo-1,Alemania,DE,3
2026-05-17,hotel-demo-1,Francia,FR,2
2026-05-17,hotel-demo-1,México,MX,19
2026-05-17,hotel-demo-2,Argentina,AR,46
2026-05-17,hotel-demo-2,Brasil,BR,6
2026-05-17,hotel-demo-2,Chile,CL,4
2026-05-17,hotel-demo-2,Uruguay,UY,2
2026-05-18,hotel-demo-1,Argentina,AR,88
2026-05-18,hotel-demo-1,Brasil,BR,20
2026-05-18,hotel-demo-1,Chile,CL,11
2026-05-18,hotel-demo-1,Uruguay,UY,10
2026-05-18,hotel-demo-1,Estados Unidos,US,7
2026-05-18,hotel-demo-1,España,ES,6
2026-05-18,hotel-demo-1,Alemania,DE,3
2026-05-18,hotel-demo-1,Francia,FR,3
2026-05-18,hotel-demo-1,México,MX,27
2026-05-18,hotel-demo-2,Argentina,AR,33
2026-05-18,hotel-demo-2,Brasil,BR,11
2026-05-18,hotel-demo-2,Chile,CL,3
2026-05-18,hotel-demo-2,Uruguay,UY,3
2026-05-18,hotel-demo-2,Estados Unidos,US,2
2026-05-18,hotel-demo-2,España,ES,2
2026-05-18,hotel-demo-2,Alemania,DE,1
2026-05-18,hotel-demo-2,Francia,FR,1
2026-05-18,hotel-demo-2,México,MX,5
2026-05-19,hotel-demo-1,Argentina,AR,101
2026-05-19,hotel-demo-1,Brasil,BR,16
2026-05-19,hotel-demo-1,Chile,CL,9
2026-05-19,hotel-demo-1,Uruguay,UY,7
2026-05-19,hotel-demo-1,Estados Unidos,US,8
2026-05-19,hotel-demo-1,España,ES,4
2026-05-19,hotel-demo-1,Alemania,DE,1
2026-05-19,hotel-demo-2,Argentina,AR,31
2026-05-19,hotel-demo-2,Brasil,BR,10
2026-05-19,hotel-demo-2,Chile,CL,3
2026-05-19,hotel-demo-2,Uruguay,UY,4
2026-05-19,hotel-demo-2,Estados Unidos,US,3
2026-05-19,hotel-demo-2,España,ES,2
2026-05-19,hotel-demo-2,Alemania,DE,1
2026-05-19,hotel-demo-2,Francia,FR,1
2026-05-19,hotel-demo-2,México,MX,7
2026-05-20,hotel-demo-1,Argentina,AR,131
2026-05-20,hotel-demo-1,Brasil,BR,27
2026-05-20,hotel-demo-1,Chile,CL,7
2026-05-20,hotel-demo-2,Argentina,AR,30
2026-05-20,hotel-demo-2,Brasil,BR,6
2026-05-20,hotel-demo-2,Chile,CL,3
2026-05-20,hotel-demo-2,Uruguay,UY,3
2026-05-20,hotel-demo-2,Estados Unidos,US,2
2026-05-20,hotel-demo-2,España,ES,2
2026-05-20,hotel-demo-2,Alemania,DE,1
2026-05-20,hotel-demo-2,Francia,FR,1
2026-05-20,hotel-demo-2,México,MX,1
2026-05-21,hotel-demo-1,Argentina,AR,63
2026-05-21,hotel-demo-1,Brasil,BR,14
2026-05-21,hotel-demo-1,Chile,CL,6
2026-05-21,hotel-demo-1,Uruguay,UY,7
2026-05-21,hotel-demo-1,Estados Unidos,US,6
2026-05-21,hotel-demo-1,España,ES,5
2026-05-21,hotel-demo-1,Alemania,DE,3
2026-05-21,hotel-demo-1,Francia,FR,2
2026-05-21,hotel-demo-1,México,MX,36
2026-05-21,hotel-demo-2,Argentina,AR,46
2026-05-21,hotel-demo-2,Brasil,BR,10
2026-05-21,hotel-demo-2,Chile,CL,3
2026-05-21,hotel-demo-2,Uruguay,UY,2
2026-05-22,hotel-demo-1,Argentina,AR,114
2026-05-22,hotel-demo-1,Brasil,BR,29
2026-05-22,hotel-demo-1,Chile,CL,11
2026-05-22,hotel-demo-1,Uruguay,UY,7
2026-05-22,hotel-demo-1,Estados Unidos,US,8
2026-05-22,hotel-demo-1,España,ES,3
2026-05-22,hotel-demo-2,Argentina,AR,43
2026-05-22,hotel-demo-2,Brasil,BR,10
2026-05-22,hotel-demo-2,Chile,CL,4
2026-05-22,hotel-demo-2,Uruguay,UY,2
2026-05-22,hotel-demo-2,Estados Unidos,US,4
2026-05-22,hotel-demo-2,España,ES,1
2026-05-23,hotel-demo-1,Argentina,AR,90
2026-05-23,hotel-demo-1,Brasil,BR,17
2026-05-23,hotel-demo-1,Chile,CL,10
2026-05-23,hotel-demo-1,Uruguay,UY,7
2026-05-23,hotel-demo-1,Estados Unidos,US,8
2026-05-23,hotel-demo-1,España,ES,4
2026-05-23,hotel-demo-1,Alemania,DE,4
2026-05-23,hotel-demo-1,Francia,FR,2
2026-05-23,hotel-demo-1,México,MX,34
2026-05-23,hotel-demo-2,Argentina,AR,46
2026-05-23,hotel-demo-2,Brasil,BR,9
2026-05-23,hotel-demo-2,Chile,CL,5
2026-05-23,hotel-demo-2,Uruguay,UY,3
2026-05-24,hotel-demo-1,Argentina,AR,114
2026-05-24,hotel-demo-1,Brasil,BR,16
2026-05-24,hotel-demo-1,Chile,CL,8
2026-05-24,hotel-demo-1,Uruguay,UY,6
2026-05-24,hotel-demo-1,Estados Unidos,US,8
2026-05-24,hotel-demo-1,España,ES,6
2026-05-24,hotel-demo-1,Alemania,DE,2
2026-05-24,hotel-demo-1,Francia,FR,2
2026-05-24,hotel-demo-1,México,MX,5
2026-05-24,hotel-demo-2,Argentina,AR,28
2026-05-24,hotel-demo-2,Brasil,BR,6
2026-05-24,hotel-demo-2,Chile,CL,2
2026-05-24,hotel-demo-2,Uruguay,UY,2
2026-05-24,hotel-demo-2,Estados Unidos,US,1
2026-05-25,hotel-demo-1,Argentina,AR,117
2026-05-25,hotel-demo-1,Brasil,BR,20
2026-05-25,hotel-demo-1,Chile,CL,9
2026-05-25,hotel-demo-1,Uruguay,UY,2
2026-05-25,hotel-demo-2,Argentina,AR,34
2026-05-25,hotel-demo-2,Brasil,BR,5
2026-05-25,hotel-demo-2,Chile,CL,3
2026-05-25,hotel-demo-2,Uruguay,UY,3
2026-05-25,hotel-demo-2,Estados Unidos,US,3
2026-05-25,hotel-demo-2,España,ES,2
2026-05-25,hotel-demo-2,Alemania,DE,1
2026-05-25,hotel-demo-2,Francia,FR,1
2026-05-25,hotel-demo-2,México,MX,1
2026-05-26,hotel-demo-1,Argentina,AR,85
2026-05-26,hotel-demo-1,Brasil,BR,20
2026-05-26,hotel-demo-1,Chile,CL,9
2026-05-26,hotel-demo-1,Uruguay,UY,8
2026-05-26,hotel-demo-1,Estados Unidos,US,7
2026-05-26,hotel-demo-1,España,ES,5
2026-05-26,hotel-demo-1,Alemania,DE,4
2026-05-26,hotel-demo-1,Francia,FR,3
2026-05-26,hotel-demo-1,México,MX,47
2026-05-26,hotel-demo-2,Argentina,AR,29
2026-05-26,hotel-demo-2,Brasil,BR,7
2026-05-26,hotel-demo-2,Chile,CL,2
2026-05-26,hotel-demo-2,Uruguay,UY,2
2026-05-26,hotel-demo-2,Estados Unidos,US,2
2026-05-26,hotel-demo-2,España,ES,2
2026-05-26,hotel-demo-2,Alemania,DE,1
2026-05-26,hotel-demo-2,Francia,FR,1
2026-05-26,hotel-demo-2,México,MX,2
2026-05-27,hotel-demo-1,Argentina,AR,131
2026-05-27,hotel-demo-1,Brasil,BR,19
2026-05-27,hotel-demo-1,Chile,CL,13
2026-05-27,hotel-demo-1,Uruguay,UY,7
2026-05-27,hotel-demo-2,Argentina,AR,35
2026-05-27,hotel-demo-2,Brasil,BR,9
2026-05-27,hotel-demo-2,Chile,CL,5
2026-05-27,hotel-demo-2,Uruguay,UY,2
2026-05-27,hotel-demo-2,Estados Unidos,US,3
2026-05-27,hotel-demo-2,España,ES,2
2026-05-27,hotel-demo-2,Alemania,DE,2
2026-05-27,hotel-demo-2,Francia,FR,1
2026-05-28,hotel-demo-1,Argentina,AR,73
2026-05-28,hotel-demo-1,Brasil,BR,21
2026-05-28,hotel-demo-1,Chile,CL,10
2026-05-28,hotel-demo-1,Uruguay,UY,10
2026-05-28,hotel-demo-1,Estados Unidos,US,9
2026-05-28,hotel-demo-1,España,ES,6
2026-05-28,hotel-demo-1,Alemania,DE,3
2026-05-28,hotel-demo-1,Francia,FR,3
2026-05-28,hotel-demo-1,México,MX,22
2026-05-28,hotel-demo-2,Argentina,AR,36
2026-05-28,hotel-demo-2,Brasil,BR,9
2026-05-28,hotel-demo-2,Chile,CL,4
2026-05-28,hotel-demo-2,Uruguay,UY,4
2026-05-28,hotel-demo-2,Estados Unidos,US,3
2026-05-28,hotel-demo-2,España,ES,3
2026-05-28,hotel-demo-2,Alemania,DE,1
2026-05-28,hotel-demo-2,Francia,FR,1
2026-05-28,hotel-demo-2,México,MX,9
2026-05-29,hotel-demo-1,Argentina,AR,114
2026-05-29,hotel-demo-1,Brasil,BR,24
2026-05-29,hotel-demo-1,Chile,CL,8
2026-05-29,hotel-demo-1,Uruguay,UY,7
2026-05-29,hotel-demo-1,Estados Unidos,US,8
2026-05-29,hotel-demo-1,España,ES,7
2026-05-29,hotel-demo-1,Alemania,DE,4
2026-05-29,hotel-demo-1,Francia,FR,3
2026-05-29,hotel-demo-1,México,MX,10
2026-05-29,hotel-demo-2,Argentina,AR,31
2026-05-29,hotel-demo-2,Brasil,BR,6
2026-05-29,hotel-demo-2,Chile,CL,4
2026-05-29,hotel-demo-2,Uruguay,UY,3
2026-05-29,hotel-demo-2,Estados Unidos,US,2
2026-05-29,hotel-demo-2,España,ES,2
2026-05-29,hotel-demo-2,Alemania,DE,1
2026-05-29,hotel-demo-2,Francia,FR,1
2026-05-29,hotel-demo-2,México,MX,4
2026-05-30,hotel-demo-1,Argentina,AR,117
2026-05-30,hotel-demo-1,Brasil,BR,25
2026-05-30,hotel-demo-1,Chile,CL,12
2026-05-30,hotel-demo-1,Uruguay,UY,10
2026-05-30,hotel-demo-1,Estados Unidos,US,9
2026-05-30,hotel-demo-2,Argentina,AR,38
2026-05-30,hotel-demo-2,Brasil,BR,9
2026-05-30,hotel-demo-2,Chile,CL,3
2026-05-31,hotel-demo-1,Argentina,AR,99
2026-05-31,hotel-demo-1,Brasil,BR,28
2026-05-31,hotel-demo-1,Chile,CL,9
2026-05-31,hotel-demo-1,Uruguay,UY,9
2026-05-31,hotel-demo-1,Estados Unidos,US,8
2026-05-31,hotel-demo-1,España,ES,5
2026-05-31,hotel-demo-1,Alemania,DE,3
2026-05-31,hotel-demo-1,Francia,FR,3
2026-05-31,hotel-demo-1,México,MX,7
2026-05-31,hotel-demo-2,Argentina,AR,36
2026-05-31,hotel-demo-2,Brasil,BR,7
2026-05-31,hotel-demo-2,Chile,CL,3
2026-06-01,hotel-demo-1,Argentina,AR,104
2026-06-01,hotel-demo-1,Brasil,BR,25
2026-06-01,hotel-demo-1,Chile,CL,7
2026-06-01,hotel-demo-1,Uruguay,UY,7
2026-06-01,hotel-demo-1,Estados Unidos,US,7
2026-06-01,hotel-demo-1,España,ES,2
2026-06-01,hotel-demo-2,Argentina,AR,25
2026-06-01,hotel-demo-2,Brasil,BR,5
2026-06-01,hotel-demo-2,Chile,CL,2
2026-06-01,hotel-demo-2,Uruguay,UY,2
2026-06-02,hotel-demo-1,Argentina,AR,59
2026-06-02,hotel-demo-1,Brasil,BR,23
2026-06-02,hotel-demo-1,Chile,CL,8
2026-06-02,hotel-demo-1,Uruguay,UY,7
2026-06-02,hotel-demo-1,Estados Unidos,US,6
2026-06-02,hotel-demo-1,España,ES,5
2026-06-02,hotel-demo-1,Alemania,DE,2
2026-06-02,hotel-demo-1,Francia,FR,2
2026-06-02,hotel-demo-1,México,MX,23
2026-06-02,hotel-demo-2,Argentina,AR,25
2026-06-02,hotel-demo-2,Brasil,BR,7
2026-06-02,hotel-demo-2,Chile,CL,3
2026-06-02,hotel-demo-2,Uruguay,UY,3
2026-06-02,hotel-demo-2,Estados Unidos,US,2
2026-06-02,hotel-demo-2,España,ES,1
2026-06-02,hotel-demo-2,Alemania,DE,1
2026-06-02,hotel-demo-2,Francia,FR,1
2026-06-02,hotel-demo-2,México,MX,7
2026-06-03,hotel-demo-1,Argentina,AR,107
2026-06-03,hotel-demo-1,Brasil,BR,21
2026-06-03,hotel-demo-1,Chile,CL,9
2026-06-03,hotel-demo-1,Uruguay,UY,3
2026-06-03,hotel-demo-2,Argentina,AR,35
2026-06-03,hotel-demo-2,Brasil,BR,7
2026-06-03,hotel-demo-2,Chile,CL,3
2026-06-04,hotel-demo-1,Argentina,AR,73
2026-06-04,hotel-demo-1,Brasil,BR,26
2026-06-04,hotel-demo-1,Chile,CL,7
2026-06-04,hotel-demo-1,Uruguay,UY,6
2026-06-04,hotel-demo-1,Estados Unidos,US,10
2026-06-04,hotel-demo-1,España,ES,6
2026-06-04,hotel-demo-1,Alemania,DE,3
2026-06-04,hotel-demo-1,Francia,FR,2
2026-06-04,hotel-demo-1,México,MX,31
2026-06-04,hotel-demo-2,Argentina,AR,33
2026-06-04,hotel-demo-2,Brasil,BR,8
2026-06-04,hotel-demo-2,Chile,CL,4
2026-06-04,hotel-demo-2,Uruguay,UY,3
2026-06-04,hotel-demo-2,Estados Unidos,US,3
2026-06-04,hotel-demo-2,España,ES,1
2026-06-04,hotel-demo-2,Alemania,DE,1
2026-06-04,hotel-demo-2,Francia,FR,1
2026-06-04,hotel-demo-2,México,MX,9
2026-06-05,hotel-demo-1,Argentina,AR,108
2026-06-05,hotel-demo-1,Brasil,BR,30
2026-06-05,hotel-demo-1,Chile,CL,9
2026-06-05,hotel-demo-1,Uruguay,UY,10
2026-06-05,hotel-demo-1,Estados Unidos,US,6
2026-06-05,hotel-demo-1,España,ES,6
2026-06-05,hotel-demo-1,Alemania,DE,3
2026-06-05,hotel-demo-1,Francia,FR,2
2026-06-05,hotel-demo-1,México,MX,2
2026-06-05,hotel-demo-2,Argentina,AR,29
2026-06-05,hotel-demo-2,Brasil,BR,11
2026-06-05,hotel-demo-2,Chile,CL,4
2026-06-05,hotel-demo-2,Uruguay,UY,3
2026-06-05,hotel-demo-2,Estados Unidos,US,2
2026-06-05,hotel-demo-2,España,ES,2
2026-06-05,hotel-demo-2,Alemania,DE,1
2026-06-05,hotel-demo-2,Francia,FR,1
2026-06-05,hotel-demo-2,México,MX,6
2026-06-06,hotel-demo-1,Argentina,AR,128
2026-06-06,hotel-demo-1,Brasil,BR,17
2026-06-06,hotel-demo-1,Chile,CL,9
2026-06-06,hotel-demo-1,Uruguay,UY,6
2026-06-06,hotel-demo-1,Estados Unidos,US,5
2026-06-06,hotel-demo-2,Argentina,AR,25
2026-06-06,hotel-demo-2,Brasil,BR,8
2026-06-06,hotel-demo-2,Chile,CL,4
2026-06-06,hotel-demo-2,Uruguay,UY,3
2026-06-06,hotel-demo-2,Estados Unidos,US,3
2026-06-06,hotel-demo-2,España,ES,2
2026-06-06,hotel-demo-2,Alemania,DE,1
2026-06-06,hotel-demo-2,Francia,FR,1
2026-06-06,hotel-demo-2,México,MX,8
2026-06-07,hotel-demo-1,Argentina,AR,76
2026-06-07,hotel-demo-1,Brasil,BR,27
2026-06-07,hotel-demo-1,Chile,CL,7
2026-06-07,hotel-demo-1,Uruguay,UY,6
2026-06-07,hotel-demo-1,Estados Unidos,US,8
2026-06-07,hotel-demo-1,España,ES,6
2026-06-07,hotel-demo-1,Alemania,DE,3
2026-06-07,hotel-demo-1,Francia,FR,3
2026-06-07,hotel-demo-1,México,MX,19
2026-06-07,hotel-demo-2,Argentina,AR,30
2026-06-07,hotel-demo-2,Brasil,BR,6
2026-06-07,hotel-demo-2,Chile,CL,2
2026-06-07,hotel-demo-2,Uruguay,UY,2
2026-06-07,hotel-demo-2,Estados Unidos,US,2
2026-06-08,hotel-demo-1,Argentina,AR,89
2026-06-08,hotel-demo-1,Brasil,BR,26
2026-06-08,hotel-demo-1,Chile,CL,9
2026-06-08,hotel-demo-1,Uruguay,UY,9
2026-06-08,hotel-demo-1,Estados Unidos,US,7
2026-06-08,hotel-demo-1,España,ES,6
2026-06-08,hotel-demo-1,Alemania,DE,3
2026-06-08,hotel-demo-1,Francia,FR,2
2026-06-08,hotel-demo-1,México,MX,16
2026-06-08,hotel-demo-2,Argentina,AR,21
2026-06-08,hotel-demo-2,Brasil,BR,6
2026-06-08,hotel-demo-2,Chile,CL,3
2026-06-08,hotel-demo-2,Uruguay,UY,3
2026-06-08,hotel-demo-2,Estados Unidos,US,2
2026-06-08,hotel-demo-2,España,ES,1
2026-06-08,hotel-demo-2,Alemania,DE,1
2026-06-08,hotel-demo-2,Francia,FR,1
2026-06-08,hotel-demo-2,México,MX,5
2026-06-09,hotel-demo-1,Argentina,AR,97
2026-06-09,hotel-demo-1,Brasil,BR,26
2026-06-09,hotel-demo-1,Chile,CL,7
2026-06-09,hotel-demo-1,Uruguay,UY,8
2026-06-09,hotel-demo-1,Estados Unidos,US,6
2026-06-09,hotel-demo-1,España,ES,5
2026-06-09,hotel-demo-1,Alemania,DE,3
2026-06-09,hotel-demo-1,Francia,FR,2
2026-06-09,hotel-demo-1,México,MX,6
2026-06-09,hotel-demo-2,Argentina,AR,31
2026-06-09,hotel-demo-2,Brasil,BR,8
2026-06-09,hotel-demo-2,Chile,CL,4
2026-06-09,hotel-demo-2,Uruguay,UY,4
2026-06-09,hotel-demo-2,Estados Unidos,US,4
2026-06-09,hotel-demo-2,España,ES,2
2026-06-09,hotel-demo-2,Alemania,DE,1
2026-06-09,hotel-demo-2,Francia,FR,1
2026-06-09,hotel-demo-2,México,MX,8
2026-06-10,hotel-demo-1,Argentina,AR,84
2026-06-10,hotel-demo-1,Brasil,BR,26
2026-06-10,hotel-demo-1,Chile,CL,13
2026-06-10,hotel-demo-1,Uruguay,UY,8
2026-06-10,hotel-demo-1,Estados Unidos,US,7
2026-06-10,hotel-demo-1,España,ES,5
2026-06-10,hotel-demo-1,Alemania,DE,4
2026-06-10,hotel-demo-1,Francia,FR,3
2026-06-10,hotel-demo-1,México,MX,15
2026-06-10,hotel-demo-2,Argentina,AR,28
2026-06-10,hotel-demo-2,Brasil,BR,8
2026-06-10,hotel-demo-2,Chile,CL,3
2026-06-10,hotel-demo-2,Uruguay,UY,3
2026-06-10,hotel-demo-2,Estados Unidos,US,3
2026-06-10,hotel-demo-2,España,ES,1
2026-06-10,hotel-demo-2,Alemania,DE,1
2026-06-10,hotel-demo-2,Francia,FR,1
2026-06-10,hotel-demo-2,México,MX,4
2026-06-11,hotel-demo-1,Argentina,AR,72
2026-06-11,hotel-demo-1,Brasil,BR,23
2026-06-11,hotel-demo-1,Chile,CL,11
2026-06-11,hotel-demo-1,Uruguay,UY,8
2026-06-11,hotel-demo-1,Estados Unidos,US,10
2026-06-11,hotel-demo-1,España,ES,4
2026-06-11,hotel-demo-1,Alemania,DE,3
2026-06-11,hotel-demo-1,Francia,FR,2
2026-06-11,hotel-demo-1,México,MX,32
2026-06-11,hotel-demo-2,Argentina,AR,32
2026-06-11,hotel-demo-2,Brasil,BR,6
2026-06-11,hotel-demo-2,Chile,CL,3
2026-06-11,hotel-demo-2,Uruguay,UY,2
2026-06-11,hotel-demo-2,Estados Unidos,US,3
2026-06-11,hotel-demo-2,España,ES,2
2026-06-11,hotel-demo-2,Alemania,DE,1
2026-06-11,hotel-demo-2,Francia,FR,1
2026-06-12,hotel-demo-1,Argentina,AR,114
2026-06-12,hotel-demo-1,Brasil,BR,29
2026-06-12,hotel-demo-1,Chile,CL,8
2026-06-12,hotel-demo-1,Uruguay,UY,7
2026-06-12,hotel-demo-1,Estados Unidos,US,8
2026-06-12,hotel-demo-1,España,ES,4
2026-06-12,hotel-demo-1,Alemania,DE,4
2026-06-12,hotel-demo-1,Francia,FR,3
2026-06-12,hotel-demo-1,México,MX,7
2026-06-12,hotel-demo-2,Argentina,AR,52
2026-06-12,hotel-demo-2,Brasil,BR,7
2026-06-12,hotel-demo-2,Chile,CL,5
2026-06-12,hotel-demo-2,Uruguay,UY,1
2026-06-13,hotel-demo-1,Argentina,AR,94
2026-06-13,hotel-demo-1,Brasil,BR,29
2026-06-13,hotel-demo-1,Chile,CL,8
2026-06-13,hotel-demo-1,Uruguay,UY,7
2026-06-13,hotel-demo-1,Estados Unidos,US,9
2026-06-13,hotel-demo-1,España,ES,6
2026-06-13,hotel-demo-1,Alemania,DE,4
2026-06-13,hotel-demo-1,Francia,FR,2
2026-06-13,hotel-demo-1,México,MX,12
2026-06-13,hotel-demo-2,Argentina,AR,22
2026-06-13,hotel-demo-2,Brasil,BR,8
2026-06-13,hotel-demo-2,Chile,CL,3
2026-06-13,hotel-demo-2,Uruguay,UY,2
2026-06-13,hotel-demo-2,Estados Unidos,US,3
2026-06-13,hotel-demo-2,España,ES,2
2026-06-13,hotel-demo-2,Alemania,DE,1
2026-06-13,hotel-demo-2,Francia,FR,1
2026-06-13,hotel-demo-2,México,MX,6
2026-06-14,hotel-demo-1,Argentina,AR,95
2026-06-14,hotel-demo-1,Brasil,BR,18
2026-06-14,hotel-demo-1,Chile,CL,11
2026-06-14,hotel-demo-1,Uruguay,UY,8
2026-06-14,hotel-demo-1,Estados Unidos,US,10
2026-06-14,hotel-demo-1,España,ES,6
2026-06-14,hotel-demo-1,Alemania,DE,3
2026-06-14,hotel-demo-1,Francia,FR,2
2026-06-14,hotel-demo-1,México,MX,13
2026-06-14,hotel-demo-2,Argentina,AR,29
2026-06-14,hotel-demo-2,Brasil,BR,6
2026-06-14,hotel-demo-2,Chile,CL,2
2026-06-14,hotel-demo-2,Uruguay,UY,2
2026-06-14,hotel-demo-2,Estados Unidos,US,2
2026-06-15,hotel-demo-1,Argentina,AR,92
2026-06-15,hotel-demo-1,Brasil,BR,17
2026-06-15,hotel-demo-1,Chile,CL,7
2026-06-15,hotel-demo-1,Uruguay,UY,8
2026-06-15,hotel-demo-1,Estados Unidos,US,6
2026-06-15,hotel-demo-1,España,ES,6
2026-06-15,hotel-demo-1,Alemania,DE,3
2026-06-15,hotel-demo-1,Francia,FR,2
2026-06-15,hotel-demo-1,México,MX,2
2026-06-15,hotel-demo-2,Argentina,AR,45
2026-06-15,hotel-demo-2,Brasil,BR,7
2026-06-15,hotel-demo-2,Chile,CL,4
2026-06-15,hotel-demo-2,Uruguay,UY,1
2026-06-16,hotel-demo-1,Argentina,AR,102
2026-06-16,hotel-demo-1,Brasil,BR,23
2026-06-16,hotel-demo-1,Chile,CL,10
2026-06-16,hotel-demo-1,Uruguay,UY,9
2026-06-16,hotel-demo-1,Estados Unidos,US,4
2026-06-16,hotel-demo-2,Argentina,AR,35
2026-06-16,hotel-demo-2,Brasil,BR,6
2026-06-16,hotel-demo-2,Chile,CL,3
2026-06-16,hotel-demo-2,Uruguay,UY,3
2026-06-17,hotel-demo-1,Argentina,AR,107
2026-06-17,hotel-demo-1,Brasil,BR,23
2026-06-17,hotel-demo-1,Chile,CL,9
2026-06-17,hotel-demo-1,Uruguay,UY,7
2026-06-17,hotel-demo-1,Estados Unidos,US,9
2026-06-17,hotel-demo-1,España,ES,6
2026-06-17,hotel-demo-1,Alemania,DE,4
2026-06-17,hotel-demo-1,Francia,FR,2
2026-06-17,hotel-demo-1,México,MX,1
2026-06-17,hotel-demo-2,Argentina,AR,27
2026-06-17,hotel-demo-2,Brasil,BR,6
2026-06-17,hotel-demo-2,Chile,CL,3
2026-06-17,hotel-demo-2,Uruguay,UY,3
2026-06-17,hotel-demo-2,Estados Unidos,US,2
2026-06-17,hotel-demo-2,España,ES,1
2026-06-17,hotel-demo-2,Alemania,DE,1
2026-06-17,hotel-demo-2,Francia,FR,1
2026-06-17,hotel-demo-2,México,MX,1
2026-06-18,hotel-demo-1,Argentina,AR,100
2026-06-18,hotel-demo-1,Brasil,BR,16
2026-06-18,hotel-demo-1,Chile,CL,7
2026-06-18,hotel-demo-1,Uruguay,UY,5
2026-06-18,hotel-demo-2,Argentina,AR,30
2026-06-18,hotel-demo-2,Brasil,BR,11
2026-06-18,hotel-demo-2,Chile,CL,4
2026-06-18,hotel-demo-2,Uruguay,UY,3
2026-06-18,hotel-demo-2,Estados Unidos,US,4
2026-06-18,hotel-demo-2,España,ES,2
2026-06-18,hotel-demo-2,Alemania,DE,1
2026-06-18,hotel-demo-2,Francia,FR,1
2026-06-18,hotel-demo-2,México,MX,2
2026-06-19,hotel-demo-1,Argentina,AR,157
2026-06-19,hotel-demo-1,Brasil,BR,30
2026-06-19,hotel-demo-1,Chile,CL,15
2026-06-19,hotel-demo-1,Uruguay,UY,8
2026-06-19,hotel-demo-2,Argentina,AR,40
2026-06-19,hotel-demo-2,Brasil,BR,5
2026-06-19,hotel-demo-2,Chile,CL,4
2026-06-19,hotel-demo-2,Uruguay,UY,3
2026-06-19,hotel-demo-2,Estados Unidos,US,1
2026-06-20,hotel-demo-1,Argentina,AR,139
2026-06-20,hotel-demo-1,Brasil,BR,33
2026-06-20,hotel-demo-1,Chile,CL,9
2026-06-20,hotel-demo-1,Uruguay,UY,5
2026-06-20,hotel-demo-2,Argentina,AR,28
2026-06-20,hotel-demo-2,Brasil,BR,9
2026-06-20,hotel-demo-2,Chile,CL,3
2026-06-20,hotel-demo-2,Uruguay,UY,3
2026-06-20,hotel-demo-2,Estados Unidos,US,3
2026-06-20,hotel-demo-2,España,ES,2
2026-06-20,hotel-demo-2,Alemania,DE,1
2026-06-20,hotel-demo-2,Francia,FR,1
2026-06-20,hotel-demo-2,México,MX,10
2026-06-21,hotel-demo-1,Argentina,AR,82
2026-06-21,hotel-demo-1,Brasil,BR,16
2026-06-21,hotel-demo-1,Chile,CL,8
2026-06-21,hotel-demo-1,Uruguay,UY,8
2026-06-21,hotel-demo-1,Estados Unidos,US,6
2026-06-21,hotel-demo-1,España,ES,4
2026-06-21,hotel-demo-1,Alemania,DE,2
2026-06-21,hotel-demo-1,Francia,FR,2
2026-06-21,hotel-demo-1,México,MX,12
2026-06-21,hotel-demo-2,Argentina,AR,30
2026-06-21,hotel-demo-2,Brasil,BR,6
2026-06-21,hotel-demo-2,Chile,CL,2
2026-06-21,hotel-demo-2,Uruguay,UY,3
2026-06-21,hotel-demo-2,Estados Unidos,US,3
2026-06-21,hotel-demo-2,España,ES,2
2026-06-21,hotel-demo-2,Alemania,DE,1
2026-06-21,hotel-demo-2,Francia,FR,1
2026-06-22,hotel-demo-1,Argentina,AR,68
2026-06-22,hotel-demo-1,Brasil,BR,17
2026-06-22,hotel-demo-1,Chile,CL,8
2026-06-22,hotel-demo-1,Uruguay,UY,8
2026-06-22,hotel-demo-1,Estados Unidos,US,9
2026-06-22,hotel-demo-1,España,ES,4
2026-06-22,hotel-demo-1,Alemania,DE,3
2026-06-22,hotel-demo-1,Francia,FR,2
2026-06-22,hotel-demo-1,México,MX,32
2026-06-22,hotel-demo-2,Argentina,AR,31
2026-06-22,hotel-demo-2,Brasil,BR,7
2026-06-22,hotel-demo-2,Chile,CL,2
2026-06-22,hotel-demo-2,Uruguay,UY,1
2026-06-23,hotel-demo-1,Argentina,AR,60
2026-06-23,hotel-demo-1,Brasil,BR,16
2026-06-23,hotel-demo-1,Chile,CL,6
2026-06-23,hotel-demo-1,Uruguay,UY,9
2026-06-23,hotel-demo-1,Estados Unidos,US,7
2026-06-23,hotel-demo-1,España,ES,4
2026-06-23,hotel-demo-1,Alemania,DE,3
2026-06-23,hotel-demo-1,Francia,FR,2
2026-06-23,hotel-demo-1,México,MX,27
2026-06-23,hotel-demo-2,Argentina,AR,37
2026-06-23,hotel-demo-2,Brasil,BR,9
2026-06-23,hotel-demo-2,Chile,CL,4
2026-06-23,hotel-demo-2,Uruguay,UY,4
2026-06-23,hotel-demo-2,Estados Unidos,US,2
2026-06-24,hotel-demo-1,Argentina,AR,97
2026-06-24,hotel-demo-1,Brasil,BR,22
2026-06-24,hotel-demo-1,Chile,CL,10
2026-06-24,hotel-demo-1,Uruguay,UY,9
2026-06-24,hotel-demo-1,Estados Unidos,US,7
2026-06-24,hotel-demo-1,España,ES,7
2026-06-24,hotel-demo-1,Alemania,DE,4
2026-06-24,hotel-demo-1,Francia,FR,2
2026-06-24,hotel-demo-1,México,MX,16
2026-06-24,hotel-demo-2,Argentina,AR,32
2026-06-24,hotel-demo-2,Brasil,BR,8
2026-06-24,hotel-demo-2,Chile,CL,4
2026-06-24,hotel-demo-2,Uruguay,UY,4
2026-06-24,hotel-demo-2,Estados Unidos,US,3
2026-06-24,hotel-demo-2,España,ES,2
2026-06-24,hotel-demo-2,Alemania,DE,2
2026-06-24,hotel-demo-2,Francia,FR,1
2026-06-24,hotel-demo-2,México,MX,8
2026-06-25,hotel-demo-1,Argentina,AR,80
2026-06-25,hotel-demo-1,Brasil,BR,23
2026-06-25,hotel-demo-1,Chile,CL,11
2026-06-25,hotel-demo-1,Uruguay,UY,10
2026-06-25,hotel-demo-1,Estados Unidos,US,6
2026-06-25,hotel-demo-1,España,ES,6
2026-06-25,hotel-demo-1,Alemania,DE,3
2026-06-25,hotel-demo-1,Francia,FR,3
2026-06-25,hotel-demo-1,México,MX,28
2026-06-25,hotel-demo-2,Argentina,AR,24
2026-06-25,hotel-demo-2,Brasil,BR,4
2026-06-25,hotel-demo-2,Chile,CL,3
2026-06-25,hotel-demo-2,Uruguay,UY,2
2026-06-25,hotel-demo-2,Estados Unidos,US,2
2026-06-25,hotel-demo-2,España,ES,2
2026-06-25,hotel-demo-2,Alemania,DE,1
2026-06-25,hotel-demo-2,Francia,FR,1
2026-06-25,hotel-demo-2,México,MX,2
2026-06-26,hotel-demo-1,Argentina,AR,101
2026-06-26,hotel-demo-1,Brasil,BR,26
2026-06-26,hotel-demo-1,Chile,CL,7
2026-06-26,hotel-demo-1,Uruguay,UY,9
2026-06-26,hotel-demo-1,Estados Unidos,US,8
2026-06-26,hotel-demo-1,España,ES,4
2026-06-26,hotel-demo-1,Alemania,DE,4
2026-06-26,hotel-demo-1,Francia,FR,2
2026-06-26,hotel-demo-1,México,MX,6
2026-06-26,hotel-demo-2,Argentina,AR,34
2026-06-26,hotel-demo-2,Brasil,BR,9
2026-06-26,hotel-demo-2,Chile,CL,4
2026-06-26,hotel-demo-2,Uruguay,UY,2
2026-06-26,hotel-demo-2,Estados Unidos,US,2
2026-06-26,hotel-demo-2,España,ES,2
2026-06-26,hotel-demo-2,Alemania,DE,1
2026-06-26,hotel-demo-2,Francia,FR,1
2026-06-26,hotel-demo-2,México,MX,3
2026-06-27,hotel-demo-1,Argentina,AR,99
2026-06-27,hotel-demo-1,Brasil,BR,25
2026-06-27,hotel-demo-1,Chile,CL,12
2026-06-27,hotel-demo-1,Uruguay,UY,8
2026-06-27,hotel-demo-1,Estados Unidos,US,12
2026-06-27,hotel-demo-1,España,ES,7
2026-06-27,hotel-demo-1,Alemania,DE,3
2026-06-27,hotel-demo-1,Francia,FR,3
2026-06-27,hotel-demo-1,México,MX,19
2026-06-27,hotel-demo-2,Argentina,AR,37
2026-06-27,hotel-demo-2,Brasil,BR,6
2026-06-27,hotel-demo-2,Chile,CL,4
2026-06-27,hotel-demo-2,Uruguay,UY,3
2026-06-27,hotel-demo-2,Estados Unidos,US,3
2026-06-27,hotel-demo-2,España,ES,2
2026-06-27,hotel-demo-2,Alemania,DE,1
2026-06-27,hotel-demo-2,Francia,FR,1
2026-06-27,hotel-demo-2,México,MX,7
2026-06-28,hotel-demo-1,Argentina,AR,92
2026-06-28,hotel-demo-1,Brasil,BR,21
2026-06-28,hotel-demo-1,Chile,CL,8
2026-06-28,hotel-demo-1,Uruguay,UY,7
2026-06-28,hotel-demo-1,Estados Unidos,US,9
2026-06-28,hotel-demo-1,España,ES,4
2026-06-28,hotel-demo-1,Alemania,DE,1
2026-06-28,hotel-demo-2,Argentina,AR,39
2026-06-28,hotel-demo-2,Brasil,BR,6
2026-06-28,hotel-demo-2,Chile,CL,2
2026-06-28,hotel-demo-2,Uruguay,UY,2
2026-06-29,hotel-demo-1,Argentina,AR,72
2026-06-29,hotel-demo-1,Brasil,BR,24
2026-06-29,hotel-demo-1,Chile,CL,7
2026-06-29,hotel-demo-1,Uruguay,UY,6
2026-06-29,hotel-demo-1,Estados Unidos,US,8
2026-06-29,hotel-demo-1,España,ES,4
2026-06-29,hotel-demo-1,Alemania,DE,3
2026-06-29,hotel-demo-1,Francia,FR,3
2026-06-29,hotel-demo-1,México,MX,28
2026-06-29,hotel-demo-2,Argentina,AR,24
2026-06-29,hotel-demo-2,Brasil,BR,7
2026-06-29,hotel-demo-2,Chile,CL,3
2026-06-29,hotel-demo-2,Uruguay,UY,3
2026-06-29,hotel-demo-2,Estados Unidos,US,2
2026-06-29,hotel-demo-2,España,ES,1
2026-06-29,hotel-demo-2,Alemania,DE,1
2026-06-29,hotel-demo-2,Francia,FR,1
2026-06-29,hotel-demo-2,México,MX,7
2026-06-30,hotel-demo-1,Argentina,AR,108
2026-06-30,hotel-demo-1,Brasil,BR,17
2026-06-30,hotel-demo-1,Chile,CL,10
2026-06-30,hotel-demo-1,Uruguay,UY,6
2026-06-30,hotel-demo-1,Estados Unidos,US,1
2026-06-30,hotel-demo-2,Argentina,AR,34
2026-06-30,hotel-demo-2,Brasil,BR,8
2026-06-30,hotel-demo-2,Chile,CL,3
2026-06-30,hotel-demo-2,Uruguay,UY,3
2026-06-30,hotel-demo-2,Estados Unidos,US,1
2026-07-01,hotel-demo-1,Argentina,AR,92
2026-07-01,hotel-demo-1,Brasil,BR,21
2026-07-01,hotel-demo-1,Chile,CL,11
2026-07-01,hotel-demo-1,Uruguay,UY,8
2026-07-01,hotel-demo-1,Estados Unidos,US,6
2026-07-01,hotel-demo-1,España,ES,4
2026-07-01,hotel-demo-1,Alemania,DE,1
2026-07-01,hotel-demo-2,Argentina,AR,39
2026-07-01,hotel-demo-2,Brasil,BR,7
2026-07-01,hotel-demo-2,Chile,CL,4
2026-07-01,hotel-demo-2,Uruguay,UY,3
2026-07-01,hotel-demo-2,Estados Unidos,US,2
2026-07-01,hotel-demo-2,España,ES,2
2026-07-01,hotel-demo-2,Alemania,DE,1
2026-07-01,hotel-demo-2,Francia,FR,1
2026-07-01,hotel-demo-2,México,MX,7
2026-07-02,hotel-demo-1,Argentina,AR,97
2026-07-02,hotel-demo-1,Brasil,BR,30
2026-07-02,hotel-demo-1,Chile,CL,11
2026-07-02,hotel-demo-1,Uruguay,UY,7
2026-07-02,hotel-demo-1,Estados Unidos,US,9
2026-07-02,hotel-demo-1,España,ES,6
2026-07-02,hotel-demo-1,Alemania,DE,4
2026-07-02,hotel-demo-1,Francia,FR,3
2026-07-02,hotel-demo-1,México,MX,12
2026-07-02,hotel-demo-2,Argentina,AR,30
2026-07-02,hotel-demo-2,Brasil,BR,9
2026-07-02,hotel-demo-2,Chile,CL,4
2026-07-02,hotel-demo-2,Uruguay,UY,3
2026-07-02,hotel-demo-2,Estados Unidos,US,2
2026-07-02,hotel-demo-2,España,ES,2
2026-07-02,hotel-demo-2,Alemania,DE,1
2026-07-02,hotel-demo-2,Francia,FR,1
2026-07-02,hotel-demo-2,México,MX,11
2026-07-03,hotel-demo-1,Argentina,AR,171
2026-07-03,hotel-demo-1,Brasil,BR,38
2026-07-03,hotel-demo-1,Chile,CL,4
2026-07-03,hotel-demo-2,Argentina,AR,36
2026-07-03,hotel-demo-2,Brasil,BR,11
2026-07-03,hotel-demo-2,Chile,CL,3
2026-07-03,hotel-demo-2,Uruguay,UY,4
2026-07-03,hotel-demo-2,Estados Unidos,US,4
2026-07-03,hotel-demo-2,España,ES,1
2026-07-03,hotel-demo-2,Alemania,DE,2
2026-07-03,hotel-demo-2,Francia,FR,1
2026-07-03,hotel-demo-2,México,MX,3
2026-07-04,hotel-demo-1,Argentina,AR,103
2026-07-04,hotel-demo-1,Brasil,BR,36
2026-07-04,hotel-demo-1,Chile,CL,13
2026-07-04,hotel-demo-1,Uruguay,UY,13
2026-07-04,hotel-demo-1,Estados Unidos,US,9
2026-07-04,hotel-demo-1,España,ES,8
2026-07-04,hotel-demo-1,Alemania,DE,5
2026-07-04,hotel-demo-1,Francia,FR,3
2026-07-04,hotel-demo-1,México,MX,36
2026-07-04,hotel-demo-2,Argentina,AR,57
2026-07-04,hotel-demo-2,Brasil,BR,10
2026-07-04,hotel-demo-2,Chile,CL,3
2026-07-04,hotel-demo-2,Uruguay,UY,2
2026-07-05,hotel-demo-1,Argentina,AR,103
2026-07-05,hotel-demo-1,Brasil,BR,24
2026-07-05,hotel-demo-1,Chile,CL,7
2026-07-05,hotel-demo-1,Uruguay,UY,9
2026-07-05,hotel-demo-1,Estados Unidos,US,8
2026-07-05,hotel-demo-1,España,ES,7
2026-07-05,hotel-demo-1,Alemania,DE,4
2026-07-05,hotel-demo-1,Francia,FR,3
2026-07-05,hotel-demo-1,México,MX,11
2026-07-05,hotel-demo-2,Argentina,AR,28
2026-07-05,hotel-demo-2,Brasil,BR,9
2026-07-05,hotel-demo-2,Chile,CL,4
2026-07-05,hotel-demo-2,Uruguay,UY,3
2026-07-05,hotel-demo-2,Estados Unidos,US,4
2026-07-05,hotel-demo-2,España,ES,2
2026-07-05,hotel-demo-2,Alemania,DE,1
2026-07-05,hotel-demo-2,Francia,FR,1
2026-07-05,hotel-demo-2,México,MX,9
2026-07-06,hotel-demo-1,Argentina,AR,100
2026-07-06,hotel-demo-1,Brasil,BR,26
2026-07-06,hotel-demo-1,Chile,CL,11
2026-07-06,hotel-demo-1,Uruguay,UY,8
2026-07-06,hotel-demo-1,Estados Unidos,US,10
2026-07-06,hotel-demo-1,España,ES,6
2026-07-06,hotel-demo-1,Alemania,DE,4
2026-07-06,hotel-demo-1,Francia,FR,3
2026-07-06,hotel-demo-1,México,MX,11
2026-07-06,hotel-demo-2,Argentina,AR,58
2026-07-06,hotel-demo-2,Brasil,BR,10
2026-07-06,hotel-demo-2,Chile,CL,5
2026-07-06,hotel-demo-2,Uruguay,UY,4
2026-07-07,hotel-demo-1,Argentina,AR,91
2026-07-07,hotel-demo-1,Brasil,BR,28
2026-07-07,hotel-demo-1,Chile,CL,12
2026-07-07,hotel-demo-1,Uruguay,UY,7
2026-07-07,hotel-demo-1,Estados Unidos,US,8
2026-07-07,hotel-demo-1,España,ES,5
2026-07-07,hotel-demo-1,Alemania,DE,3
2026-07-07,hotel-demo-1,Francia,FR,3
2026-07-07,hotel-demo-1,México,MX,9
2026-07-07,hotel-demo-2,Argentina,AR,39
2026-07-07,hotel-demo-2,Brasil,BR,9
2026-07-07,hotel-demo-2,Chile,CL,4
2026-07-07,hotel-demo-2,Uruguay,UY,3
2026-07-07,hotel-demo-2,Estados Unidos,US,3
2026-07-07,hotel-demo-2,España,ES,2
2026-07-07,hotel-demo-2,Alemania,DE,2
2026-07-07,hotel-demo-2,Francia,FR,1
2026-07-07,hotel-demo-2,México,MX,11
2026-07-08,hotel-demo-1,Argentina,AR,91
2026-07-08,hotel-demo-1,Brasil,BR,28
2026-07-08,hotel-demo-1,Chile,CL,10
2026-07-08,hotel-demo-1,Uruguay,UY,8
2026-07-08,hotel-demo-1,Estados Unidos,US,6
2026-07-08,hotel-demo-1,España,ES,4
2026-07-08,hotel-demo-1,Alemania,DE,3
2026-07-08,hotel-demo-1,Francia,FR,2
2026-07-08,hotel-demo-1,México,MX,11
2026-07-08,hotel-demo-2,Argentina,AR,33
2026-07-08,hotel-demo-2,Brasil,BR,8
2026-07-08,hotel-demo-2,Chile,CL,3
2026-07-08,hotel-demo-2,Uruguay,UY,3
2026-07-08,hotel-demo-2,Estados Unidos,US,1
2026-07-09,hotel-demo-1,Argentina,AR,115
2026-07-09,hotel-demo-1,Brasil,BR,31
2026-07-09,hotel-demo-1,Chile,CL,11
2026-07-09,hotel-demo-1,Uruguay,UY,9
2026-07-09,hotel-demo-1,Estados Unidos,US,9
2026-07-09,hotel-demo-1,España,ES,7
2026-07-09,hotel-demo-1,Alemania,DE,4
2026-07-09,hotel-demo-1,Francia,FR,3
2026-07-09,hotel-demo-1,México,MX,17
2026-07-09,hotel-demo-2,Argentina,AR,31
2026-07-09,hotel-demo-2,Brasil,BR,8
2026-07-09,hotel-demo-2,Chile,CL,3
2026-07-09,hotel-demo-2,Uruguay,UY,3
2026-07-09,hotel-demo-2,Estados Unidos,US,4
2026-07-09,hotel-demo-2,España,ES,2
2026-07-09,hotel-demo-2,Alemania,DE,1
2026-07-09,hotel-demo-2,Francia,FR,1
2026-07-09,hotel-demo-2,México,MX,14
2026-07-10,hotel-demo-1,Argentina,AR,100
2026-07-10,hotel-demo-1,Brasil,BR,31
2026-07-10,hotel-demo-1,Chile,CL,8
2026-07-10,hotel-demo-1,Uruguay,UY,10
2026-07-10,hotel-demo-1,Estados Unidos,US,11
2026-07-10,hotel-demo-1,España,ES,7
2026-07-10,hotel-demo-1,Alemania,DE,3
2026-07-10,hotel-demo-2,Argentina,AR,64
2026-07-10,hotel-demo-2,Brasil,BR,12
2026-07-10,hotel-demo-2,Chile,CL,5
2026-07-10,hotel-demo-2,Uruguay,UY,4
2026-07-10,hotel-demo-2,Estados Unidos,US,3
2026-07-11,hotel-demo-1,Argentina,AR,111
2026-07-11,hotel-demo-1,Brasil,BR,28
2026-07-11,hotel-demo-1,Chile,CL,9
2026-07-11,hotel-demo-1,Uruguay,UY,9
2026-07-11,hotel-demo-1,Estados Unidos,US,11
2026-07-11,hotel-demo-1,España,ES,5
2026-07-11,hotel-demo-1,Alemania,DE,5
2026-07-11,hotel-demo-1,Francia,FR,3
2026-07-11,hotel-demo-1,México,MX,14
2026-07-11,hotel-demo-2,Argentina,AR,43
2026-07-11,hotel-demo-2,Brasil,BR,10
2026-07-11,hotel-demo-2,Chile,CL,3
2026-07-11,hotel-demo-2,Uruguay,UY,3
2026-07-11,hotel-demo-2,Estados Unidos,US,4
2026-07-11,hotel-demo-2,España,ES,3
2026-07-11,hotel-demo-2,Alemania,DE,1
2026-07-11,hotel-demo-2,Francia,FR,1
2026-07-11,hotel-demo-2,México,MX,3
2026-07-12,hotel-demo-1,Argentina,AR,84
2026-07-12,hotel-demo-1,Brasil,BR,17
2026-07-12,hotel-demo-1,Chile,CL,7
2026-07-12,hotel-demo-1,Uruguay,UY,9
2026-07-12,hotel-demo-1,Estados Unidos,US,8
2026-07-12,hotel-demo-1,España,ES,5
2026-07-12,hotel-demo-1,Alemania,DE,3
2026-07-12,hotel-demo-1,Francia,FR,2
2026-07-12,hotel-demo-1,México,MX,16
2026-07-12,hotel-demo-2,Argentina,AR,55
2026-07-12,hotel-demo-2,Brasil,BR,14
2026-07-12,hotel-demo-2,Chile,CL,6
2026-07-12,hotel-demo-2,Uruguay,UY,2
2026-07-13,hotel-demo-1,Argentina,AR,136
2026-07-13,hotel-demo-1,Brasil,BR,25
2026-07-13,hotel-demo-1,Chile,CL,14
2026-07-13,hotel-demo-1,Uruguay,UY,9
2026-07-13,hotel-demo-2,Argentina,AR,38
2026-07-13,hotel-demo-2,Brasil,BR,11
2026-07-13,hotel-demo-2,Chile,CL,4
2026-07-13,hotel-demo-2,Uruguay,UY,5
2026-07-13,hotel-demo-2,Estados Unidos,US,4
2026-07-13,hotel-demo-2,España,ES,2
2026-07-13,hotel-demo-2,Alemania,DE,2
2026-07-13,hotel-demo-2,Francia,FR,1
2026-07-13,hotel-demo-2,México,MX,4
2026-07-14,hotel-demo-1,Argentina,AR,132
2026-07-14,hotel-demo-1,Brasil,BR,29
2026-07-14,hotel-demo-1,Chile,CL,9
2026-07-14,hotel-demo-1,Uruguay,UY,6
2026-07-14,hotel-demo-2,Argentina,AR,36
2026-07-14,hotel-demo-2,Brasil,BR,8
2026-07-14,hotel-demo-2,Chile,CL,4
2026-07-14,hotel-demo-2,Uruguay,UY,2
2026-07-14,hotel-demo-2,Estados Unidos,US,2
2026-07-14,hotel-demo-2,España,ES,2
2026-07-14,hotel-demo-2,Alemania,DE,1
2026-07-14,hotel-demo-2,Francia,FR,1
2026-07-15,hotel-demo-1,Argentina,AR,159
2026-07-15,hotel-demo-1,Brasil,BR,27
2026-07-15,hotel-demo-1,Chile,CL,9
2026-07-15,hotel-demo-1,Uruguay,UY,4
2026-07-15,hotel-demo-2,Argentina,AR,31
2026-07-15,hotel-demo-2,Brasil,BR,9
2026-07-15,hotel-demo-2,Chile,CL,3
2026-07-15,hotel-demo-2,Uruguay,UY,2
2026-07-15,hotel-demo-2,Estados Unidos,US,3
2026-07-15,hotel-demo-2,España,ES,2
2026-07-15,hotel-demo-2,Alemania,DE,1
2026-07-15,hotel-demo-2,Francia,FR,1
2026-07-15,hotel-demo-2,México,MX,7
2026-07-16,hotel-demo-1,Argentina,AR,139
2026-07-16,hotel-demo-1,Brasil,BR,30
2026-07-16,hotel-demo-1,Chile,CL,14
2026-07-16,hotel-demo-1,Uruguay,UY,1
2026-07-16,hotel-demo-2,Argentina,AR,38
2026-07-16,hotel-demo-2,Brasil,BR,13
2026-07-16,hotel-demo-2,Chile,CL,4
2026-07-16,hotel-demo-2,Uruguay,UY,4
2026-07-16,hotel-demo-2,Estados Unidos,US,4
2026-07-16,hotel-demo-2,España,ES,2
2026-07-16,hotel-demo-2,Alemania,DE,1
2026-07-16,hotel-demo-2,Francia,FR,1
2026-07-16,hotel-demo-2,México,MX,9
2026-07-17,hotel-demo-1,Argentina,AR,115
2026-07-17,hotel-demo-1,Brasil,BR,34
2026-07-17,hotel-demo-1,Chile,CL,14
2026-07-17,hotel-demo-1,Uruguay,UY,10
2026-07-17,hotel-demo-1,Estados Unidos,US,8
2026-07-17,hotel-demo-1,España,ES,6
2026-07-17,hotel-demo-1,Alemania,DE,5
2026-07-17,hotel-demo-1,Francia,FR,2
2026-07-17,hotel-demo-2,Argentina,AR,47
2026-07-17,hotel-demo-2,Brasil,BR,7
2026-07-17,hotel-demo-2,Chile,CL,5
2026-07-17,hotel-demo-2,Uruguay,UY,3
2026-07-17,hotel-demo-2,Estados Unidos,US,1
2026-07-18,hotel-demo-1,Argentina,AR,128
2026-07-18,hotel-demo-1,Brasil,BR,36
2026-07-18,hotel-demo-1,Chile,CL,14
2026-07-18,hotel-demo-1,Uruguay,UY,9
2026-07-18,hotel-demo-1,Estados Unidos,US,11
2026-07-18,hotel-demo-1,España,ES,8
2026-07-18,hotel-demo-1,Alemania,DE,5
2026-07-18,hotel-demo-1,Francia,FR,2
2026-07-18,hotel-demo-1,México,MX,2
2026-07-18,hotel-demo-2,Argentina,AR,43
2026-07-18,hotel-demo-2,Brasil,BR,11
2026-07-18,hotel-demo-2,Chile,CL,4
2026-07-18,hotel-demo-2,Uruguay,UY,4
2026-07-18,hotel-demo-2,Estados Unidos,US,4
2026-07-18,hotel-demo-2,España,ES,2
2026-07-18,hotel-demo-2,Alemania,DE,2
2026-07-18,hotel-demo-2,Francia,FR,1
2026-07-18,hotel-demo-2,México,MX,8
2026-07-19,hotel-demo-1,Argentina,AR,104
2026-07-19,hotel-demo-1,Brasil,BR,18
2026-07-19,hotel-demo-1,Chile,CL,7
2026-07-19,hotel-demo-1,Uruguay,UY,10
2026-07-19,hotel-demo-1,Estados Unidos,US,7
2026-07-19,hotel-demo-1,España,ES,5
2026-07-19,hotel-demo-1,Alemania,DE,3
2026-07-19,hotel-demo-1,Francia,FR,3
2026-07-19,hotel-demo-1,México,MX,1
2026-07-19,hotel-demo-2,Argentina,AR,32
2026-07-19,hotel-demo-2,Brasil,BR,10
2026-07-19,hotel-demo-2,Chile,CL,3
2026-07-19,hotel-demo-2,Uruguay,UY,2
2026-07-19,hotel-demo-2,Estados Unidos,US,3
2026-07-19,hotel-demo-2,España,ES,2
2026-07-19,hotel-demo-2,Alemania,DE,1
2026-07-19,hotel-demo-2,Francia,FR,1
2026-07-19,hotel-demo-2,México,MX,1
2026-07-20,hotel-demo-1,Argentina,AR,144
2026-07-20,hotel-demo-1,Brasil,BR,24
2026-07-20,hotel-demo-1,Chile,CL,14
2026-07-20,hotel-demo-1,Uruguay,UY,11
2026-07-20,hotel-demo-1,Estados Unidos,US,7
2026-07-20,hotel-demo-2,Argentina,AR,45
2026-07-20,hotel-demo-2,Brasil,BR,11
2026-07-20,hotel-demo-2,Chile,CL,5
2026-07-20,hotel-demo-2,Uruguay,UY,3
2026-07-20,hotel-demo-2,Estados Unidos,US,4
2026-07-20,hotel-demo-2,España,ES,2
2026-07-20,hotel-demo-2,Alemania,DE,2
2026-07-20,hotel-demo-2,Francia,FR,1
2026-07-21,hotel-demo-1,Argentina,AR,103
2026-07-21,hotel-demo-1,Brasil,BR,21
2026-07-21,hotel-demo-1,Chile,CL,9
2026-07-21,hotel-demo-1,Uruguay,UY,9
2026-07-21,hotel-demo-1,Estados Unidos,US,9
2026-07-21,hotel-demo-1,España,ES,4
2026-07-21,hotel-demo-1,Alemania,DE,3
2026-07-21,hotel-demo-1,Francia,FR,3
2026-07-21,hotel-demo-1,México,MX,2
2026-07-21,hotel-demo-2,Argentina,AR,30
2026-07-21,hotel-demo-2,Brasil,BR,8
2026-07-21,hotel-demo-2,Chile,CL,4
2026-07-21,hotel-demo-2,Uruguay,UY,3
2026-07-21,hotel-demo-2,Estados Unidos,US,4
2026-07-21,hotel-demo-2,España,ES,1
2026-07-21,hotel-demo-2,Alemania,DE,1
2026-07-21,hotel-demo-2,Francia,FR,1
2026-07-21,hotel-demo-2,México,MX,6
2026-07-22,hotel-demo-1,Argentina,AR,78
2026-07-22,hotel-demo-1,Brasil,BR,24
2026-07-22,hotel-demo-1,Chile,CL,12
2026-07-22,hotel-demo-1,Uruguay,UY,8
2026-07-22,hotel-demo-1,Estados Unidos,US,8
2026-07-22,hotel-demo-1,España,ES,4
2026-07-22,hotel-demo-1,Alemania,DE,4
2026-07-22,hotel-demo-1,Francia,FR,3
2026-07-22,hotel-demo-1,México,MX,21
2026-07-22,hotel-demo-2,Argentina,AR,33
2026-07-22,hotel-demo-2,Brasil,BR,10
2026-07-22,hotel-demo-2,Chile,CL,5
2026-07-22,hotel-demo-2,Uruguay,UY,4
2026-07-22,hotel-demo-2,Estados Unidos,US,4
2026-07-22,hotel-demo-2,España,ES,2
2026-07-22,hotel-demo-2,Alemania,DE,1
2026-07-22,hotel-demo-2,Francia,FR,1
2026-07-22,hotel-demo-2,México,MX,10
2026-07-23,hotel-demo-1,Argentina,AR,116
2026-07-23,hotel-demo-1,Brasil,BR,26
2026-07-23,hotel-demo-1,Chile,CL,7
2026-07-23,hotel-demo-1,Uruguay,UY,8
2026-07-23,hotel-demo-1,Estados Unidos,US,7
2026-07-23,hotel-demo-2,Argentina,AR,53
2026-07-23,hotel-demo-2,Brasil,BR,10
2026-07-23,hotel-demo-2,Chile,CL,3
2026-07-24,hotel-demo-1,Argentina,AR,154
2026-07-24,hotel-demo-1,Brasil,BR,32
2026-07-24,hotel-demo-1,Chile,CL,9
2026-07-24,hotel-demo-1,Uruguay,UY,9
2026-07-24,hotel-demo-2,Argentina,AR,39
2026-07-24,hotel-demo-2,Brasil,BR,12
2026-07-24,hotel-demo-2,Chile,CL,7
2026-07-24,hotel-demo-2,Uruguay,UY,5
2026-07-24,hotel-demo-2,Estados Unidos,US,5
2026-07-24,hotel-demo-2,España,ES,3
2026-07-24,hotel-demo-2,Alemania,DE,2
2026-07-24,hotel-demo-2,Francia,FR,1
2026-07-24,hotel-demo-2,México,MX,15
2026-07-25,hotel-demo-1,Argentina,AR,82
2026-07-25,hotel-demo-1,Brasil,BR,25
2026-07-25,hotel-demo-1,Chile,CL,11
2026-07-25,hotel-demo-1,Uruguay,UY,6
2026-07-25,hotel-demo-1,Estados Unidos,US,10
2026-07-25,hotel-demo-1,España,ES,4
2026-07-25,hotel-demo-1,Alemania,DE,3
2026-07-25,hotel-demo-1,Francia,FR,2
2026-07-25,hotel-demo-1,México,MX,25
2026-07-25,hotel-demo-2,Argentina,AR,48
2026-07-25,hotel-demo-2,Brasil,BR,9
2026-07-25,hotel-demo-2,Chile,CL,5
2026-07-25,hotel-demo-2,Uruguay,UY,4
2026-07-25,hotel-demo-2,Estados Unidos,US,4
2026-07-25,hotel-demo-2,España,ES,2
2026-07-25,hotel-demo-2,Alemania,DE,1
2026-07-25,hotel-demo-2,Francia,FR,1
2026-07-25,hotel-demo-2,México,MX,7
2026-07-26,hotel-demo-1,Argentina,AR,82
2026-07-26,hotel-demo-1,Brasil,BR,18
2026-07-26,hotel-demo-1,Chile,CL,11
2026-07-26,hotel-demo-1,Uruguay,UY,6
2026-07-26,hotel-demo-1,Estados Unidos,US,7
2026-07-26,hotel-demo-1,España,ES,6
2026-07-26,hotel-demo-1,Alemania,DE,3
2026-07-26,hotel-demo-1,Francia,FR,2
2026-07-26,hotel-demo-1,México,MX,43
2026-07-26,hotel-demo-2,Argentina,AR,38
2026-07-26,hotel-demo-2,Brasil,BR,11
2026-07-26,hotel-demo-2,Chile,CL,3
2026-07-26,hotel-demo-2,Uruguay,UY,4
2026-07-26,hotel-demo-2,Estados Unidos,US,3
2026-07-26,hotel-demo-2,España,ES,2
2026-07-26,hotel-demo-2,Alemania,DE,1
2026-07-26,hotel-demo-2,Francia,FR,1
2026-07-26,hotel-demo-2,México,MX,2
2026-07-27,hotel-demo-1,Argentina,AR,75
2026-07-27,hotel-demo-1,Brasil,BR,25
2026-07-27,hotel-demo-1,Chile,CL,10
2026-07-27,hotel-demo-1,Uruguay,UY,10
2026-07-27,hotel-demo-1,Estados Unidos,US,10
2026-07-27,hotel-demo-1,España,ES,6
2026-07-27,hotel-demo-1,Alemania,DE,3
2026-07-27,hotel-demo-1,Francia,FR,3
2026-07-27,hotel-demo-1,México,MX,30
2026-07-27,hotel-demo-2,Argentina,AR,51
2026-07-27,hotel-demo-2,Brasil,BR,11
2026-07-27,hotel-demo-2,Chile,CL,4
2026-07-27,hotel-demo-2,Uruguay,UY,4
2026-07-27,hotel-demo-2,Estados Unidos,US,4
2026-07-28,hotel-demo-1,Argentina,AR,129
2026-07-28,hotel-demo-1,Brasil,BR,29
2026-07-28,hotel-demo-1,Chile,CL,12
2026-07-28,hotel-demo-1,Uruguay,UY,7
2026-07-28,hotel-demo-1,Estados Unidos,US,9
2026-07-28,hotel-demo-1,España,ES,3
2026-07-28,hotel-demo-2,Argentina,AR,36
2026-07-28,hotel-demo-2,Brasil,BR,9
2026-07-28,hotel-demo-2,Chile,CL,4
2026-07-28,hotel-demo-2,Uruguay,UY,3
2026-07-28,hotel-demo-2,Estados Unidos,US,4
2026-07-28,hotel-demo-2,España,ES,3
2026-07-28,hotel-demo-2,Alemania,DE,2
2026-07-28,hotel-demo-2,Francia,FR,1
2026-07-28,hotel-demo-2,México,MX,8
2026-07-29,hotel-demo-1,Argentina,AR,100
2026-07-29,hotel-demo-1,Brasil,BR,25
2026-07-29,hotel-demo-1,Chile,CL,8
2026-07-29,hotel-demo-1,Uruguay,UY,9
2026-07-29,hotel-demo-1,Estados Unidos,US,11
2026-07-29,hotel-demo-1,España,ES,5
2026-07-29,hotel-demo-1,Alemania,DE,5
2026-07-29,hotel-demo-1,Francia,FR,2
2026-07-29,hotel-demo-1,México,MX,18
2026-07-29,hotel-demo-2,Argentina,AR,33
2026-07-29,hotel-demo-2,Brasil,BR,8
2026-07-29,hotel-demo-2,Chile,CL,3
2026-07-29,hotel-demo-2,Uruguay,UY,2
2026-07-29,hotel-demo-2,Estados Unidos,US,4
2026-07-29,hotel-demo-2,España,ES,2
2026-07-29,hotel-demo-2,Alemania,DE,2
2026-07-29,hotel-demo-2,Francia,FR,1
2026-07-29,hotel-demo-2,México,MX,11
2026-07-30,hotel-demo-1,Argentina,AR,88
2026-07-30,hotel-demo-1,Brasil,BR,29
2026-07-30,hotel-demo-1,Chile,CL,8
2026-07-30,hotel-demo-1,Uruguay,UY,6
2026-07-30,hotel-demo-1,Estados Unidos,US,7
2026-07-30,hotel-demo-1,España,ES,3
2026-07-30,hotel-demo-1,Alemania,DE,3
2026-07-30,hotel-demo-1,Francia,FR,2
2026-07-30,hotel-demo-1,México,MX,12
2026-07-30,hotel-demo-2,Argentina,AR,31
2026-07-30,hotel-demo-2,Brasil,BR,9
2026-07-30,hotel-demo-2,Chile,CL,5
2026-07-30,hotel-demo-2,Uruguay,UY,3
2026-07-30,hotel-demo-2,Estados Unidos,US,3
2026-07-30,hotel-demo-2,España,ES,2
2026-07-30,hotel-demo-2,Alemania,DE,1
2026-07-30,hotel-demo-2,Francia,FR,1
2026-07-30,hotel-demo-2,México,MX,16
2026-07-31,hotel-demo-1,Argentina,AR,117
2026-07-31,hotel-demo-1,Brasil,BR,28
2026-07-31,hotel-demo-1,Chile,CL,12
2026-07-31,hotel-demo-1,Uruguay,UY,12
2026-07-31,hotel-demo-1,Estados Unidos,US,9
2026-07-31,hotel-demo-1,España,ES,2
2026-07-31,hotel-demo-2,Argentina,AR,51
2026-07-31,hotel-demo-2,Brasil,BR,9
2026-07-31,hotel-demo-2,Chile,CL,4
2026-07-31,hotel-demo-2,Uruguay,UY,5
2026-07-31,hotel-demo-2,Estados Unidos,US,4
2026-07-31,hotel-demo-2,España,ES,3
2026-07-31,hotel-demo-2,Alemania,DE,1
2026-08-01,hotel-demo-1,Argentina,AR,84
2026-08-01,hotel-demo-1,Brasil,BR,35
2026-08-01,hotel-demo-1,Chile,CL,14
2026-08-01,hotel-demo-1,Uruguay,UY,7
2026-08-01,hotel-demo-1,Estados Unidos,US,12
2026-08-01,hotel-demo-1,España,ES,7
2026-08-01,hotel-demo-1,Alemania,DE,5
2026-08-01,hotel-demo-1,Francia,FR,2
2026-08-01,hotel-demo-1,México,MX,25
2026-08-01,hotel-demo-2,Argentina,AR,37
2026-08-01,hotel-demo-2,Brasil,BR,10
2026-08-01,hotel-demo-2,Chile,CL,4
2026-08-01,hotel-demo-2,Uruguay,UY,3
2026-08-01,hotel-demo-2,Estados Unidos,US,3
2026-08-01,hotel-demo-2,España,ES,2
2026-08-01,hotel-demo-2,Alemania,DE,1
2026-08-01,hotel-demo-2,Francia,FR,1
2026-08-01,hotel-demo-2,México,MX,7
2026-08-02,hotel-demo-1,Argentina,AR,85
2026-08-02,hotel-demo-1,Brasil,BR,19
2026-08-02,hotel-demo-1,Chile,CL,8
2026-08-02,hotel-demo-1,Uruguay,UY,7
2026-08-02,hotel-demo-1,Estados Unidos,US,7
2026-08-02,hotel-demo-1,España,ES,3
2026-08-02,hotel-demo-1,Alemania,DE,3
2026-08-02,hotel-demo-1,Francia,FR,2
2026-08-02,hotel-demo-1,México,MX,3
2026-08-02,hotel-demo-2,Argentina,AR,44
2026-08-02,hotel-demo-2,Brasil,BR,9
2026-08-02,hotel-demo-2,Chile,CL,3
2026-08-02,hotel-demo-2,Uruguay,UY,4
2026-08-02,hotel-demo-2,Estados Unidos,US,3
2026-08-03,hotel-demo-1,Argentina,AR,132
2026-08-03,hotel-demo-1,Brasil,BR,19
2026-08-03,hotel-demo-1,Chile,CL,12
2026-08-03,hotel-demo-1,Uruguay,UY,1
2026-08-03,hotel-demo-2,Argentina,AR,41
2026-08-03,hotel-demo-2,Brasil,BR,6
2026-08-03,hotel-demo-2,Chile,CL,3
2026-08-03,hotel-demo-2,Uruguay,UY,2
2026-08-04,hotel-demo-1,Argentina,AR,53
2026-08-04,hotel-demo-1,Brasil,BR,18
2026-08-04,hotel-demo-1,Chile,CL,7
2026-08-04,hotel-demo-1,Uruguay,UY,7
2026-08-04,hotel-demo-1,Estados Unidos,US,6
2026-08-04,hotel-demo-1,España,ES,3
2026-08-04,hotel-demo-1,Alemania,DE,3
2026-08-04,hotel-demo-1,Francia,FR,2
2026-08-04,hotel-demo-1,México,MX,19
2026-08-04,hotel-demo-2,Argentina,AR,42
2026-08-04,hotel-demo-2,Brasil,BR,10
2026-08-04,hotel-demo-2,Chile,CL,4
2026-08-04,hotel-demo-2,Uruguay,UY,3
2026-08-04,hotel-demo-2,Estados Unidos,US,4
2026-08-04,hotel-demo-2,España,ES,1
2026-08-05,hotel-demo-1,Argentina,AR,129
2026-08-05,hotel-demo-1,Brasil,BR,30
2026-08-05,hotel-demo-1,Chile,CL,12
2026-08-05,hotel-demo-1,Uruguay,UY,1
2026-08-05,hotel-demo-2,Argentina,AR,20
2026-08-05,hotel-demo-2,Brasil,BR,5
2026-08-05,hotel-demo-2,Chile,CL,3
2026-08-05,hotel-demo-2,Uruguay,UY,3
2026-08-05,hotel-demo-2,Estados Unidos,US,3
2026-08-05,hotel-demo-2,España,ES,2
2026-08-05,hotel-demo-2,Alemania,DE,1
2026-08-05,hotel-demo-2,Francia,FR,1
2026-08-05,hotel-demo-2,México,MX,8
2026-08-06,hotel-demo-1,Argentina,AR,116
2026-08-06,hotel-demo-1,Brasil,BR,27
2026-08-06,hotel-demo-1,Chile,CL,8
2026-08-06,hotel-demo-1,Uruguay,UY,8
2026-08-06,hotel-demo-1,Estados Unidos,US,1
2026-08-06,hotel-demo-2,Argentina,AR,35
2026-08-06,hotel-demo-2,Brasil,BR,7
2026-08-06,hotel-demo-2,Chile,CL,3
2026-08-06,hotel-demo-2,Uruguay,UY,2
2026-08-07,hotel-demo-1,Argentina,AR,75
2026-08-07,hotel-demo-1,Brasil,BR,26
2026-08-07,hotel-demo-1,Chile,CL,10
2026-08-07,hotel-demo-1,Uruguay,UY,10
2026-08-07,hotel-demo-1,Estados Unidos,US,9
2026-08-07,hotel-demo-1,España,ES,6
2026-08-07,hotel-demo-1,Alemania,DE,3
2026-08-07,hotel-demo-1,Francia,FR,3
2026-08-07,hotel-demo-1,México,MX,29
2026-08-07,hotel-demo-2,Argentina,AR,23
2026-08-07,hotel-demo-2,Brasil,BR,7
2026-08-07,hotel-demo-2,Chile,CL,4
2026-08-07,hotel-demo-2,Uruguay,UY,2
2026-08-07,hotel-demo-2,Estados Unidos,US,2
2026-08-07,hotel-demo-2,España,ES,2
2026-08-07,hotel-demo-2,Alemania,DE,1
2026-08-07,hotel-demo-2,Francia,FR,1
2026-08-07,hotel-demo-2,México,MX,10
2026-08-08,hotel-demo-1,Argentina,AR,133
2026-08-08,hotel-demo-1,Brasil,BR,32
2026-08-08,hotel-demo-1,Chile,CL,8
2026-08-08,hotel-demo-1,Uruguay,UY,8
2026-08-08,hotel-demo-2,Argentina,AR,52
2026-08-08,hotel-demo-2,Brasil,BR,13
2026-08-08,hotel-demo-2,Chile,CL,4
2026-08-08,hotel-demo-2,Uruguay,UY,4
2026-08-08,hotel-demo-2,Estados Unidos,US,3
2026-08-08,hotel-demo-2,España,ES,1
2026-08-09,hotel-demo-1,Argentina,AR,103
2026-08-09,hotel-demo-1,Brasil,BR,16
2026-08-09,hotel-demo-1,Chile,CL,7
2026-08-09,hotel-demo-1,Uruguay,UY,5
2026-08-09,hotel-demo-2,Argentina,AR,32
2026-08-09,hotel-demo-2,Brasil,BR,6
2026-08-09,hotel-demo-2,Chile,CL,4
2026-08-09,hotel-demo-2,Uruguay,UY,2
2026-08-09,hotel-demo-2,Estados Unidos,US,3
2026-08-09,hotel-demo-2,España,ES,1
2026-08-09,hotel-demo-2,Alemania,DE,1
2026-08-09,hotel-demo-2,Francia,FR,1
2026-08-09,hotel-demo-2,México,MX,3
2026-08-10,hotel-demo-1,Argentina,AR,131
2026-08-10,hotel-demo-1,Brasil,BR,21
2026-08-10,hotel-demo-1,Chile,CL,12
2026-08-10,hotel-demo-1,Uruguay,UY,7
2026-08-10,hotel-demo-1,Estados Unidos,US,5
2026-08-10,hotel-demo-2,Argentina,AR,47
2026-08-10,hotel-demo-2,Brasil,BR,11
2026-08-10,hotel-demo-2,Chile,CL,4
2026-08-10,hotel-demo-2,Uruguay,UY,2
2026-08-11,hotel-demo-1,Argentina,AR,114
2026-08-11,hotel-demo-1,Brasil,BR,15
2026-08-11,hotel-demo-1,Chile,CL,7
2026-08-11,hotel-demo-1,Uruguay,UY,9
2026-08-11,hotel-demo-1,Estados Unidos,US,5
2026-08-11,hotel-demo-2,Argentina,AR,42
2026-08-11,hotel-demo-2,Brasil,BR,9
2026-08-11,hotel-demo-2,Chile,CL,2
2026-08-12,hotel-demo-1,Argentina,AR,122
2026-08-12,hotel-demo-1,Brasil,BR,28
2026-08-12,hotel-demo-1,Chile,CL,9
2026-08-12,hotel-demo-1,Uruguay,UY,2
2026-08-12,hotel-demo-2,Argentina,AR,26
2026-08-12,hotel-demo-2,Brasil,BR,5
2026-08-12,hotel-demo-2,Chile,CL,3
2026-08-12,hotel-demo-2,Uruguay,UY,2
2026-08-12,hotel-demo-2,Estados Unidos,US,2
2026-08-12,hotel-demo-2,España,ES,1
2026-08-12,hotel-demo-2,Alemania,DE,1
2026-08-12,hotel-demo-2,Francia,FR,1
2026-08-12,hotel-demo-2,México,MX,5
2026-08-13,hotel-demo-1,Argentina,AR,92
2026-08-13,hotel-demo-1,Brasil,BR,21
2026-08-13,hotel-demo-1,Chile,CL,12
2026-08-13,hotel-demo-1,Uruguay,UY,9
2026-08-13,hotel-demo-1,Estados Unidos,US,8
2026-08-13,hotel-demo-1,España,ES,5
2026-08-13,hotel-demo-1,Alemania,DE,4
2026-08-13,hotel-demo-1,Francia,FR,2
2026-08-13,hotel-demo-1,México,MX,6
2026-08-13,hotel-demo-2,Argentina,AR,45
2026-08-13,hotel-demo-2,Brasil,BR,7
2026-08-13,hotel-demo-2,Chile,CL,4
2026-08-13,hotel-demo-2,Uruguay,UY,3
2026-08-13,hotel-demo-2,Estados Unidos,US,1
2026-08-14,hotel-demo-1,Argentina,AR,69
2026-08-14,hotel-demo-1,Brasil,BR,27
2026-08-14,hotel-demo-1,Chile,CL,7
2026-08-14,hotel-demo-1,Uruguay,UY,7
2026-08-14,hotel-demo-1,Estados Unidos,US,7
2026-08-14,hotel-demo-1,España,ES,4
2026-08-14,hotel-demo-1,Alemania,DE,2
2026-08-14,hotel-demo-1,Francia,FR,3
2026-08-14,hotel-demo-1,México,MX,33
2026-08-14,hotel-demo-2,Argentina,AR,38
2026-08-14,hotel-demo-2,Brasil,BR,9
2026-08-14,hotel-demo-2,Chile,CL,3
2026-08-14,hotel-demo-2,Uruguay,UY,3
2026-08-14,hotel-demo-2,Estados Unidos,US,3
2026-08-14,hotel-demo-2,España,ES,2
2026-08-15,hotel-demo-1,Argentina,AR,80
2026-08-15,hotel-demo-1,Brasil,BR,24
2026-08-15,hotel-demo-1,Chile,CL,8
2026-08-15,hotel-demo-1,Uruguay,UY,7
2026-08-15,hotel-demo-1,Estados Unidos,US,8
2026-08-15,hotel-demo-1,España,ES,4
2026-08-15,hotel-demo-1,Alemania,DE,4
2026-08-15,hotel-demo-1,Francia,FR,3
2026-08-15,hotel-demo-1,México,MX,19
2026-08-15,hotel-demo-2,Argentina,AR,43
2026-08-15,hotel-demo-2,Brasil,BR,7
2026-08-15,hotel-demo-2,Chile,CL,5
2026-08-15,hotel-demo-2,Uruguay,UY,4
2026-08-15,hotel-demo-2,Estados Unidos,US,4
2026-08-15,hotel-demo-2,España,ES,2
2026-08-15,hotel-demo-2,Alemania,DE,1
2026-08-15,hotel-demo-2,Francia,FR,1
2026-08-15,hotel-demo-2,México,MX,2
2026-08-16,hotel-demo-1,Argentina,AR,119
2026-08-16,hotel-demo-1,Brasil,BR,18
2026-08-16,hotel-demo-1,Chile,CL,7
2026-08-16,hotel-demo-1,Uruguay,UY,6
2026-08-16,hotel-demo-1,Estados Unidos,US,3
2026-08-16,hotel-demo-2,Argentina,AR,40
2026-08-16,hotel-demo-2,Brasil,BR,7
2026-08-16,hotel-demo-2,Chile,CL,4
2026-08-16,hotel-demo-2,Uruguay,UY,1
2026-08-17,hotel-demo-1,Argentina,AR,84
2026-08-17,hotel-demo-1,Brasil,BR,23
2026-08-17,hotel-demo-1,Chile,CL,7
2026-08-17,hotel-demo-1,Uruguay,UY,10
2026-08-17,hotel-demo-1,Estados Unidos,US,9
2026-08-17,hotel-demo-1,España,ES,3
2026-08-17,hotel-demo-1,Alemania,DE,4
2026-08-17,hotel-demo-1,Francia,FR,3
2026-08-17,hotel-demo-1,México,MX,4
2026-08-17,hotel-demo-2,Argentina,AR,37
2026-08-17,hotel-demo-2,Brasil,BR,8
2026-08-17,hotel-demo-2,Chile,CL,4
2026-08-17,hotel-demo-2,Uruguay,UY,3
2026-08-17,hotel-demo-2,Estados Unidos,US,2
2026-08-17,hotel-demo-2,España,ES,2
2026-08-17,hotel-demo-2,Alemania,DE,1
2026-08-17,hotel-demo-2,Francia,FR,1
2026-08-17,hotel-demo-2,México,MX,1
2026-08-18,hotel-demo-1,Argentina,AR,77
2026-08-18,hotel-demo-1,Brasil,BR,23
2026-08-18,hotel-demo-1,Chile,CL,11
2026-08-18,hotel-demo-1,Uruguay,UY,8
2026-08-18,hotel-demo-1,Estados Unidos,US,11
2026-08-18,hotel-demo-1,España,ES,5
2026-08-18,hotel-demo-1,Alemania,DE,4
2026-08-18,hotel-demo-1,Francia,FR,2
2026-08-18,hotel-demo-1,México,MX,30
2026-08-18,hotel-demo-2,Argentina,AR,42
2026-08-18,hotel-demo-2,Brasil,BR,8
2026-08-18,hotel-demo-2,Chile,CL,3
2026-08-18,hotel-demo-2,Uruguay,UY,2
2026-08-19,hotel-demo-1,Argentina,AR,95
2026-08-19,hotel-demo-1,Brasil,BR,27
2026-08-19,hotel-demo-1,Chile,CL,13
2026-08-19,hotel-demo-1,Uruguay,UY,10
2026-08-19,hotel-demo-1,Estados Unidos,US,7
2026-08-19,hotel-demo-1,España,ES,7
2026-08-19,hotel-demo-1,Alemania,DE,3
2026-08-19,hotel-demo-1,Francia,FR,3
2026-08-19,hotel-demo-1,México,MX,9
2026-08-19,hotel-demo-2,Argentina,AR,38
2026-08-19,hotel-demo-2,Brasil,BR,7
2026-08-19,hotel-demo-2,Chile,CL,3
2026-08-19,hotel-demo-2,Uruguay,UY,3
2026-08-19,hotel-demo-2,Estados Unidos,US,3
2026-08-19,hotel-demo-2,España,ES,1
2026-08-19,hotel-demo-2,Alemania,DE,1
2026-08-19,hotel-demo-2,Francia,FR,1
2026-08-19,hotel-demo-2,México,MX,2
2026-08-20,hotel-demo-1,Argentina,AR,78
2026-08-20,hotel-demo-1,Brasil,BR,16
2026-08-20,hotel-demo-1,Chile,CL,10
2026-08-20,hotel-demo-1,Uruguay,UY,6
2026-08-20,hotel-demo-1,Estados Unidos,US,6
2026-08-20,hotel-demo-1,España,ES,5
2026-08-20,hotel-demo-1,Alemania,DE,2
2026-08-20,hotel-demo-1,Francia,FR,2
2026-08-20,hotel-demo-1,México,MX,11
2026-08-20,hotel-demo-2,Argentina,AR,43
2026-08-20,hotel-demo-2,Brasil,BR,8
2026-08-20,hotel-demo-2,Chile,CL,4
2026-08-20,hotel-demo-2,Uruguay,UY,3
2026-08-20,hotel-demo-2,Estados Unidos,US,3
2026-08-20,hotel-demo-2,España,ES,2
2026-08-20,hotel-demo-2,Alemania,DE,1
2026-08-20,hotel-demo-2,Francia,FR,1
2026-08-20,hotel-demo-2,México,MX,2
2026-08-21,hotel-demo-1,Argentina,AR,125
2026-08-21,hotel-demo-1,Brasil,BR,19
2026-08-21,hotel-demo-1,Chile,CL,8
2026-08-21,hotel-demo-1,Uruguay,UY,5
2026-08-21,hotel-demo-2,Argentina,AR,35
2026-08-21,hotel-demo-2,Brasil,BR,10
2026-08-21,hotel-demo-2,Chile,CL,4
2026-08-21,hotel-demo-2,Uruguay,UY,4
2026-08-21,hotel-demo-2,Estados Unidos,US,3
2026-08-21,hotel-demo-2,España,ES,1
2026-08-21,hotel-demo-2,Alemania,DE,1
2026-08-21,hotel-demo-2,Francia,FR,1
2026-08-21,hotel-demo-2,México,MX,2
2026-08-22,hotel-demo-1,Argentina,AR,139
2026-08-22,hotel-demo-1,Brasil,BR,23
2026-08-22,hotel-demo-1,Chile,CL,12
2026-08-22,hotel-demo-1,Uruguay,UY,3
2026-08-22,hotel-demo-2,Argentina,AR,38
2026-08-22,hotel-demo-2,Brasil,BR,8
2026-08-22,hotel-demo-2,Chile,CL,3
2026-08-22,hotel-demo-2,Uruguay,UY,2
2026-08-22,hotel-demo-2,Estados Unidos,US,1
2026-08-23,hotel-demo-1,Argentina,AR,80
2026-08-23,hotel-demo-1,Brasil,BR,21
2026-08-23,hotel-demo-1,Chile,CL,11
2026-08-23,hotel-demo-1,Uruguay,UY,6
2026-08-23,hotel-demo-1,Estados Unidos,US,11
2026-08-23,hotel-demo-1,España,ES,6
2026-08-23,hotel-demo-1,Alemania,DE,3
2026-08-23,hotel-demo-1,Francia,FR,3
2026-08-23,hotel-demo-1,México,MX,26
2026-08-23,hotel-demo-2,Argentina,AR,32
2026-08-23,hotel-demo-2,Brasil,BR,7
2026-08-23,hotel-demo-2,Chile,CL,2
2026-08-23,hotel-demo-2,Uruguay,UY,1
2026-08-24,hotel-demo-1,Argentina,AR,83
2026-08-24,hotel-demo-1,Brasil,BR,28
2026-08-24,hotel-demo-1,Chile,CL,9
2026-08-24,hotel-demo-1,Uruguay,UY,10
2026-08-24,hotel-demo-1,Estados Unidos,US,6
2026-08-24,hotel-demo-1,España,ES,5
2026-08-24,hotel-demo-1,Alemania,DE,3
2026-08-24,hotel-demo-1,Francia,FR,2
2026-08-24,hotel-demo-1,México,MX,18
2026-08-24,hotel-demo-2,Argentina,AR,27
2026-08-24,hotel-demo-2,Brasil,BR,6
2026-08-24,hotel-demo-2,Chile,CL,3
2026-08-24,hotel-demo-2,Uruguay,UY,3
2026-08-24,hotel-demo-2,Estados Unidos,US,2
2026-08-24,hotel-demo-2,España,ES,1
2026-08-24,hotel-demo-2,Alemania,DE,1
2026-08-24,hotel-demo-2,Francia,FR,1
2026-08-24,hotel-demo-2,México,MX,6
2026-08-25,hotel-demo-1,Argentina,AR,113
2026-08-25,hotel-demo-1,Brasil,BR,26
2026-08-25,hotel-demo-1,Chile,CL,8
2026-08-25,hotel-demo-1,Uruguay,UY,6
2026-08-25,hotel-demo-1,Estados Unidos,US,8
2026-08-25,hotel-demo-1,España,ES,5
2026-08-25,hotel-demo-1,Alemania,DE,1
2026-08-25,hotel-demo-2,Argentina,AR,37
2026-08-25,hotel-demo-2,Brasil,BR,7
2026-08-25,hotel-demo-2,Chile,CL,2
2026-08-25,hotel-demo-2,Uruguay,UY,3
2026-08-25,hotel-demo-2,Estados Unidos,US,3
2026-08-25,hotel-demo-2,España,ES,1
2026-08-25,hotel-demo-2,Alemania,DE,1
2026-08-25,hotel-demo-2,Francia,FR,1
2026-08-25,hotel-demo-2,México,MX,1
2026-08-26,hotel-demo-1,Argentina,AR,118
2026-08-26,hotel-demo-1,Brasil,BR,18
2026-08-26,hotel-demo-1,Chile,CL,10
2026-08-26,hotel-demo-1,Uruguay,UY,8
2026-08-26,hotel-demo-1,Estados Unidos,US,11
2026-08-26,hotel-demo-1,España,ES,3
2026-08-26,hotel-demo-2,Argentina,AR,40
2026-08-26,hotel-demo-2,Brasil,BR,7
2026-08-26,hotel-demo-2,Chile,CL,3
2026-08-26,hotel-demo-2,Uruguay,UY,4
2026-08-26,hotel-demo-2,Estados Unidos,US,2
2026-08-26,hotel-demo-2,España,ES,1
2026-08-27,hotel-demo-1,Argentina,AR,95
2026-08-27,hotel-demo-1,Brasil,BR,20
2026-08-27,hotel-demo-1,Chile,CL,9
2026-08-27,hotel-demo-1,Uruguay,UY,9
2026-08-27,hotel-demo-1,Estados Unidos,US,11
2026-08-27,hotel-demo-1,España,ES,6
2026-08-27,hotel-demo-1,Alemania,DE,3
2026-08-27,hotel-demo-1,Francia,FR,2
2026-08-27,hotel-demo-1,México,MX,8
2026-08-27,hotel-demo-2,Argentina,AR,37
2026-08-27,hotel-demo-2,Brasil,BR,7
2026-08-27,hotel-demo-2,Chile,CL,3
2026-08-27,hotel-demo-2,Uruguay,UY,2
2026-08-27,hotel-demo-2,Estados Unidos,US,2
2026-08-27,hotel-demo-2,España,ES,2
2026-08-27,hotel-demo-2,Alemania,DE,1
2026-08-27,hotel-demo-2,Francia,FR,1
2026-08-27,hotel-demo-2,México,MX,1
2026-08-28,hotel-demo-1,Argentina,AR,118
2026-08-28,hotel-demo-1,Brasil,BR,28
2026-08-28,hotel-demo-1,Chile,CL,16
2026-08-28,hotel-demo-1,Uruguay,UY,9
2026-08-28,hotel-demo-1,Estados Unidos,US,13
2026-08-28,hotel-demo-1,España,ES,6
2026-08-28,hotel-demo-1,Alemania,DE,5
2026-08-28,hotel-demo-1,Francia,FR,3
2026-08-28,hotel-demo-1,México,MX,14
2026-08-28,hotel-demo-2,Argentina,AR,37
2026-08-28,hotel-demo-2,Brasil,BR,9
2026-08-28,hotel-demo-2,Chile,CL,3
2026-08-28,hotel-demo-2,Uruguay,UY,4
2026-08-28,hotel-demo-2,Estados Unidos,US,3
2026-08-28,hotel-demo-2,España,ES,2
2026-08-28,hotel-demo-2,Alemania,DE,1
2026-08-28,hotel-demo-2,Francia,FR,1
2026-08-28,hotel-demo-2,México,MX,1
2026-08-29,hotel-demo-1,Argentina,AR,121
2026-08-29,hotel-demo-1,Brasil,BR,28
2026-08-29,hotel-demo-1,Chile,CL,12
2026-08-29,hotel-demo-1,Uruguay,UY,11
2026-08-29,hotel-demo-1,Estados Unidos,US,13
2026-08-29,hotel-demo-1,España,ES,6
2026-08-29,hotel-demo-1,Alemania,DE,5
2026-08-29,hotel-demo-1,Francia,FR,4
2026-08-29,hotel-demo-1,México,MX,3
2026-08-29,hotel-demo-2,Argentina,AR,25
2026-08-29,hotel-demo-2,Brasil,BR,7
2026-08-29,hotel-demo-2,Chile,CL,3
2026-08-29,hotel-demo-2,Uruguay,UY,3
2026-08-29,hotel-demo-2,Estados Unidos,US,3
2026-08-29,hotel-demo-2,España,ES,1
2026-08-29,hotel-demo-2,Alemania,DE,1
2026-08-29,hotel-demo-2,Francia,FR,1
2026-08-29,hotel-demo-2,México,MX,6
2026-08-30,hotel-demo-1,Argentina,AR,73
2026-08-30,hotel-demo-1,Brasil,BR,24
2026-08-30,hotel-demo-1,Chile,CL,12
2026-08-30,hotel-demo-1,Uruguay,UY,9
2026-08-30,hotel-demo-1,Estados Unidos,US,10
2026-08-30,hotel-demo-1,España,ES,6
2026-08-30,hotel-demo-1,Alemania,DE,3
2026-08-30,hotel-demo-1,Francia,FR,3
2026-08-30,hotel-demo-1,México,MX,27
2026-08-30,hotel-demo-2,Argentina,AR,26
2026-08-30,hotel-demo-2,Brasil,BR,7
2026-08-30,hotel-demo-2,Chile,CL,2
2026-08-30,hotel-demo-2,Uruguay,UY,3
2026-08-30,hotel-demo-2,Estados Unidos,US,3
2026-08-30,hotel-demo-2,España,ES,1
2026-08-30,hotel-demo-2,Alemania,DE,1
2026-08-30,hotel-demo-2,Francia,FR,1
2026-08-30,hotel-demo-2,México,MX,4
2026-08-31,hotel-demo-1,Argentina,AR,71
2026-08-31,hotel-demo-1,Brasil,BR,15
2026-08-31,hotel-demo-1,Chile,CL,6
2026-08-31,hotel-demo-1,Uruguay,UY,5
2026-08-31,hotel-demo-1,Estados Unidos,US,7
2026-08-31,hotel-demo-1,España,ES,5
2026-08-31,hotel-demo-1,Alemania,DE,3
2026-08-31,hotel-demo-1,Francia,FR,3
2026-08-31,hotel-demo-1,México,MX,27
2026-08-31,hotel-demo-2,Argentina,AR,36
2026-08-31,hotel-demo-2,Brasil,BR,7
2026-08-31,hotel-demo-2,Chile,CL,3
2026-08-31,hotel-demo-2,Uruguay,UY,2
2026-08-31,hotel-demo-2,Estados Unidos,US,2
2026-09-01,hotel-demo-1,Argentina,AR,65
2026-09-01,hotel-demo-1,Brasil,BR,24
2026-09-01,hotel-demo-1,Chile,CL,8
2026-09-01,hotel-demo-1,Uruguay,UY,7
2026-09-01,hotel-demo-1,Estados Unidos,US,8
2026-09-01,hotel-demo-1,España,ES,3
2026-09-01,hotel-demo-1,Alemania,DE,3
2026-09-01,hotel-demo-1,Francia,FR,2
2026-09-01,hotel-demo-1,México,MX,29
2026-09-01,hotel-demo-2,Argentina,AR,63
2026-09-01,hotel-demo-2,Brasil,BR,13
2026-09-01,hotel-demo-2,Chile,CL,4
2026-09-02,hotel-demo-1,Argentina,AR,93
2026-09-02,hotel-demo-1,Brasil,BR,20
2026-09-02,hotel-demo-1,Chile,CL,8
2026-09-02,hotel-demo-1,Uruguay,UY,11
2026-09-02,hotel-demo-1,Estados Unidos,US,10
2026-09-02,hotel-demo-1,España,ES,5
2026-09-02,hotel-demo-1,Alemania,DE,3
2026-09-02,hotel-demo-1,Francia,FR,3
2026-09-02,hotel-demo-1,México,MX,28
2026-09-02,hotel-demo-2,Argentina,AR,55
2026-09-02,hotel-demo-2,Brasil,BR,12
2026-09-02,hotel-demo-2,Chile,CL,4
2026-09-02,hotel-demo-2,Uruguay,UY,4
2026-09-02,hotel-demo-2,Estados Unidos,US,2
2026-09-03,hotel-demo-1,Argentina,AR,105
2026-09-03,hotel-demo-1,Brasil,BR,29
2026-09-03,hotel-demo-1,Chile,CL,11
2026-09-03,hotel-demo-1,Uruguay,UY,11
2026-09-03,hotel-demo-1,Estados Unidos,US,9
2026-09-03,hotel-demo-1,España,ES,5
2026-09-03,hotel-demo-1,Alemania,DE,4
2026-09-03,hotel-demo-1,Francia,FR,1
2026-09-03,hotel-demo-2,Argentina,AR,34
2026-09-03,hotel-demo-2,Brasil,BR,10
2026-09-03,hotel-demo-2,Chile,CL,3
2026-09-03,hotel-demo-2,Uruguay,UY,3
2026-09-03,hotel-demo-2,Estados Unidos,US,2
2026-09-03,hotel-demo-2,España,ES,2
2026-09-03,hotel-demo-2,Alemania,DE,1
2026-09-03,hotel-demo-2,Francia,FR,1
2026-09-04,hotel-demo-1,Argentina,AR,138
2026-09-04,hotel-demo-1,Brasil,BR,21
2026-09-04,hotel-demo-1,Chile,CL,15
2026-09-04,hotel-demo-1,Uruguay,UY,11
2026-09-04,hotel-demo-1,Estados Unidos,US,9
2026-09-04,hotel-demo-1,España,ES,8
2026-09-04,hotel-demo-1,Alemania,DE,1
2026-09-04,hotel-demo-2,Argentina,AR,31
2026-09-04,hotel-demo-2,Brasil,BR,11
2026-09-04,hotel-demo-2,Chile,CL,4
2026-09-04,hotel-demo-2,Uruguay,UY,4
2026-09-04,hotel-demo-2,Estados Unidos,US,4
2026-09-04,hotel-demo-2,España,ES,2
2026-09-04,hotel-demo-2,Alemania,DE,2
2026-09-04,hotel-demo-2,Francia,FR,1
2026-09-04,hotel-demo-2,México,MX,12
2026-09-05,hotel-demo-1,Argentina,AR,132
2026-09-05,hotel-demo-1,Brasil,BR,40
2026-09-05,hotel-demo-1,Chile,CL,12
2026-09-05,hotel-demo-1,Uruguay,UY,10
2026-09-05,hotel-demo-1,Estados Unidos,US,13
2026-09-05,hotel-demo-1,España,ES,8
2026-09-05,hotel-demo-1,Alemania,DE,4
2026-09-05,hotel-demo-1,Francia,FR,4
2026-09-05,hotel-demo-1,México,MX,2
2026-09-05,hotel-demo-2,Argentina,AR,57
2026-09-05,hotel-demo-2,Brasil,BR,10
2026-09-05,hotel-demo-2,Chile,CL,6
2026-09-05,hotel-demo-2,Uruguay,UY,4
2026-09-05,hotel-demo-2,Estados Unidos,US,2
2026-09-06,hotel-demo-1,Argentina,AR,85
2026-09-06,hotel-demo-1,Brasil,BR,19
2026-09-06,hotel-demo-1,Chile,CL,6
2026-09-06,hotel-demo-1,Uruguay,UY,7
2026-09-06,hotel-demo-1,Estados Unidos,US,8
2026-09-06,hotel-demo-1,España,ES,5
2026-09-06,hotel-demo-1,Alemania,DE,3
2026-09-06,hotel-demo-1,Francia,FR,2
2026-09-06,hotel-demo-1,México,MX,3
2026-09-06,hotel-demo-2,Argentina,AR,53
2026-09-06,hotel-demo-2,Brasil,BR,8
2026-09-06,hotel-demo-2,Chile,CL,4
2026-09-06,hotel-demo-2,Uruguay,UY,3
2026-09-06,hotel-demo-2,Estados Unidos,US,3
2026-09-07,hotel-demo-1,Argentina,AR,129
2026-09-07,hotel-demo-1,Brasil,BR,23
2026-09-07,hotel-demo-1,Chile,CL,8
2026-09-07,hotel-demo-1,Uruguay,UY,7
2026-09-07,hotel-demo-1,Estados Unidos,US,10
2026-09-07,hotel-demo-2,Argentina,AR,38
2026-09-07,hotel-demo-2,Brasil,BR,10
2026-09-07,hotel-demo-2,Chile,CL,5
2026-09-07,hotel-demo-2,Uruguay,UY,4
2026-09-07,hotel-demo-2,Estados Unidos,US,3
2026-09-07,hotel-demo-2,España,ES,2
2026-09-07,hotel-demo-2,Alemania,DE,1
2026-09-07,hotel-demo-2,Francia,FR,1
2026-09-07,hotel-demo-2,México,MX,6
2026-09-08,hotel-demo-1,Argentina,AR,137
2026-09-08,hotel-demo-1,Brasil,BR,30
2026-09-08,hotel-demo-1,Chile,CL,4
2026-09-08,hotel-demo-2,Argentina,AR,45
2026-09-08,hotel-demo-2,Brasil,BR,9
2026-09-08,hotel-demo-2,Chile,CL,3
2026-09-08,hotel-demo-2,Uruguay,UY,3
2026-09-08,hotel-demo-2,Estados Unidos,US,2
2026-09-09,hotel-demo-1,Argentina,AR,120
2026-09-09,hotel-demo-1,Brasil,BR,32
2026-09-09,hotel-demo-1,Chile,CL,13
2026-09-09,hotel-demo-1,Uruguay,UY,10
2026-09-09,hotel-demo-1,Estados Unidos,US,12
2026-09-09,hotel-demo-2,Argentina,AR,49
2026-09-09,hotel-demo-2,Brasil,BR,6
2026-09-09,hotel-demo-2,Chile,CL,3
2026-09-09,hotel-demo-2,Uruguay,UY,3
2026-09-10,hotel-demo-1,Argentina,AR,117
2026-09-10,hotel-demo-1,Brasil,BR,21
2026-09-10,hotel-demo-1,Chile,CL,11
2026-09-10,hotel-demo-1,Uruguay,UY,7
2026-09-10,hotel-demo-1,Estados Unidos,US,6
2026-09-10,hotel-demo-1,España,ES,6
2026-09-10,hotel-demo-1,Alemania,DE,3
2026-09-10,hotel-demo-1,Francia,FR,3
2026-09-10,hotel-demo-1,México,MX,7
2026-09-10,hotel-demo-2,Argentina,AR,35
2026-09-10,hotel-demo-2,Brasil,BR,11
2026-09-10,hotel-demo-2,Chile,CL,4
2026-09-10,hotel-demo-2,Uruguay,UY,2
2026-09-10,hotel-demo-2,Estados Unidos,US,4
2026-09-10,hotel-demo-2,España,ES,2
2026-09-10,hotel-demo-2,Alemania,DE,1
2026-09-10,hotel-demo-2,Francia,FR,1
2026-09-10,hotel-demo-2,México,MX,4
2026-09-11,hotel-demo-1,Argentina,AR,158
2026-09-11,hotel-demo-1,Brasil,BR,30
2026-09-11,hotel-demo-1,Chile,CL,13
2026-09-11,hotel-demo-1,Uruguay,UY,9
2026-09-11,hotel-demo-1,Estados Unidos,US,10
2026-09-11,hotel-demo-2,Argentina,AR,40
2026-09-11,hotel-demo-2,Brasil,BR,11
2026-09-11,hotel-demo-2,Chile,CL,4
2026-09-11,hotel-demo-2,Uruguay,UY,2
2026-09-11,hotel-demo-2,Estados Unidos,US,4
2026-09-11,hotel-demo-2,España,ES,2
2026-09-11,hotel-demo-2,Alemania,DE,2
2026-09-11,hotel-demo-2,Francia,FR,1
2026-09-12,hotel-demo-1,Argentina,AR,163
2026-09-12,hotel-demo-1,Brasil,BR,30
2026-09-12,hotel-demo-1,Chile,CL,11
2026-09-12,hotel-demo-2,Argentina,AR,33
2026-09-12,hotel-demo-2,Brasil,BR,11
2026-09-12,hotel-demo-2,Chile,CL,5
2026-09-12,hotel-demo-2,Uruguay,UY,4
2026-09-12,hotel-demo-2,Estados Unidos,US,4
2026-09-12,hotel-demo-2,España,ES,2
2026-09-12,hotel-demo-2,Alemania,DE,1
2026-09-12,hotel-demo-2,Francia,FR,1
2026-09-12,hotel-demo-2,México,MX,15
2026-09-13,hotel-demo-1,Argentina,AR,118
2026-09-13,hotel-demo-1,Brasil,BR,25
2026-09-13,hotel-demo-1,Chile,CL,12
2026-09-13,hotel-demo-1,Uruguay,UY,6
2026-09-13,hotel-demo-1,Estados Unidos,US,3
2026-09-13,hotel-demo-2,Argentina,AR,27
2026-09-13,hotel-demo-2,Brasil,BR,8
2026-09-13,hotel-demo-2,Chile,CL,3
2026-09-13,hotel-demo-2,Uruguay,UY,3
2026-09-13,hotel-demo-2,Estados Unidos,US,4
2026-09-13,hotel-demo-2,España,ES,2
2026-09-13,hotel-demo-2,Alemania,DE,1
2026-09-13,hotel-demo-2,Francia,FR,1
2026-09-13,hotel-demo-2,México,MX,9
2026-09-14,hotel-demo-1,Argentina,AR,114
2026-09-14,hotel-demo-1,Brasil,BR,33
2026-09-14,hotel-demo-1,Chile,CL,15
2026-09-14,hotel-demo-1,Uruguay,UY,13
2026-09-14,hotel-demo-1,Estados Unidos,US,12
2026-09-14,hotel-demo-1,España,ES,6
2026-09-14,hotel-demo-1,Alemania,DE,2
2026-09-14,hotel-demo-2,Argentina,AR,44
2026-09-14,hotel-demo-2,Brasil,BR,8
2026-09-14,hotel-demo-2,Chile,CL,3
2026-09-14,hotel-demo-2,Uruguay,UY,3
2026-09-14,hotel-demo-2,Estados Unidos,US,3
2026-09-14,hotel-demo-2,España,ES,2
2026-09-14,hotel-demo-2,Alemania,DE,1
2026-09-14,hotel-demo-2,Francia,FR,1
2026-09-15,hotel-demo-1,Argentina,AR,125
2026-09-15,hotel-demo-1,Brasil,BR,22
2026-09-15,hotel-demo-1,Chile,CL,9
2026-09-15,hotel-demo-2,Argentina,AR,43
2026-09-15,hotel-demo-2,Brasil,BR,8
2026-09-15,hotel-demo-2,Chile,CL,4
2026-09-15,hotel-demo-2,Uruguay,UY,5
2026-09-15,hotel-demo-2,Estados Unidos,US,4
2026-09-15,hotel-demo-2,España,ES,2
2026-09-15,hotel-demo-2,Alemania,DE,1
2026-09-15,hotel-demo-2,Francia,FR,1
2026-09-15,hotel-demo-2,México,MX,7
2026-09-16,hotel-demo-1,Argentina,AR,95
2026-09-16,hotel-demo-1,Brasil,BR,26
2026-09-16,hotel-demo-1,Chile,CL,12
2026-09-16,hotel-demo-1,Uruguay,UY,11
2026-09-16,hotel-demo-1,Estados Unidos,US,11
2026-09-16,hotel-demo-1,España,ES,4
2026-09-16,hotel-demo-1,Alemania,DE,3
2026-09-16,hotel-demo-1,Francia,FR,2
2026-09-16,hotel-demo-1,México,MX,25
2026-09-16,hotel-demo-2,Argentina,AR,32
2026-09-16,hotel-demo-2,Brasil,BR,9
2026-09-16,hotel-demo-2,Chile,CL,3
2026-09-16,hotel-demo-2,Uruguay,UY,3
2026-09-16,hotel-demo-2,Estados Unidos,US,3
2026-09-16,hotel-demo-2,España,ES,2
2026-09-16,hotel-demo-2,Alemania,DE,2
2026-09-16,hotel-demo-2,Francia,FR,1
2026-09-16,hotel-demo-2,México,MX,17
2026-09-17,hotel-demo-1,Argentina,AR,113
2026-09-17,hotel-demo-1,Brasil,BR,23
2026-09-17,hotel-demo-1,Chile,CL,13
2026-09-17,hotel-demo-1,Uruguay,UY,10
2026-09-17,hotel-demo-1,Estados Unidos,US,7
2026-09-17,hotel-demo-1,España,ES,4
2026-09-17,hotel-demo-2,Argentina,AR,35
2026-09-17,hotel-demo-2,Brasil,BR,9
2026-09-17,hotel-demo-2,Chile,CL,3
2026-09-17,hotel-demo-2,Uruguay,UY,4
2026-09-17,hotel-demo-2,Estados Unidos,US,4
2026-09-17,hotel-demo-2,España,ES,3
2026-09-17,hotel-demo-2,Alemania,DE,1
2026-09-17,hotel-demo-2,Francia,FR,1
2026-09-17,hotel-demo-2,México,MX,8
2026-09-18,hotel-demo-1,Argentina,AR,90
2026-09-18,hotel-demo-1,Brasil,BR,26
2026-09-18,hotel-demo-1,Chile,CL,10
2026-09-18,hotel-demo-1,Uruguay,UY,7
2026-09-18,hotel-demo-1,Estados Unidos,US,6
2026-09-18,hotel-demo-1,España,ES,5
2026-09-18,hotel-demo-1,Alemania,DE,3
2026-09-18,hotel-demo-1,Francia,FR,2
2026-09-18,hotel-demo-1,México,MX,23
2026-09-18,hotel-demo-2,Argentina,AR,45
2026-09-18,hotel-demo-2,Brasil,BR,8
2026-09-18,hotel-demo-2,Chile,CL,4
2026-09-18,hotel-demo-2,Uruguay,UY,3
2026-09-18,hotel-demo-2,Estados Unidos,US,3
2026-09-18,hotel-demo-2,España,ES,2
2026-09-18,hotel-demo-2,Alemania,DE,1
2026-09-18,hotel-demo-2,Francia,FR,1
2026-09-18,hotel-demo-2,México,MX,9
2026-09-19,hotel-demo-1,Argentina,AR,136
2026-09-19,hotel-demo-1,Brasil,BR,30
2026-09-19,hotel-demo-1,Chile,CL,10
2026-09-19,hotel-demo-2,Argentina,AR,59
2026-09-19,hotel-demo-2,Brasil,BR,10
2026-09-19,hotel-demo-2,Chile,CL,4
2026-09-19,hotel-demo-2,Uruguay,UY,4
2026-09-19,hotel-demo-2,Estados Unidos,US,5
2026-09-19,hotel-demo-2,España,ES,2
2026-09-19,hotel-demo-2,Alemania,DE,2
2026-09-20,hotel-demo-1,Argentina,AR,86
2026-09-20,hotel-demo-1,Brasil,BR,26
2026-09-20,hotel-demo-1,Chile,CL,12
2026-09-20,hotel-demo-1,Uruguay,UY,8
2026-09-20,hotel-demo-1,Estados Unidos,US,6
2026-09-20,hotel-demo-1,España,ES,6
2026-09-20,hotel-demo-1,Alemania,DE,3
2026-09-20,hotel-demo-1,Francia,FR,2
2026-09-20,hotel-demo-1,México,MX,6
2026-09-20,hotel-demo-2,Argentina,AR,45
2026-09-20,hotel-demo-2,Brasil,BR,11
2026-09-20,hotel-demo-2,Chile,CL,4
2026-09-20,hotel-demo-2,Uruguay,UY,3
2026-09-20,hotel-demo-2,Estados Unidos,US,2
2026-09-20,hotel-demo-2,España,ES,1
2026-09-21,hotel-demo-1,Argentina,AR,110
2026-09-21,hotel-demo-1,Brasil,BR,18
2026-09-21,hotel-demo-1,Chile,CL,9
2026-09-21,hotel-demo-1,Uruguay,UY,9
2026-09-21,hotel-demo-1,Estados Unidos,US,5
2026-09-21,hotel-demo-1,España,ES,5
2026-09-21,hotel-demo-2,Argentina,AR,56
2026-09-21,hotel-demo-2,Brasil,BR,9
2026-09-21,hotel-demo-2,Chile,CL,4
2026-09-21,hotel-demo-2,Uruguay,UY,4
2026-09-21,hotel-demo-2,Estados Unidos,US,4
2026-09-22,hotel-demo-1,Argentina,AR,145
2026-09-22,hotel-demo-1,Brasil,BR,23
2026-09-22,hotel-demo-1,Chile,CL,10
2026-09-22,hotel-demo-1,Uruguay,UY,12
2026-09-22,hotel-demo-1,Estados Unidos,US,5
2026-09-22,hotel-demo-2,Argentina,AR,31
2026-09-22,hotel-demo-2,Brasil,BR,12
2026-09-22,hotel-demo-2,Chile,CL,3
2026-09-22,hotel-demo-2,Uruguay,UY,4
2026-09-22,hotel-demo-2,Estados Unidos,US,3
2026-09-22,hotel-demo-2,España,ES,1
2026-09-22,hotel-demo-2,Alemania,DE,1
2026-09-22,hotel-demo-2,Francia,FR,1
2026-09-22,hotel-demo-2,México,MX,10
2026-09-23,hotel-demo-1,Argentina,AR,99
2026-09-23,hotel-demo-1,Brasil,BR,27
2026-09-23,hotel-demo-1,Chile,CL,8
2026-09-23,hotel-demo-1,Uruguay,UY,8
2026-09-23,hotel-demo-1,Estados Unidos,US,5
2026-09-23,hotel-demo-1,España,ES,4
2026-09-23,hotel-demo-2,Argentina,AR,27
2026-09-23,hotel-demo-2,Brasil,BR,9
2026-09-23,hotel-demo-2,Chile,CL,4
2026-09-23,hotel-demo-2,Uruguay,UY,4
2026-09-23,hotel-demo-2,Estados Unidos,US,3
2026-09-23,hotel-demo-2,España,ES,1
2026-09-23,hotel-demo-2,Alemania,DE,1
2026-09-23,hotel-demo-2,Francia,FR,1
2026-09-23,hotel-demo-2,México,MX,6
2026-09-24,hotel-demo-1,Argentina,AR,110
2026-09-24,hotel-demo-1,Brasil,BR,26
2026-09-24,hotel-demo-1,Chile,CL,9
2026-09-24,hotel-demo-1,Uruguay,UY,9
2026-09-24,hotel-demo-1,Estados Unidos,US,9
2026-09-24,hotel-demo-2,Argentina,AR,50
2026-09-24,hotel-demo-2,Brasil,BR,7
2026-09-24,hotel-demo-2,Chile,CL,5
2026-09-24,hotel-demo-2,Uruguay,UY,4
2026-09-24,hotel-demo-2,Estados Unidos,US,3
2026-09-24,hotel-demo-2,España,ES,2
